block_id,corridor_id,date,start_time,end_time,available,expected_train_count,traffic_level
B-000001,C01,2026-08-25,00:00,02:00,1,3,MEDIUM
B-000002,C01,2026-08-25,02:00,04:00,1,4,MEDIUM
B-000003,C01,2026-08-25,04:00,06:00,1,3,MEDIUM
B-000004,C01,2026-08-25,06:00,08:00,1,2,LOW
B-000005,C01,2026-08-25,08:00,10:00,0,8,HIGH
B-000006,C01,2026-08-25,10:00,12:00,0,6,HIGH
B-000007,C01,2026-08-25,12:00,14:00,1,2,LOW
B-000008,C01,2026-08-25,14:00,16:00,0,1,LOW
B-000009,C01,2026-08-25,16:00,18:00,1,3,MEDIUM
B-000010,C01,2026-08-25,18:00,20:00,0,7,HIGH
B-000011,C01,2026-08-25,20:00,22:00,0,7,HIGH
B-000012,C01,2026-08-25,22:00,00:00,0,0,LOW
B-000013,C02,2026-08-25,00:00,02:00,1,1,LOW
B-000014,C02,2026-08-25,02:00,04:00,1,2,LOW
B-000015,C02,2026-08-25,04:00,06:00,0,3,MEDIUM
B-000016,C02,2026-08-25,06:00,08:00,1,0,LOW
B-000017,C02,2026-08-25,08:00,10:00,0,6,HIGH
B-000018,C02,2026-08-25,10:00,12:00,0,5,MEDIUM
B-000019,C02,2026-08-25,12:00,14:00,1,3,MEDIUM
B-000020,C02,2026-08-25,14:00,16:00,1,1,LOW
B-000021,C02,2026-08-25,16:00,18:00,1,1,LOW
B-000022,C02,2026-08-25,18:00,20:00,0,5,MEDIUM
B-000023,C02,2026-08-25,20:00,22:00,0,5,MEDIUM
B-000024,C02,2026-08-25,22:00,00:00,1,4,MEDIUM
B-000025,C03,2026-08-25,00:00,02:00,0,5,MEDIUM
B-000026,C03,2026-08-25,02:00,04:00,1,2,LOW
B-000027,C03,2026-08-25,04:00,06:00,1,2,LOW
B-000028,C03,2026-08-25,06:00,08:00,1,2,LOW
B-000029,C03,2026-08-25,08:00,10:00,1,4,MEDIUM
B-000030,C03,2026-08-25,10:00,12:00,0,6,HIGH
B-000031,C03,2026-08-25,12:00,14:00,0,7,HIGH
B-000032,C03,2026-08-25,14:00,16:00,1,1,LOW
B-000033,C03,2026-08-25,16:00,18:00,1,2,LOW
B-000034,C03,2026-08-25,18:00,20:00,0,5,MEDIUM
B-000035,C03,2026-08-25,20:00,22:00,0,5,MEDIUM
B-000036,C03,2026-08-25,22:00,00:00,1,1,LOW
B-000037,C04,2026-08-25,00:00,02:00,1,4,MEDIUM
B-000038,C04,2026-08-25,02:00,04:00,1,0,LOW
B-000039,C04,2026-08-25,04:00,06:00,1,4,MEDIUM
B-000040,C04,2026-08-25,06:00,08:00,1,2,LOW
B-000041,C04,2026-08-25,08:00,10:00,1,3,MEDIUM
B-000042,C04,2026-08-25,10:00,12:00,0,8,HIGH
B-000043,C04,2026-08-25,12:00,14:00,1,1,LOW
B-000044,C04,2026-08-25,14:00,16:00,1,1,LOW
B-000045,C04,2026-08-25,16:00,18:00,1,1,LOW
B-000046,C04,2026-08-25,18:00,20:00,1,4,MEDIUM
B-000047,C04,2026-08-25,20:00,22:00,0,7,HIGH
B-000048,C04,2026-08-25,22:00,00:00,0,6,HIGH
B-000049,C05,2026-08-25,00:00,02:00,1,2,LOW
B-000050,C05,2026-08-25,02:00,04:00,1,1,LOW
B-000051,C05,2026-08-25,04:00,06:00,1,1,LOW
B-000052,C05,2026-08-25,06:00,08:00,1,3,MEDIUM
B-000053,C05,2026-08-25,08:00,10:00,0,9,HIGH
B-000054,C05,2026-08-25,10:00,12:00,1,4,MEDIUM
B-000055,C05,2026-08-25,12:00,14:00,1,2,LOW
B-000056,C05,2026-08-25,14:00,16:00,1,1,LOW
B-000057,C05,2026-08-25,16:00,18:00,0,2,LOW
B-000058,C05,2026-08-25,18:00,20:00,1,4,MEDIUM
B-000059,C05,2026-08-25,20:00,22:00,0,8,HIGH
B-000060,C05,2026-08-25,22:00,00:00,1,3,MEDIUM
B-000061,C06,2026-08-25,00:00,02:00,1,1,LOW
B-000062,C06,2026-08-25,02:00,04:00,1,2,LOW
B-000063,C06,2026-08-25,04:00,06:00,0,3,MEDIUM
B-000064,C06,2026-08-25,06:00,08:00,1,3,MEDIUM
B-000065,C06,2026-08-25,08:00,10:00,0,6,HIGH
B-000066,C06,2026-08-25,10:00,12:00,1,4,MEDIUM
B-000067,C06,2026-08-25,12:00,14:00,0,6,HIGH
B-000068,C06,2026-08-25,14:00,16:00,0,5,MEDIUM
B-000069,C06,2026-08-25,16:00,18:00,1,2,LOW
B-000070,C06,2026-08-25,18:00,20:00,0,4,MEDIUM
B-000071,C06,2026-08-25,20:00,22:00,1,4,MEDIUM
B-000072,C06,2026-08-25,22:00,00:00,1,3,MEDIUM
B-000073,C07,2026-08-25,00:00,02:00,0,5,MEDIUM
B-000074,C07,2026-08-25,02:00,04:00,1,1,LOW
B-000075,C07,2026-08-25,04:00,06:00,1,3,MEDIUM
B-000076,C07,2026-08-25,06:00,08:00,1,3,MEDIUM
B-000077,C07,2026-08-25,08:00,10:00,0,7,HIGH
B-000078,C07,2026-08-25,10:00,12:00,1,4,MEDIUM
B-000079,C07,2026-08-25,12:00,14:00,1,3,MEDIUM
B-000080,C07,2026-08-25,14:00,16:00,1,4,MEDIUM
B-000081,C07,2026-08-25,16:00,18:00,1,2,LOW
B-000082,C07,2026-08-25,18:00,20:00,0,5,MEDIUM
B-000083,C07,2026-08-25,20:00,22:00,0,6,HIGH
B-000084,C07,2026-08-25,22:00,00:00,1,3,MEDIUM
B-000085,C08,2026-08-25,00:00,02:00,1,1,LOW
B-000086,C08,2026-08-25,02:00,04:00,1,1,LOW
B-000087,C08,2026-08-25,04:00,06:00,1,1,LOW
B-000088,C08,2026-08-25,06:00,08:00,1,3,MEDIUM
B-000089,C08,2026-08-25,08:00,10:00,1,2,LOW
B-000090,C08,2026-08-25,10:00,12:00,0,6,HIGH
B-000091,C08,2026-08-25,12:00,14:00,1,1,LOW
B-000092,C08,2026-08-25,14:00,16:00,0,4,MEDIUM
B-000093,C08,2026-08-25,16:00,18:00,1,4,MEDIUM
B-000094,C08,2026-08-25,18:00,20:00,0,6,HIGH
B-000095,C08,2026-08-25,20:00,22:00,1,4,MEDIUM
B-000096,C08,2026-08-25,22:00,00:00,1,2,LOW
B-000097,C09,2026-08-25,00:00,02:00,1,0,LOW
B-000098,C09,2026-08-25,02:00,04:00,1,2,LOW
B-000099,C09,2026-08-25,04:00,06:00,1,4,MEDIUM
B-000100,C09,2026-08-25,06:00,08:00,1,2,LOW
B-000101,C09,2026-08-25,08:00,10:00,0,5,MEDIUM
B-000102,C09,2026-08-25,10:00,12:00,0,9,HIGH
B-000103,C09,2026-08-25,12:00,14:00,1,3,MEDIUM
B-000104,C09,2026-08-25,14:00,16:00,0,7,HIGH
B-000105,C09,2026-08-25,16:00,18:00,1,0,LOW
B-000106,C09,2026-08-25,18:00,20:00,0,7,HIGH
B-000107,C09,2026-08-25,20:00,22:00,1,3,MEDIUM
B-000108,C09,2026-08-25,22:00,00:00,1,1,LOW
B-000109,C10,2026-08-25,00:00,02:00,1,1,LOW
B-000110,C10,2026-08-25,02:00,04:00,0,5,MEDIUM
B-000111,C10,2026-08-25,04:00,06:00,1,1,LOW
B-000112,C10,2026-08-25,06:00,08:00,0,4,MEDIUM
B-000113,C10,2026-08-25,08:00,10:00,0,8,HIGH
B-000114,C10,2026-08-25,10:00,12:00,0,9,HIGH
B-000115,C10,2026-08-25,12:00,14:00,1,2,LOW
B-000116,C10,2026-08-25,14:00,16:00,1,2,LOW
B-000117,C10,2026-08-25,16:00,18:00,1,0,LOW
B-000118,C10,2026-08-25,18:00,20:00,0,5,MEDIUM
B-000119,C10,2026-08-25,20:00,22:00,0,8,HIGH
B-000120,C10,2026-08-25,22:00,00:00,0,0,LOW
B-000121,C11,2026-08-25,00:00,02:00,1,3,MEDIUM
B-000122,C11,2026-08-25,02:00,04:00,0,2,LOW
B-000123,C11,2026-08-25,04:00,06:00,1,4,MEDIUM
B-000124,C11,2026-08-25,06:00,08:00,1,3,MEDIUM
B-000125,C11,2026-08-25,08:00,10:00,0,5,MEDIUM
B-000126,C11,2026-08-25,10:00,12:00,0,5,MEDIUM
B-000127,C11,2026-08-25,12:00,14:00,1,3,MEDIUM
B-000128,C11,2026-08-25,14:00,16:00,1,2,LOW
B-000129,C11,2026-08-25,16:00,18:00,1,4,MEDIUM
B-000130,C11,2026-08-25,18:00,20:00,0,5,MEDIUM
B-000131,C11,2026-08-25,20:00,22:00,0,5,MEDIUM
B-000132,C11,2026-08-25,22:00,00:00,1,4,MEDIUM
B-000133,C12,2026-08-25,00:00,02:00,0,3,MEDIUM
B-000134,C12,2026-08-25,02:00,04:00,1,1,LOW
B-000135,C12,2026-08-25,04:00,06:00,1,1,LOW
B-000136,C12,2026-08-25,06:00,08:00,1,2,LOW
B-000137,C12,2026-08-25,08:00,10:00,0,5,MEDIUM
B-000138,C12,2026-08-25,10:00,12:00,1,4,MEDIUM
B-000139,C12,2026-08-25,12:00,14:00,1,1,LOW
B-000140,C12,2026-08-25,14:00,16:00,1,3,MEDIUM
B-000141,C12,2026-08-25,16:00,18:00,1,3,MEDIUM
B-000142,C12,2026-08-25,18:00,20:00,1,4,MEDIUM
B-000143,C12,2026-08-25,20:00,22:00,0,5,MEDIUM
B-000144,C12,2026-08-25,22:00,00:00,1,3,MEDIUM
B-000145,C13,2026-08-25,00:00,02:00,1,3,MEDIUM
B-000146,C13,2026-08-25,02:00,04:00,1,4,MEDIUM
B-000147,C13,2026-08-25,04:00,06:00,1,4,MEDIUM
B-000148,C13,2026-08-25,06:00,08:00,1,1,LOW
B-000149,C13,2026-08-25,08:00,10:00,0,9,HIGH
B-000150,C13,2026-08-25,10:00,12:00,1,4,MEDIUM
B-000151,C13,2026-08-25,12:00,14:00,1,1,LOW
B-000152,C13,2026-08-25,14:00,16:00,0,5,MEDIUM
B-000153,C13,2026-08-25,16:00,18:00,0,8,HIGH
B-000154,C13,2026-08-25,18:00,20:00,0,5,MEDIUM
B-000155,C13,2026-08-25,20:00,22:00,0,5,MEDIUM
B-000156,C13,2026-08-25,22:00,00:00,1,2,LOW
B-000157,C14,2026-08-25,00:00,02:00,1,2,LOW
B-000158,C14,2026-08-25,02:00,04:00,1,1,LOW
B-000159,C14,2026-08-25,04:00,06:00,1,3,MEDIUM
B-000160,C14,2026-08-25,06:00,08:00,0,5,MEDIUM
B-000161,C14,2026-08-25,08:00,10:00,0,8,HIGH
B-000162,C14,2026-08-25,10:00,12:00,0,8,HIGH
B-000163,C14,2026-08-25,12:00,14:00,1,2,LOW
B-000164,C14,2026-08-25,14:00,16:00,1,2,LOW
B-000165,C14,2026-08-25,16:00,18:00,1,1,LOW
B-000166,C14,2026-08-25,18:00,20:00,0,11,HIGH
B-000167,C14,2026-08-25,20:00,22:00,0,6,HIGH
B-000168,C14,2026-08-25,22:00,00:00,0,2,LOW
B-000169,C15,2026-08-25,00:00,02:00,1,2,LOW
B-000170,C15,2026-08-25,02:00,04:00,1,4,MEDIUM
B-000171,C15,2026-08-25,04:00,06:00,1,2,LOW
B-000172,C15,2026-08-25,06:00,08:00,1,0,LOW
B-000173,C15,2026-08-25,08:00,10:00,0,5,MEDIUM
B-000174,C15,2026-08-25,10:00,12:00,1,3,MEDIUM
B-000175,C15,2026-08-25,12:00,14:00,1,4,MEDIUM
B-000176,C15,2026-08-25,14:00,16:00,1,4,MEDIUM
B-000177,C15,2026-08-25,16:00,18:00,1,3,MEDIUM
B-000178,C15,2026-08-25,18:00,20:00,0,6,HIGH
B-000179,C15,2026-08-25,20:00,22:00,1,4,MEDIUM
B-000180,C15,2026-08-25,22:00,00:00,1,0,LOW
B-000181,C16,2026-08-25,00:00,02:00,1,3,MEDIUM
B-000182,C16,2026-08-25,02:00,04:00,1,2,LOW
B-000183,C16,2026-08-25,04:00,06:00,1,2,LOW
B-000184,C16,2026-08-25,06:00,08:00,1,2,LOW
B-000185,C16,2026-08-25,08:00,10:00,0,6,HIGH
B-000186,C16,2026-08-25,10:00,12:00,0,7,HIGH
B-000187,C16,2026-08-25,12:00,14:00,1,2,LOW
B-000188,C16,2026-08-25,14:00,16:00,1,2,LOW
B-000189,C16,2026-08-25,16:00,18:00,1,4,MEDIUM
B-000190,C16,2026-08-25,18:00,20:00,0,5,MEDIUM
B-000191,C16,2026-08-25,20:00,22:00,0,7,HIGH
B-000192,C16,2026-08-25,22:00,00:00,1,3,MEDIUM
B-000193,C17,2026-08-25,00:00,02:00,1,0,LOW
B-000194,C17,2026-08-25,02:00,04:00,1,4,MEDIUM
B-000195,C17,2026-08-25,04:00,06:00,1,1,LOW
B-000196,C17,2026-08-25,06:00,08:00,1,3,MEDIUM
B-000197,C17,2026-08-25,08:00,10:00,0,7,HIGH
B-000198,C17,2026-08-25,10:00,12:00,0,5,MEDIUM
B-000199,C17,2026-08-25,12:00,14:00,1,4,MEDIUM
B-000200,C17,2026-08-25,14:00,16:00,1,2,LOW
B-000201,C17,2026-08-25,16:00,18:00,0,6,HIGH
B-000202,C17,2026-08-25,18:00,20:00,0,5,MEDIUM
B-000203,C17,2026-08-25,20:00,22:00,0,7,HIGH
B-000204,C17,2026-08-25,22:00,00:00,1,1,LOW
B-000205,C18,2026-08-25,00:00,02:00,1,2,LOW
B-000206,C18,2026-08-25,02:00,04:00,0,1,LOW
B-000207,C18,2026-08-25,04:00,06:00,1,2,LOW
B-000208,C18,2026-08-25,06:00,08:00,1,3,MEDIUM
B-000209,C18,2026-08-25,08:00,10:00,0,5,MEDIUM
B-000210,C18,2026-08-25,10:00,12:00,0,6,HIGH
B-000211,C18,2026-08-25,12:00,14:00,1,2,LOW
B-000212,C18,2026-08-25,14:00,16:00,1,1,LOW
B-000213,C18,2026-08-25,16:00,18:00,1,0,LOW
B-000214,C18,2026-08-25,18:00,20:00,1,4,MEDIUM
B-000215,C18,2026-08-25,20:00,22:00,0,10,HIGH
B-000216,C18,2026-08-25,22:00,00:00,1,1,LOW
B-000217,C19,2026-08-25,00:00,02:00,1,2,LOW
B-000218,C19,2026-08-25,02:00,04:00,1,3,MEDIUM
B-000219,C19,2026-08-25,04:00,06:00,1,3,MEDIUM
B-000220,C19,2026-08-25,06:00,08:00,1,1,LOW
B-000221,C19,2026-08-25,08:00,10:00,1,3,MEDIUM
B-000222,C19,2026-08-25,10:00,12:00,1,4,MEDIUM
B-000223,C19,2026-08-25,12:00,14:00,1,3,MEDIUM
B-000224,C19,2026-08-25,14:00,16:00,1,2,LOW
B-000225,C19,2026-08-25,16:00,18:00,0,5,MEDIUM
B-000226,C19,2026-08-25,18:00,20:00,0,8,HIGH
B-000227,C19,2026-08-25,20:00,22:00,0,6,HIGH
B-000228,C19,2026-08-25,22:00,00:00,1,2,LOW
B-000229,C20,2026-08-25,00:00,02:00,0,0,LOW
B-000230,C20,2026-08-25,02:00,04:00,0,5,MEDIUM
B-000231,C20,2026-08-25,04:00,06:00,1,4,MEDIUM
B-000232,C20,2026-08-25,06:00,08:00,1,3,MEDIUM
B-000233,C20,2026-08-25,08:00,10:00,1,3,MEDIUM
B-000234,C20,2026-08-25,10:00,12:00,0,5,MEDIUM
B-000235,C20,2026-08-25,12:00,14:00,1,4,MEDIUM
B-000236,C20,2026-08-25,14:00,16:00,1,3,MEDIUM
B-000237,C20,2026-08-25,16:00,18:00,1,1,LOW
B-000238,C20,2026-08-25,18:00,20:00,0,7,HIGH
B-000239,C20,2026-08-25,20:00,22:00,0,6,HIGH
B-000240,C20,2026-08-25,22:00,00:00,1,2,LOW
B-000241,C01,2026-08-26,00:00,02:00,1,2,LOW
B-000242,C01,2026-08-26,02:00,04:00,1,2,LOW
B-000243,C01,2026-08-26,04:00,06:00,0,5,MEDIUM
B-000244,C01,2026-08-26,06:00,08:00,1,3,MEDIUM
B-000245,C01,2026-08-26,08:00,10:00,0,8,HIGH
B-000246,C01,2026-08-26,10:00,12:00,1,4,MEDIUM
B-000247,C01,2026-08-26,12:00,14:00,1,4,MEDIUM
B-000248,C01,2026-08-26,14:00,16:00,1,2,LOW
B-000249,C01,2026-08-26,16:00,18:00,1,4,MEDIUM
B-000250,C01,2026-08-26,18:00,20:00,0,5,MEDIUM
B-000251,C01,2026-08-26,20:00,22:00,0,7,HIGH
B-000252,C01,2026-08-26,22:00,00:00,1,4,MEDIUM
B-000253,C02,2026-08-26,00:00,02:00,1,0,LOW
B-000254,C02,2026-08-26,02:00,04:00,1,1,LOW
B-000255,C02,2026-08-26,04:00,06:00,1,1,LOW
B-000256,C02,2026-08-26,06:00,08:00,1,2,LOW
B-000257,C02,2026-08-26,08:00,10:00,0,7,HIGH
B-000258,C02,2026-08-26,10:00,12:00,0,7,HIGH
B-000259,C02,2026-08-26,12:00,14:00,0,5,MEDIUM
B-000260,C02,2026-08-26,14:00,16:00,0,4,MEDIUM
B-000261,C02,2026-08-26,16:00,18:00,1,4,MEDIUM
B-000262,C02,2026-08-26,18:00,20:00,0,9,HIGH
B-000263,C02,2026-08-26,20:00,22:00,1,4,MEDIUM
B-000264,C02,2026-08-26,22:00,00:00,1,3,MEDIUM
B-000265,C03,2026-08-26,00:00,02:00,1,2,LOW
B-000266,C03,2026-08-26,02:00,04:00,1,0,LOW
B-000267,C03,2026-08-26,04:00,06:00,1,3,MEDIUM
B-000268,C03,2026-08-26,06:00,08:00,1,0,LOW
B-000269,C03,2026-08-26,08:00,10:00,0,6,HIGH
B-000270,C03,2026-08-26,10:00,12:00,0,5,MEDIUM
B-000271,C03,2026-08-26,12:00,14:00,0,5,MEDIUM
B-000272,C03,2026-08-26,14:00,16:00,1,2,LOW
B-000273,C03,2026-08-26,16:00,18:00,1,1,LOW
B-000274,C03,2026-08-26,18:00,20:00,0,7,HIGH
B-000275,C03,2026-08-26,20:00,22:00,1,3,MEDIUM
B-000276,C03,2026-08-26,22:00,00:00,1,1,LOW
B-000277,C04,2026-08-26,00:00,02:00,1,2,LOW
B-000278,C04,2026-08-26,02:00,04:00,1,0,LOW
B-000279,C04,2026-08-26,04:00,06:00,0,2,LOW
B-000280,C04,2026-08-26,06:00,08:00,1,2,LOW
B-000281,C04,2026-08-26,08:00,10:00,0,5,MEDIUM
B-000282,C04,2026-08-26,10:00,12:00,0,5,MEDIUM
B-000283,C04,2026-08-26,12:00,14:00,1,3,MEDIUM
B-000284,C04,2026-08-26,14:00,16:00,1,3,MEDIUM
B-000285,C04,2026-08-26,16:00,18:00,1,3,MEDIUM
B-000286,C04,2026-08-26,18:00,20:00,1,2,LOW
B-000287,C04,2026-08-26,20:00,22:00,0,7,HIGH
B-000288,C04,2026-08-26,22:00,00:00,1,2,LOW
B-000289,C05,2026-08-26,00:00,02:00,1,2,LOW
B-000290,C05,2026-08-26,02:00,04:00,1,2,LOW
B-000291,C05,2026-08-26,04:00,06:00,1,4,MEDIUM
B-000292,C05,2026-08-26,06:00,08:00,1,2,LOW
B-000293,C05,2026-08-26,08:00,10:00,0,6,HIGH
B-000294,C05,2026-08-26,10:00,12:00,0,6,HIGH
B-000295,C05,2026-08-26,12:00,14:00,1,4,MEDIUM
B-000296,C05,2026-08-26,14:00,16:00,0,5,MEDIUM
B-000297,C05,2026-08-26,16:00,18:00,1,4,MEDIUM
B-000298,C05,2026-08-26,18:00,20:00,0,9,HIGH
B-000299,C05,2026-08-26,20:00,22:00,0,6,HIGH
B-000300,C05,2026-08-26,22:00,00:00,1,0,LOW
B-000301,C06,2026-08-26,00:00,02:00,0,3,MEDIUM
B-000302,C06,2026-08-26,02:00,04:00,1,3,MEDIUM
B-000303,C06,2026-08-26,04:00,06:00,0,1,LOW
B-000304,C06,2026-08-26,06:00,08:00,1,2,LOW
B-000305,C06,2026-08-26,08:00,10:00,0,7,HIGH
B-000306,C06,2026-08-26,10:00,12:00,1,4,MEDIUM
B-000307,C06,2026-08-26,12:00,14:00,1,2,LOW
B-000308,C06,2026-08-26,14:00,16:00,1,1,LOW
B-000309,C06,2026-08-26,16:00,18:00,1,3,MEDIUM
B-000310,C06,2026-08-26,18:00,20:00,0,6,HIGH
B-000311,C06,2026-08-26,20:00,22:00,0,4,MEDIUM
B-000312,C06,2026-08-26,22:00,00:00,1,2,LOW
B-000313,C07,2026-08-26,00:00,02:00,1,1,LOW
B-000314,C07,2026-08-26,02:00,04:00,1,4,MEDIUM
B-000315,C07,2026-08-26,04:00,06:00,1,3,MEDIUM
B-000316,C07,2026-08-26,06:00,08:00,1,3,MEDIUM
B-000317,C07,2026-08-26,08:00,10:00,0,5,MEDIUM
B-000318,C07,2026-08-26,10:00,12:00,0,7,HIGH
B-000319,C07,2026-08-26,12:00,14:00,1,1,LOW
B-000320,C07,2026-08-26,14:00,16:00,1,1,LOW
B-000321,C07,2026-08-26,16:00,18:00,1,0,LOW
B-000322,C07,2026-08-26,18:00,20:00,0,7,HIGH
B-000323,C07,2026-08-26,20:00,22:00,0,6,HIGH
B-000324,C07,2026-08-26,22:00,00:00,1,2,LOW
B-000325,C08,2026-08-26,00:00,02:00,1,2,LOW
B-000326,C08,2026-08-26,02:00,04:00,1,4,MEDIUM
B-000327,C08,2026-08-26,04:00,06:00,0,5,MEDIUM
B-000328,C08,2026-08-26,06:00,08:00,1,3,MEDIUM
B-000329,C08,2026-08-26,08:00,10:00,0,6,HIGH
B-000330,C08,2026-08-26,10:00,12:00,1,3,MEDIUM
B-000331,C08,2026-08-26,12:00,14:00,1,0,LOW
B-000332,C08,2026-08-26,14:00,16:00,1,2,LOW
B-000333,C08,2026-08-26,16:00,18:00,1,2,LOW
B-000334,C08,2026-08-26,18:00,20:00,0,10,HIGH
B-000335,C08,2026-08-26,20:00,22:00,0,6,HIGH
B-000336,C08,2026-08-26,22:00,00:00,1,0,LOW
B-000337,C09,2026-08-26,00:00,02:00,1,3,MEDIUM
B-000338,C09,2026-08-26,02:00,04:00,1,2,LOW
B-000339,C09,2026-08-26,04:00,06:00,1,4,MEDIUM
B-000340,C09,2026-08-26,06:00,08:00,0,5,MEDIUM
B-000341,C09,2026-08-26,08:00,10:00,1,3,MEDIUM
B-000342,C09,2026-08-26,10:00,12:00,0,8,HIGH
B-000343,C09,2026-08-26,12:00,14:00,1,4,MEDIUM
B-000344,C09,2026-08-26,14:00,16:00,1,2,LOW
B-000345,C09,2026-08-26,16:00,18:00,1,2,LOW
B-000346,C09,2026-08-26,18:00,20:00,0,5,MEDIUM
B-000347,C09,2026-08-26,20:00,22:00,1,3,MEDIUM
B-000348,C09,2026-08-26,22:00,00:00,1,1,LOW
B-000349,C10,2026-08-26,00:00,02:00,1,1,LOW
B-000350,C10,2026-08-26,02:00,04:00,1,2,LOW
B-000351,C10,2026-08-26,04:00,06:00,1,3,MEDIUM
B-000352,C10,2026-08-26,06:00,08:00,1,3,MEDIUM
B-000353,C10,2026-08-26,08:00,10:00,0,11,HIGH
B-000354,C10,2026-08-26,10:00,12:00,0,5,MEDIUM
B-000355,C10,2026-08-26,12:00,14:00,1,3,MEDIUM
B-000356,C10,2026-08-26,14:00,16:00,0,3,MEDIUM
B-000357,C10,2026-08-26,16:00,18:00,0,3,MEDIUM
B-000358,C10,2026-08-26,18:00,20:00,0,6,HIGH
B-000359,C10,2026-08-26,20:00,22:00,0,9,HIGH
B-000360,C10,2026-08-26,22:00,00:00,1,3,MEDIUM
B-000361,C11,2026-08-26,00:00,02:00,1,2,LOW
B-000362,C11,2026-08-26,02:00,04:00,1,1,LOW
B-000363,C11,2026-08-26,04:00,06:00,1,3,MEDIUM
B-000364,C11,2026-08-26,06:00,08:00,1,1,LOW
B-000365,C11,2026-08-26,08:00,10:00,1,2,LOW
B-000366,C11,2026-08-26,10:00,12:00,0,8,HIGH
B-000367,C11,2026-08-26,12:00,14:00,1,4,MEDIUM
B-000368,C11,2026-08-26,14:00,16:00,1,1,LOW
B-000369,C11,2026-08-26,16:00,18:00,1,2,LOW
B-000370,C11,2026-08-26,18:00,20:00,0,9,HIGH
B-000371,C11,2026-08-26,20:00,22:00,0,8,HIGH
B-000372,C11,2026-08-26,22:00,00:00,0,5,MEDIUM
B-000373,C12,2026-08-26,00:00,02:00,1,2,LOW
B-000374,C12,2026-08-26,02:00,04:00,1,2,LOW
B-000375,C12,2026-08-26,04:00,06:00,1,3,MEDIUM
B-000376,C12,2026-08-26,06:00,08:00,1,2,LOW
B-000377,C12,2026-08-26,08:00,10:00,0,6,HIGH
B-000378,C12,2026-08-26,10:00,12:00,1,4,MEDIUM
B-000379,C12,2026-08-26,12:00,14:00,1,2,LOW
B-000380,C12,2026-08-26,14:00,16:00,1,3,MEDIUM
B-000381,C12,2026-08-26,16:00,18:00,1,3,MEDIUM
B-000382,C12,2026-08-26,18:00,20:00,0,8,HIGH
B-000383,C12,2026-08-26,20:00,22:00,0,6,HIGH
B-000384,C12,2026-08-26,22:00,00:00,0,5,MEDIUM
B-000385,C13,2026-08-26,00:00,02:00,1,2,LOW
B-000386,C13,2026-08-26,02:00,04:00,1,2,LOW
B-000387,C13,2026-08-26,04:00,06:00,0,2,LOW
B-000388,C13,2026-08-26,06:00,08:00,1,3,MEDIUM
B-000389,C13,2026-08-26,08:00,10:00,0,4,MEDIUM
B-000390,C13,2026-08-26,10:00,12:00,1,3,MEDIUM
B-000391,C13,2026-08-26,12:00,14:00,0,3,MEDIUM
B-000392,C13,2026-08-26,14:00,16:00,1,3,MEDIUM
B-000393,C13,2026-08-26,16:00,18:00,1,2,LOW
B-000394,C13,2026-08-26,18:00,20:00,0,6,HIGH
B-000395,C13,2026-08-26,20:00,22:00,1,4,MEDIUM
B-000396,C13,2026-08-26,22:00,00:00,1,3,MEDIUM
B-000397,C14,2026-08-26,00:00,02:00,1,2,LOW
B-000398,C14,2026-08-26,02:00,04:00,1,1,LOW
B-000399,C14,2026-08-26,04:00,06:00,1,3,MEDIUM
B-000400,C14,2026-08-26,06:00,08:00,1,2,LOW
B-000401,C14,2026-08-26,08:00,10:00,0,6,HIGH
B-000402,C14,2026-08-26,10:00,12:00,0,6,HIGH
B-000403,C14,2026-08-26,12:00,14:00,1,4,MEDIUM
B-000404,C14,2026-08-26,14:00,16:00,1,2,LOW
B-000405,C14,2026-08-26,16:00,18:00,1,4,MEDIUM
B-000406,C14,2026-08-26,18:00,20:00,0,7,HIGH
B-000407,C14,2026-08-26,20:00,22:00,0,5,MEDIUM
B-000408,C14,2026-08-26,22:00,00:00,1,2,LOW
B-000409,C15,2026-08-26,00:00,02:00,1,4,MEDIUM
B-000410,C15,2026-08-26,02:00,04:00,1,2,LOW
B-000411,C15,2026-08-26,04:00,06:00,1,3,MEDIUM
B-000412,C15,2026-08-26,06:00,08:00,1,2,LOW
B-000413,C15,2026-08-26,08:00,10:00,0,7,HIGH
B-000414,C15,2026-08-26,10:00,12:00,0,5,MEDIUM
B-000415,C15,2026-08-26,12:00,14:00,0,5,MEDIUM
B-000416,C15,2026-08-26,14:00,16:00,1,3,MEDIUM
B-000417,C15,2026-08-26,16:00,18:00,1,2,LOW
B-000418,C15,2026-08-26,18:00,20:00,0,5,MEDIUM
B-000419,C15,2026-08-26,20:00,22:00,0,6,HIGH
B-000420,C15,2026-08-26,22:00,00:00,1,4,MEDIUM
B-000421,C16,2026-08-26,00:00,02:00,1,2,LOW
B-000422,C16,2026-08-26,02:00,04:00,0,3,MEDIUM
B-000423,C16,2026-08-26,04:00,06:00,1,4,MEDIUM
B-000424,C16,2026-08-26,06:00,08:00,1,2,LOW
B-000425,C16,2026-08-26,08:00,10:00,0,8,HIGH
B-000426,C16,2026-08-26,10:00,12:00,1,3,MEDIUM
B-000427,C16,2026-08-26,12:00,14:00,1,3,MEDIUM
B-000428,C16,2026-08-26,14:00,16:00,1,0,LOW
B-000429,C16,2026-08-26,16:00,18:00,1,2,LOW
B-000430,C16,2026-08-26,18:00,20:00,0,2,LOW
B-000431,C16,2026-08-26,20:00,22:00,0,7,HIGH
B-000432,C16,2026-08-26,22:00,00:00,1,3,MEDIUM
B-000433,C17,2026-08-26,00:00,02:00,0,4,MEDIUM
B-000434,C17,2026-08-26,02:00,04:00,1,3,MEDIUM
B-000435,C17,2026-08-26,04:00,06:00,0,7,HIGH
B-000436,C17,2026-08-26,06:00,08:00,1,1,LOW
B-000437,C17,2026-08-26,08:00,10:00,1,3,MEDIUM
B-000438,C17,2026-08-26,10:00,12:00,0,5,MEDIUM
B-000439,C17,2026-08-26,12:00,14:00,1,2,LOW
B-000440,C17,2026-08-26,14:00,16:00,1,4,MEDIUM
B-000441,C17,2026-08-26,16:00,18:00,1,2,LOW
B-000442,C17,2026-08-26,18:00,20:00,0,7,HIGH
B-000443,C17,2026-08-26,20:00,22:00,0,5,MEDIUM
B-000444,C17,2026-08-26,22:00,00:00,1,4,MEDIUM
B-000445,C18,2026-08-26,00:00,02:00,1,1,LOW
B-000446,C18,2026-08-26,02:00,04:00,1,2,LOW
B-000447,C18,2026-08-26,04:00,06:00,1,2,LOW
B-000448,C18,2026-08-26,06:00,08:00,1,3,MEDIUM
B-000449,C18,2026-08-26,08:00,10:00,0,6,HIGH
B-000450,C18,2026-08-26,10:00,12:00,0,6,HIGH
B-000451,C18,2026-08-26,12:00,14:00,1,2,LOW
B-000452,C18,2026-08-26,14:00,16:00,1,0,LOW
B-000453,C18,2026-08-26,16:00,18:00,1,1,LOW
B-000454,C18,2026-08-26,18:00,20:00,0,6,HIGH
B-000455,C18,2026-08-26,20:00,22:00,0,6,HIGH
B-000456,C18,2026-08-26,22:00,00:00,1,2,LOW
B-000457,C19,2026-08-26,00:00,02:00,1,0,LOW
B-000458,C19,2026-08-26,02:00,04:00,1,1,LOW
B-000459,C19,2026-08-26,04:00,06:00,1,3,MEDIUM
B-000460,C19,2026-08-26,06:00,08:00,1,2,LOW
B-000461,C19,2026-08-26,08:00,10:00,0,8,HIGH
B-000462,C19,2026-08-26,10:00,12:00,1,4,MEDIUM
B-000463,C19,2026-08-26,12:00,14:00,1,4,MEDIUM
B-000464,C19,2026-08-26,14:00,16:00,1,3,MEDIUM
B-000465,C19,2026-08-26,16:00,18:00,1,4,MEDIUM
B-000466,C19,2026-08-26,18:00,20:00,0,9,HIGH
B-000467,C19,2026-08-26,20:00,22:00,0,2,LOW
B-000468,C19,2026-08-26,22:00,00:00,1,4,MEDIUM
B-000469,C20,2026-08-26,00:00,02:00,1,2,LOW
B-000470,C20,2026-08-26,02:00,04:00,1,1,LOW
B-000471,C20,2026-08-26,04:00,06:00,1,1,LOW
B-000472,C20,2026-08-26,06:00,08:00,1,4,MEDIUM
B-000473,C20,2026-08-26,08:00,10:00,0,4,MEDIUM
B-000474,C20,2026-08-26,10:00,12:00,1,4,MEDIUM
B-000475,C20,2026-08-26,12:00,14:00,1,2,LOW
B-000476,C20,2026-08-26,14:00,16:00,1,2,LOW
B-000477,C20,2026-08-26,16:00,18:00,1,1,LOW
B-000478,C20,2026-08-26,18:00,20:00,0,9,HIGH
B-000479,C20,2026-08-26,20:00,22:00,0,11,HIGH
B-000480,C20,2026-08-26,22:00,00:00,1,4,MEDIUM
B-000481,C01,2026-08-27,00:00,02:00,1,2,LOW
B-000482,C01,2026-08-27,02:00,04:00,1,2,LOW
B-000483,C01,2026-08-27,04:00,06:00,1,3,MEDIUM
B-000484,C01,2026-08-27,06:00,08:00,1,3,MEDIUM
B-000485,C01,2026-08-27,08:00,10:00,0,7,HIGH
B-000486,C01,2026-08-27,10:00,12:00,0,7,HIGH
B-000487,C01,2026-08-27,12:00,14:00,1,4,MEDIUM
B-000488,C01,2026-08-27,14:00,16:00,1,1,LOW
B-000489,C01,2026-08-27,16:00,18:00,1,3,MEDIUM
B-000490,C01,2026-08-27,18:00,20:00,0,4,MEDIUM
B-000491,C01,2026-08-27,20:00,22:00,1,4,MEDIUM
B-000492,C01,2026-08-27,22:00,00:00,1,3,MEDIUM
B-000493,C02,2026-08-27,00:00,02:00,1,2,LOW
B-000494,C02,2026-08-27,02:00,04:00,1,1,LOW
B-000495,C02,2026-08-27,04:00,06:00,1,4,MEDIUM
B-000496,C02,2026-08-27,06:00,08:00,0,2,LOW
B-000497,C02,2026-08-27,08:00,10:00,0,7,HIGH
B-000498,C02,2026-08-27,10:00,12:00,0,8,HIGH
B-000499,C02,2026-08-27,12:00,14:00,0,6,HIGH
B-000500,C02,2026-08-27,14:00,16:00,0,5,MEDIUM
B-000501,C02,2026-08-27,16:00,18:00,1,2,LOW
B-000502,C02,2026-08-27,18:00,20:00,0,5,MEDIUM
B-000503,C02,2026-08-27,20:00,22:00,0,7,HIGH
B-000504,C02,2026-08-27,22:00,00:00,1,1,LOW
B-000505,C03,2026-08-27,00:00,02:00,1,3,MEDIUM
B-000506,C03,2026-08-27,02:00,04:00,0,2,LOW
B-000507,C03,2026-08-27,04:00,06:00,1,1,LOW
B-000508,C03,2026-08-27,06:00,08:00,1,1,LOW
B-000509,C03,2026-08-27,08:00,10:00,0,8,HIGH
B-000510,C03,2026-08-27,10:00,12:00,0,5,MEDIUM
B-000511,C03,2026-08-27,12:00,14:00,1,2,LOW
B-000512,C03,2026-08-27,14:00,16:00,1,3,MEDIUM
B-000513,C03,2026-08-27,16:00,18:00,1,2,LOW
B-000514,C03,2026-08-27,18:00,20:00,0,6,HIGH
B-000515,C03,2026-08-27,20:00,22:00,0,10,HIGH
B-000516,C03,2026-08-27,22:00,00:00,1,3,MEDIUM
B-000517,C04,2026-08-27,00:00,02:00,1,2,LOW
B-000518,C04,2026-08-27,02:00,04:00,1,3,MEDIUM
B-000519,C04,2026-08-27,04:00,06:00,1,2,LOW
B-000520,C04,2026-08-27,06:00,08:00,1,2,LOW
B-000521,C04,2026-08-27,08:00,10:00,0,7,HIGH
B-000522,C04,2026-08-27,10:00,12:00,1,4,MEDIUM
B-000523,C04,2026-08-27,12:00,14:00,1,2,LOW
B-000524,C04,2026-08-27,14:00,16:00,1,3,MEDIUM
B-000525,C04,2026-08-27,16:00,18:00,1,1,LOW
B-000526,C04,2026-08-27,18:00,20:00,0,6,HIGH
B-000527,C04,2026-08-27,20:00,22:00,0,11,HIGH
B-000528,C04,2026-08-27,22:00,00:00,1,0,LOW
B-000529,C05,2026-08-27,00:00,02:00,1,1,LOW
B-000530,C05,2026-08-27,02:00,04:00,1,1,LOW
B-000531,C05,2026-08-27,04:00,06:00,1,0,LOW
B-000532,C05,2026-08-27,06:00,08:00,0,2,LOW
B-000533,C05,2026-08-27,08:00,10:00,0,6,HIGH
B-000534,C05,2026-08-27,10:00,12:00,1,4,MEDIUM
B-000535,C05,2026-08-27,12:00,14:00,1,3,MEDIUM
B-000536,C05,2026-08-27,14:00,16:00,1,2,LOW
B-000537,C05,2026-08-27,16:00,18:00,1,2,LOW
B-000538,C05,2026-08-27,18:00,20:00,0,6,HIGH
B-000539,C05,2026-08-27,20:00,22:00,0,8,HIGH
B-000540,C05,2026-08-27,22:00,00:00,1,1,LOW
B-000541,C06,2026-08-27,00:00,02:00,1,2,LOW
B-000542,C06,2026-08-27,02:00,04:00,1,4,MEDIUM
B-000543,C06,2026-08-27,04:00,06:00,0,5,MEDIUM
B-000544,C06,2026-08-27,06:00,08:00,0,5,MEDIUM
B-000545,C06,2026-08-27,08:00,10:00,0,6,HIGH
B-000546,C06,2026-08-27,10:00,12:00,0,7,HIGH
B-000547,C06,2026-08-27,12:00,14:00,1,2,LOW
B-000548,C06,2026-08-27,14:00,16:00,1,3,MEDIUM
B-000549,C06,2026-08-27,16:00,18:00,1,0,LOW
B-000550,C06,2026-08-27,18:00,20:00,0,6,HIGH
B-000551,C06,2026-08-27,20:00,22:00,0,9,HIGH
B-000552,C06,2026-08-27,22:00,00:00,1,3,MEDIUM
B-000553,C07,2026-08-27,00:00,02:00,1,1,LOW
B-000554,C07,2026-08-27,02:00,04:00,1,2,LOW
B-000555,C07,2026-08-27,04:00,06:00,1,1,LOW
B-000556,C07,2026-08-27,06:00,08:00,0,7,HIGH
B-000557,C07,2026-08-27,08:00,10:00,0,7,HIGH
B-000558,C07,2026-08-27,10:00,12:00,0,5,MEDIUM
B-000559,C07,2026-08-27,12:00,14:00,0,8,HIGH
B-000560,C07,2026-08-27,14:00,16:00,1,2,LOW
B-000561,C07,2026-08-27,16:00,18:00,1,1,LOW
B-000562,C07,2026-08-27,18:00,20:00,0,4,MEDIUM
B-000563,C07,2026-08-27,20:00,22:00,0,8,HIGH
B-000564,C07,2026-08-27,22:00,00:00,0,5,MEDIUM
B-000565,C08,2026-08-27,00:00,02:00,1,1,LOW
B-000566,C08,2026-08-27,02:00,04:00,1,3,MEDIUM
B-000567,C08,2026-08-27,04:00,06:00,1,4,MEDIUM
B-000568,C08,2026-08-27,06:00,08:00,1,3,MEDIUM
B-000569,C08,2026-08-27,08:00,10:00,0,8,HIGH
B-000570,C08,2026-08-27,10:00,12:00,0,5,MEDIUM
B-000571,C08,2026-08-27,12:00,14:00,0,5,MEDIUM
B-000572,C08,2026-08-27,14:00,16:00,1,2,LOW
B-000573,C08,2026-08-27,16:00,18:00,1,1,LOW
B-000574,C08,2026-08-27,18:00,20:00,1,4,MEDIUM
B-000575,C08,2026-08-27,20:00,22:00,0,7,HIGH
B-000576,C08,2026-08-27,22:00,00:00,1,3,MEDIUM
B-000577,C09,2026-08-27,00:00,02:00,0,6,HIGH
B-000578,C09,2026-08-27,02:00,04:00,1,0,LOW
B-000579,C09,2026-08-27,04:00,06:00,0,8,HIGH
B-000580,C09,2026-08-27,06:00,08:00,0,4,MEDIUM
B-000581,C09,2026-08-27,08:00,10:00,0,8,HIGH
B-000582,C09,2026-08-27,10:00,12:00,1,3,MEDIUM
B-000583,C09,2026-08-27,12:00,14:00,1,4,MEDIUM
B-000584,C09,2026-08-27,14:00,16:00,1,2,LOW
B-000585,C09,2026-08-27,16:00,18:00,1,3,MEDIUM
B-000586,C09,2026-08-27,18:00,20:00,0,5,MEDIUM
B-000587,C09,2026-08-27,20:00,22:00,0,5,MEDIUM
B-000588,C09,2026-08-27,22:00,00:00,1,4,MEDIUM
B-000589,C10,2026-08-27,00:00,02:00,1,2,LOW
B-000590,C10,2026-08-27,02:00,04:00,1,3,MEDIUM
B-000591,C10,2026-08-27,04:00,06:00,0,6,HIGH
B-000592,C10,2026-08-27,06:00,08:00,1,0,LOW
B-000593,C10,2026-08-27,08:00,10:00,0,12,HIGH
B-000594,C10,2026-08-27,10:00,12:00,0,8,HIGH
B-000595,C10,2026-08-27,12:00,14:00,1,3,MEDIUM
B-000596,C10,2026-08-27,14:00,16:00,1,2,LOW
B-000597,C10,2026-08-27,16:00,18:00,1,3,MEDIUM
B-000598,C10,2026-08-27,18:00,20:00,0,5,MEDIUM
B-000599,C10,2026-08-27,20:00,22:00,1,2,LOW
B-000600,C10,2026-08-27,22:00,00:00,1,3,MEDIUM
B-000601,C11,2026-08-27,00:00,02:00,1,2,LOW
B-000602,C11,2026-08-27,02:00,04:00,1,1,LOW
B-000603,C11,2026-08-27,04:00,06:00,1,4,MEDIUM
B-000604,C11,2026-08-27,06:00,08:00,1,2,LOW
B-000605,C11,2026-08-27,08:00,10:00,0,6,HIGH
B-000606,C11,2026-08-27,10:00,12:00,0,9,HIGH
B-000607,C11,2026-08-27,12:00,14:00,1,3,MEDIUM
B-000608,C11,2026-08-27,14:00,16:00,1,4,MEDIUM
B-000609,C11,2026-08-27,16:00,18:00,0,5,MEDIUM
B-000610,C11,2026-08-27,18:00,20:00,0,6,HIGH
B-000611,C11,2026-08-27,20:00,22:00,0,5,MEDIUM
B-000612,C11,2026-08-27,22:00,00:00,1,3,MEDIUM
B-000613,C12,2026-08-27,00:00,02:00,1,4,MEDIUM
B-000614,C12,2026-08-27,02:00,04:00,1,0,LOW
B-000615,C12,2026-08-27,04:00,06:00,1,1,LOW
B-000616,C12,2026-08-27,06:00,08:00,1,1,LOW
B-000617,C12,2026-08-27,08:00,10:00,0,9,HIGH
B-000618,C12,2026-08-27,10:00,12:00,0,7,HIGH
B-000619,C12,2026-08-27,12:00,14:00,0,2,LOW
B-000620,C12,2026-08-27,14:00,16:00,1,3,MEDIUM
B-000621,C12,2026-08-27,16:00,18:00,1,2,LOW
B-000622,C12,2026-08-27,18:00,20:00,0,6,HIGH
B-000623,C12,2026-08-27,20:00,22:00,0,6,HIGH
B-000624,C12,2026-08-27,22:00,00:00,1,3,MEDIUM
B-000625,C13,2026-08-27,00:00,02:00,1,0,LOW
B-000626,C13,2026-08-27,02:00,04:00,1,3,MEDIUM
B-000627,C13,2026-08-27,04:00,06:00,1,2,LOW
B-000628,C13,2026-08-27,06:00,08:00,1,1,LOW
B-000629,C13,2026-08-27,08:00,10:00,0,5,MEDIUM
B-000630,C13,2026-08-27,10:00,12:00,0,7,HIGH
B-000631,C13,2026-08-27,12:00,14:00,1,0,LOW
B-000632,C13,2026-08-27,14:00,16:00,1,1,LOW
B-000633,C13,2026-08-27,16:00,18:00,1,2,LOW
B-000634,C13,2026-08-27,18:00,20:00,1,4,MEDIUM
B-000635,C13,2026-08-27,20:00,22:00,0,7,HIGH
B-000636,C13,2026-08-27,22:00,00:00,1,1,LOW
B-000637,C14,2026-08-27,00:00,02:00,1,2,LOW
B-000638,C14,2026-08-27,02:00,04:00,1,1,LOW
B-000639,C14,2026-08-27,04:00,06:00,1,3,MEDIUM
B-000640,C14,2026-08-27,06:00,08:00,1,2,LOW
B-000641,C14,2026-08-27,08:00,10:00,1,2,LOW
B-000642,C14,2026-08-27,10:00,12:00,0,7,HIGH
B-000643,C14,2026-08-27,12:00,14:00,0,1,LOW
B-000644,C14,2026-08-27,14:00,16:00,1,1,LOW
B-000645,C14,2026-08-27,16:00,18:00,1,2,LOW
B-000646,C14,2026-08-27,18:00,20:00,0,7,HIGH
B-000647,C14,2026-08-27,20:00,22:00,0,8,HIGH
B-000648,C14,2026-08-27,22:00,00:00,0,5,MEDIUM
B-000649,C15,2026-08-27,00:00,02:00,1,3,MEDIUM
B-000650,C15,2026-08-27,02:00,04:00,1,2,LOW
B-000651,C15,2026-08-27,04:00,06:00,1,2,LOW
B-000652,C15,2026-08-27,06:00,08:00,0,6,HIGH
B-000653,C15,2026-08-27,08:00,10:00,0,7,HIGH
B-000654,C15,2026-08-27,10:00,12:00,0,7,HIGH
B-000655,C15,2026-08-27,12:00,14:00,1,4,MEDIUM
B-000656,C15,2026-08-27,14:00,16:00,1,0,LOW
B-000657,C15,2026-08-27,16:00,18:00,1,1,LOW
B-000658,C15,2026-08-27,18:00,20:00,1,4,MEDIUM
B-000659,C15,2026-08-27,20:00,22:00,0,8,HIGH
B-000660,C15,2026-08-27,22:00,00:00,1,4,MEDIUM
B-000661,C16,2026-08-27,00:00,02:00,1,4,MEDIUM
B-000662,C16,2026-08-27,02:00,04:00,0,5,MEDIUM
B-000663,C16,2026-08-27,04:00,06:00,1,4,MEDIUM
B-000664,C16,2026-08-27,06:00,08:00,1,3,MEDIUM
B-000665,C16,2026-08-27,08:00,10:00,0,7,HIGH
B-000666,C16,2026-08-27,10:00,12:00,0,6,HIGH
B-000667,C16,2026-08-27,12:00,14:00,1,1,LOW
B-000668,C16,2026-08-27,14:00,16:00,1,3,MEDIUM
B-000669,C16,2026-08-27,16:00,18:00,1,0,LOW
B-000670,C16,2026-08-27,18:00,20:00,0,9,HIGH
B-000671,C16,2026-08-27,20:00,22:00,0,7,HIGH
B-000672,C16,2026-08-27,22:00,00:00,1,0,LOW
B-000673,C17,2026-08-27,00:00,02:00,1,3,MEDIUM
B-000674,C17,2026-08-27,02:00,04:00,0,5,MEDIUM
B-000675,C17,2026-08-27,04:00,06:00,1,3,MEDIUM
B-000676,C17,2026-08-27,06:00,08:00,1,0,LOW
B-000677,C17,2026-08-27,08:00,10:00,0,5,MEDIUM
B-000678,C17,2026-08-27,10:00,12:00,1,4,MEDIUM
B-000679,C17,2026-08-27,12:00,14:00,1,2,LOW
B-000680,C17,2026-08-27,14:00,16:00,1,0,LOW
B-000681,C17,2026-08-27,16:00,18:00,1,3,MEDIUM
B-000682,C17,2026-08-27,18:00,20:00,1,4,MEDIUM
B-000683,C17,2026-08-27,20:00,22:00,0,7,HIGH
B-000684,C17,2026-08-27,22:00,00:00,1,1,LOW
B-000685,C18,2026-08-27,00:00,02:00,0,7,HIGH
B-000686,C18,2026-08-27,02:00,04:00,0,5,MEDIUM
B-000687,C18,2026-08-27,04:00,06:00,1,2,LOW
B-000688,C18,2026-08-27,06:00,08:00,1,1,LOW
B-000689,C18,2026-08-27,08:00,10:00,0,6,HIGH
B-000690,C18,2026-08-27,10:00,12:00,0,5,MEDIUM
B-000691,C18,2026-08-27,12:00,14:00,1,2,LOW
B-000692,C18,2026-08-27,14:00,16:00,1,4,MEDIUM
B-000693,C18,2026-08-27,16:00,18:00,0,5,MEDIUM
B-000694,C18,2026-08-27,18:00,20:00,0,5,MEDIUM
B-000695,C18,2026-08-27,20:00,22:00,0,7,HIGH
B-000696,C18,2026-08-27,22:00,00:00,1,3,MEDIUM
B-000697,C19,2026-08-27,00:00,02:00,0,2,LOW
B-000698,C19,2026-08-27,02:00,04:00,0,7,HIGH
B-000699,C19,2026-08-27,04:00,06:00,1,3,MEDIUM
B-000700,C19,2026-08-27,06:00,08:00,1,2,LOW
B-000701,C19,2026-08-27,08:00,10:00,0,8,HIGH
B-000702,C19,2026-08-27,10:00,12:00,0,8,HIGH
B-000703,C19,2026-08-27,12:00,14:00,1,2,LOW
B-000704,C19,2026-08-27,14:00,16:00,1,3,MEDIUM
B-000705,C19,2026-08-27,16:00,18:00,1,3,MEDIUM
B-000706,C19,2026-08-27,18:00,20:00,1,3,MEDIUM
B-000707,C19,2026-08-27,20:00,22:00,0,7,HIGH
B-000708,C19,2026-08-27,22:00,00:00,1,2,LOW
B-000709,C20,2026-08-27,00:00,02:00,1,1,LOW
B-000710,C20,2026-08-27,02:00,04:00,1,2,LOW
B-000711,C20,2026-08-27,04:00,06:00,1,4,MEDIUM
B-000712,C20,2026-08-27,06:00,08:00,1,1,LOW
B-000713,C20,2026-08-27,08:00,10:00,0,5,MEDIUM
B-000714,C20,2026-08-27,10:00,12:00,1,4,MEDIUM
B-000715,C20,2026-08-27,12:00,14:00,1,3,MEDIUM
B-000716,C20,2026-08-27,14:00,16:00,1,2,LOW
B-000717,C20,2026-08-27,16:00,18:00,1,2,LOW
B-000718,C20,2026-08-27,18:00,20:00,0,8,HIGH
B-000719,C20,2026-08-27,20:00,22:00,1,4,MEDIUM
B-000720,C20,2026-08-27,22:00,00:00,1,3,MEDIUM
B-000721,C01,2026-08-28,00:00,02:00,0,6,HIGH
B-000722,C01,2026-08-28,02:00,04:00,1,0,LOW
B-000723,C01,2026-08-28,04:00,06:00,1,3,MEDIUM
B-000724,C01,2026-08-28,06:00,08:00,1,2,LOW
B-000725,C01,2026-08-28,08:00,10:00,0,10,HIGH
B-000726,C01,2026-08-28,10:00,12:00,0,7,HIGH
B-000727,C01,2026-08-28,12:00,14:00,1,2,LOW
B-000728,C01,2026-08-28,14:00,16:00,1,4,MEDIUM
B-000729,C01,2026-08-28,16:00,18:00,1,3,MEDIUM
B-000730,C01,2026-08-28,18:00,20:00,1,4,MEDIUM
B-000731,C01,2026-08-28,20:00,22:00,0,6,HIGH
B-000732,C01,2026-08-28,22:00,00:00,1,2,LOW
B-000733,C02,2026-08-28,00:00,02:00,1,2,LOW
B-000734,C02,2026-08-28,02:00,04:00,1,3,MEDIUM
B-000735,C02,2026-08-28,04:00,06:00,1,3,MEDIUM
B-000736,C02,2026-08-28,06:00,08:00,1,3,MEDIUM
B-000737,C02,2026-08-28,08:00,10:00,0,5,MEDIUM
B-000738,C02,2026-08-28,10:00,12:00,0,6,HIGH
B-000739,C02,2026-08-28,12:00,14:00,1,0,LOW
B-000740,C02,2026-08-28,14:00,16:00,1,2,LOW
B-000741,C02,2026-08-28,16:00,18:00,1,3,MEDIUM
B-000742,C02,2026-08-28,18:00,20:00,0,6,HIGH
B-000743,C02,2026-08-28,20:00,22:00,0,6,HIGH
B-000744,C02,2026-08-28,22:00,00:00,1,2,LOW
B-000745,C03,2026-08-28,00:00,02:00,0,5,MEDIUM
B-000746,C03,2026-08-28,02:00,04:00,1,3,MEDIUM
B-000747,C03,2026-08-28,04:00,06:00,1,3,MEDIUM
B-000748,C03,2026-08-28,06:00,08:00,1,0,LOW
B-000749,C03,2026-08-28,08:00,10:00,0,8,HIGH
B-000750,C03,2026-08-28,10:00,12:00,1,4,MEDIUM
B-000751,C03,2026-08-28,12:00,14:00,1,1,LOW
B-000752,C03,2026-08-28,14:00,16:00,1,3,MEDIUM
B-000753,C03,2026-08-28,16:00,18:00,1,4,MEDIUM
B-000754,C03,2026-08-28,18:00,20:00,0,8,HIGH
B-000755,C03,2026-08-28,20:00,22:00,1,3,MEDIUM
B-000756,C03,2026-08-28,22:00,00:00,1,1,LOW
B-000757,C04,2026-08-28,00:00,02:00,1,4,MEDIUM
B-000758,C04,2026-08-28,02:00,04:00,1,1,LOW
B-000759,C04,2026-08-28,04:00,06:00,1,0,LOW
B-000760,C04,2026-08-28,06:00,08:00,1,2,LOW
B-000761,C04,2026-08-28,08:00,10:00,0,5,MEDIUM
B-000762,C04,2026-08-28,10:00,12:00,0,7,HIGH
B-000763,C04,2026-08-28,12:00,14:00,1,3,MEDIUM
B-000764,C04,2026-08-28,14:00,16:00,1,1,LOW
B-000765,C04,2026-08-28,16:00,18:00,0,4,MEDIUM
B-000766,C04,2026-08-28,18:00,20:00,0,6,HIGH
B-000767,C04,2026-08-28,20:00,22:00,0,7,HIGH
B-000768,C04,2026-08-28,22:00,00:00,1,1,LOW
B-000769,C05,2026-08-28,00:00,02:00,1,1,LOW
B-000770,C05,2026-08-28,02:00,04:00,1,1,LOW
B-000771,C05,2026-08-28,04:00,06:00,0,2,LOW
B-000772,C05,2026-08-28,06:00,08:00,1,4,MEDIUM
B-000773,C05,2026-08-28,08:00,10:00,0,6,HIGH
B-000774,C05,2026-08-28,10:00,12:00,1,3,MEDIUM
B-000775,C05,2026-08-28,12:00,14:00,0,3,MEDIUM
B-000776,C05,2026-08-28,14:00,16:00,1,3,MEDIUM
B-000777,C05,2026-08-28,16:00,18:00,1,3,MEDIUM
B-000778,C05,2026-08-28,18:00,20:00,0,7,HIGH
B-000779,C05,2026-08-28,20:00,22:00,0,8,HIGH
B-000780,C05,2026-08-28,22:00,00:00,1,3,MEDIUM
B-000781,C06,2026-08-28,00:00,02:00,1,3,MEDIUM
B-000782,C06,2026-08-28,02:00,04:00,1,1,LOW
B-000783,C06,2026-08-28,04:00,06:00,1,4,MEDIUM
B-000784,C06,2026-08-28,06:00,08:00,1,1,LOW
B-000785,C06,2026-08-28,08:00,10:00,0,7,HIGH
B-000786,C06,2026-08-28,10:00,12:00,1,4,MEDIUM
B-000787,C06,2026-08-28,12:00,14:00,1,2,LOW
B-000788,C06,2026-08-28,14:00,16:00,1,2,LOW
B-000789,C06,2026-08-28,16:00,18:00,0,4,MEDIUM
B-000790,C06,2026-08-28,18:00,20:00,0,6,HIGH
B-000791,C06,2026-08-28,20:00,22:00,0,7,HIGH
B-000792,C06,2026-08-28,22:00,00:00,1,2,LOW
B-000793,C07,2026-08-28,00:00,02:00,1,1,LOW
B-000794,C07,2026-08-28,02:00,04:00,1,2,LOW
B-000795,C07,2026-08-28,04:00,06:00,0,7,HIGH
B-000796,C07,2026-08-28,06:00,08:00,1,3,MEDIUM
B-000797,C07,2026-08-28,08:00,10:00,1,4,MEDIUM
B-000798,C07,2026-08-28,10:00,12:00,0,5,MEDIUM
B-000799,C07,2026-08-28,12:00,14:00,1,1,LOW
B-000800,C07,2026-08-28,14:00,16:00,1,3,MEDIUM
B-000801,C07,2026-08-28,16:00,18:00,1,3,MEDIUM
B-000802,C07,2026-08-28,18:00,20:00,0,5,MEDIUM
B-000803,C07,2026-08-28,20:00,22:00,0,5,MEDIUM
B-000804,C07,2026-08-28,22:00,00:00,1,2,LOW
B-000805,C08,2026-08-28,00:00,02:00,1,4,MEDIUM
B-000806,C08,2026-08-28,02:00,04:00,1,1,LOW
B-000807,C08,2026-08-28,04:00,06:00,1,1,LOW
B-000808,C08,2026-08-28,06:00,08:00,1,3,MEDIUM
B-000809,C08,2026-08-28,08:00,10:00,0,7,HIGH
B-000810,C08,2026-08-28,10:00,12:00,0,5,MEDIUM
B-000811,C08,2026-08-28,12:00,14:00,1,3,MEDIUM
B-000812,C08,2026-08-28,14:00,16:00,0,5,MEDIUM
B-000813,C08,2026-08-28,16:00,18:00,1,1,LOW
B-000814,C08,2026-08-28,18:00,20:00,0,7,HIGH
B-000815,C08,2026-08-28,20:00,22:00,0,6,HIGH
B-000816,C08,2026-08-28,22:00,00:00,1,3,MEDIUM
B-000817,C09,2026-08-28,00:00,02:00,0,5,MEDIUM
B-000818,C09,2026-08-28,02:00,04:00,1,1,LOW
B-000819,C09,2026-08-28,04:00,06:00,0,5,MEDIUM
B-000820,C09,2026-08-28,06:00,08:00,1,4,MEDIUM
B-000821,C09,2026-08-28,08:00,10:00,0,5,MEDIUM
B-000822,C09,2026-08-28,10:00,12:00,0,7,HIGH
B-000823,C09,2026-08-28,12:00,14:00,1,3,MEDIUM
B-000824,C09,2026-08-28,14:00,16:00,1,2,LOW
B-000825,C09,2026-08-28,16:00,18:00,1,1,LOW
B-000826,C09,2026-08-28,18:00,20:00,1,4,MEDIUM
B-000827,C09,2026-08-28,20:00,22:00,0,7,HIGH
B-000828,C09,2026-08-28,22:00,00:00,1,1,LOW
B-000829,C10,2026-08-28,00:00,02:00,1,2,LOW
B-000830,C10,2026-08-28,02:00,04:00,1,4,MEDIUM
B-000831,C10,2026-08-28,04:00,06:00,0,1,LOW
B-000832,C10,2026-08-28,06:00,08:00,1,3,MEDIUM
B-000833,C10,2026-08-28,08:00,10:00,0,6,HIGH
B-000834,C10,2026-08-28,10:00,12:00,1,2,LOW
B-000835,C10,2026-08-28,12:00,14:00,1,1,LOW
B-000836,C10,2026-08-28,14:00,16:00,1,1,LOW
B-000837,C10,2026-08-28,16:00,18:00,1,0,LOW
B-000838,C10,2026-08-28,18:00,20:00,1,4,MEDIUM
B-000839,C10,2026-08-28,20:00,22:00,0,7,HIGH
B-000840,C10,2026-08-28,22:00,00:00,1,3,MEDIUM
B-000841,C11,2026-08-28,00:00,02:00,0,2,LOW
B-000842,C11,2026-08-28,02:00,04:00,1,3,MEDIUM
B-000843,C11,2026-08-28,04:00,06:00,1,2,LOW
B-000844,C11,2026-08-28,06:00,08:00,0,3,MEDIUM
B-000845,C11,2026-08-28,08:00,10:00,0,8,HIGH
B-000846,C11,2026-08-28,10:00,12:00,0,8,HIGH
B-000847,C11,2026-08-28,12:00,14:00,1,3,MEDIUM
B-000848,C11,2026-08-28,14:00,16:00,1,0,LOW
B-000849,C11,2026-08-28,16:00,18:00,0,5,MEDIUM
B-000850,C11,2026-08-28,18:00,20:00,0,5,MEDIUM
B-000851,C11,2026-08-28,20:00,22:00,0,7,HIGH
B-000852,C11,2026-08-28,22:00,00:00,1,1,LOW
B-000853,C12,2026-08-28,00:00,02:00,1,0,LOW
B-000854,C12,2026-08-28,02:00,04:00,1,2,LOW
B-000855,C12,2026-08-28,04:00,06:00,0,5,MEDIUM
B-000856,C12,2026-08-28,06:00,08:00,1,3,MEDIUM
B-000857,C12,2026-08-28,08:00,10:00,0,7,HIGH
B-000858,C12,2026-08-28,10:00,12:00,0,6,HIGH
B-000859,C12,2026-08-28,12:00,14:00,0,3,MEDIUM
B-000860,C12,2026-08-28,14:00,16:00,1,3,MEDIUM
B-000861,C12,2026-08-28,16:00,18:00,1,4,MEDIUM
B-000862,C12,2026-08-28,18:00,20:00,1,3,MEDIUM
B-000863,C12,2026-08-28,20:00,22:00,1,4,MEDIUM
B-000864,C12,2026-08-28,22:00,00:00,1,4,MEDIUM
B-000865,C13,2026-08-28,00:00,02:00,0,6,HIGH
B-000866,C13,2026-08-28,02:00,04:00,0,5,MEDIUM
B-000867,C13,2026-08-28,04:00,06:00,0,5,MEDIUM
B-000868,C13,2026-08-28,06:00,08:00,0,5,MEDIUM
B-000869,C13,2026-08-28,08:00,10:00,1,3,MEDIUM
B-000870,C13,2026-08-28,10:00,12:00,0,6,HIGH
B-000871,C13,2026-08-28,12:00,14:00,0,5,MEDIUM
B-000872,C13,2026-08-28,14:00,16:00,1,2,LOW
B-000873,C13,2026-08-28,16:00,18:00,1,2,LOW
B-000874,C13,2026-08-28,18:00,20:00,0,5,MEDIUM
B-000875,C13,2026-08-28,20:00,22:00,0,8,HIGH
B-000876,C13,2026-08-28,22:00,00:00,1,2,LOW
B-000877,C14,2026-08-28,00:00,02:00,1,2,LOW
B-000878,C14,2026-08-28,02:00,04:00,1,2,LOW
B-000879,C14,2026-08-28,04:00,06:00,1,1,LOW
B-000880,C14,2026-08-28,06:00,08:00,1,1,LOW
B-000881,C14,2026-08-28,08:00,10:00,0,9,HIGH
B-000882,C14,2026-08-28,10:00,12:00,1,4,MEDIUM
B-000883,C14,2026-08-28,12:00,14:00,0,2,LOW
B-000884,C14,2026-08-28,14:00,16:00,1,1,LOW
B-000885,C14,2026-08-28,16:00,18:00,1,2,LOW
B-000886,C14,2026-08-28,18:00,20:00,0,7,HIGH
B-000887,C14,2026-08-28,20:00,22:00,0,7,HIGH
B-000888,C14,2026-08-28,22:00,00:00,1,1,LOW
B-000889,C15,2026-08-28,00:00,02:00,1,1,LOW
B-000890,C15,2026-08-28,02:00,04:00,1,1,LOW
B-000891,C15,2026-08-28,04:00,06:00,1,3,MEDIUM
B-000892,C15,2026-08-28,06:00,08:00,1,3,MEDIUM
B-000893,C15,2026-08-28,08:00,10:00,0,5,MEDIUM
B-000894,C15,2026-08-28,10:00,12:00,1,2,LOW
B-000895,C15,2026-08-28,12:00,14:00,1,1,LOW
B-000896,C15,2026-08-28,14:00,16:00,1,4,MEDIUM
B-000897,C15,2026-08-28,16:00,18:00,1,3,MEDIUM
B-000898,C15,2026-08-28,18:00,20:00,0,7,HIGH
B-000899,C15,2026-08-28,20:00,22:00,0,8,HIGH
B-000900,C15,2026-08-28,22:00,00:00,1,2,LOW
B-000901,C16,2026-08-28,00:00,02:00,1,3,MEDIUM
B-000902,C16,2026-08-28,02:00,04:00,0,6,HIGH
B-000903,C16,2026-08-28,04:00,06:00,1,1,LOW
B-000904,C16,2026-08-28,06:00,08:00,0,5,MEDIUM
B-000905,C16,2026-08-28,08:00,10:00,0,5,MEDIUM
B-000906,C16,2026-08-28,10:00,12:00,0,8,HIGH
B-000907,C16,2026-08-28,12:00,14:00,1,0,LOW
B-000908,C16,2026-08-28,14:00,16:00,1,2,LOW
B-000909,C16,2026-08-28,16:00,18:00,1,3,MEDIUM
B-000910,C16,2026-08-28,18:00,20:00,0,5,MEDIUM
B-000911,C16,2026-08-28,20:00,22:00,1,4,MEDIUM
B-000912,C16,2026-08-28,22:00,00:00,1,2,LOW
B-000913,C17,2026-08-28,00:00,02:00,1,3,MEDIUM
B-000914,C17,2026-08-28,02:00,04:00,1,3,MEDIUM
B-000915,C17,2026-08-28,04:00,06:00,1,2,LOW
B-000916,C17,2026-08-28,06:00,08:00,1,1,LOW
B-000917,C17,2026-08-28,08:00,10:00,0,9,HIGH
B-000918,C17,2026-08-28,10:00,12:00,1,3,MEDIUM
B-000919,C17,2026-08-28,12:00,14:00,1,2,LOW
B-000920,C17,2026-08-28,14:00,16:00,1,2,LOW
B-000921,C17,2026-08-28,16:00,18:00,1,3,MEDIUM
B-000922,C17,2026-08-28,18:00,20:00,0,10,HIGH
B-000923,C17,2026-08-28,20:00,22:00,0,7,HIGH
B-000924,C17,2026-08-28,22:00,00:00,1,4,MEDIUM
B-000925,C18,2026-08-28,00:00,02:00,1,4,MEDIUM
B-000926,C18,2026-08-28,02:00,04:00,0,5,MEDIUM
B-000927,C18,2026-08-28,04:00,06:00,1,0,LOW
B-000928,C18,2026-08-28,06:00,08:00,1,4,MEDIUM
B-000929,C18,2026-08-28,08:00,10:00,0,5,MEDIUM
B-000930,C18,2026-08-28,10:00,12:00,0,6,HIGH
B-000931,C18,2026-08-28,12:00,14:00,1,4,MEDIUM
B-000932,C18,2026-08-28,14:00,16:00,1,3,MEDIUM
B-000933,C18,2026-08-28,16:00,18:00,0,2,LOW
B-000934,C18,2026-08-28,18:00,20:00,1,3,MEDIUM
B-000935,C18,2026-08-28,20:00,22:00,0,10,HIGH
B-000936,C18,2026-08-28,22:00,00:00,1,1,LOW
B-000937,C19,2026-08-28,00:00,02:00,1,4,MEDIUM
B-000938,C19,2026-08-28,02:00,04:00,1,2,LOW
B-000939,C19,2026-08-28,04:00,06:00,1,3,MEDIUM
B-000940,C19,2026-08-28,06:00,08:00,1,3,MEDIUM
B-000941,C19,2026-08-28,08:00,10:00,0,5,MEDIUM
B-000942,C19,2026-08-28,10:00,12:00,0,8,HIGH
B-000943,C19,2026-08-28,12:00,14:00,1,3,MEDIUM
B-000944,C19,2026-08-28,14:00,16:00,1,3,MEDIUM
B-000945,C19,2026-08-28,16:00,18:00,1,1,LOW
B-000946,C19,2026-08-28,18:00,20:00,0,9,HIGH
B-000947,C19,2026-08-28,20:00,22:00,0,5,MEDIUM
B-000948,C19,2026-08-28,22:00,00:00,1,1,LOW
B-000949,C20,2026-08-28,00:00,02:00,1,2,LOW
B-000950,C20,2026-08-28,02:00,04:00,1,4,MEDIUM
B-000951,C20,2026-08-28,04:00,06:00,0,5,MEDIUM
B-000952,C20,2026-08-28,06:00,08:00,1,3,MEDIUM
B-000953,C20,2026-08-28,08:00,10:00,0,5,MEDIUM
B-000954,C20,2026-08-28,10:00,12:00,0,9,HIGH
B-000955,C20,2026-08-28,12:00,14:00,1,4,MEDIUM
B-000956,C20,2026-08-28,14:00,16:00,1,4,MEDIUM
B-000957,C20,2026-08-28,16:00,18:00,1,0,LOW
B-000958,C20,2026-08-28,18:00,20:00,0,7,HIGH
B-000959,C20,2026-08-28,20:00,22:00,0,5,MEDIUM
B-000960,C20,2026-08-28,22:00,00:00,1,3,MEDIUM
B-000961,C01,2026-08-29,00:00,02:00,1,3,MEDIUM
B-000962,C01,2026-08-29,02:00,04:00,1,3,MEDIUM
B-000963,C01,2026-08-29,04:00,06:00,0,5,MEDIUM
B-000964,C01,2026-08-29,06:00,08:00,1,4,MEDIUM
B-000965,C01,2026-08-29,08:00,10:00,0,7,HIGH
B-000966,C01,2026-08-29,10:00,12:00,0,8,HIGH
B-000967,C01,2026-08-29,12:00,14:00,1,0,LOW
B-000968,C01,2026-08-29,14:00,16:00,1,4,MEDIUM
B-000969,C01,2026-08-29,16:00,18:00,1,3,MEDIUM
B-000970,C01,2026-08-29,18:00,20:00,0,7,HIGH
B-000971,C01,2026-08-29,20:00,22:00,0,9,HIGH
B-000972,C01,2026-08-29,22:00,00:00,1,1,LOW
B-000973,C02,2026-08-29,00:00,02:00,1,2,LOW
B-000974,C02,2026-08-29,02:00,04:00,0,5,MEDIUM
B-000975,C02,2026-08-29,04:00,06:00,1,2,LOW
B-000976,C02,2026-08-29,06:00,08:00,1,3,MEDIUM
B-000977,C02,2026-08-29,08:00,10:00,0,6,HIGH
B-000978,C02,2026-08-29,10:00,12:00,1,4,MEDIUM
B-000979,C02,2026-08-29,12:00,14:00,1,0,LOW
B-000980,C02,2026-08-29,14:00,16:00,0,2,LOW
B-000981,C02,2026-08-29,16:00,18:00,1,1,LOW
B-000982,C02,2026-08-29,18:00,20:00,1,3,MEDIUM
B-000983,C02,2026-08-29,20:00,22:00,1,3,MEDIUM
B-000984,C02,2026-08-29,22:00,00:00,1,4,MEDIUM
B-000985,C03,2026-08-29,00:00,02:00,1,3,MEDIUM
B-000986,C03,2026-08-29,02:00,04:00,0,1,LOW
B-000987,C03,2026-08-29,04:00,06:00,1,3,MEDIUM
B-000988,C03,2026-08-29,06:00,08:00,0,5,MEDIUM
B-000989,C03,2026-08-29,08:00,10:00,0,6,HIGH
B-000990,C03,2026-08-29,10:00,12:00,0,10,HIGH
B-000991,C03,2026-08-29,12:00,14:00,1,3,MEDIUM
B-000992,C03,2026-08-29,14:00,16:00,1,2,LOW
B-000993,C03,2026-08-29,16:00,18:00,0,5,MEDIUM
B-000994,C03,2026-08-29,18:00,20:00,0,6,HIGH
B-000995,C03,2026-08-29,20:00,22:00,1,4,MEDIUM
B-000996,C03,2026-08-29,22:00,00:00,1,1,LOW
B-000997,C04,2026-08-29,00:00,02:00,1,1,LOW
B-000998,C04,2026-08-29,02:00,04:00,1,2,LOW
B-000999,C04,2026-08-29,04:00,06:00,1,2,LOW
B-001000,C04,2026-08-29,06:00,08:00,1,4,MEDIUM
B-001001,C04,2026-08-29,08:00,10:00,0,5,MEDIUM
B-001002,C04,2026-08-29,10:00,12:00,1,4,MEDIUM
B-001003,C04,2026-08-29,12:00,14:00,1,1,LOW
B-001004,C04,2026-08-29,14:00,16:00,1,1,LOW
B-001005,C04,2026-08-29,16:00,18:00,0,2,LOW
B-001006,C04,2026-08-29,18:00,20:00,0,6,HIGH
B-001007,C04,2026-08-29,20:00,22:00,1,4,MEDIUM
B-001008,C04,2026-08-29,22:00,00:00,1,0,LOW
B-001009,C05,2026-08-29,00:00,02:00,1,2,LOW
B-001010,C05,2026-08-29,02:00,04:00,0,6,HIGH
B-001011,C05,2026-08-29,04:00,06:00,0,5,MEDIUM
B-001012,C05,2026-08-29,06:00,08:00,1,3,MEDIUM
B-001013,C05,2026-08-29,08:00,10:00,0,8,HIGH
B-001014,C05,2026-08-29,10:00,12:00,0,8,HIGH
B-001015,C05,2026-08-29,12:00,14:00,0,1,LOW
B-001016,C05,2026-08-29,14:00,16:00,1,2,LOW
B-001017,C05,2026-08-29,16:00,18:00,1,3,MEDIUM
B-001018,C05,2026-08-29,18:00,20:00,0,7,HIGH
B-001019,C05,2026-08-29,20:00,22:00,0,7,HIGH
B-001020,C05,2026-08-29,22:00,00:00,0,5,MEDIUM
B-001021,C06,2026-08-29,00:00,02:00,1,2,LOW
B-001022,C06,2026-08-29,02:00,04:00,1,1,LOW
B-001023,C06,2026-08-29,04:00,06:00,1,4,MEDIUM
B-001024,C06,2026-08-29,06:00,08:00,0,5,MEDIUM
B-001025,C06,2026-08-29,08:00,10:00,1,4,MEDIUM
B-001026,C06,2026-08-29,10:00,12:00,1,3,MEDIUM
B-001027,C06,2026-08-29,12:00,14:00,1,3,MEDIUM
B-001028,C06,2026-08-29,14:00,16:00,1,3,MEDIUM
B-001029,C06,2026-08-29,16:00,18:00,1,2,LOW
B-001030,C06,2026-08-29,18:00,20:00,0,5,MEDIUM
B-001031,C06,2026-08-29,20:00,22:00,1,4,MEDIUM
B-001032,C06,2026-08-29,22:00,00:00,0,1,LOW
B-001033,C07,2026-08-29,00:00,02:00,1,1,LOW
B-001034,C07,2026-08-29,02:00,04:00,1,2,LOW
B-001035,C07,2026-08-29,04:00,06:00,1,3,MEDIUM
B-001036,C07,2026-08-29,06:00,08:00,1,3,MEDIUM
B-001037,C07,2026-08-29,08:00,10:00,0,9,HIGH
B-001038,C07,2026-08-29,10:00,12:00,1,3,MEDIUM
B-001039,C07,2026-08-29,12:00,14:00,1,2,LOW
B-001040,C07,2026-08-29,14:00,16:00,1,1,LOW
B-001041,C07,2026-08-29,16:00,18:00,1,4,MEDIUM
B-001042,C07,2026-08-29,18:00,20:00,0,6,HIGH
B-001043,C07,2026-08-29,20:00,22:00,0,6,HIGH
B-001044,C07,2026-08-29,22:00,00:00,1,1,LOW
B-001045,C08,2026-08-29,00:00,02:00,1,0,LOW
B-001046,C08,2026-08-29,02:00,04:00,1,4,MEDIUM
B-001047,C08,2026-08-29,04:00,06:00,1,3,MEDIUM
B-001048,C08,2026-08-29,06:00,08:00,1,2,LOW
B-001049,C08,2026-08-29,08:00,10:00,1,3,MEDIUM
B-001050,C08,2026-08-29,10:00,12:00,0,9,HIGH
B-001051,C08,2026-08-29,12:00,14:00,1,3,MEDIUM
B-001052,C08,2026-08-29,14:00,16:00,1,2,LOW
B-001053,C08,2026-08-29,16:00,18:00,1,3,MEDIUM
B-001054,C08,2026-08-29,18:00,20:00,0,6,HIGH
B-001055,C08,2026-08-29,20:00,22:00,0,6,HIGH
B-001056,C08,2026-08-29,22:00,00:00,1,2,LOW
B-001057,C09,2026-08-29,00:00,02:00,1,4,MEDIUM
B-001058,C09,2026-08-29,02:00,04:00,0,5,MEDIUM
B-001059,C09,2026-08-29,04:00,06:00,1,0,LOW
B-001060,C09,2026-08-29,06:00,08:00,1,0,LOW
B-001061,C09,2026-08-29,08:00,10:00,0,5,MEDIUM
B-001062,C09,2026-08-29,10:00,12:00,0,10,HIGH
B-001063,C09,2026-08-29,12:00,14:00,0,3,MEDIUM
B-001064,C09,2026-08-29,14:00,16:00,1,4,MEDIUM
B-001065,C09,2026-08-29,16:00,18:00,1,3,MEDIUM
B-001066,C09,2026-08-29,18:00,20:00,1,4,MEDIUM
B-001067,C09,2026-08-29,20:00,22:00,0,6,HIGH
B-001068,C09,2026-08-29,22:00,00:00,1,1,LOW
B-001069,C10,2026-08-29,00:00,02:00,1,3,MEDIUM
B-001070,C10,2026-08-29,02:00,04:00,1,3,MEDIUM
B-001071,C10,2026-08-29,04:00,06:00,1,2,LOW
B-001072,C10,2026-08-29,06:00,08:00,1,1,LOW
B-001073,C10,2026-08-29,08:00,10:00,1,2,LOW
B-001074,C10,2026-08-29,10:00,12:00,0,6,HIGH
B-001075,C10,2026-08-29,12:00,14:00,1,0,LOW
B-001076,C10,2026-08-29,14:00,16:00,1,3,MEDIUM
B-001077,C10,2026-08-29,16:00,18:00,1,2,LOW
B-001078,C10,2026-08-29,18:00,20:00,0,5,MEDIUM
B-001079,C10,2026-08-29,20:00,22:00,0,8,HIGH
B-001080,C10,2026-08-29,22:00,00:00,0,5,MEDIUM
B-001081,C11,2026-08-29,00:00,02:00,1,2,LOW
B-001082,C11,2026-08-29,02:00,04:00,1,4,MEDIUM
B-001083,C11,2026-08-29,04:00,06:00,1,2,LOW
B-001084,C11,2026-08-29,06:00,08:00,1,2,LOW
B-001085,C11,2026-08-29,08:00,10:00,0,7,HIGH
B-001086,C11,2026-08-29,10:00,12:00,0,8,HIGH
B-001087,C11,2026-08-29,12:00,14:00,1,3,MEDIUM
B-001088,C11,2026-08-29,14:00,16:00,1,3,MEDIUM
B-001089,C11,2026-08-29,16:00,18:00,1,0,LOW
B-001090,C11,2026-08-29,18:00,20:00,0,7,HIGH
B-001091,C11,2026-08-29,20:00,22:00,0,7,HIGH
B-001092,C11,2026-08-29,22:00,00:00,0,5,MEDIUM
B-001093,C12,2026-08-29,00:00,02:00,1,2,LOW
B-001094,C12,2026-08-29,02:00,04:00,1,1,LOW
B-001095,C12,2026-08-29,04:00,06:00,1,2,LOW
B-001096,C12,2026-08-29,06:00,08:00,0,5,MEDIUM
B-001097,C12,2026-08-29,08:00,10:00,1,3,MEDIUM
B-001098,C12,2026-08-29,10:00,12:00,0,6,HIGH
B-001099,C12,2026-08-29,12:00,14:00,1,3,MEDIUM
B-001100,C12,2026-08-29,14:00,16:00,1,1,LOW
B-001101,C12,2026-08-29,16:00,18:00,1,1,LOW
B-001102,C12,2026-08-29,18:00,20:00,0,7,HIGH
B-001103,C12,2026-08-29,20:00,22:00,0,9,HIGH
B-001104,C12,2026-08-29,22:00,00:00,1,1,LOW
B-001105,C13,2026-08-29,00:00,02:00,1,1,LOW
B-001106,C13,2026-08-29,02:00,04:00,1,2,LOW
B-001107,C13,2026-08-29,04:00,06:00,1,4,MEDIUM
B-001108,C13,2026-08-29,06:00,08:00,0,5,MEDIUM
B-001109,C13,2026-08-29,08:00,10:00,0,7,HIGH
B-001110,C13,2026-08-29,10:00,12:00,0,6,HIGH
B-001111,C13,2026-08-29,12:00,14:00,1,3,MEDIUM
B-001112,C13,2026-08-29,14:00,16:00,1,1,LOW
B-001113,C13,2026-08-29,16:00,18:00,1,2,LOW
B-001114,C13,2026-08-29,18:00,20:00,1,4,MEDIUM
B-001115,C13,2026-08-29,20:00,22:00,1,4,MEDIUM
B-001116,C13,2026-08-29,22:00,00:00,1,3,MEDIUM
B-001117,C14,2026-08-29,00:00,02:00,1,4,MEDIUM
B-001118,C14,2026-08-29,02:00,04:00,1,1,LOW
B-001119,C14,2026-08-29,04:00,06:00,1,4,MEDIUM
B-001120,C14,2026-08-29,06:00,08:00,1,0,LOW
B-001121,C14,2026-08-29,08:00,10:00,0,5,MEDIUM
B-001122,C14,2026-08-29,10:00,12:00,0,5,MEDIUM
B-001123,C14,2026-08-29,12:00,14:00,0,5,MEDIUM
B-001124,C14,2026-08-29,14:00,16:00,1,3,MEDIUM
B-001125,C14,2026-08-29,16:00,18:00,1,2,LOW
B-001126,C14,2026-08-29,18:00,20:00,0,5,MEDIUM
B-001127,C14,2026-08-29,20:00,22:00,0,6,HIGH
B-001128,C14,2026-08-29,22:00,00:00,1,1,LOW
B-001129,C15,2026-08-29,00:00,02:00,1,3,MEDIUM
B-001130,C15,2026-08-29,02:00,04:00,1,4,MEDIUM
B-001131,C15,2026-08-29,04:00,06:00,1,2,LOW
B-001132,C15,2026-08-29,06:00,08:00,0,1,LOW
B-001133,C15,2026-08-29,08:00,10:00,1,4,MEDIUM
B-001134,C15,2026-08-29,10:00,12:00,0,6,HIGH
B-001135,C15,2026-08-29,12:00,14:00,1,0,LOW
B-001136,C15,2026-08-29,14:00,16:00,0,8,HIGH
B-001137,C15,2026-08-29,16:00,18:00,1,2,LOW
B-001138,C15,2026-08-29,18:00,20:00,0,8,HIGH
B-001139,C15,2026-08-29,20:00,22:00,0,7,HIGH
B-001140,C15,2026-08-29,22:00,00:00,0,5,MEDIUM
B-001141,C16,2026-08-29,00:00,02:00,0,6,HIGH
B-001142,C16,2026-08-29,02:00,04:00,0,8,HIGH
B-001143,C16,2026-08-29,04:00,06:00,1,2,LOW
B-001144,C16,2026-08-29,06:00,08:00,1,1,LOW
B-001145,C16,2026-08-29,08:00,10:00,0,5,MEDIUM
B-001146,C16,2026-08-29,10:00,12:00,0,5,MEDIUM
B-001147,C16,2026-08-29,12:00,14:00,1,3,MEDIUM
B-001148,C16,2026-08-29,14:00,16:00,1,2,LOW
B-001149,C16,2026-08-29,16:00,18:00,0,5,MEDIUM
B-001150,C16,2026-08-29,18:00,20:00,0,7,HIGH
B-001151,C16,2026-08-29,20:00,22:00,1,4,MEDIUM
B-001152,C16,2026-08-29,22:00,00:00,0,2,LOW
B-001153,C17,2026-08-29,00:00,02:00,1,2,LOW
B-001154,C17,2026-08-29,02:00,04:00,1,3,MEDIUM
B-001155,C17,2026-08-29,04:00,06:00,1,2,LOW
B-001156,C17,2026-08-29,06:00,08:00,1,2,LOW
B-001157,C17,2026-08-29,08:00,10:00,0,6,HIGH
B-001158,C17,2026-08-29,10:00,12:00,0,12,HIGH
B-001159,C17,2026-08-29,12:00,14:00,1,4,MEDIUM
B-001160,C17,2026-08-29,14:00,16:00,0,4,MEDIUM
B-001161,C17,2026-08-29,16:00,18:00,1,2,LOW
B-001162,C17,2026-08-29,18:00,20:00,0,8,HIGH
B-001163,C17,2026-08-29,20:00,22:00,0,6,HIGH
B-001164,C17,2026-08-29,22:00,00:00,1,1,LOW
B-001165,C18,2026-08-29,00:00,02:00,1,2,LOW
B-001166,C18,2026-08-29,02:00,04:00,1,3,MEDIUM
B-001167,C18,2026-08-29,04:00,06:00,1,2,LOW
B-001168,C18,2026-08-29,06:00,08:00,1,1,LOW
B-001169,C18,2026-08-29,08:00,10:00,0,7,HIGH
B-001170,C18,2026-08-29,10:00,12:00,0,5,MEDIUM
B-001171,C18,2026-08-29,12:00,14:00,1,3,MEDIUM
B-001172,C18,2026-08-29,14:00,16:00,1,4,MEDIUM
B-001173,C18,2026-08-29,16:00,18:00,1,2,LOW
B-001174,C18,2026-08-29,18:00,20:00,1,4,MEDIUM
B-001175,C18,2026-08-29,20:00,22:00,0,12,HIGH
B-001176,C18,2026-08-29,22:00,00:00,1,1,LOW
B-001177,C19,2026-08-29,00:00,02:00,1,4,MEDIUM
B-001178,C19,2026-08-29,02:00,04:00,1,2,LOW
B-001179,C19,2026-08-29,04:00,06:00,1,2,LOW
B-001180,C19,2026-08-29,06:00,08:00,1,2,LOW
B-001181,C19,2026-08-29,08:00,10:00,0,6,HIGH
B-001182,C19,2026-08-29,10:00,12:00,0,5,MEDIUM
B-001183,C19,2026-08-29,12:00,14:00,1,0,LOW
B-001184,C19,2026-08-29,14:00,16:00,1,4,MEDIUM
B-001185,C19,2026-08-29,16:00,18:00,1,3,MEDIUM
B-001186,C19,2026-08-29,18:00,20:00,0,5,MEDIUM
B-001187,C19,2026-08-29,20:00,22:00,0,5,MEDIUM
B-001188,C19,2026-08-29,22:00,00:00,1,0,LOW
B-001189,C20,2026-08-29,00:00,02:00,0,1,LOW
B-001190,C20,2026-08-29,02:00,04:00,1,3,MEDIUM
B-001191,C20,2026-08-29,04:00,06:00,1,4,MEDIUM
B-001192,C20,2026-08-29,06:00,08:00,0,5,MEDIUM
B-001193,C20,2026-08-29,08:00,10:00,0,8,HIGH
B-001194,C20,2026-08-29,10:00,12:00,1,4,MEDIUM
B-001195,C20,2026-08-29,12:00,14:00,0,5,MEDIUM
B-001196,C20,2026-08-29,14:00,16:00,1,1,LOW
B-001197,C20,2026-08-29,16:00,18:00,1,4,MEDIUM
B-001198,C20,2026-08-29,18:00,20:00,0,7,HIGH
B-001199,C20,2026-08-29,20:00,22:00,1,4,MEDIUM
B-001200,C20,2026-08-29,22:00,00:00,1,1,LOW
B-001201,C01,2026-08-30,00:00,02:00,1,3,MEDIUM
B-001202,C01,2026-08-30,02:00,04:00,1,1,LOW
B-001203,C01,2026-08-30,04:00,06:00,0,7,HIGH
B-001204,C01,2026-08-30,06:00,08:00,1,3,MEDIUM
B-001205,C01,2026-08-30,08:00,10:00,0,7,HIGH
B-001206,C01,2026-08-30,10:00,12:00,1,4,MEDIUM
B-001207,C01,2026-08-30,12:00,14:00,1,0,LOW
B-001208,C01,2026-08-30,14:00,16:00,1,0,LOW
B-001209,C01,2026-08-30,16:00,18:00,0,3,MEDIUM
B-001210,C01,2026-08-30,18:00,20:00,0,9,HIGH
B-001211,C01,2026-08-30,20:00,22:00,0,8,HIGH
B-001212,C01,2026-08-30,22:00,00:00,1,2,LOW
B-001213,C02,2026-08-30,00:00,02:00,1,3,MEDIUM
B-001214,C02,2026-08-30,02:00,04:00,1,1,LOW
B-001215,C02,2026-08-30,04:00,06:00,1,2,LOW
B-001216,C02,2026-08-30,06:00,08:00,1,1,LOW
B-001217,C02,2026-08-30,08:00,10:00,1,4,MEDIUM
B-001218,C02,2026-08-30,10:00,12:00,0,9,HIGH
B-001219,C02,2026-08-30,12:00,14:00,1,3,MEDIUM
B-001220,C02,2026-08-30,14:00,16:00,0,5,MEDIUM
B-001221,C02,2026-08-30,16:00,18:00,1,3,MEDIUM
B-001222,C02,2026-08-30,18:00,20:00,1,4,MEDIUM
B-001223,C02,2026-08-30,20:00,22:00,0,6,HIGH
B-001224,C02,2026-08-30,22:00,00:00,1,3,MEDIUM
B-001225,C03,2026-08-30,00:00,02:00,1,3,MEDIUM
B-001226,C03,2026-08-30,02:00,04:00,1,2,LOW
B-001227,C03,2026-08-30,04:00,06:00,1,1,LOW
B-001228,C03,2026-08-30,06:00,08:00,1,0,LOW
B-001229,C03,2026-08-30,08:00,10:00,0,8,HIGH
B-001230,C03,2026-08-30,10:00,12:00,0,7,HIGH
B-001231,C03,2026-08-30,12:00,14:00,1,2,LOW
B-001232,C03,2026-08-30,14:00,16:00,1,0,LOW
B-001233,C03,2026-08-30,16:00,18:00,1,4,MEDIUM
B-001234,C03,2026-08-30,18:00,20:00,0,7,HIGH
B-001235,C03,2026-08-30,20:00,22:00,0,9,HIGH
B-001236,C03,2026-08-30,22:00,00:00,1,2,LOW
B-001237,C04,2026-08-30,00:00,02:00,1,4,MEDIUM
B-001238,C04,2026-08-30,02:00,04:00,1,4,MEDIUM
B-001239,C04,2026-08-30,04:00,06:00,0,5,MEDIUM
B-001240,C04,2026-08-30,06:00,08:00,1,3,MEDIUM
B-001241,C04,2026-08-30,08:00,10:00,1,4,MEDIUM
B-001242,C04,2026-08-30,10:00,12:00,0,6,HIGH
B-001243,C04,2026-08-30,12:00,14:00,1,4,MEDIUM
B-001244,C04,2026-08-30,14:00,16:00,1,2,LOW
B-001245,C04,2026-08-30,16:00,18:00,1,1,LOW
B-001246,C04,2026-08-30,18:00,20:00,0,9,HIGH
B-001247,C04,2026-08-30,20:00,22:00,0,10,HIGH
B-001248,C04,2026-08-30,22:00,00:00,1,2,LOW
B-001249,C05,2026-08-30,00:00,02:00,1,3,MEDIUM
B-001250,C05,2026-08-30,02:00,04:00,1,3,MEDIUM
B-001251,C05,2026-08-30,04:00,06:00,1,1,LOW
B-001252,C05,2026-08-30,06:00,08:00,0,5,MEDIUM
B-001253,C05,2026-08-30,08:00,10:00,0,7,HIGH
B-001254,C05,2026-08-30,10:00,12:00,1,3,MEDIUM
B-001255,C05,2026-08-30,12:00,14:00,1,0,LOW
B-001256,C05,2026-08-30,14:00,16:00,1,1,LOW
B-001257,C05,2026-08-30,16:00,18:00,1,1,LOW
B-001258,C05,2026-08-30,18:00,20:00,0,6,HIGH
B-001259,C05,2026-08-30,20:00,22:00,0,5,MEDIUM
B-001260,C05,2026-08-30,22:00,00:00,1,0,LOW
B-001261,C06,2026-08-30,00:00,02:00,1,2,LOW
B-001262,C06,2026-08-30,02:00,04:00,1,4,MEDIUM
B-001263,C06,2026-08-30,04:00,06:00,0,1,LOW
B-001264,C06,2026-08-30,06:00,08:00,0,3,MEDIUM
B-001265,C06,2026-08-30,08:00,10:00,1,4,MEDIUM
B-001266,C06,2026-08-30,10:00,12:00,0,8,HIGH
B-001267,C06,2026-08-30,12:00,14:00,1,2,LOW
B-001268,C06,2026-08-30,14:00,16:00,1,2,LOW
B-001269,C06,2026-08-30,16:00,18:00,1,4,MEDIUM
B-001270,C06,2026-08-30,18:00,20:00,0,5,MEDIUM
B-001271,C06,2026-08-30,20:00,22:00,0,7,HIGH
B-001272,C06,2026-08-30,22:00,00:00,1,3,MEDIUM
B-001273,C07,2026-08-30,00:00,02:00,0,7,HIGH
B-001274,C07,2026-08-30,02:00,04:00,1,3,MEDIUM
B-001275,C07,2026-08-30,04:00,06:00,1,3,MEDIUM
B-001276,C07,2026-08-30,06:00,08:00,1,1,LOW
B-001277,C07,2026-08-30,08:00,10:00,0,4,MEDIUM
B-001278,C07,2026-08-30,10:00,12:00,1,4,MEDIUM
B-001279,C07,2026-08-30,12:00,14:00,1,2,LOW
B-001280,C07,2026-08-30,14:00,16:00,1,2,LOW
B-001281,C07,2026-08-30,16:00,18:00,1,1,LOW
B-001282,C07,2026-08-30,18:00,20:00,0,5,MEDIUM
B-001283,C07,2026-08-30,20:00,22:00,0,6,HIGH
B-001284,C07,2026-08-30,22:00,00:00,0,6,HIGH
B-001285,C08,2026-08-30,00:00,02:00,1,3,MEDIUM
B-001286,C08,2026-08-30,02:00,04:00,1,1,LOW
B-001287,C08,2026-08-30,04:00,06:00,1,2,LOW
B-001288,C08,2026-08-30,06:00,08:00,1,0,LOW
B-001289,C08,2026-08-30,08:00,10:00,0,7,HIGH
B-001290,C08,2026-08-30,10:00,12:00,0,7,HIGH
B-001291,C08,2026-08-30,12:00,14:00,1,0,LOW
B-001292,C08,2026-08-30,14:00,16:00,1,2,LOW
B-001293,C08,2026-08-30,16:00,18:00,1,2,LOW
B-001294,C08,2026-08-30,18:00,20:00,0,7,HIGH
B-001295,C08,2026-08-30,20:00,22:00,1,2,LOW
B-001296,C08,2026-08-30,22:00,00:00,1,0,LOW
B-001297,C09,2026-08-30,00:00,02:00,1,2,LOW
B-001298,C09,2026-08-30,02:00,04:00,0,4,MEDIUM
B-001299,C09,2026-08-30,04:00,06:00,1,1,LOW
B-001300,C09,2026-08-30,06:00,08:00,1,2,LOW
B-001301,C09,2026-08-30,08:00,10:00,0,6,HIGH
B-001302,C09,2026-08-30,10:00,12:00,0,6,HIGH
B-001303,C09,2026-08-30,12:00,14:00,1,3,MEDIUM
B-001304,C09,2026-08-30,14:00,16:00,1,2,LOW
B-001305,C09,2026-08-30,16:00,18:00,1,2,LOW
B-001306,C09,2026-08-30,18:00,20:00,0,9,HIGH
B-001307,C09,2026-08-30,20:00,22:00,0,6,HIGH
B-001308,C09,2026-08-30,22:00,00:00,1,2,LOW
B-001309,C10,2026-08-30,00:00,02:00,1,1,LOW
B-001310,C10,2026-08-30,02:00,04:00,1,2,LOW
B-001311,C10,2026-08-30,04:00,06:00,1,4,MEDIUM
B-001312,C10,2026-08-30,06:00,08:00,1,2,LOW
B-001313,C10,2026-08-30,08:00,10:00,0,8,HIGH
B-001314,C10,2026-08-30,10:00,12:00,0,6,HIGH
B-001315,C10,2026-08-30,12:00,14:00,1,2,LOW
B-001316,C10,2026-08-30,14:00,16:00,0,5,MEDIUM
B-001317,C10,2026-08-30,16:00,18:00,0,3,MEDIUM
B-001318,C10,2026-08-30,18:00,20:00,0,5,MEDIUM
B-001319,C10,2026-08-30,20:00,22:00,0,8,HIGH
B-001320,C10,2026-08-30,22:00,00:00,1,1,LOW
B-001321,C11,2026-08-30,00:00,02:00,1,2,LOW
B-001322,C11,2026-08-30,02:00,04:00,0,5,MEDIUM
B-001323,C11,2026-08-30,04:00,06:00,1,1,LOW
B-001324,C11,2026-08-30,06:00,08:00,1,3,MEDIUM
B-001325,C11,2026-08-30,08:00,10:00,0,8,HIGH
B-001326,C11,2026-08-30,10:00,12:00,1,4,MEDIUM
B-001327,C11,2026-08-30,12:00,14:00,1,3,MEDIUM
B-001328,C11,2026-08-30,14:00,16:00,1,4,MEDIUM
B-001329,C11,2026-08-30,16:00,18:00,1,2,LOW
B-001330,C11,2026-08-30,18:00,20:00,0,9,HIGH
B-001331,C11,2026-08-30,20:00,22:00,0,5,MEDIUM
B-001332,C11,2026-08-30,22:00,00:00,1,2,LOW
B-001333,C12,2026-08-30,00:00,02:00,1,3,MEDIUM
B-001334,C12,2026-08-30,02:00,04:00,1,2,LOW
B-001335,C12,2026-08-30,04:00,06:00,0,6,HIGH
B-001336,C12,2026-08-30,06:00,08:00,0,1,LOW
B-001337,C12,2026-08-30,08:00,10:00,0,6,HIGH
B-001338,C12,2026-08-30,10:00,12:00,0,5,MEDIUM
B-001339,C12,2026-08-30,12:00,14:00,0,4,MEDIUM
B-001340,C12,2026-08-30,14:00,16:00,0,6,HIGH
B-001341,C12,2026-08-30,16:00,18:00,1,1,LOW
B-001342,C12,2026-08-30,18:00,20:00,0,6,HIGH
B-001343,C12,2026-08-30,20:00,22:00,0,8,HIGH
B-001344,C12,2026-08-30,22:00,00:00,1,1,LOW
B-001345,C13,2026-08-30,00:00,02:00,1,1,LOW
B-001346,C13,2026-08-30,02:00,04:00,0,2,LOW
B-001347,C13,2026-08-30,04:00,06:00,1,3,MEDIUM
B-001348,C13,2026-08-30,06:00,08:00,0,7,HIGH
B-001349,C13,2026-08-30,08:00,10:00,0,9,HIGH
B-001350,C13,2026-08-30,10:00,12:00,0,5,MEDIUM
B-001351,C13,2026-08-30,12:00,14:00,1,1,LOW
B-001352,C13,2026-08-30,14:00,16:00,0,7,HIGH
B-001353,C13,2026-08-30,16:00,18:00,1,1,LOW
B-001354,C13,2026-08-30,18:00,20:00,0,4,MEDIUM
B-001355,C13,2026-08-30,20:00,22:00,0,7,HIGH
B-001356,C13,2026-08-30,22:00,00:00,1,0,LOW
B-001357,C14,2026-08-30,00:00,02:00,1,2,LOW
B-001358,C14,2026-08-30,02:00,04:00,1,3,MEDIUM
B-001359,C14,2026-08-30,04:00,06:00,1,1,LOW
B-001360,C14,2026-08-30,06:00,08:00,1,1,LOW
B-001361,C14,2026-08-30,08:00,10:00,1,3,MEDIUM
B-001362,C14,2026-08-30,10:00,12:00,1,4,MEDIUM
B-001363,C14,2026-08-30,12:00,14:00,1,1,LOW
B-001364,C14,2026-08-30,14:00,16:00,1,2,LOW
B-001365,C14,2026-08-30,16:00,18:00,1,0,LOW
B-001366,C14,2026-08-30,18:00,20:00,0,6,HIGH
B-001367,C14,2026-08-30,20:00,22:00,1,3,MEDIUM
B-001368,C14,2026-08-30,22:00,00:00,1,0,LOW
B-001369,C15,2026-08-30,00:00,02:00,1,1,LOW
B-001370,C15,2026-08-30,02:00,04:00,0,1,LOW
B-001371,C15,2026-08-30,04:00,06:00,0,6,HIGH
B-001372,C15,2026-08-30,06:00,08:00,1,2,LOW
B-001373,C15,2026-08-30,08:00,10:00,1,3,MEDIUM
B-001374,C15,2026-08-30,10:00,12:00,0,7,HIGH
B-001375,C15,2026-08-30,12:00,14:00,0,7,HIGH
B-001376,C15,2026-08-30,14:00,16:00,1,1,LOW
B-001377,C15,2026-08-30,16:00,18:00,1,3,MEDIUM
B-001378,C15,2026-08-30,18:00,20:00,0,7,HIGH
B-001379,C15,2026-08-30,20:00,22:00,0,5,MEDIUM
B-001380,C15,2026-08-30,22:00,00:00,1,1,LOW
B-001381,C16,2026-08-30,00:00,02:00,1,2,LOW
B-001382,C16,2026-08-30,02:00,04:00,1,0,LOW
B-001383,C16,2026-08-30,04:00,06:00,1,2,LOW
B-001384,C16,2026-08-30,06:00,08:00,0,6,HIGH
B-001385,C16,2026-08-30,08:00,10:00,0,8,HIGH
B-001386,C16,2026-08-30,10:00,12:00,0,6,HIGH
B-001387,C16,2026-08-30,12:00,14:00,0,2,LOW
B-001388,C16,2026-08-30,14:00,16:00,1,2,LOW
B-001389,C16,2026-08-30,16:00,18:00,1,4,MEDIUM
B-001390,C16,2026-08-30,18:00,20:00,0,5,MEDIUM
B-001391,C16,2026-08-30,20:00,22:00,0,7,HIGH
B-001392,C16,2026-08-30,22:00,00:00,1,0,LOW
B-001393,C17,2026-08-30,00:00,02:00,1,3,MEDIUM
B-001394,C17,2026-08-30,02:00,04:00,1,3,MEDIUM
B-001395,C17,2026-08-30,04:00,06:00,1,2,LOW
B-001396,C17,2026-08-30,06:00,08:00,1,0,LOW
B-001397,C17,2026-08-30,08:00,10:00,0,5,MEDIUM
B-001398,C17,2026-08-30,10:00,12:00,0,5,MEDIUM
B-001399,C17,2026-08-30,12:00,14:00,1,3,MEDIUM
B-001400,C17,2026-08-30,14:00,16:00,1,0,LOW
B-001401,C17,2026-08-30,16:00,18:00,1,3,MEDIUM
B-001402,C17,2026-08-30,18:00,20:00,0,5,MEDIUM
B-001403,C17,2026-08-30,20:00,22:00,0,7,HIGH
B-001404,C17,2026-08-30,22:00,00:00,1,1,LOW
B-001405,C18,2026-08-30,00:00,02:00,0,1,LOW
B-001406,C18,2026-08-30,02:00,04:00,1,1,LOW
B-001407,C18,2026-08-30,04:00,06:00,1,3,MEDIUM
B-001408,C18,2026-08-30,06:00,08:00,1,4,MEDIUM
B-001409,C18,2026-08-30,08:00,10:00,0,11,HIGH
B-001410,C18,2026-08-30,10:00,12:00,1,3,MEDIUM
B-001411,C18,2026-08-30,12:00,14:00,1,2,LOW
B-001412,C18,2026-08-30,14:00,16:00,1,1,LOW
B-001413,C18,2026-08-30,16:00,18:00,1,2,LOW
B-001414,C18,2026-08-30,18:00,20:00,0,5,MEDIUM
B-001415,C18,2026-08-30,20:00,22:00,0,5,MEDIUM
B-001416,C18,2026-08-30,22:00,00:00,1,0,LOW
B-001417,C19,2026-08-30,00:00,02:00,1,2,LOW
B-001418,C19,2026-08-30,02:00,04:00,1,0,LOW
B-001419,C19,2026-08-30,04:00,06:00,1,2,LOW
B-001420,C19,2026-08-30,06:00,08:00,1,2,LOW
B-001421,C19,2026-08-30,08:00,10:00,0,5,MEDIUM
B-001422,C19,2026-08-30,10:00,12:00,0,7,HIGH
B-001423,C19,2026-08-30,12:00,14:00,1,3,MEDIUM
B-001424,C19,2026-08-30,14:00,16:00,1,0,LOW
B-001425,C19,2026-08-30,16:00,18:00,1,1,LOW
B-001426,C19,2026-08-30,18:00,20:00,0,5,MEDIUM
B-001427,C19,2026-08-30,20:00,22:00,0,6,HIGH
B-001428,C19,2026-08-30,22:00,00:00,1,1,LOW
B-001429,C20,2026-08-30,00:00,02:00,1,3,MEDIUM
B-001430,C20,2026-08-30,02:00,04:00,1,3,MEDIUM
B-001431,C20,2026-08-30,04:00,06:00,1,1,LOW
B-001432,C20,2026-08-30,06:00,08:00,0,5,MEDIUM
B-001433,C20,2026-08-30,08:00,10:00,0,7,HIGH
B-001434,C20,2026-08-30,10:00,12:00,0,10,HIGH
B-001435,C20,2026-08-30,12:00,14:00,1,0,LOW
B-001436,C20,2026-08-30,14:00,16:00,1,2,LOW
B-001437,C20,2026-08-30,16:00,18:00,0,5,MEDIUM
B-001438,C20,2026-08-30,18:00,20:00,0,7,HIGH
B-001439,C20,2026-08-30,20:00,22:00,0,6,HIGH
B-001440,C20,2026-08-30,22:00,00:00,0,4,MEDIUM
B-001441,C01,2026-08-31,00:00,02:00,0,1,LOW
B-001442,C01,2026-08-31,02:00,04:00,1,2,LOW
B-001443,C01,2026-08-31,04:00,06:00,1,1,LOW
B-001444,C01,2026-08-31,06:00,08:00,1,2,LOW
B-001445,C01,2026-08-31,08:00,10:00,0,6,HIGH
B-001446,C01,2026-08-31,10:00,12:00,0,5,MEDIUM
B-001447,C01,2026-08-31,12:00,14:00,0,5,MEDIUM
B-001448,C01,2026-08-31,14:00,16:00,1,3,MEDIUM
B-001449,C01,2026-08-31,16:00,18:00,1,3,MEDIUM
B-001450,C01,2026-08-31,18:00,20:00,0,6,HIGH
B-001451,C01,2026-08-31,20:00,22:00,1,2,LOW
B-001452,C01,2026-08-31,22:00,00:00,0,1,LOW
B-001453,C02,2026-08-31,00:00,02:00,1,3,MEDIUM
B-001454,C02,2026-08-31,02:00,04:00,1,4,MEDIUM
B-001455,C02,2026-08-31,04:00,06:00,1,4,MEDIUM
B-001456,C02,2026-08-31,06:00,08:00,1,4,MEDIUM
B-001457,C02,2026-08-31,08:00,10:00,0,5,MEDIUM
B-001458,C02,2026-08-31,10:00,12:00,1,3,MEDIUM
B-001459,C02,2026-08-31,12:00,14:00,1,0,LOW
B-001460,C02,2026-08-31,14:00,16:00,1,3,MEDIUM
B-001461,C02,2026-08-31,16:00,18:00,1,4,MEDIUM
B-001462,C02,2026-08-31,18:00,20:00,0,6,HIGH
B-001463,C02,2026-08-31,20:00,22:00,0,6,HIGH
B-001464,C02,2026-08-31,22:00,00:00,1,0,LOW
B-001465,C03,2026-08-31,00:00,02:00,1,4,MEDIUM
B-001466,C03,2026-08-31,02:00,04:00,1,3,MEDIUM
B-001467,C03,2026-08-31,04:00,06:00,1,4,MEDIUM
B-001468,C03,2026-08-31,06:00,08:00,0,7,HIGH
B-001469,C03,2026-08-31,08:00,10:00,0,7,HIGH
B-001470,C03,2026-08-31,10:00,12:00,0,5,MEDIUM
B-001471,C03,2026-08-31,12:00,14:00,1,3,MEDIUM
B-001472,C03,2026-08-31,14:00,16:00,1,2,LOW
B-001473,C03,2026-08-31,16:00,18:00,1,3,MEDIUM
B-001474,C03,2026-08-31,18:00,20:00,1,3,MEDIUM
B-001475,C03,2026-08-31,20:00,22:00,0,7,HIGH
B-001476,C03,2026-08-31,22:00,00:00,1,2,LOW
B-001477,C04,2026-08-31,00:00,02:00,1,3,MEDIUM
B-001478,C04,2026-08-31,02:00,04:00,1,1,LOW
B-001479,C04,2026-08-31,04:00,06:00,1,1,LOW
B-001480,C04,2026-08-31,06:00,08:00,1,3,MEDIUM
B-001481,C04,2026-08-31,08:00,10:00,0,7,HIGH
B-001482,C04,2026-08-31,10:00,12:00,0,6,HIGH
B-001483,C04,2026-08-31,12:00,14:00,1,4,MEDIUM
B-001484,C04,2026-08-31,14:00,16:00,1,4,MEDIUM
B-001485,C04,2026-08-31,16:00,18:00,0,5,MEDIUM
B-001486,C04,2026-08-31,18:00,20:00,1,4,MEDIUM
B-001487,C04,2026-08-31,20:00,22:00,1,4,MEDIUM
B-001488,C04,2026-08-31,22:00,00:00,0,5,MEDIUM
B-001489,C05,2026-08-31,00:00,02:00,1,2,LOW
B-001490,C05,2026-08-31,02:00,04:00,1,2,LOW
B-001491,C05,2026-08-31,04:00,06:00,1,0,LOW
B-001492,C05,2026-08-31,06:00,08:00,0,0,LOW
B-001493,C05,2026-08-31,08:00,10:00,0,5,MEDIUM
B-001494,C05,2026-08-31,10:00,12:00,0,6,HIGH
B-001495,C05,2026-08-31,12:00,14:00,0,6,HIGH
B-001496,C05,2026-08-31,14:00,16:00,1,1,LOW
B-001497,C05,2026-08-31,16:00,18:00,1,1,LOW
B-001498,C05,2026-08-31,18:00,20:00,0,6,HIGH
B-001499,C05,2026-08-31,20:00,22:00,1,3,MEDIUM
B-001500,C05,2026-08-31,22:00,00:00,1,0,LOW
B-001501,C06,2026-08-31,00:00,02:00,1,3,MEDIUM
B-001502,C06,2026-08-31,02:00,04:00,1,3,MEDIUM
B-001503,C06,2026-08-31,04:00,06:00,1,0,LOW
B-001504,C06,2026-08-31,06:00,08:00,1,1,LOW
B-001505,C06,2026-08-31,08:00,10:00,0,9,HIGH
B-001506,C06,2026-08-31,10:00,12:00,0,6,HIGH
B-001507,C06,2026-08-31,12:00,14:00,1,1,LOW
B-001508,C06,2026-08-31,14:00,16:00,0,5,MEDIUM
B-001509,C06,2026-08-31,16:00,18:00,1,1,LOW
B-001510,C06,2026-08-31,18:00,20:00,0,5,MEDIUM
B-001511,C06,2026-08-31,20:00,22:00,1,4,MEDIUM
B-001512,C06,2026-08-31,22:00,00:00,1,2,LOW
B-001513,C07,2026-08-31,00:00,02:00,1,0,LOW
B-001514,C07,2026-08-31,02:00,04:00,1,3,MEDIUM
B-001515,C07,2026-08-31,04:00,06:00,0,7,HIGH
B-001516,C07,2026-08-31,06:00,08:00,1,3,MEDIUM
B-001517,C07,2026-08-31,08:00,10:00,0,7,HIGH
B-001518,C07,2026-08-31,10:00,12:00,0,7,HIGH
B-001519,C07,2026-08-31,12:00,14:00,1,1,LOW
B-001520,C07,2026-08-31,14:00,16:00,1,1,LOW
B-001521,C07,2026-08-31,16:00,18:00,1,2,LOW
B-001522,C07,2026-08-31,18:00,20:00,0,11,HIGH
B-001523,C07,2026-08-31,20:00,22:00,0,5,MEDIUM
B-001524,C07,2026-08-31,22:00,00:00,1,4,MEDIUM
B-001525,C08,2026-08-31,00:00,02:00,1,2,LOW
B-001526,C08,2026-08-31,02:00,04:00,1,3,MEDIUM
B-001527,C08,2026-08-31,04:00,06:00,1,2,LOW
B-001528,C08,2026-08-31,06:00,08:00,1,0,LOW
B-001529,C08,2026-08-31,08:00,10:00,0,7,HIGH
B-001530,C08,2026-08-31,10:00,12:00,0,6,HIGH
B-001531,C08,2026-08-31,12:00,14:00,1,3,MEDIUM
B-001532,C08,2026-08-31,14:00,16:00,1,3,MEDIUM
B-001533,C08,2026-08-31,16:00,18:00,1,3,MEDIUM
B-001534,C08,2026-08-31,18:00,20:00,1,3,MEDIUM
B-001535,C08,2026-08-31,20:00,22:00,1,4,MEDIUM
B-001536,C08,2026-08-31,22:00,00:00,1,1,LOW
B-001537,C09,2026-08-31,00:00,02:00,1,3,MEDIUM
B-001538,C09,2026-08-31,02:00,04:00,1,2,LOW
B-001539,C09,2026-08-31,04:00,06:00,1,1,LOW
B-001540,C09,2026-08-31,06:00,08:00,1,2,LOW
B-001541,C09,2026-08-31,08:00,10:00,0,6,HIGH
B-001542,C09,2026-08-31,10:00,12:00,0,6,HIGH
B-001543,C09,2026-08-31,12:00,14:00,1,2,LOW
B-001544,C09,2026-08-31,14:00,16:00,1,0,LOW
B-001545,C09,2026-08-31,16:00,18:00,0,2,LOW
B-001546,C09,2026-08-31,18:00,20:00,0,6,HIGH
B-001547,C09,2026-08-31,20:00,22:00,0,7,HIGH
B-001548,C09,2026-08-31,22:00,00:00,1,2,LOW
B-001549,C10,2026-08-31,00:00,02:00,1,2,LOW
B-001550,C10,2026-08-31,02:00,04:00,1,1,LOW
B-001551,C10,2026-08-31,04:00,06:00,1,2,LOW
B-001552,C10,2026-08-31,06:00,08:00,1,1,LOW
B-001553,C10,2026-08-31,08:00,10:00,0,6,HIGH
B-001554,C10,2026-08-31,10:00,12:00,0,8,HIGH
B-001555,C10,2026-08-31,12:00,14:00,1,0,LOW
B-001556,C10,2026-08-31,14:00,16:00,1,2,LOW
B-001557,C10,2026-08-31,16:00,18:00,1,3,MEDIUM
B-001558,C10,2026-08-31,18:00,20:00,0,6,HIGH
B-001559,C10,2026-08-31,20:00,22:00,0,5,MEDIUM
B-001560,C10,2026-08-31,22:00,00:00,1,1,LOW
B-001561,C11,2026-08-31,00:00,02:00,1,1,LOW
B-001562,C11,2026-08-31,02:00,04:00,0,5,MEDIUM
B-001563,C11,2026-08-31,04:00,06:00,1,2,LOW
B-001564,C11,2026-08-31,06:00,08:00,1,2,LOW
B-001565,C11,2026-08-31,08:00,10:00,0,7,HIGH
B-001566,C11,2026-08-31,10:00,12:00,0,5,MEDIUM
B-001567,C11,2026-08-31,12:00,14:00,1,1,LOW
B-001568,C11,2026-08-31,14:00,16:00,1,4,MEDIUM
B-001569,C11,2026-08-31,16:00,18:00,1,3,MEDIUM
B-001570,C11,2026-08-31,18:00,20:00,0,5,MEDIUM
B-001571,C11,2026-08-31,20:00,22:00,0,8,HIGH
B-001572,C11,2026-08-31,22:00,00:00,1,3,MEDIUM
B-001573,C12,2026-08-31,00:00,02:00,0,7,HIGH
B-001574,C12,2026-08-31,02:00,04:00,1,0,LOW
B-001575,C12,2026-08-31,04:00,06:00,1,1,LOW
B-001576,C12,2026-08-31,06:00,08:00,0,6,HIGH
B-001577,C12,2026-08-31,08:00,10:00,0,9,HIGH
B-001578,C12,2026-08-31,10:00,12:00,0,7,HIGH
B-001579,C12,2026-08-31,12:00,14:00,1,3,MEDIUM
B-001580,C12,2026-08-31,14:00,16:00,1,2,LOW
B-001581,C12,2026-08-31,16:00,18:00,1,3,MEDIUM
B-001582,C12,2026-08-31,18:00,20:00,0,7,HIGH
B-001583,C12,2026-08-31,20:00,22:00,1,3,MEDIUM
B-001584,C12,2026-08-31,22:00,00:00,1,1,LOW
B-001585,C13,2026-08-31,00:00,02:00,1,4,MEDIUM
B-001586,C13,2026-08-31,02:00,04:00,1,2,LOW
B-001587,C13,2026-08-31,04:00,06:00,1,1,LOW
B-001588,C13,2026-08-31,06:00,08:00,1,2,LOW
B-001589,C13,2026-08-31,08:00,10:00,0,10,HIGH
B-001590,C13,2026-08-31,10:00,12:00,0,5,MEDIUM
B-001591,C13,2026-08-31,12:00,14:00,1,2,LOW
B-001592,C13,2026-08-31,14:00,16:00,0,2,LOW
B-001593,C13,2026-08-31,16:00,18:00,1,1,LOW
B-001594,C13,2026-08-31,18:00,20:00,0,5,MEDIUM
B-001595,C13,2026-08-31,20:00,22:00,1,4,MEDIUM
B-001596,C13,2026-08-31,22:00,00:00,1,2,LOW
B-001597,C14,2026-08-31,00:00,02:00,1,2,LOW
B-001598,C14,2026-08-31,02:00,04:00,1,3,MEDIUM
B-001599,C14,2026-08-31,04:00,06:00,1,2,LOW
B-001600,C14,2026-08-31,06:00,08:00,0,3,MEDIUM
B-001601,C14,2026-08-31,08:00,10:00,0,5,MEDIUM
B-001602,C14,2026-08-31,10:00,12:00,0,8,HIGH
B-001603,C14,2026-08-31,12:00,14:00,1,4,MEDIUM
B-001604,C14,2026-08-31,14:00,16:00,1,1,LOW
B-001605,C14,2026-08-31,16:00,18:00,1,1,LOW
B-001606,C14,2026-08-31,18:00,20:00,0,5,MEDIUM
B-001607,C14,2026-08-31,20:00,22:00,0,7,HIGH
B-001608,C14,2026-08-31,22:00,00:00,1,3,MEDIUM
B-001609,C15,2026-08-31,00:00,02:00,1,1,LOW
B-001610,C15,2026-08-31,02:00,04:00,1,2,LOW
B-001611,C15,2026-08-31,04:00,06:00,0,5,MEDIUM
B-001612,C15,2026-08-31,06:00,08:00,0,0,LOW
B-001613,C15,2026-08-31,08:00,10:00,0,5,MEDIUM
B-001614,C15,2026-08-31,10:00,12:00,1,4,MEDIUM
B-001615,C15,2026-08-31,12:00,14:00,0,0,LOW
B-001616,C15,2026-08-31,14:00,16:00,1,3,MEDIUM
B-001617,C15,2026-08-31,16:00,18:00,1,2,LOW
B-001618,C15,2026-08-31,18:00,20:00,1,3,MEDIUM
B-001619,C15,2026-08-31,20:00,22:00,0,5,MEDIUM
B-001620,C15,2026-08-31,22:00,00:00,1,2,LOW
B-001621,C16,2026-08-31,00:00,02:00,0,1,LOW
B-001622,C16,2026-08-31,02:00,04:00,0,2,LOW
B-001623,C16,2026-08-31,04:00,06:00,1,1,LOW
B-001624,C16,2026-08-31,06:00,08:00,1,4,MEDIUM
B-001625,C16,2026-08-31,08:00,10:00,1,4,MEDIUM
B-001626,C16,2026-08-31,10:00,12:00,1,2,LOW
B-001627,C16,2026-08-31,12:00,14:00,1,2,LOW
B-001628,C16,2026-08-31,14:00,16:00,1,1,LOW
B-001629,C16,2026-08-31,16:00,18:00,1,2,LOW
B-001630,C16,2026-08-31,18:00,20:00,1,4,MEDIUM
B-001631,C16,2026-08-31,20:00,22:00,0,7,HIGH
B-001632,C16,2026-08-31,22:00,00:00,0,1,LOW
B-001633,C17,2026-08-31,00:00,02:00,0,5,MEDIUM
B-001634,C17,2026-08-31,02:00,04:00,1,1,LOW
B-001635,C17,2026-08-31,04:00,06:00,1,0,LOW
B-001636,C17,2026-08-31,06:00,08:00,1,3,MEDIUM
B-001637,C17,2026-08-31,08:00,10:00,0,6,HIGH
B-001638,C17,2026-08-31,10:00,12:00,0,9,HIGH
B-001639,C17,2026-08-31,12:00,14:00,1,4,MEDIUM
B-001640,C17,2026-08-31,14:00,16:00,1,1,LOW
B-001641,C17,2026-08-31,16:00,18:00,1,4,MEDIUM
B-001642,C17,2026-08-31,18:00,20:00,0,8,HIGH
B-001643,C17,2026-08-31,20:00,22:00,0,5,MEDIUM
B-001644,C17,2026-08-31,22:00,00:00,1,2,LOW
B-001645,C18,2026-08-31,00:00,02:00,1,2,LOW
B-001646,C18,2026-08-31,02:00,04:00,1,2,LOW
B-001647,C18,2026-08-31,04:00,06:00,1,1,LOW
B-001648,C18,2026-08-31,06:00,08:00,1,2,LOW
B-001649,C18,2026-08-31,08:00,10:00,1,4,MEDIUM
B-001650,C18,2026-08-31,10:00,12:00,0,8,HIGH
B-001651,C18,2026-08-31,12:00,14:00,1,3,MEDIUM
B-001652,C18,2026-08-31,14:00,16:00,1,1,LOW
B-001653,C18,2026-08-31,16:00,18:00,1,4,MEDIUM
B-001654,C18,2026-08-31,18:00,20:00,0,5,MEDIUM
B-001655,C18,2026-08-31,20:00,22:00,0,6,HIGH
B-001656,C18,2026-08-31,22:00,00:00,1,4,MEDIUM
B-001657,C19,2026-08-31,00:00,02:00,1,3,MEDIUM
B-001658,C19,2026-08-31,02:00,04:00,1,4,MEDIUM
B-001659,C19,2026-08-31,04:00,06:00,1,2,LOW
B-001660,C19,2026-08-31,06:00,08:00,1,4,MEDIUM
B-001661,C19,2026-08-31,08:00,10:00,0,7,HIGH
B-001662,C19,2026-08-31,10:00,12:00,1,3,MEDIUM
B-001663,C19,2026-08-31,12:00,14:00,1,1,LOW
B-001664,C19,2026-08-31,14:00,16:00,0,5,MEDIUM
B-001665,C19,2026-08-31,16:00,18:00,1,2,LOW
B-001666,C19,2026-08-31,18:00,20:00,0,6,HIGH
B-001667,C19,2026-08-31,20:00,22:00,1,4,MEDIUM
B-001668,C19,2026-08-31,22:00,00:00,1,2,LOW
B-001669,C20,2026-08-31,00:00,02:00,1,1,LOW
B-001670,C20,2026-08-31,02:00,04:00,0,5,MEDIUM
B-001671,C20,2026-08-31,04:00,06:00,1,3,MEDIUM
B-001672,C20,2026-08-31,06:00,08:00,0,5,MEDIUM
B-001673,C20,2026-08-31,08:00,10:00,0,5,MEDIUM
B-001674,C20,2026-08-31,10:00,12:00,1,2,LOW
B-001675,C20,2026-08-31,12:00,14:00,0,2,LOW
B-001676,C20,2026-08-31,14:00,16:00,1,3,MEDIUM
B-001677,C20,2026-08-31,16:00,18:00,1,3,MEDIUM
B-001678,C20,2026-08-31,18:00,20:00,0,5,MEDIUM
B-001679,C20,2026-08-31,20:00,22:00,0,10,HIGH
B-001680,C20,2026-08-31,22:00,00:00,1,1,LOW
B-001681,C01,2026-09-01,00:00,02:00,1,2,LOW
B-001682,C01,2026-09-01,02:00,04:00,1,4,MEDIUM
B-001683,C01,2026-09-01,04:00,06:00,0,3,MEDIUM
B-001684,C01,2026-09-01,06:00,08:00,1,1,LOW
B-001685,C01,2026-09-01,08:00,10:00,0,5,MEDIUM
B-001686,C01,2026-09-01,10:00,12:00,0,8,HIGH
B-001687,C01,2026-09-01,12:00,14:00,1,2,LOW
B-001688,C01,2026-09-01,14:00,16:00,0,5,MEDIUM
B-001689,C01,2026-09-01,16:00,18:00,1,2,LOW
B-001690,C01,2026-09-01,18:00,20:00,1,2,LOW
B-001691,C01,2026-09-01,20:00,22:00,1,4,MEDIUM
B-001692,C01,2026-09-01,22:00,00:00,1,2,LOW
B-001693,C02,2026-09-01,00:00,02:00,1,2,LOW
B-001694,C02,2026-09-01,02:00,04:00,1,0,LOW
B-001695,C02,2026-09-01,04:00,06:00,1,2,LOW
B-001696,C02,2026-09-01,06:00,08:00,1,3,MEDIUM
B-001697,C02,2026-09-01,08:00,10:00,0,6,HIGH
B-001698,C02,2026-09-01,10:00,12:00,0,7,HIGH
B-001699,C02,2026-09-01,12:00,14:00,1,2,LOW
B-001700,C02,2026-09-01,14:00,16:00,1,1,LOW
B-001701,C02,2026-09-01,16:00,18:00,0,2,LOW
B-001702,C02,2026-09-01,18:00,20:00,0,7,HIGH
B-001703,C02,2026-09-01,20:00,22:00,0,5,MEDIUM
B-001704,C02,2026-09-01,22:00,00:00,0,5,MEDIUM
B-001705,C03,2026-09-01,00:00,02:00,0,5,MEDIUM
B-001706,C03,2026-09-01,02:00,04:00,1,1,LOW
B-001707,C03,2026-09-01,04:00,06:00,1,4,MEDIUM
B-001708,C03,2026-09-01,06:00,08:00,1,2,LOW
B-001709,C03,2026-09-01,08:00,10:00,0,4,MEDIUM
B-001710,C03,2026-09-01,10:00,12:00,0,5,MEDIUM
B-001711,C03,2026-09-01,12:00,14:00,0,6,HIGH
B-001712,C03,2026-09-01,14:00,16:00,1,1,LOW
B-001713,C03,2026-09-01,16:00,18:00,1,4,MEDIUM
B-001714,C03,2026-09-01,18:00,20:00,0,6,HIGH
B-001715,C03,2026-09-01,20:00,22:00,0,8,HIGH
B-001716,C03,2026-09-01,22:00,00:00,1,2,LOW
B-001717,C04,2026-09-01,00:00,02:00,1,3,MEDIUM
B-001718,C04,2026-09-01,02:00,04:00,1,1,LOW
B-001719,C04,2026-09-01,04:00,06:00,1,3,MEDIUM
B-001720,C04,2026-09-01,06:00,08:00,1,3,MEDIUM
B-001721,C04,2026-09-01,08:00,10:00,1,2,LOW
B-001722,C04,2026-09-01,10:00,12:00,0,4,MEDIUM
B-001723,C04,2026-09-01,12:00,14:00,1,2,LOW
B-001724,C04,2026-09-01,14:00,16:00,1,4,MEDIUM
B-001725,C04,2026-09-01,16:00,18:00,0,6,HIGH
B-001726,C04,2026-09-01,18:00,20:00,0,6,HIGH
B-001727,C04,2026-09-01,20:00,22:00,0,9,HIGH
B-001728,C04,2026-09-01,22:00,00:00,1,2,LOW
B-001729,C05,2026-09-01,00:00,02:00,1,3,MEDIUM
B-001730,C05,2026-09-01,02:00,04:00,1,3,MEDIUM
B-001731,C05,2026-09-01,04:00,06:00,1,2,LOW
B-001732,C05,2026-09-01,06:00,08:00,1,4,MEDIUM
B-001733,C05,2026-09-01,08:00,10:00,1,4,MEDIUM
B-001734,C05,2026-09-01,10:00,12:00,0,6,HIGH
B-001735,C05,2026-09-01,12:00,14:00,1,2,LOW
B-001736,C05,2026-09-01,14:00,16:00,1,3,MEDIUM
B-001737,C05,2026-09-01,16:00,18:00,1,2,LOW
B-001738,C05,2026-09-01,18:00,20:00,0,7,HIGH
B-001739,C05,2026-09-01,20:00,22:00,0,6,HIGH
B-001740,C05,2026-09-01,22:00,00:00,1,1,LOW
B-001741,C06,2026-09-01,00:00,02:00,0,1,LOW
B-001742,C06,2026-09-01,02:00,04:00,0,5,MEDIUM
B-001743,C06,2026-09-01,04:00,06:00,1,2,LOW
B-001744,C06,2026-09-01,06:00,08:00,1,2,LOW
B-001745,C06,2026-09-01,08:00,10:00,0,6,HIGH
B-001746,C06,2026-09-01,10:00,12:00,0,12,HIGH
B-001747,C06,2026-09-01,12:00,14:00,1,2,LOW
B-001748,C06,2026-09-01,14:00,16:00,1,4,MEDIUM
B-001749,C06,2026-09-01,16:00,18:00,1,2,LOW
B-001750,C06,2026-09-01,18:00,20:00,0,7,HIGH
B-001751,C06,2026-09-01,20:00,22:00,1,3,MEDIUM
B-001752,C06,2026-09-01,22:00,00:00,0,2,LOW
B-001753,C07,2026-09-01,00:00,02:00,0,5,MEDIUM
B-001754,C07,2026-09-01,02:00,04:00,1,1,LOW
B-001755,C07,2026-09-01,04:00,06:00,1,2,LOW
B-001756,C07,2026-09-01,06:00,08:00,1,3,MEDIUM
B-001757,C07,2026-09-01,08:00,10:00,1,2,LOW
B-001758,C07,2026-09-01,10:00,12:00,0,6,HIGH
B-001759,C07,2026-09-01,12:00,14:00,1,1,LOW
B-001760,C07,2026-09-01,14:00,16:00,1,2,LOW
B-001761,C07,2026-09-01,16:00,18:00,1,1,LOW
B-001762,C07,2026-09-01,18:00,20:00,0,5,MEDIUM
B-001763,C07,2026-09-01,20:00,22:00,0,8,HIGH
B-001764,C07,2026-09-01,22:00,00:00,1,0,LOW
B-001765,C08,2026-09-01,00:00,02:00,0,6,HIGH
B-001766,C08,2026-09-01,02:00,04:00,0,5,MEDIUM
B-001767,C08,2026-09-01,04:00,06:00,1,1,LOW
B-001768,C08,2026-09-01,06:00,08:00,1,1,LOW
B-001769,C08,2026-09-01,08:00,10:00,1,3,MEDIUM
B-001770,C08,2026-09-01,10:00,12:00,0,5,MEDIUM
B-001771,C08,2026-09-01,12:00,14:00,1,1,LOW
B-001772,C08,2026-09-01,14:00,16:00,1,1,LOW
B-001773,C08,2026-09-01,16:00,18:00,1,1,LOW
B-001774,C08,2026-09-01,18:00,20:00,0,5,MEDIUM
B-001775,C08,2026-09-01,20:00,22:00,0,7,HIGH
B-001776,C08,2026-09-01,22:00,00:00,1,2,LOW
B-001777,C09,2026-09-01,00:00,02:00,1,3,MEDIUM
B-001778,C09,2026-09-01,02:00,04:00,0,3,MEDIUM
B-001779,C09,2026-09-01,04:00,06:00,1,2,LOW
B-001780,C09,2026-09-01,06:00,08:00,1,3,MEDIUM
B-001781,C09,2026-09-01,08:00,10:00,0,6,HIGH
B-001782,C09,2026-09-01,10:00,12:00,0,7,HIGH
B-001783,C09,2026-09-01,12:00,14:00,1,3,MEDIUM
B-001784,C09,2026-09-01,14:00,16:00,0,6,HIGH
B-001785,C09,2026-09-01,16:00,18:00,1,2,LOW
B-001786,C09,2026-09-01,18:00,20:00,0,5,MEDIUM
B-001787,C09,2026-09-01,20:00,22:00,0,7,HIGH
B-001788,C09,2026-09-01,22:00,00:00,1,3,MEDIUM
B-001789,C10,2026-09-01,00:00,02:00,1,4,MEDIUM
B-001790,C10,2026-09-01,02:00,04:00,0,6,HIGH
B-001791,C10,2026-09-01,04:00,06:00,1,3,MEDIUM
B-001792,C10,2026-09-01,06:00,08:00,0,4,MEDIUM
B-001793,C10,2026-09-01,08:00,10:00,0,10,HIGH
B-001794,C10,2026-09-01,10:00,12:00,1,4,MEDIUM
B-001795,C10,2026-09-01,12:00,14:00,1,3,MEDIUM
B-001796,C10,2026-09-01,14:00,16:00,1,1,LOW
B-001797,C10,2026-09-01,16:00,18:00,1,3,MEDIUM
B-001798,C10,2026-09-01,18:00,20:00,0,10,HIGH
B-001799,C10,2026-09-01,20:00,22:00,1,4,MEDIUM
B-001800,C10,2026-09-01,22:00,00:00,1,2,LOW
B-001801,C11,2026-09-01,00:00,02:00,1,4,MEDIUM
B-001802,C11,2026-09-01,02:00,04:00,1,2,LOW
B-001803,C11,2026-09-01,04:00,06:00,1,2,LOW
B-001804,C11,2026-09-01,06:00,08:00,1,3,MEDIUM
B-001805,C11,2026-09-01,08:00,10:00,0,6,HIGH
B-001806,C11,2026-09-01,10:00,12:00,0,7,HIGH
B-001807,C11,2026-09-01,12:00,14:00,0,2,LOW
B-001808,C11,2026-09-01,14:00,16:00,1,2,LOW
B-001809,C11,2026-09-01,16:00,18:00,1,1,LOW
B-001810,C11,2026-09-01,18:00,20:00,1,4,MEDIUM
B-001811,C11,2026-09-01,20:00,22:00,1,4,MEDIUM
B-001812,C11,2026-09-01,22:00,00:00,1,4,MEDIUM
B-001813,C12,2026-09-01,00:00,02:00,1,1,LOW
B-001814,C12,2026-09-01,02:00,04:00,1,0,LOW
B-001815,C12,2026-09-01,04:00,06:00,1,2,LOW
B-001816,C12,2026-09-01,06:00,08:00,1,2,LOW
B-001817,C12,2026-09-01,08:00,10:00,0,7,HIGH
B-001818,C12,2026-09-01,10:00,12:00,1,4,MEDIUM
B-001819,C12,2026-09-01,12:00,14:00,1,4,MEDIUM
B-001820,C12,2026-09-01,14:00,16:00,0,5,MEDIUM
B-001821,C12,2026-09-01,16:00,18:00,1,0,LOW
B-001822,C12,2026-09-01,18:00,20:00,0,7,HIGH
B-001823,C12,2026-09-01,20:00,22:00,1,4,MEDIUM
B-001824,C12,2026-09-01,22:00,00:00,1,4,MEDIUM
B-001825,C13,2026-09-01,00:00,02:00,1,4,MEDIUM
B-001826,C13,2026-09-01,02:00,04:00,1,2,LOW
B-001827,C13,2026-09-01,04:00,06:00,1,1,LOW
B-001828,C13,2026-09-01,06:00,08:00,1,2,LOW
B-001829,C13,2026-09-01,08:00,10:00,0,8,HIGH
B-001830,C13,2026-09-01,10:00,12:00,0,6,HIGH
B-001831,C13,2026-09-01,12:00,14:00,1,3,MEDIUM
B-001832,C13,2026-09-01,14:00,16:00,1,1,LOW
B-001833,C13,2026-09-01,16:00,18:00,1,3,MEDIUM
B-001834,C13,2026-09-01,18:00,20:00,0,7,HIGH
B-001835,C13,2026-09-01,20:00,22:00,0,6,HIGH
B-001836,C13,2026-09-01,22:00,00:00,1,0,LOW
B-001837,C14,2026-09-01,00:00,02:00,1,3,MEDIUM
B-001838,C14,2026-09-01,02:00,04:00,1,4,MEDIUM
B-001839,C14,2026-09-01,04:00,06:00,1,3,MEDIUM
B-001840,C14,2026-09-01,06:00,08:00,1,2,LOW
B-001841,C14,2026-09-01,08:00,10:00,1,4,MEDIUM
B-001842,C14,2026-09-01,10:00,12:00,0,5,MEDIUM
B-001843,C14,2026-09-01,12:00,14:00,1,2,LOW
B-001844,C14,2026-09-01,14:00,16:00,0,6,HIGH
B-001845,C14,2026-09-01,16:00,18:00,1,3,MEDIUM
B-001846,C14,2026-09-01,18:00,20:00,0,11,HIGH
B-001847,C14,2026-09-01,20:00,22:00,0,6,HIGH
B-001848,C14,2026-09-01,22:00,00:00,1,1,LOW
B-001849,C15,2026-09-01,00:00,02:00,0,5,MEDIUM
B-001850,C15,2026-09-01,02:00,04:00,1,2,LOW
B-001851,C15,2026-09-01,04:00,06:00,0,5,MEDIUM
B-001852,C15,2026-09-01,06:00,08:00,1,1,LOW
B-001853,C15,2026-09-01,08:00,10:00,0,5,MEDIUM
B-001854,C15,2026-09-01,10:00,12:00,0,7,HIGH
B-001855,C15,2026-09-01,12:00,14:00,1,1,LOW
B-001856,C15,2026-09-01,14:00,16:00,0,2,LOW
B-001857,C15,2026-09-01,16:00,18:00,0,6,HIGH
B-001858,C15,2026-09-01,18:00,20:00,0,6,HIGH
B-001859,C15,2026-09-01,20:00,22:00,1,4,MEDIUM
B-001860,C15,2026-09-01,22:00,00:00,1,2,LOW
B-001861,C16,2026-09-01,00:00,02:00,1,2,LOW
B-001862,C16,2026-09-01,02:00,04:00,1,3,MEDIUM
B-001863,C16,2026-09-01,04:00,06:00,1,3,MEDIUM
B-001864,C16,2026-09-01,06:00,08:00,1,3,MEDIUM
B-001865,C16,2026-09-01,08:00,10:00,0,6,HIGH
B-001866,C16,2026-09-01,10:00,12:00,0,10,HIGH
B-001867,C16,2026-09-01,12:00,14:00,1,1,LOW
B-001868,C16,2026-09-01,14:00,16:00,1,0,LOW
B-001869,C16,2026-09-01,16:00,18:00,1,1,LOW
B-001870,C16,2026-09-01,18:00,20:00,0,6,HIGH
B-001871,C16,2026-09-01,20:00,22:00,0,4,MEDIUM
B-001872,C16,2026-09-01,22:00,00:00,1,0,LOW
B-001873,C17,2026-09-01,00:00,02:00,0,7,HIGH
B-001874,C17,2026-09-01,02:00,04:00,1,3,MEDIUM
B-001875,C17,2026-09-01,04:00,06:00,1,3,MEDIUM
B-001876,C17,2026-09-01,06:00,08:00,1,3,MEDIUM
B-001877,C17,2026-09-01,08:00,10:00,0,6,HIGH
B-001878,C17,2026-09-01,10:00,12:00,0,10,HIGH
B-001879,C17,2026-09-01,12:00,14:00,1,1,LOW
B-001880,C17,2026-09-01,14:00,16:00,1,1,LOW
B-001881,C17,2026-09-01,16:00,18:00,1,1,LOW
B-001882,C17,2026-09-01,18:00,20:00,0,7,HIGH
B-001883,C17,2026-09-01,20:00,22:00,0,7,HIGH
B-001884,C17,2026-09-01,22:00,00:00,1,1,LOW
B-001885,C18,2026-09-01,00:00,02:00,1,1,LOW
B-001886,C18,2026-09-01,02:00,04:00,1,1,LOW
B-001887,C18,2026-09-01,04:00,06:00,1,4,MEDIUM
B-001888,C18,2026-09-01,06:00,08:00,1,0,LOW
B-001889,C18,2026-09-01,08:00,10:00,0,7,HIGH
B-001890,C18,2026-09-01,10:00,12:00,1,2,LOW
B-001891,C18,2026-09-01,12:00,14:00,1,0,LOW
B-001892,C18,2026-09-01,14:00,16:00,1,0,LOW
B-001893,C18,2026-09-01,16:00,18:00,1,1,LOW
B-001894,C18,2026-09-01,18:00,20:00,0,9,HIGH
B-001895,C18,2026-09-01,20:00,22:00,0,6,HIGH
B-001896,C18,2026-09-01,22:00,00:00,1,4,MEDIUM
B-001897,C19,2026-09-01,00:00,02:00,1,4,MEDIUM
B-001898,C19,2026-09-01,02:00,04:00,1,2,LOW
B-001899,C19,2026-09-01,04:00,06:00,1,1,LOW
B-001900,C19,2026-09-01,06:00,08:00,1,2,LOW
B-001901,C19,2026-09-01,08:00,10:00,0,5,MEDIUM
B-001902,C19,2026-09-01,10:00,12:00,1,4,MEDIUM
B-001903,C19,2026-09-01,12:00,14:00,1,2,LOW
B-001904,C19,2026-09-01,14:00,16:00,1,0,LOW
B-001905,C19,2026-09-01,16:00,18:00,0,9,HIGH
B-001906,C19,2026-09-01,18:00,20:00,0,6,HIGH
B-001907,C19,2026-09-01,20:00,22:00,0,5,MEDIUM
B-001908,C19,2026-09-01,22:00,00:00,1,0,LOW
B-001909,C20,2026-09-01,00:00,02:00,1,1,LOW
B-001910,C20,2026-09-01,02:00,04:00,0,0,LOW
B-001911,C20,2026-09-01,04:00,06:00,1,4,MEDIUM
B-001912,C20,2026-09-01,06:00,08:00,0,6,HIGH
B-001913,C20,2026-09-01,08:00,10:00,0,6,HIGH
B-001914,C20,2026-09-01,10:00,12:00,0,5,MEDIUM
B-001915,C20,2026-09-01,12:00,14:00,1,4,MEDIUM
B-001916,C20,2026-09-01,14:00,16:00,0,6,HIGH
B-001917,C20,2026-09-01,16:00,18:00,1,0,LOW
B-001918,C20,2026-09-01,18:00,20:00,0,6,HIGH
B-001919,C20,2026-09-01,20:00,22:00,0,9,HIGH
B-001920,C20,2026-09-01,22:00,00:00,1,3,MEDIUM
B-001921,C01,2026-09-02,00:00,02:00,1,2,LOW
B-001922,C01,2026-09-02,02:00,04:00,1,0,LOW
B-001923,C01,2026-09-02,04:00,06:00,1,1,LOW
B-001924,C01,2026-09-02,06:00,08:00,1,0,LOW
B-001925,C01,2026-09-02,08:00,10:00,0,7,HIGH
B-001926,C01,2026-09-02,10:00,12:00,1,4,MEDIUM
B-001927,C01,2026-09-02,12:00,14:00,0,5,MEDIUM
B-001928,C01,2026-09-02,14:00,16:00,1,0,LOW
B-001929,C01,2026-09-02,16:00,18:00,1,4,MEDIUM
B-001930,C01,2026-09-02,18:00,20:00,0,6,HIGH
B-001931,C01,2026-09-02,20:00,22:00,1,3,MEDIUM
B-001932,C01,2026-09-02,22:00,00:00,0,7,HIGH
B-001933,C02,2026-09-02,00:00,02:00,1,0,LOW
B-001934,C02,2026-09-02,02:00,04:00,1,0,LOW
B-001935,C02,2026-09-02,04:00,06:00,1,4,MEDIUM
B-001936,C02,2026-09-02,06:00,08:00,1,2,LOW
B-001937,C02,2026-09-02,08:00,10:00,0,6,HIGH
B-001938,C02,2026-09-02,10:00,12:00,1,2,LOW
B-001939,C02,2026-09-02,12:00,14:00,1,1,LOW
B-001940,C02,2026-09-02,14:00,16:00,1,3,MEDIUM
B-001941,C02,2026-09-02,16:00,18:00,1,2,LOW
B-001942,C02,2026-09-02,18:00,20:00,0,7,HIGH
B-001943,C02,2026-09-02,20:00,22:00,0,7,HIGH
B-001944,C02,2026-09-02,22:00,00:00,1,3,MEDIUM
B-001945,C03,2026-09-02,00:00,02:00,1,4,MEDIUM
B-001946,C03,2026-09-02,02:00,04:00,0,5,MEDIUM
B-001947,C03,2026-09-02,04:00,06:00,1,2,LOW
B-001948,C03,2026-09-02,06:00,08:00,0,3,MEDIUM
B-001949,C03,2026-09-02,08:00,10:00,0,6,HIGH
B-001950,C03,2026-09-02,10:00,12:00,0,5,MEDIUM
B-001951,C03,2026-09-02,12:00,14:00,1,3,MEDIUM
B-001952,C03,2026-09-02,14:00,16:00,0,5,MEDIUM
B-001953,C03,2026-09-02,16:00,18:00,1,2,LOW
B-001954,C03,2026-09-02,18:00,20:00,0,8,HIGH
B-001955,C03,2026-09-02,20:00,22:00,0,7,HIGH
B-001956,C03,2026-09-02,22:00,00:00,1,2,LOW
B-001957,C04,2026-09-02,00:00,02:00,1,3,MEDIUM
B-001958,C04,2026-09-02,02:00,04:00,1,3,MEDIUM
B-001959,C04,2026-09-02,04:00,06:00,0,3,MEDIUM
B-001960,C04,2026-09-02,06:00,08:00,0,2,LOW
B-001961,C04,2026-09-02,08:00,10:00,0,7,HIGH
B-001962,C04,2026-09-02,10:00,12:00,1,4,MEDIUM
B-001963,C04,2026-09-02,12:00,14:00,1,1,LOW
B-001964,C04,2026-09-02,14:00,16:00,1,3,MEDIUM
B-001965,C04,2026-09-02,16:00,18:00,1,4,MEDIUM
B-001966,C04,2026-09-02,18:00,20:00,0,6,HIGH
B-001967,C04,2026-09-02,20:00,22:00,0,6,HIGH
B-001968,C04,2026-09-02,22:00,00:00,1,1,LOW
B-001969,C05,2026-09-02,00:00,02:00,1,3,MEDIUM
B-001970,C05,2026-09-02,02:00,04:00,1,4,MEDIUM
B-001971,C05,2026-09-02,04:00,06:00,1,1,LOW
B-001972,C05,2026-09-02,06:00,08:00,1,2,LOW
B-001973,C05,2026-09-02,08:00,10:00,1,4,MEDIUM
B-001974,C05,2026-09-02,10:00,12:00,0,6,HIGH
B-001975,C05,2026-09-02,12:00,14:00,1,3,MEDIUM
B-001976,C05,2026-09-02,14:00,16:00,1,1,LOW
B-001977,C05,2026-09-02,16:00,18:00,1,0,LOW
B-001978,C05,2026-09-02,18:00,20:00,0,5,MEDIUM
B-001979,C05,2026-09-02,20:00,22:00,0,10,HIGH
B-001980,C05,2026-09-02,22:00,00:00,0,1,LOW
B-001981,C06,2026-09-02,00:00,02:00,1,4,MEDIUM
B-001982,C06,2026-09-02,02:00,04:00,1,1,LOW
B-001983,C06,2026-09-02,04:00,06:00,1,1,LOW
B-001984,C06,2026-09-02,06:00,08:00,1,3,MEDIUM
B-001985,C06,2026-09-02,08:00,10:00,0,7,HIGH
B-001986,C06,2026-09-02,10:00,12:00,1,4,MEDIUM
B-001987,C06,2026-09-02,12:00,14:00,1,2,LOW
B-001988,C06,2026-09-02,14:00,16:00,1,1,LOW
B-001989,C06,2026-09-02,16:00,18:00,0,2,LOW
B-001990,C06,2026-09-02,18:00,20:00,0,6,HIGH
B-001991,C06,2026-09-02,20:00,22:00,1,4,MEDIUM
B-001992,C06,2026-09-02,22:00,00:00,1,2,LOW
B-001993,C07,2026-09-02,00:00,02:00,1,4,MEDIUM
B-001994,C07,2026-09-02,02:00,04:00,1,2,LOW
B-001995,C07,2026-09-02,04:00,06:00,1,3,MEDIUM
B-001996,C07,2026-09-02,06:00,08:00,1,2,LOW
B-001997,C07,2026-09-02,08:00,10:00,0,8,HIGH
B-001998,C07,2026-09-02,10:00,12:00,0,5,MEDIUM
B-001999,C07,2026-09-02,12:00,14:00,0,1,LOW
B-002000,C07,2026-09-02,14:00,16:00,1,3,MEDIUM
B-002001,C07,2026-09-02,16:00,18:00,1,3,MEDIUM
B-002002,C07,2026-09-02,18:00,20:00,1,4,MEDIUM
B-002003,C07,2026-09-02,20:00,22:00,0,5,MEDIUM
B-002004,C07,2026-09-02,22:00,00:00,1,3,MEDIUM
B-002005,C08,2026-09-02,00:00,02:00,0,5,MEDIUM
B-002006,C08,2026-09-02,02:00,04:00,1,2,LOW
B-002007,C08,2026-09-02,04:00,06:00,1,3,MEDIUM
B-002008,C08,2026-09-02,06:00,08:00,1,2,LOW
B-002009,C08,2026-09-02,08:00,10:00,0,9,HIGH
B-002010,C08,2026-09-02,10:00,12:00,0,7,HIGH
B-002011,C08,2026-09-02,12:00,14:00,1,1,LOW
B-002012,C08,2026-09-02,14:00,16:00,1,1,LOW
B-002013,C08,2026-09-02,16:00,18:00,1,3,MEDIUM
B-002014,C08,2026-09-02,18:00,20:00,1,3,MEDIUM
B-002015,C08,2026-09-02,20:00,22:00,0,8,HIGH
B-002016,C08,2026-09-02,22:00,00:00,1,4,MEDIUM
B-002017,C09,2026-09-02,00:00,02:00,1,3,MEDIUM
B-002018,C09,2026-09-02,02:00,04:00,1,3,MEDIUM
B-002019,C09,2026-09-02,04:00,06:00,1,2,LOW
B-002020,C09,2026-09-02,06:00,08:00,1,3,MEDIUM
B-002021,C09,2026-09-02,08:00,10:00,0,8,HIGH
B-002022,C09,2026-09-02,10:00,12:00,0,6,HIGH
B-002023,C09,2026-09-02,12:00,14:00,1,4,MEDIUM
B-002024,C09,2026-09-02,14:00,16:00,1,2,LOW
B-002025,C09,2026-09-02,16:00,18:00,1,2,LOW
B-002026,C09,2026-09-02,18:00,20:00,0,8,HIGH
B-002027,C09,2026-09-02,20:00,22:00,0,12,HIGH
B-002028,C09,2026-09-02,22:00,00:00,1,2,LOW
B-002029,C10,2026-09-02,00:00,02:00,1,3,MEDIUM
B-002030,C10,2026-09-02,02:00,04:00,1,3,MEDIUM
B-002031,C10,2026-09-02,04:00,06:00,1,2,LOW
B-002032,C10,2026-09-02,06:00,08:00,1,4,MEDIUM
B-002033,C10,2026-09-02,08:00,10:00,0,6,HIGH
B-002034,C10,2026-09-02,10:00,12:00,0,6,HIGH
B-002035,C10,2026-09-02,12:00,14:00,1,3,MEDIUM
B-002036,C10,2026-09-02,14:00,16:00,1,4,MEDIUM
B-002037,C10,2026-09-02,16:00,18:00,0,5,MEDIUM
B-002038,C10,2026-09-02,18:00,20:00,1,4,MEDIUM
B-002039,C10,2026-09-02,20:00,22:00,0,10,HIGH
B-002040,C10,2026-09-02,22:00,00:00,1,1,LOW
B-002041,C11,2026-09-02,00:00,02:00,1,4,MEDIUM
B-002042,C11,2026-09-02,02:00,04:00,1,3,MEDIUM
B-002043,C11,2026-09-02,04:00,06:00,0,6,HIGH
B-002044,C11,2026-09-02,06:00,08:00,1,1,LOW
B-002045,C11,2026-09-02,08:00,10:00,0,6,HIGH
B-002046,C11,2026-09-02,10:00,12:00,0,7,HIGH
B-002047,C11,2026-09-02,12:00,14:00,1,0,LOW
B-002048,C11,2026-09-02,14:00,16:00,1,4,MEDIUM
B-002049,C11,2026-09-02,16:00,18:00,1,4,MEDIUM
B-002050,C11,2026-09-02,18:00,20:00,0,5,MEDIUM
B-002051,C11,2026-09-02,20:00,22:00,0,9,HIGH
B-002052,C11,2026-09-02,22:00,00:00,1,1,LOW
B-002053,C12,2026-09-02,00:00,02:00,1,4,MEDIUM
B-002054,C12,2026-09-02,02:00,04:00,1,2,LOW
B-002055,C12,2026-09-02,04:00,06:00,0,1,LOW
B-002056,C12,2026-09-02,06:00,08:00,1,3,MEDIUM
B-002057,C12,2026-09-02,08:00,10:00,0,3,MEDIUM
B-002058,C12,2026-09-02,10:00,12:00,0,5,MEDIUM
B-002059,C12,2026-09-02,12:00,14:00,1,4,MEDIUM
B-002060,C12,2026-09-02,14:00,16:00,1,1,LOW
B-002061,C12,2026-09-02,16:00,18:00,1,4,MEDIUM
B-002062,C12,2026-09-02,18:00,20:00,0,6,HIGH
B-002063,C12,2026-09-02,20:00,22:00,0,4,MEDIUM
B-002064,C12,2026-09-02,22:00,00:00,1,4,MEDIUM
B-002065,C13,2026-09-02,00:00,02:00,1,4,MEDIUM
B-002066,C13,2026-09-02,02:00,04:00,1,1,LOW
B-002067,C13,2026-09-02,04:00,06:00,1,3,MEDIUM
B-002068,C13,2026-09-02,06:00,08:00,1,1,LOW
B-002069,C13,2026-09-02,08:00,10:00,0,8,HIGH
B-002070,C13,2026-09-02,10:00,12:00,0,5,MEDIUM
B-002071,C13,2026-09-02,12:00,14:00,1,2,LOW
B-002072,C13,2026-09-02,14:00,16:00,1,4,MEDIUM
B-002073,C13,2026-09-02,16:00,18:00,1,2,LOW
B-002074,C13,2026-09-02,18:00,20:00,0,5,MEDIUM
B-002075,C13,2026-09-02,20:00,22:00,1,4,MEDIUM
B-002076,C13,2026-09-02,22:00,00:00,0,5,MEDIUM
B-002077,C14,2026-09-02,00:00,02:00,1,2,LOW
B-002078,C14,2026-09-02,02:00,04:00,1,1,LOW
B-002079,C14,2026-09-02,04:00,06:00,1,2,LOW
B-002080,C14,2026-09-02,06:00,08:00,0,6,HIGH
B-002081,C14,2026-09-02,08:00,10:00,0,8,HIGH
B-002082,C14,2026-09-02,10:00,12:00,0,5,MEDIUM
B-002083,C14,2026-09-02,12:00,14:00,0,6,HIGH
B-002084,C14,2026-09-02,14:00,16:00,1,3,MEDIUM
B-002085,C14,2026-09-02,16:00,18:00,1,1,LOW
B-002086,C14,2026-09-02,18:00,20:00,0,6,HIGH
B-002087,C14,2026-09-02,20:00,22:00,0,12,HIGH
B-002088,C14,2026-09-02,22:00,00:00,1,4,MEDIUM
B-002089,C15,2026-09-02,00:00,02:00,1,1,LOW
B-002090,C15,2026-09-02,02:00,04:00,1,2,LOW
B-002091,C15,2026-09-02,04:00,06:00,1,1,LOW
B-002092,C15,2026-09-02,06:00,08:00,1,3,MEDIUM
B-002093,C15,2026-09-02,08:00,10:00,0,9,HIGH
B-002094,C15,2026-09-02,10:00,12:00,0,6,HIGH
B-002095,C15,2026-09-02,12:00,14:00,0,5,MEDIUM
B-002096,C15,2026-09-02,14:00,16:00,1,3,MEDIUM
B-002097,C15,2026-09-02,16:00,18:00,0,5,MEDIUM
B-002098,C15,2026-09-02,18:00,20:00,0,8,HIGH
B-002099,C15,2026-09-02,20:00,22:00,0,10,HIGH
B-002100,C15,2026-09-02,22:00,00:00,1,2,LOW
B-002101,C16,2026-09-02,00:00,02:00,1,3,MEDIUM
B-002102,C16,2026-09-02,02:00,04:00,1,2,LOW
B-002103,C16,2026-09-02,04:00,06:00,1,1,LOW
B-002104,C16,2026-09-02,06:00,08:00,1,3,MEDIUM
B-002105,C16,2026-09-02,08:00,10:00,0,5,MEDIUM
B-002106,C16,2026-09-02,10:00,12:00,0,6,HIGH
B-002107,C16,2026-09-02,12:00,14:00,1,1,LOW
B-002108,C16,2026-09-02,14:00,16:00,1,2,LOW
B-002109,C16,2026-09-02,16:00,18:00,1,2,LOW
B-002110,C16,2026-09-02,18:00,20:00,0,6,HIGH
B-002111,C16,2026-09-02,20:00,22:00,0,7,HIGH
B-002112,C16,2026-09-02,22:00,00:00,0,1,LOW
B-002113,C17,2026-09-02,00:00,02:00,0,5,MEDIUM
B-002114,C17,2026-09-02,02:00,04:00,1,1,LOW
B-002115,C17,2026-09-02,04:00,06:00,1,3,MEDIUM
B-002116,C17,2026-09-02,06:00,08:00,1,4,MEDIUM
B-002117,C17,2026-09-02,08:00,10:00,0,6,HIGH
B-002118,C17,2026-09-02,10:00,12:00,0,7,HIGH
B-002119,C17,2026-09-02,12:00,14:00,1,2,LOW
B-002120,C17,2026-09-02,14:00,16:00,1,2,LOW
B-002121,C17,2026-09-02,16:00,18:00,1,4,MEDIUM
B-002122,C17,2026-09-02,18:00,20:00,1,4,MEDIUM
B-002123,C17,2026-09-02,20:00,22:00,0,6,HIGH
B-002124,C17,2026-09-02,22:00,00:00,0,5,MEDIUM
B-002125,C18,2026-09-02,00:00,02:00,1,1,LOW
B-002126,C18,2026-09-02,02:00,04:00,1,3,MEDIUM
B-002127,C18,2026-09-02,04:00,06:00,1,2,LOW
B-002128,C18,2026-09-02,06:00,08:00,0,3,MEDIUM
B-002129,C18,2026-09-02,08:00,10:00,0,9,HIGH
B-002130,C18,2026-09-02,10:00,12:00,0,5,MEDIUM
B-002131,C18,2026-09-02,12:00,14:00,0,4,MEDIUM
B-002132,C18,2026-09-02,14:00,16:00,1,3,MEDIUM
B-002133,C18,2026-09-02,16:00,18:00,0,2,LOW
B-002134,C18,2026-09-02,18:00,20:00,0,8,HIGH
B-002135,C18,2026-09-02,20:00,22:00,0,9,HIGH
B-002136,C18,2026-09-02,22:00,00:00,1,1,LOW
B-002137,C19,2026-09-02,00:00,02:00,0,2,LOW
B-002138,C19,2026-09-02,02:00,04:00,1,3,MEDIUM
B-002139,C19,2026-09-02,04:00,06:00,1,3,MEDIUM
B-002140,C19,2026-09-02,06:00,08:00,1,1,LOW
B-002141,C19,2026-09-02,08:00,10:00,0,6,HIGH
B-002142,C19,2026-09-02,10:00,12:00,0,7,HIGH
B-002143,C19,2026-09-02,12:00,14:00,1,3,MEDIUM
B-002144,C19,2026-09-02,14:00,16:00,1,3,MEDIUM
B-002145,C19,2026-09-02,16:00,18:00,1,1,LOW
B-002146,C19,2026-09-02,18:00,20:00,0,7,HIGH
B-002147,C19,2026-09-02,20:00,22:00,0,5,MEDIUM
B-002148,C19,2026-09-02,22:00,00:00,1,3,MEDIUM
B-002149,C20,2026-09-02,00:00,02:00,1,1,LOW
B-002150,C20,2026-09-02,02:00,04:00,1,2,LOW
B-002151,C20,2026-09-02,04:00,06:00,1,3,MEDIUM
B-002152,C20,2026-09-02,06:00,08:00,1,2,LOW
B-002153,C20,2026-09-02,08:00,10:00,1,4,MEDIUM
B-002154,C20,2026-09-02,10:00,12:00,0,6,HIGH
B-002155,C20,2026-09-02,12:00,14:00,1,0,LOW
B-002156,C20,2026-09-02,14:00,16:00,1,3,MEDIUM
B-002157,C20,2026-09-02,16:00,18:00,0,2,LOW
B-002158,C20,2026-09-02,18:00,20:00,0,9,HIGH
B-002159,C20,2026-09-02,20:00,22:00,0,8,HIGH
B-002160,C20,2026-09-02,22:00,00:00,1,4,MEDIUM
B-002161,C01,2026-09-03,00:00,02:00,1,4,MEDIUM
B-002162,C01,2026-09-03,02:00,04:00,1,0,LOW
B-002163,C01,2026-09-03,04:00,06:00,0,1,LOW
B-002164,C01,2026-09-03,06:00,08:00,1,0,LOW
B-002165,C01,2026-09-03,08:00,10:00,0,9,HIGH
B-002166,C01,2026-09-03,10:00,12:00,0,6,HIGH
B-002167,C01,2026-09-03,12:00,14:00,1,3,MEDIUM
B-002168,C01,2026-09-03,14:00,16:00,1,2,LOW
B-002169,C01,2026-09-03,16:00,18:00,0,3,MEDIUM
B-002170,C01,2026-09-03,18:00,20:00,0,10,HIGH
B-002171,C01,2026-09-03,20:00,22:00,0,7,HIGH
B-002172,C01,2026-09-03,22:00,00:00,1,2,LOW
B-002173,C02,2026-09-03,00:00,02:00,1,2,LOW
B-002174,C02,2026-09-03,02:00,04:00,1,2,LOW
B-002175,C02,2026-09-03,04:00,06:00,0,0,LOW
B-002176,C02,2026-09-03,06:00,08:00,1,0,LOW
B-002177,C02,2026-09-03,08:00,10:00,1,4,MEDIUM
B-002178,C02,2026-09-03,10:00,12:00,0,6,HIGH
B-002179,C02,2026-09-03,12:00,14:00,1,4,MEDIUM
B-002180,C02,2026-09-03,14:00,16:00,1,2,LOW
B-002181,C02,2026-09-03,16:00,18:00,1,1,LOW
B-002182,C02,2026-09-03,18:00,20:00,1,4,MEDIUM
B-002183,C02,2026-09-03,20:00,22:00,0,8,HIGH
B-002184,C02,2026-09-03,22:00,00:00,0,0,LOW
B-002185,C03,2026-09-03,00:00,02:00,1,3,MEDIUM
B-002186,C03,2026-09-03,02:00,04:00,1,4,MEDIUM
B-002187,C03,2026-09-03,04:00,06:00,1,3,MEDIUM
B-002188,C03,2026-09-03,06:00,08:00,1,1,LOW
B-002189,C03,2026-09-03,08:00,10:00,0,6,HIGH
B-002190,C03,2026-09-03,10:00,12:00,0,10,HIGH
B-002191,C03,2026-09-03,12:00,14:00,1,1,LOW
B-002192,C03,2026-09-03,14:00,16:00,1,3,MEDIUM
B-002193,C03,2026-09-03,16:00,18:00,1,3,MEDIUM
B-002194,C03,2026-09-03,18:00,20:00,0,7,HIGH
B-002195,C03,2026-09-03,20:00,22:00,0,6,HIGH
B-002196,C03,2026-09-03,22:00,00:00,0,5,MEDIUM
B-002197,C04,2026-09-03,00:00,02:00,0,1,LOW
B-002198,C04,2026-09-03,02:00,04:00,1,3,MEDIUM
B-002199,C04,2026-09-03,04:00,06:00,1,2,LOW
B-002200,C04,2026-09-03,06:00,08:00,1,1,LOW
B-002201,C04,2026-09-03,08:00,10:00,0,5,MEDIUM
B-002202,C04,2026-09-03,10:00,12:00,0,6,HIGH
B-002203,C04,2026-09-03,12:00,14:00,1,1,LOW
B-002204,C04,2026-09-03,14:00,16:00,1,1,LOW
B-002205,C04,2026-09-03,16:00,18:00,1,2,LOW
B-002206,C04,2026-09-03,18:00,20:00,0,7,HIGH
B-002207,C04,2026-09-03,20:00,22:00,0,5,MEDIUM
B-002208,C04,2026-09-03,22:00,00:00,1,3,MEDIUM
B-002209,C05,2026-09-03,00:00,02:00,1,4,MEDIUM
B-002210,C05,2026-09-03,02:00,04:00,1,3,MEDIUM
B-002211,C05,2026-09-03,04:00,06:00,1,0,LOW
B-002212,C05,2026-09-03,06:00,08:00,1,3,MEDIUM
B-002213,C05,2026-09-03,08:00,10:00,1,3,MEDIUM
B-002214,C05,2026-09-03,10:00,12:00,0,9,HIGH
B-002215,C05,2026-09-03,12:00,14:00,0,1,LOW
B-002216,C05,2026-09-03,14:00,16:00,1,3,MEDIUM
B-002217,C05,2026-09-03,16:00,18:00,1,3,MEDIUM
B-002218,C05,2026-09-03,18:00,20:00,0,8,HIGH
B-002219,C05,2026-09-03,20:00,22:00,0,8,HIGH
B-002220,C05,2026-09-03,22:00,00:00,1,3,MEDIUM
B-002221,C06,2026-09-03,00:00,02:00,1,4,MEDIUM
B-002222,C06,2026-09-03,02:00,04:00,1,2,LOW
B-002223,C06,2026-09-03,04:00,06:00,1,4,MEDIUM
B-002224,C06,2026-09-03,06:00,08:00,1,2,LOW
B-002225,C06,2026-09-03,08:00,10:00,1,4,MEDIUM
B-002226,C06,2026-09-03,10:00,12:00,0,5,MEDIUM
B-002227,C06,2026-09-03,12:00,14:00,1,1,LOW
B-002228,C06,2026-09-03,14:00,16:00,1,3,MEDIUM
B-002229,C06,2026-09-03,16:00,18:00,1,1,LOW
B-002230,C06,2026-09-03,18:00,20:00,0,6,HIGH
B-002231,C06,2026-09-03,20:00,22:00,0,7,HIGH
B-002232,C06,2026-09-03,22:00,00:00,0,3,MEDIUM
B-002233,C07,2026-09-03,00:00,02:00,0,7,HIGH
B-002234,C07,2026-09-03,02:00,04:00,1,1,LOW
B-002235,C07,2026-09-03,04:00,06:00,1,3,MEDIUM
B-002236,C07,2026-09-03,06:00,08:00,0,1,LOW
B-002237,C07,2026-09-03,08:00,10:00,0,7,HIGH
B-002238,C07,2026-09-03,10:00,12:00,0,5,MEDIUM
B-002239,C07,2026-09-03,12:00,14:00,1,2,LOW
B-002240,C07,2026-09-03,14:00,16:00,0,6,HIGH
B-002241,C07,2026-09-03,16:00,18:00,1,1,LOW
B-002242,C07,2026-09-03,18:00,20:00,0,8,HIGH
B-002243,C07,2026-09-03,20:00,22:00,1,4,MEDIUM
B-002244,C07,2026-09-03,22:00,00:00,1,3,MEDIUM
B-002245,C08,2026-09-03,00:00,02:00,1,2,LOW
B-002246,C08,2026-09-03,02:00,04:00,1,0,LOW
B-002247,C08,2026-09-03,04:00,06:00,1,3,MEDIUM
B-002248,C08,2026-09-03,06:00,08:00,1,3,MEDIUM
B-002249,C08,2026-09-03,08:00,10:00,0,7,HIGH
B-002250,C08,2026-09-03,10:00,12:00,0,7,HIGH
B-002251,C08,2026-09-03,12:00,14:00,0,6,HIGH
B-002252,C08,2026-09-03,14:00,16:00,1,2,LOW
B-002253,C08,2026-09-03,16:00,18:00,1,3,MEDIUM
B-002254,C08,2026-09-03,18:00,20:00,0,5,MEDIUM
B-002255,C08,2026-09-03,20:00,22:00,0,4,MEDIUM
B-002256,C08,2026-09-03,22:00,00:00,1,2,LOW
B-002257,C09,2026-09-03,00:00,02:00,1,4,MEDIUM
B-002258,C09,2026-09-03,02:00,04:00,1,1,LOW
B-002259,C09,2026-09-03,04:00,06:00,0,2,LOW
B-002260,C09,2026-09-03,06:00,08:00,1,1,LOW
B-002261,C09,2026-09-03,08:00,10:00,1,3,MEDIUM
B-002262,C09,2026-09-03,10:00,12:00,0,7,HIGH
B-002263,C09,2026-09-03,12:00,14:00,1,3,MEDIUM
B-002264,C09,2026-09-03,14:00,16:00,1,3,MEDIUM
B-002265,C09,2026-09-03,16:00,18:00,1,4,MEDIUM
B-002266,C09,2026-09-03,18:00,20:00,0,6,HIGH
B-002267,C09,2026-09-03,20:00,22:00,0,7,HIGH
B-002268,C09,2026-09-03,22:00,00:00,1,2,LOW
B-002269,C10,2026-09-03,00:00,02:00,0,6,HIGH
B-002270,C10,2026-09-03,02:00,04:00,1,3,MEDIUM
B-002271,C10,2026-09-03,04:00,06:00,1,1,LOW
B-002272,C10,2026-09-03,06:00,08:00,1,3,MEDIUM
B-002273,C10,2026-09-03,08:00,10:00,0,8,HIGH
B-002274,C10,2026-09-03,10:00,12:00,0,6,HIGH
B-002275,C10,2026-09-03,12:00,14:00,1,1,LOW
B-002276,C10,2026-09-03,14:00,16:00,1,0,LOW
B-002277,C10,2026-09-03,16:00,18:00,0,5,MEDIUM
B-002278,C10,2026-09-03,18:00,20:00,0,5,MEDIUM
B-002279,C10,2026-09-03,20:00,22:00,0,6,HIGH
B-002280,C10,2026-09-03,22:00,00:00,1,2,LOW
B-002281,C11,2026-09-03,00:00,02:00,1,3,MEDIUM
B-002282,C11,2026-09-03,02:00,04:00,1,2,LOW
B-002283,C11,2026-09-03,04:00,06:00,0,8,HIGH
B-002284,C11,2026-09-03,06:00,08:00,1,1,LOW
B-002285,C11,2026-09-03,08:00,10:00,0,5,MEDIUM
B-002286,C11,2026-09-03,10:00,12:00,0,4,MEDIUM
B-002287,C11,2026-09-03,12:00,14:00,1,1,LOW
B-002288,C11,2026-09-03,14:00,16:00,0,5,MEDIUM
B-002289,C11,2026-09-03,16:00,18:00,1,3,MEDIUM
B-002290,C11,2026-09-03,18:00,20:00,0,8,HIGH
B-002291,C11,2026-09-03,20:00,22:00,0,7,HIGH
B-002292,C11,2026-09-03,22:00,00:00,1,3,MEDIUM
B-002293,C12,2026-09-03,00:00,02:00,1,3,MEDIUM
B-002294,C12,2026-09-03,02:00,04:00,0,3,MEDIUM
B-002295,C12,2026-09-03,04:00,06:00,0,5,MEDIUM
B-002296,C12,2026-09-03,06:00,08:00,1,1,LOW
B-002297,C12,2026-09-03,08:00,10:00,0,6,HIGH
B-002298,C12,2026-09-03,10:00,12:00,0,8,HIGH
B-002299,C12,2026-09-03,12:00,14:00,1,0,LOW
B-002300,C12,2026-09-03,14:00,16:00,0,6,HIGH
B-002301,C12,2026-09-03,16:00,18:00,1,2,LOW
B-002302,C12,2026-09-03,18:00,20:00,0,6,HIGH
B-002303,C12,2026-09-03,20:00,22:00,0,6,HIGH
B-002304,C12,2026-09-03,22:00,00:00,1,2,LOW
B-002305,C13,2026-09-03,00:00,02:00,1,3,MEDIUM
B-002306,C13,2026-09-03,02:00,04:00,1,2,LOW
B-002307,C13,2026-09-03,04:00,06:00,0,3,MEDIUM
B-002308,C13,2026-09-03,06:00,08:00,1,1,LOW
B-002309,C13,2026-09-03,08:00,10:00,0,8,HIGH
B-002310,C13,2026-09-03,10:00,12:00,0,5,MEDIUM
B-002311,C13,2026-09-03,12:00,14:00,1,4,MEDIUM
B-002312,C13,2026-09-03,14:00,16:00,1,1,LOW
B-002313,C13,2026-09-03,16:00,18:00,1,2,LOW
B-002314,C13,2026-09-03,18:00,20:00,0,5,MEDIUM
B-002315,C13,2026-09-03,20:00,22:00,0,8,HIGH
B-002316,C13,2026-09-03,22:00,00:00,1,4,MEDIUM
B-002317,C14,2026-09-03,00:00,02:00,1,2,LOW
B-002318,C14,2026-09-03,02:00,04:00,1,3,MEDIUM
B-002319,C14,2026-09-03,04:00,06:00,1,2,LOW
B-002320,C14,2026-09-03,06:00,08:00,1,1,LOW
B-002321,C14,2026-09-03,08:00,10:00,0,7,HIGH
B-002322,C14,2026-09-03,10:00,12:00,0,7,HIGH
B-002323,C14,2026-09-03,12:00,14:00,0,5,MEDIUM
B-002324,C14,2026-09-03,14:00,16:00,0,6,HIGH
B-002325,C14,2026-09-03,16:00,18:00,1,3,MEDIUM
B-002326,C14,2026-09-03,18:00,20:00,0,8,HIGH
B-002327,C14,2026-09-03,20:00,22:00,0,5,MEDIUM
B-002328,C14,2026-09-03,22:00,00:00,1,1,LOW
B-002329,C15,2026-09-03,00:00,02:00,0,1,LOW
B-002330,C15,2026-09-03,02:00,04:00,1,1,LOW
B-002331,C15,2026-09-03,04:00,06:00,1,4,MEDIUM
B-002332,C15,2026-09-03,06:00,08:00,0,8,HIGH
B-002333,C15,2026-09-03,08:00,10:00,0,6,HIGH
B-002334,C15,2026-09-03,10:00,12:00,0,7,HIGH
B-002335,C15,2026-09-03,12:00,14:00,1,1,LOW
B-002336,C15,2026-09-03,14:00,16:00,1,2,LOW
B-002337,C15,2026-09-03,16:00,18:00,1,2,LOW
B-002338,C15,2026-09-03,18:00,20:00,0,8,HIGH
B-002339,C15,2026-09-03,20:00,22:00,1,2,LOW
B-002340,C15,2026-09-03,22:00,00:00,0,5,MEDIUM
B-002341,C16,2026-09-03,00:00,02:00,1,1,LOW
B-002342,C16,2026-09-03,02:00,04:00,1,0,LOW
B-002343,C16,2026-09-03,04:00,06:00,1,3,MEDIUM
B-002344,C16,2026-09-03,06:00,08:00,1,1,LOW
B-002345,C16,2026-09-03,08:00,10:00,1,3,MEDIUM
B-002346,C16,2026-09-03,10:00,12:00,1,4,MEDIUM
B-002347,C16,2026-09-03,12:00,14:00,1,4,MEDIUM
B-002348,C16,2026-09-03,14:00,16:00,1,1,LOW
B-002349,C16,2026-09-03,16:00,18:00,1,2,LOW
B-002350,C16,2026-09-03,18:00,20:00,0,7,HIGH
B-002351,C16,2026-09-03,20:00,22:00,0,6,HIGH
B-002352,C16,2026-09-03,22:00,00:00,1,2,LOW
B-002353,C17,2026-09-03,00:00,02:00,1,3,MEDIUM
B-002354,C17,2026-09-03,02:00,04:00,1,0,LOW
B-002355,C17,2026-09-03,04:00,06:00,1,2,LOW
B-002356,C17,2026-09-03,06:00,08:00,1,3,MEDIUM
B-002357,C17,2026-09-03,08:00,10:00,1,4,MEDIUM
B-002358,C17,2026-09-03,10:00,12:00,0,9,HIGH
B-002359,C17,2026-09-03,12:00,14:00,1,1,LOW
B-002360,C17,2026-09-03,14:00,16:00,1,3,MEDIUM
B-002361,C17,2026-09-03,16:00,18:00,1,1,LOW
B-002362,C17,2026-09-03,18:00,20:00,1,3,MEDIUM
B-002363,C17,2026-09-03,20:00,22:00,1,4,MEDIUM
B-002364,C17,2026-09-03,22:00,00:00,1,1,LOW
B-002365,C18,2026-09-03,00:00,02:00,1,2,LOW
B-002366,C18,2026-09-03,02:00,04:00,1,1,LOW
B-002367,C18,2026-09-03,04:00,06:00,0,5,MEDIUM
B-002368,C18,2026-09-03,06:00,08:00,1,1,LOW
B-002369,C18,2026-09-03,08:00,10:00,0,9,HIGH
B-002370,C18,2026-09-03,10:00,12:00,0,8,HIGH
B-002371,C18,2026-09-03,12:00,14:00,1,4,MEDIUM
B-002372,C18,2026-09-03,14:00,16:00,1,2,LOW
B-002373,C18,2026-09-03,16:00,18:00,0,1,LOW
B-002374,C18,2026-09-03,18:00,20:00,0,5,MEDIUM
B-002375,C18,2026-09-03,20:00,22:00,0,7,HIGH
B-002376,C18,2026-09-03,22:00,00:00,1,1,LOW
B-002377,C19,2026-09-03,00:00,02:00,1,4,MEDIUM
B-002378,C19,2026-09-03,02:00,04:00,1,0,LOW
B-002379,C19,2026-09-03,04:00,06:00,1,2,LOW
B-002380,C19,2026-09-03,06:00,08:00,1,2,LOW
B-002381,C19,2026-09-03,08:00,10:00,0,6,HIGH
B-002382,C19,2026-09-03,10:00,12:00,1,4,MEDIUM
B-002383,C19,2026-09-03,12:00,14:00,1,4,MEDIUM
B-002384,C19,2026-09-03,14:00,16:00,1,4,MEDIUM
B-002385,C19,2026-09-03,16:00,18:00,1,2,LOW
B-002386,C19,2026-09-03,18:00,20:00,0,10,HIGH
B-002387,C19,2026-09-03,20:00,22:00,1,3,MEDIUM
B-002388,C19,2026-09-03,22:00,00:00,1,3,MEDIUM
B-002389,C20,2026-09-03,00:00,02:00,1,2,LOW
B-002390,C20,2026-09-03,02:00,04:00,0,1,LOW
B-002391,C20,2026-09-03,04:00,06:00,1,2,LOW
B-002392,C20,2026-09-03,06:00,08:00,1,3,MEDIUM
B-002393,C20,2026-09-03,08:00,10:00,0,9,HIGH
B-002394,C20,2026-09-03,10:00,12:00,0,6,HIGH
B-002395,C20,2026-09-03,12:00,14:00,1,4,MEDIUM
B-002396,C20,2026-09-03,14:00,16:00,1,2,LOW
B-002397,C20,2026-09-03,16:00,18:00,1,4,MEDIUM
B-002398,C20,2026-09-03,18:00,20:00,0,6,HIGH
B-002399,C20,2026-09-03,20:00,22:00,0,8,HIGH
B-002400,C20,2026-09-03,22:00,00:00,1,4,MEDIUM
B-002401,C01,2026-09-04,00:00,02:00,1,1,LOW
B-002402,C01,2026-09-04,02:00,04:00,1,3,MEDIUM
B-002403,C01,2026-09-04,04:00,06:00,1,1,LOW
B-002404,C01,2026-09-04,06:00,08:00,1,3,MEDIUM
B-002405,C01,2026-09-04,08:00,10:00,1,4,MEDIUM
B-002406,C01,2026-09-04,10:00,12:00,1,4,MEDIUM
B-002407,C01,2026-09-04,12:00,14:00,1,3,MEDIUM
B-002408,C01,2026-09-04,14:00,16:00,0,2,LOW
B-002409,C01,2026-09-04,16:00,18:00,1,4,MEDIUM
B-002410,C01,2026-09-04,18:00,20:00,0,10,HIGH
B-002411,C01,2026-09-04,20:00,22:00,1,3,MEDIUM
B-002412,C01,2026-09-04,22:00,00:00,1,0,LOW
B-002413,C02,2026-09-04,00:00,02:00,1,3,MEDIUM
B-002414,C02,2026-09-04,02:00,04:00,1,1,LOW
B-002415,C02,2026-09-04,04:00,06:00,1,2,LOW
B-002416,C02,2026-09-04,06:00,08:00,1,3,MEDIUM
B-002417,C02,2026-09-04,08:00,10:00,1,3,MEDIUM
B-002418,C02,2026-09-04,10:00,12:00,1,3,MEDIUM
B-002419,C02,2026-09-04,12:00,14:00,0,5,MEDIUM
B-002420,C02,2026-09-04,14:00,16:00,1,2,LOW
B-002421,C02,2026-09-04,16:00,18:00,1,1,LOW
B-002422,C02,2026-09-04,18:00,20:00,1,4,MEDIUM
B-002423,C02,2026-09-04,20:00,22:00,0,9,HIGH
B-002424,C02,2026-09-04,22:00,00:00,1,3,MEDIUM
B-002425,C03,2026-09-04,00:00,02:00,0,0,LOW
B-002426,C03,2026-09-04,02:00,04:00,1,4,MEDIUM
B-002427,C03,2026-09-04,04:00,06:00,0,2,LOW
B-002428,C03,2026-09-04,06:00,08:00,1,4,MEDIUM
B-002429,C03,2026-09-04,08:00,10:00,1,4,MEDIUM
B-002430,C03,2026-09-04,10:00,12:00,1,3,MEDIUM
B-002431,C03,2026-09-04,12:00,14:00,1,4,MEDIUM
B-002432,C03,2026-09-04,14:00,16:00,1,2,LOW
B-002433,C03,2026-09-04,16:00,18:00,1,4,MEDIUM
B-002434,C03,2026-09-04,18:00,20:00,1,3,MEDIUM
B-002435,C03,2026-09-04,20:00,22:00,1,3,MEDIUM
B-002436,C03,2026-09-04,22:00,00:00,1,3,MEDIUM
B-002437,C04,2026-09-04,00:00,02:00,1,0,LOW
B-002438,C04,2026-09-04,02:00,04:00,1,4,MEDIUM
B-002439,C04,2026-09-04,04:00,06:00,0,2,LOW
B-002440,C04,2026-09-04,06:00,08:00,1,1,LOW
B-002441,C04,2026-09-04,08:00,10:00,1,4,MEDIUM
B-002442,C04,2026-09-04,10:00,12:00,1,3,MEDIUM
B-002443,C04,2026-09-04,12:00,14:00,1,1,LOW
B-002444,C04,2026-09-04,14:00,16:00,1,2,LOW
B-002445,C04,2026-09-04,16:00,18:00,1,1,LOW
B-002446,C04,2026-09-04,18:00,20:00,0,5,MEDIUM
B-002447,C04,2026-09-04,20:00,22:00,0,6,HIGH
B-002448,C04,2026-09-04,22:00,00:00,1,2,LOW
B-002449,C05,2026-09-04,00:00,02:00,1,2,LOW
B-002450,C05,2026-09-04,02:00,04:00,1,4,MEDIUM
B-002451,C05,2026-09-04,04:00,06:00,1,2,LOW
B-002452,C05,2026-09-04,06:00,08:00,0,4,MEDIUM
B-002453,C05,2026-09-04,08:00,10:00,0,6,HIGH
B-002454,C05,2026-09-04,10:00,12:00,0,7,HIGH
B-002455,C05,2026-09-04,12:00,14:00,1,1,LOW
B-002456,C05,2026-09-04,14:00,16:00,1,3,MEDIUM
B-002457,C05,2026-09-04,16:00,18:00,0,5,MEDIUM
B-002458,C05,2026-09-04,18:00,20:00,0,7,HIGH
B-002459,C05,2026-09-04,20:00,22:00,0,6,HIGH
B-002460,C05,2026-09-04,22:00,00:00,1,2,LOW
B-002461,C06,2026-09-04,00:00,02:00,1,2,LOW
B-002462,C06,2026-09-04,02:00,04:00,1,2,LOW
B-002463,C06,2026-09-04,04:00,06:00,0,1,LOW
B-002464,C06,2026-09-04,06:00,08:00,1,1,LOW
B-002465,C06,2026-09-04,08:00,10:00,0,6,HIGH
B-002466,C06,2026-09-04,10:00,12:00,1,4,MEDIUM
B-002467,C06,2026-09-04,12:00,14:00,1,4,MEDIUM
B-002468,C06,2026-09-04,14:00,16:00,1,2,LOW
B-002469,C06,2026-09-04,16:00,18:00,0,2,LOW
B-002470,C06,2026-09-04,18:00,20:00,0,7,HIGH
B-002471,C06,2026-09-04,20:00,22:00,0,6,HIGH
B-002472,C06,2026-09-04,22:00,00:00,1,4,MEDIUM
B-002473,C07,2026-09-04,00:00,02:00,1,4,MEDIUM
B-002474,C07,2026-09-04,02:00,04:00,1,3,MEDIUM
B-002475,C07,2026-09-04,04:00,06:00,1,3,MEDIUM
B-002476,C07,2026-09-04,06:00,08:00,1,3,MEDIUM
B-002477,C07,2026-09-04,08:00,10:00,0,5,MEDIUM
B-002478,C07,2026-09-04,10:00,12:00,0,6,HIGH
B-002479,C07,2026-09-04,12:00,14:00,1,3,MEDIUM
B-002480,C07,2026-09-04,14:00,16:00,1,2,LOW
B-002481,C07,2026-09-04,16:00,18:00,1,0,LOW
B-002482,C07,2026-09-04,18:00,20:00,0,7,HIGH
B-002483,C07,2026-09-04,20:00,22:00,0,7,HIGH
B-002484,C07,2026-09-04,22:00,00:00,1,2,LOW
B-002485,C08,2026-09-04,00:00,02:00,1,3,MEDIUM
B-002486,C08,2026-09-04,02:00,04:00,1,1,LOW
B-002487,C08,2026-09-04,04:00,06:00,0,0,LOW
B-002488,C08,2026-09-04,06:00,08:00,1,3,MEDIUM
B-002489,C08,2026-09-04,08:00,10:00,1,4,MEDIUM
B-002490,C08,2026-09-04,10:00,12:00,0,8,HIGH
B-002491,C08,2026-09-04,12:00,14:00,1,1,LOW
B-002492,C08,2026-09-04,14:00,16:00,1,4,MEDIUM
B-002493,C08,2026-09-04,16:00,18:00,1,1,LOW
B-002494,C08,2026-09-04,18:00,20:00,0,7,HIGH
B-002495,C08,2026-09-04,20:00,22:00,1,3,MEDIUM
B-002496,C08,2026-09-04,22:00,00:00,1,3,MEDIUM
B-002497,C09,2026-09-04,00:00,02:00,1,3,MEDIUM
B-002498,C09,2026-09-04,02:00,04:00,1,2,LOW
B-002499,C09,2026-09-04,04:00,06:00,1,3,MEDIUM
B-002500,C09,2026-09-04,06:00,08:00,1,2,LOW
B-002501,C09,2026-09-04,08:00,10:00,0,10,HIGH
B-002502,C09,2026-09-04,10:00,12:00,0,6,HIGH
B-002503,C09,2026-09-04,12:00,14:00,1,3,MEDIUM
B-002504,C09,2026-09-04,14:00,16:00,1,1,LOW
B-002505,C09,2026-09-04,16:00,18:00,1,3,MEDIUM
B-002506,C09,2026-09-04,18:00,20:00,0,7,HIGH
B-002507,C09,2026-09-04,20:00,22:00,0,6,HIGH
B-002508,C09,2026-09-04,22:00,00:00,1,2,LOW
B-002509,C10,2026-09-04,00:00,02:00,0,5,MEDIUM
B-002510,C10,2026-09-04,02:00,04:00,0,5,MEDIUM
B-002511,C10,2026-09-04,04:00,06:00,1,2,LOW
B-002512,C10,2026-09-04,06:00,08:00,1,3,MEDIUM
B-002513,C10,2026-09-04,08:00,10:00,0,6,HIGH
B-002514,C10,2026-09-04,10:00,12:00,0,5,MEDIUM
B-002515,C10,2026-09-04,12:00,14:00,1,1,LOW
B-002516,C10,2026-09-04,14:00,16:00,1,2,LOW
B-002517,C10,2026-09-04,16:00,18:00,1,3,MEDIUM
B-002518,C10,2026-09-04,18:00,20:00,1,4,MEDIUM
B-002519,C10,2026-09-04,20:00,22:00,1,4,MEDIUM
B-002520,C10,2026-09-04,22:00,00:00,1,3,MEDIUM
B-002521,C11,2026-09-04,00:00,02:00,0,1,LOW
B-002522,C11,2026-09-04,02:00,04:00,1,0,LOW
B-002523,C11,2026-09-04,04:00,06:00,1,3,MEDIUM
B-002524,C11,2026-09-04,06:00,08:00,1,1,LOW
B-002525,C11,2026-09-04,08:00,10:00,0,8,HIGH
B-002526,C11,2026-09-04,10:00,12:00,0,5,MEDIUM
B-002527,C11,2026-09-04,12:00,14:00,0,5,MEDIUM
B-002528,C11,2026-09-04,14:00,16:00,1,2,LOW
B-002529,C11,2026-09-04,16:00,18:00,1,3,MEDIUM
B-002530,C11,2026-09-04,18:00,20:00,0,8,HIGH
B-002531,C11,2026-09-04,20:00,22:00,0,7,HIGH
B-002532,C11,2026-09-04,22:00,00:00,1,1,LOW
B-002533,C12,2026-09-04,00:00,02:00,1,3,MEDIUM
B-002534,C12,2026-09-04,02:00,04:00,1,2,LOW
B-002535,C12,2026-09-04,04:00,06:00,1,3,MEDIUM
B-002536,C12,2026-09-04,06:00,08:00,1,4,MEDIUM
B-002537,C12,2026-09-04,08:00,10:00,0,5,MEDIUM
B-002538,C12,2026-09-04,10:00,12:00,0,6,HIGH
B-002539,C12,2026-09-04,12:00,14:00,1,3,MEDIUM
B-002540,C12,2026-09-04,14:00,16:00,1,1,LOW
B-002541,C12,2026-09-04,16:00,18:00,1,0,LOW
B-002542,C12,2026-09-04,18:00,20:00,0,9,HIGH
B-002543,C12,2026-09-04,20:00,22:00,0,5,MEDIUM
B-002544,C12,2026-09-04,22:00,00:00,1,2,LOW
B-002545,C13,2026-09-04,00:00,02:00,0,5,MEDIUM
B-002546,C13,2026-09-04,02:00,04:00,0,5,MEDIUM
B-002547,C13,2026-09-04,04:00,06:00,0,6,HIGH
B-002548,C13,2026-09-04,06:00,08:00,1,3,MEDIUM
B-002549,C13,2026-09-04,08:00,10:00,0,5,MEDIUM
B-002550,C13,2026-09-04,10:00,12:00,0,8,HIGH
B-002551,C13,2026-09-04,12:00,14:00,1,1,LOW
B-002552,C13,2026-09-04,14:00,16:00,0,5,MEDIUM
B-002553,C13,2026-09-04,16:00,18:00,1,0,LOW
B-002554,C13,2026-09-04,18:00,20:00,0,7,HIGH
B-002555,C13,2026-09-04,20:00,22:00,1,4,MEDIUM
B-002556,C13,2026-09-04,22:00,00:00,1,3,MEDIUM
B-002557,C14,2026-09-04,00:00,02:00,1,2,LOW
B-002558,C14,2026-09-04,02:00,04:00,0,2,LOW
B-002559,C14,2026-09-04,04:00,06:00,1,4,MEDIUM
B-002560,C14,2026-09-04,06:00,08:00,0,5,MEDIUM
B-002561,C14,2026-09-04,08:00,10:00,0,8,HIGH
B-002562,C14,2026-09-04,10:00,12:00,0,7,HIGH
B-002563,C14,2026-09-04,12:00,14:00,1,1,LOW
B-002564,C14,2026-09-04,14:00,16:00,1,3,MEDIUM
B-002565,C14,2026-09-04,16:00,18:00,1,1,LOW
B-002566,C14,2026-09-04,18:00,20:00,0,7,HIGH
B-002567,C14,2026-09-04,20:00,22:00,0,6,HIGH
B-002568,C14,2026-09-04,22:00,00:00,1,2,LOW
B-002569,C15,2026-09-04,00:00,02:00,1,2,LOW
B-002570,C15,2026-09-04,02:00,04:00,1,3,MEDIUM
B-002571,C15,2026-09-04,04:00,06:00,1,3,MEDIUM
B-002572,C15,2026-09-04,06:00,08:00,1,2,LOW
B-002573,C15,2026-09-04,08:00,10:00,0,6,HIGH
B-002574,C15,2026-09-04,10:00,12:00,1,4,MEDIUM
B-002575,C15,2026-09-04,12:00,14:00,1,1,LOW
B-002576,C15,2026-09-04,14:00,16:00,1,3,MEDIUM
B-002577,C15,2026-09-04,16:00,18:00,0,2,LOW
B-002578,C15,2026-09-04,18:00,20:00,0,6,HIGH
B-002579,C15,2026-09-04,20:00,22:00,0,6,HIGH
B-002580,C15,2026-09-04,22:00,00:00,0,9,HIGH
B-002581,C16,2026-09-04,00:00,02:00,1,2,LOW
B-002582,C16,2026-09-04,02:00,04:00,1,0,LOW
B-002583,C16,2026-09-04,04:00,06:00,1,0,LOW
B-002584,C16,2026-09-04,06:00,08:00,1,1,LOW
B-002585,C16,2026-09-04,08:00,10:00,1,3,MEDIUM
B-002586,C16,2026-09-04,10:00,12:00,0,6,HIGH
B-002587,C16,2026-09-04,12:00,14:00,1,2,LOW
B-002588,C16,2026-09-04,14:00,16:00,1,2,LOW
B-002589,C16,2026-09-04,16:00,18:00,1,2,LOW
B-002590,C16,2026-09-04,18:00,20:00,0,11,HIGH
B-002591,C16,2026-09-04,20:00,22:00,0,8,HIGH
B-002592,C16,2026-09-04,22:00,00:00,1,0,LOW
B-002593,C17,2026-09-04,00:00,02:00,1,1,LOW
B-002594,C17,2026-09-04,02:00,04:00,1,2,LOW
B-002595,C17,2026-09-04,04:00,06:00,1,3,MEDIUM
B-002596,C17,2026-09-04,06:00,08:00,1,3,MEDIUM
B-002597,C17,2026-09-04,08:00,10:00,0,5,MEDIUM
B-002598,C17,2026-09-04,10:00,12:00,0,5,MEDIUM
B-002599,C17,2026-09-04,12:00,14:00,0,2,LOW
B-002600,C17,2026-09-04,14:00,16:00,1,2,LOW
B-002601,C17,2026-09-04,16:00,18:00,0,4,MEDIUM
B-002602,C17,2026-09-04,18:00,20:00,1,3,MEDIUM
B-002603,C17,2026-09-04,20:00,22:00,1,4,MEDIUM
B-002604,C17,2026-09-04,22:00,00:00,1,3,MEDIUM
B-002605,C18,2026-09-04,00:00,02:00,1,2,LOW
B-002606,C18,2026-09-04,02:00,04:00,0,2,LOW
B-002607,C18,2026-09-04,04:00,06:00,1,2,LOW
B-002608,C18,2026-09-04,06:00,08:00,1,4,MEDIUM
B-002609,C18,2026-09-04,08:00,10:00,0,6,HIGH
B-002610,C18,2026-09-04,10:00,12:00,0,10,HIGH
B-002611,C18,2026-09-04,12:00,14:00,1,1,LOW
B-002612,C18,2026-09-04,14:00,16:00,1,2,LOW
B-002613,C18,2026-09-04,16:00,18:00,1,1,LOW
B-002614,C18,2026-09-04,18:00,20:00,1,3,MEDIUM
B-002615,C18,2026-09-04,20:00,22:00,1,3,MEDIUM
B-002616,C18,2026-09-04,22:00,00:00,1,3,MEDIUM
B-002617,C19,2026-09-04,00:00,02:00,1,3,MEDIUM
B-002618,C19,2026-09-04,02:00,04:00,1,2,LOW
B-002619,C19,2026-09-04,04:00,06:00,1,1,LOW
B-002620,C19,2026-09-04,06:00,08:00,0,7,HIGH
B-002621,C19,2026-09-04,08:00,10:00,0,5,MEDIUM
B-002622,C19,2026-09-04,10:00,12:00,0,6,HIGH
B-002623,C19,2026-09-04,12:00,14:00,1,0,LOW
B-002624,C19,2026-09-04,14:00,16:00,1,3,MEDIUM
B-002625,C19,2026-09-04,16:00,18:00,1,0,LOW
B-002626,C19,2026-09-04,18:00,20:00,0,9,HIGH
B-002627,C19,2026-09-04,20:00,22:00,0,5,MEDIUM
B-002628,C19,2026-09-04,22:00,00:00,1,1,LOW
B-002629,C20,2026-09-04,00:00,02:00,0,5,MEDIUM
B-002630,C20,2026-09-04,02:00,04:00,1,1,LOW
B-002631,C20,2026-09-04,04:00,06:00,1,2,LOW
B-002632,C20,2026-09-04,06:00,08:00,1,1,LOW
B-002633,C20,2026-09-04,08:00,10:00,0,6,HIGH
B-002634,C20,2026-09-04,10:00,12:00,0,5,MEDIUM
B-002635,C20,2026-09-04,12:00,14:00,1,2,LOW
B-002636,C20,2026-09-04,14:00,16:00,1,3,MEDIUM
B-002637,C20,2026-09-04,16:00,18:00,1,1,LOW
B-002638,C20,2026-09-04,18:00,20:00,0,6,HIGH
B-002639,C20,2026-09-04,20:00,22:00,0,7,HIGH
B-002640,C20,2026-09-04,22:00,00:00,0,5,MEDIUM
B-002641,C01,2026-09-05,00:00,02:00,1,3,MEDIUM
B-002642,C01,2026-09-05,02:00,04:00,1,1,LOW
B-002643,C01,2026-09-05,04:00,06:00,1,1,LOW
B-002644,C01,2026-09-05,06:00,08:00,1,2,LOW
B-002645,C01,2026-09-05,08:00,10:00,1,2,LOW
B-002646,C01,2026-09-05,10:00,12:00,0,9,HIGH
B-002647,C01,2026-09-05,12:00,14:00,1,3,MEDIUM
B-002648,C01,2026-09-05,14:00,16:00,1,2,LOW
B-002649,C01,2026-09-05,16:00,18:00,1,2,LOW
B-002650,C01,2026-09-05,18:00,20:00,0,7,HIGH
B-002651,C01,2026-09-05,20:00,22:00,0,8,HIGH
B-002652,C01,2026-09-05,22:00,00:00,1,2,LOW
B-002653,C02,2026-09-05,00:00,02:00,1,1,LOW
B-002654,C02,2026-09-05,02:00,04:00,1,4,MEDIUM
B-002655,C02,2026-09-05,04:00,06:00,0,5,MEDIUM
B-002656,C02,2026-09-05,06:00,08:00,0,2,LOW
B-002657,C02,2026-09-05,08:00,10:00,0,5,MEDIUM
B-002658,C02,2026-09-05,10:00,12:00,0,7,HIGH
B-002659,C02,2026-09-05,12:00,14:00,1,2,LOW
B-002660,C02,2026-09-05,14:00,16:00,1,2,LOW
B-002661,C02,2026-09-05,16:00,18:00,1,4,MEDIUM
B-002662,C02,2026-09-05,18:00,20:00,0,11,HIGH
B-002663,C02,2026-09-05,20:00,22:00,0,7,HIGH
B-002664,C02,2026-09-05,22:00,00:00,1,2,LOW
B-002665,C03,2026-09-05,00:00,02:00,1,4,MEDIUM
B-002666,C03,2026-09-05,02:00,04:00,1,3,MEDIUM
B-002667,C03,2026-09-05,04:00,06:00,1,1,LOW
B-002668,C03,2026-09-05,06:00,08:00,1,2,LOW
B-002669,C03,2026-09-05,08:00,10:00,0,5,MEDIUM
B-002670,C03,2026-09-05,10:00,12:00,0,5,MEDIUM
B-002671,C03,2026-09-05,12:00,14:00,1,0,LOW
B-002672,C03,2026-09-05,14:00,16:00,1,4,MEDIUM
B-002673,C03,2026-09-05,16:00,18:00,0,5,MEDIUM
B-002674,C03,2026-09-05,18:00,20:00,0,11,HIGH
B-002675,C03,2026-09-05,20:00,22:00,0,6,HIGH
B-002676,C03,2026-09-05,22:00,00:00,1,0,LOW
B-002677,C04,2026-09-05,00:00,02:00,1,2,LOW
B-002678,C04,2026-09-05,02:00,04:00,1,0,LOW
B-002679,C04,2026-09-05,04:00,06:00,0,6,HIGH
B-002680,C04,2026-09-05,06:00,08:00,0,8,HIGH
B-002681,C04,2026-09-05,08:00,10:00,0,7,HIGH
B-002682,C04,2026-09-05,10:00,12:00,0,5,MEDIUM
B-002683,C04,2026-09-05,12:00,14:00,1,3,MEDIUM
B-002684,C04,2026-09-05,14:00,16:00,1,3,MEDIUM
B-002685,C04,2026-09-05,16:00,18:00,0,7,HIGH
B-002686,C04,2026-09-05,18:00,20:00,0,8,HIGH
B-002687,C04,2026-09-05,20:00,22:00,0,8,HIGH
B-002688,C04,2026-09-05,22:00,00:00,1,3,MEDIUM
B-002689,C05,2026-09-05,00:00,02:00,1,1,LOW
B-002690,C05,2026-09-05,02:00,04:00,1,1,LOW
B-002691,C05,2026-09-05,04:00,06:00,1,1,LOW
B-002692,C05,2026-09-05,06:00,08:00,1,4,MEDIUM
B-002693,C05,2026-09-05,08:00,10:00,0,5,MEDIUM
B-002694,C05,2026-09-05,10:00,12:00,0,5,MEDIUM
B-002695,C05,2026-09-05,12:00,14:00,1,2,LOW
B-002696,C05,2026-09-05,14:00,16:00,0,5,MEDIUM
B-002697,C05,2026-09-05,16:00,18:00,0,6,HIGH
B-002698,C05,2026-09-05,18:00,20:00,0,10,HIGH
B-002699,C05,2026-09-05,20:00,22:00,0,7,HIGH
B-002700,C05,2026-09-05,22:00,00:00,1,4,MEDIUM
B-002701,C06,2026-09-05,00:00,02:00,0,6,HIGH
B-002702,C06,2026-09-05,02:00,04:00,0,5,MEDIUM
B-002703,C06,2026-09-05,04:00,06:00,1,3,MEDIUM
B-002704,C06,2026-09-05,06:00,08:00,1,3,MEDIUM
B-002705,C06,2026-09-05,08:00,10:00,0,12,HIGH
B-002706,C06,2026-09-05,10:00,12:00,1,4,MEDIUM
B-002707,C06,2026-09-05,12:00,14:00,1,3,MEDIUM
B-002708,C06,2026-09-05,14:00,16:00,0,5,MEDIUM
B-002709,C06,2026-09-05,16:00,18:00,1,1,LOW
B-002710,C06,2026-09-05,18:00,20:00,0,5,MEDIUM
B-002711,C06,2026-09-05,20:00,22:00,0,9,HIGH
B-002712,C06,2026-09-05,22:00,00:00,1,0,LOW
B-002713,C07,2026-09-05,00:00,02:00,0,5,MEDIUM
B-002714,C07,2026-09-05,02:00,04:00,1,2,LOW
B-002715,C07,2026-09-05,04:00,06:00,0,1,LOW
B-002716,C07,2026-09-05,06:00,08:00,0,6,HIGH
B-002717,C07,2026-09-05,08:00,10:00,0,10,HIGH
B-002718,C07,2026-09-05,10:00,12:00,0,7,HIGH
B-002719,C07,2026-09-05,12:00,14:00,0,5,MEDIUM
B-002720,C07,2026-09-05,14:00,16:00,0,1,LOW
B-002721,C07,2026-09-05,16:00,18:00,1,3,MEDIUM
B-002722,C07,2026-09-05,18:00,20:00,1,4,MEDIUM
B-002723,C07,2026-09-05,20:00,22:00,0,7,HIGH
B-002724,C07,2026-09-05,22:00,00:00,1,4,MEDIUM
B-002725,C08,2026-09-05,00:00,02:00,1,2,LOW
B-002726,C08,2026-09-05,02:00,04:00,0,5,MEDIUM
B-002727,C08,2026-09-05,04:00,06:00,1,0,LOW
B-002728,C08,2026-09-05,06:00,08:00,1,3,MEDIUM
B-002729,C08,2026-09-05,08:00,10:00,0,8,HIGH
B-002730,C08,2026-09-05,10:00,12:00,0,9,HIGH
B-002731,C08,2026-09-05,12:00,14:00,1,2,LOW
B-002732,C08,2026-09-05,14:00,16:00,1,3,MEDIUM
B-002733,C08,2026-09-05,16:00,18:00,1,3,MEDIUM
B-002734,C08,2026-09-05,18:00,20:00,1,4,MEDIUM
B-002735,C08,2026-09-05,20:00,22:00,0,5,MEDIUM
B-002736,C08,2026-09-05,22:00,00:00,1,1,LOW
B-002737,C09,2026-09-05,00:00,02:00,0,5,MEDIUM
B-002738,C09,2026-09-05,02:00,04:00,1,0,LOW
B-002739,C09,2026-09-05,04:00,06:00,1,3,MEDIUM
B-002740,C09,2026-09-05,06:00,08:00,0,0,LOW
B-002741,C09,2026-09-05,08:00,10:00,1,4,MEDIUM
B-002742,C09,2026-09-05,10:00,12:00,1,2,LOW
B-002743,C09,2026-09-05,12:00,14:00,1,2,LOW
B-002744,C09,2026-09-05,14:00,16:00,1,2,LOW
B-002745,C09,2026-09-05,16:00,18:00,1,2,LOW
B-002746,C09,2026-09-05,18:00,20:00,0,5,MEDIUM
B-002747,C09,2026-09-05,20:00,22:00,0,6,HIGH
B-002748,C09,2026-09-05,22:00,00:00,0,3,MEDIUM
B-002749,C10,2026-09-05,00:00,02:00,1,2,LOW
B-002750,C10,2026-09-05,02:00,04:00,1,3,MEDIUM
B-002751,C10,2026-09-05,04:00,06:00,1,3,MEDIUM
B-002752,C10,2026-09-05,06:00,08:00,1,2,LOW
B-002753,C10,2026-09-05,08:00,10:00,0,9,HIGH
B-002754,C10,2026-09-05,10:00,12:00,0,9,HIGH
B-002755,C10,2026-09-05,12:00,14:00,1,1,LOW
B-002756,C10,2026-09-05,14:00,16:00,1,1,LOW
B-002757,C10,2026-09-05,16:00,18:00,1,3,MEDIUM
B-002758,C10,2026-09-05,18:00,20:00,0,7,HIGH
B-002759,C10,2026-09-05,20:00,22:00,0,6,HIGH
B-002760,C10,2026-09-05,22:00,00:00,1,3,MEDIUM
B-002761,C11,2026-09-05,00:00,02:00,0,2,LOW
B-002762,C11,2026-09-05,02:00,04:00,1,3,MEDIUM
B-002763,C11,2026-09-05,04:00,06:00,1,3,MEDIUM
B-002764,C11,2026-09-05,06:00,08:00,1,2,LOW
B-002765,C11,2026-09-05,08:00,10:00,0,6,HIGH
B-002766,C11,2026-09-05,10:00,12:00,1,3,MEDIUM
B-002767,C11,2026-09-05,12:00,14:00,1,4,MEDIUM
B-002768,C11,2026-09-05,14:00,16:00,1,3,MEDIUM
B-002769,C11,2026-09-05,16:00,18:00,1,1,LOW
B-002770,C11,2026-09-05,18:00,20:00,0,8,HIGH
B-002771,C11,2026-09-05,20:00,22:00,0,8,HIGH
B-002772,C11,2026-09-05,22:00,00:00,1,2,LOW
B-002773,C12,2026-09-05,00:00,02:00,1,1,LOW
B-002774,C12,2026-09-05,02:00,04:00,1,1,LOW
B-002775,C12,2026-09-05,04:00,06:00,0,3,MEDIUM
B-002776,C12,2026-09-05,06:00,08:00,1,4,MEDIUM
B-002777,C12,2026-09-05,08:00,10:00,0,7,HIGH
B-002778,C12,2026-09-05,10:00,12:00,0,7,HIGH
B-002779,C12,2026-09-05,12:00,14:00,1,1,LOW
B-002780,C12,2026-09-05,14:00,16:00,1,4,MEDIUM
B-002781,C12,2026-09-05,16:00,18:00,0,6,HIGH
B-002782,C12,2026-09-05,18:00,20:00,0,6,HIGH
B-002783,C12,2026-09-05,20:00,22:00,0,8,HIGH
B-002784,C12,2026-09-05,22:00,00:00,0,5,MEDIUM
B-002785,C13,2026-09-05,00:00,02:00,1,2,LOW
B-002786,C13,2026-09-05,02:00,04:00,1,1,LOW
B-002787,C13,2026-09-05,04:00,06:00,1,2,LOW
B-002788,C13,2026-09-05,06:00,08:00,1,3,MEDIUM
B-002789,C13,2026-09-05,08:00,10:00,0,12,HIGH
B-002790,C13,2026-09-05,10:00,12:00,0,9,HIGH
B-002791,C13,2026-09-05,12:00,14:00,1,1,LOW
B-002792,C13,2026-09-05,14:00,16:00,0,4,MEDIUM
B-002793,C13,2026-09-05,16:00,18:00,1,2,LOW
B-002794,C13,2026-09-05,18:00,20:00,1,4,MEDIUM
B-002795,C13,2026-09-05,20:00,22:00,0,6,HIGH
B-002796,C13,2026-09-05,22:00,00:00,1,2,LOW
B-002797,C14,2026-09-05,00:00,02:00,0,6,HIGH
B-002798,C14,2026-09-05,02:00,04:00,1,2,LOW
B-002799,C14,2026-09-05,04:00,06:00,0,6,HIGH
B-002800,C14,2026-09-05,06:00,08:00,1,2,LOW
B-002801,C14,2026-09-05,08:00,10:00,0,8,HIGH
B-002802,C14,2026-09-05,10:00,12:00,0,2,LOW
B-002803,C14,2026-09-05,12:00,14:00,1,3,MEDIUM
B-002804,C14,2026-09-05,14:00,16:00,1,1,LOW
B-002805,C14,2026-09-05,16:00,18:00,1,1,LOW
B-002806,C14,2026-09-05,18:00,20:00,1,4,MEDIUM
B-002807,C14,2026-09-05,20:00,22:00,0,6,HIGH
B-002808,C14,2026-09-05,22:00,00:00,1,2,LOW
B-002809,C15,2026-09-05,00:00,02:00,1,1,LOW
B-002810,C15,2026-09-05,02:00,04:00,0,6,HIGH
B-002811,C15,2026-09-05,04:00,06:00,1,3,MEDIUM
B-002812,C15,2026-09-05,06:00,08:00,0,2,LOW
B-002813,C15,2026-09-05,08:00,10:00,0,8,HIGH
B-002814,C15,2026-09-05,10:00,12:00,0,6,HIGH
B-002815,C15,2026-09-05,12:00,14:00,1,4,MEDIUM
B-002816,C15,2026-09-05,14:00,16:00,1,3,MEDIUM
B-002817,C15,2026-09-05,16:00,18:00,1,4,MEDIUM
B-002818,C15,2026-09-05,18:00,20:00,0,5,MEDIUM
B-002819,C15,2026-09-05,20:00,22:00,0,6,HIGH
B-002820,C15,2026-09-05,22:00,00:00,1,1,LOW
B-002821,C16,2026-09-05,00:00,02:00,0,5,MEDIUM
B-002822,C16,2026-09-05,02:00,04:00,1,0,LOW
B-002823,C16,2026-09-05,04:00,06:00,1,0,LOW
B-002824,C16,2026-09-05,06:00,08:00,1,3,MEDIUM
B-002825,C16,2026-09-05,08:00,10:00,0,8,HIGH
B-002826,C16,2026-09-05,10:00,12:00,0,7,HIGH
B-002827,C16,2026-09-05,12:00,14:00,0,5,MEDIUM
B-002828,C16,2026-09-05,14:00,16:00,1,2,LOW
B-002829,C16,2026-09-05,16:00,18:00,1,1,LOW
B-002830,C16,2026-09-05,18:00,20:00,0,7,HIGH
B-002831,C16,2026-09-05,20:00,22:00,0,5,MEDIUM
B-002832,C16,2026-09-05,22:00,00:00,0,2,LOW
B-002833,C17,2026-09-05,00:00,02:00,1,1,LOW
B-002834,C17,2026-09-05,02:00,04:00,1,3,MEDIUM
B-002835,C17,2026-09-05,04:00,06:00,1,1,LOW
B-002836,C17,2026-09-05,06:00,08:00,0,6,HIGH
B-002837,C17,2026-09-05,08:00,10:00,0,9,HIGH
B-002838,C17,2026-09-05,10:00,12:00,0,6,HIGH
B-002839,C17,2026-09-05,12:00,14:00,1,2,LOW
B-002840,C17,2026-09-05,14:00,16:00,0,6,HIGH
B-002841,C17,2026-09-05,16:00,18:00,1,4,MEDIUM
B-002842,C17,2026-09-05,18:00,20:00,0,6,HIGH
B-002843,C17,2026-09-05,20:00,22:00,0,6,HIGH
B-002844,C17,2026-09-05,22:00,00:00,1,4,MEDIUM
B-002845,C18,2026-09-05,00:00,02:00,1,4,MEDIUM
B-002846,C18,2026-09-05,02:00,04:00,1,3,MEDIUM
B-002847,C18,2026-09-05,04:00,06:00,1,2,LOW
B-002848,C18,2026-09-05,06:00,08:00,1,3,MEDIUM
B-002849,C18,2026-09-05,08:00,10:00,1,4,MEDIUM
B-002850,C18,2026-09-05,10:00,12:00,0,6,HIGH
B-002851,C18,2026-09-05,12:00,14:00,1,1,LOW
B-002852,C18,2026-09-05,14:00,16:00,1,3,MEDIUM
B-002853,C18,2026-09-05,16:00,18:00,1,3,MEDIUM
B-002854,C18,2026-09-05,18:00,20:00,0,6,HIGH
B-002855,C18,2026-09-05,20:00,22:00,0,6,HIGH
B-002856,C18,2026-09-05,22:00,00:00,0,7,HIGH
B-002857,C19,2026-09-05,00:00,02:00,0,3,MEDIUM
B-002858,C19,2026-09-05,02:00,04:00,0,5,MEDIUM
B-002859,C19,2026-09-05,04:00,06:00,1,4,MEDIUM
B-002860,C19,2026-09-05,06:00,08:00,1,2,LOW
B-002861,C19,2026-09-05,08:00,10:00,0,8,HIGH
B-002862,C19,2026-09-05,10:00,12:00,0,7,HIGH
B-002863,C19,2026-09-05,12:00,14:00,1,4,MEDIUM
B-002864,C19,2026-09-05,14:00,16:00,0,5,MEDIUM
B-002865,C19,2026-09-05,16:00,18:00,1,2,LOW
B-002866,C19,2026-09-05,18:00,20:00,1,2,LOW
B-002867,C19,2026-09-05,20:00,22:00,1,4,MEDIUM
B-002868,C19,2026-09-05,22:00,00:00,0,2,LOW
B-002869,C20,2026-09-05,00:00,02:00,1,2,LOW
B-002870,C20,2026-09-05,02:00,04:00,1,4,MEDIUM
B-002871,C20,2026-09-05,04:00,06:00,1,3,MEDIUM
B-002872,C20,2026-09-05,06:00,08:00,1,4,MEDIUM
B-002873,C20,2026-09-05,08:00,10:00,0,5,MEDIUM
B-002874,C20,2026-09-05,10:00,12:00,1,2,LOW
B-002875,C20,2026-09-05,12:00,14:00,1,3,MEDIUM
B-002876,C20,2026-09-05,14:00,16:00,0,5,MEDIUM
B-002877,C20,2026-09-05,16:00,18:00,1,4,MEDIUM
B-002878,C20,2026-09-05,18:00,20:00,0,8,HIGH
B-002879,C20,2026-09-05,20:00,22:00,0,8,HIGH
B-002880,C20,2026-09-05,22:00,00:00,0,3,MEDIUM
B-002881,C01,2026-09-06,00:00,02:00,0,6,HIGH
B-002882,C01,2026-09-06,02:00,04:00,1,1,LOW
B-002883,C01,2026-09-06,04:00,06:00,1,3,MEDIUM
B-002884,C01,2026-09-06,06:00,08:00,1,2,LOW
B-002885,C01,2026-09-06,08:00,10:00,0,5,MEDIUM
B-002886,C01,2026-09-06,10:00,12:00,0,5,MEDIUM
B-002887,C01,2026-09-06,12:00,14:00,0,5,MEDIUM
B-002888,C01,2026-09-06,14:00,16:00,1,0,LOW
B-002889,C01,2026-09-06,16:00,18:00,1,1,LOW
B-002890,C01,2026-09-06,18:00,20:00,0,8,HIGH
B-002891,C01,2026-09-06,20:00,22:00,0,6,HIGH
B-002892,C01,2026-09-06,22:00,00:00,1,3,MEDIUM
B-002893,C02,2026-09-06,00:00,02:00,0,5,MEDIUM
B-002894,C02,2026-09-06,02:00,04:00,1,4,MEDIUM
B-002895,C02,2026-09-06,04:00,06:00,1,4,MEDIUM
B-002896,C02,2026-09-06,06:00,08:00,0,2,LOW
B-002897,C02,2026-09-06,08:00,10:00,0,6,HIGH
B-002898,C02,2026-09-06,10:00,12:00,0,6,HIGH
B-002899,C02,2026-09-06,12:00,14:00,0,3,MEDIUM
B-002900,C02,2026-09-06,14:00,16:00,0,3,MEDIUM
B-002901,C02,2026-09-06,16:00,18:00,1,3,MEDIUM
B-002902,C02,2026-09-06,18:00,20:00,1,4,MEDIUM
B-002903,C02,2026-09-06,20:00,22:00,0,10,HIGH
B-002904,C02,2026-09-06,22:00,00:00,1,2,LOW
B-002905,C03,2026-09-06,00:00,02:00,1,3,MEDIUM
B-002906,C03,2026-09-06,02:00,04:00,1,3,MEDIUM
B-002907,C03,2026-09-06,04:00,06:00,1,2,LOW
B-002908,C03,2026-09-06,06:00,08:00,0,8,HIGH
B-002909,C03,2026-09-06,08:00,10:00,1,3,MEDIUM
B-002910,C03,2026-09-06,10:00,12:00,1,4,MEDIUM
B-002911,C03,2026-09-06,12:00,14:00,1,2,LOW
B-002912,C03,2026-09-06,14:00,16:00,1,4,MEDIUM
B-002913,C03,2026-09-06,16:00,18:00,1,4,MEDIUM
B-002914,C03,2026-09-06,18:00,20:00,0,5,MEDIUM
B-002915,C03,2026-09-06,20:00,22:00,1,4,MEDIUM
B-002916,C03,2026-09-06,22:00,00:00,1,1,LOW
B-002917,C04,2026-09-06,00:00,02:00,1,2,LOW
B-002918,C04,2026-09-06,02:00,04:00,0,5,MEDIUM
B-002919,C04,2026-09-06,04:00,06:00,1,0,LOW
B-002920,C04,2026-09-06,06:00,08:00,1,4,MEDIUM
B-002921,C04,2026-09-06,08:00,10:00,1,4,MEDIUM
B-002922,C04,2026-09-06,10:00,12:00,0,6,HIGH
B-002923,C04,2026-09-06,12:00,14:00,1,3,MEDIUM
B-002924,C04,2026-09-06,14:00,16:00,1,4,MEDIUM
B-002925,C04,2026-09-06,16:00,18:00,1,1,LOW
B-002926,C04,2026-09-06,18:00,20:00,0,11,HIGH
B-002927,C04,2026-09-06,20:00,22:00,1,4,MEDIUM
B-002928,C04,2026-09-06,22:00,00:00,1,4,MEDIUM
B-002929,C05,2026-09-06,00:00,02:00,1,3,MEDIUM
B-002930,C05,2026-09-06,02:00,04:00,1,4,MEDIUM
B-002931,C05,2026-09-06,04:00,06:00,1,4,MEDIUM
B-002932,C05,2026-09-06,06:00,08:00,1,3,MEDIUM
B-002933,C05,2026-09-06,08:00,10:00,1,4,MEDIUM
B-002934,C05,2026-09-06,10:00,12:00,1,3,MEDIUM
B-002935,C05,2026-09-06,12:00,14:00,0,5,MEDIUM
B-002936,C05,2026-09-06,14:00,16:00,0,2,LOW
B-002937,C05,2026-09-06,16:00,18:00,1,2,LOW
B-002938,C05,2026-09-06,18:00,20:00,0,6,HIGH
B-002939,C05,2026-09-06,20:00,22:00,0,8,HIGH
B-002940,C05,2026-09-06,22:00,00:00,1,2,LOW
B-002941,C06,2026-09-06,00:00,02:00,1,2,LOW
B-002942,C06,2026-09-06,02:00,04:00,1,1,LOW
B-002943,C06,2026-09-06,04:00,06:00,0,5,MEDIUM
B-002944,C06,2026-09-06,06:00,08:00,1,4,MEDIUM
B-002945,C06,2026-09-06,08:00,10:00,0,7,HIGH
B-002946,C06,2026-09-06,10:00,12:00,0,6,HIGH
B-002947,C06,2026-09-06,12:00,14:00,1,2,LOW
B-002948,C06,2026-09-06,14:00,16:00,0,5,MEDIUM
B-002949,C06,2026-09-06,16:00,18:00,1,2,LOW
B-002950,C06,2026-09-06,18:00,20:00,0,5,MEDIUM
B-002951,C06,2026-09-06,20:00,22:00,1,4,MEDIUM
B-002952,C06,2026-09-06,22:00,00:00,1,0,LOW
B-002953,C07,2026-09-06,00:00,02:00,1,2,LOW
B-002954,C07,2026-09-06,02:00,04:00,1,4,MEDIUM
B-002955,C07,2026-09-06,04:00,06:00,1,4,MEDIUM
B-002956,C07,2026-09-06,06:00,08:00,1,3,MEDIUM
B-002957,C07,2026-09-06,08:00,10:00,0,7,HIGH
B-002958,C07,2026-09-06,10:00,12:00,0,7,HIGH
B-002959,C07,2026-09-06,12:00,14:00,1,3,MEDIUM
B-002960,C07,2026-09-06,14:00,16:00,0,5,MEDIUM
B-002961,C07,2026-09-06,16:00,18:00,1,4,MEDIUM
B-002962,C07,2026-09-06,18:00,20:00,0,5,MEDIUM
B-002963,C07,2026-09-06,20:00,22:00,0,5,MEDIUM
B-002964,C07,2026-09-06,22:00,00:00,1,1,LOW
B-002965,C08,2026-09-06,00:00,02:00,1,1,LOW
B-002966,C08,2026-09-06,02:00,04:00,0,3,MEDIUM
B-002967,C08,2026-09-06,04:00,06:00,0,2,LOW
B-002968,C08,2026-09-06,06:00,08:00,1,1,LOW
B-002969,C08,2026-09-06,08:00,10:00,1,4,MEDIUM
B-002970,C08,2026-09-06,10:00,12:00,0,7,HIGH
B-002971,C08,2026-09-06,12:00,14:00,0,3,MEDIUM
B-002972,C08,2026-09-06,14:00,16:00,1,2,LOW
B-002973,C08,2026-09-06,16:00,18:00,0,6,HIGH
B-002974,C08,2026-09-06,18:00,20:00,0,7,HIGH
B-002975,C08,2026-09-06,20:00,22:00,1,4,MEDIUM
B-002976,C08,2026-09-06,22:00,00:00,1,2,LOW
B-002977,C09,2026-09-06,00:00,02:00,0,8,HIGH
B-002978,C09,2026-09-06,02:00,04:00,1,1,LOW
B-002979,C09,2026-09-06,04:00,06:00,1,2,LOW
B-002980,C09,2026-09-06,06:00,08:00,1,4,MEDIUM
B-002981,C09,2026-09-06,08:00,10:00,0,9,HIGH
B-002982,C09,2026-09-06,10:00,12:00,0,6,HIGH
B-002983,C09,2026-09-06,12:00,14:00,1,4,MEDIUM
B-002984,C09,2026-09-06,14:00,16:00,1,3,MEDIUM
B-002985,C09,2026-09-06,16:00,18:00,1,4,MEDIUM
B-002986,C09,2026-09-06,18:00,20:00,0,5,MEDIUM
B-002987,C09,2026-09-06,20:00,22:00,0,8,HIGH
B-002988,C09,2026-09-06,22:00,00:00,1,2,LOW
B-002989,C10,2026-09-06,00:00,02:00,1,2,LOW
B-002990,C10,2026-09-06,02:00,04:00,1,1,LOW
B-002991,C10,2026-09-06,04:00,06:00,1,4,MEDIUM
B-002992,C10,2026-09-06,06:00,08:00,1,1,LOW
B-002993,C10,2026-09-06,08:00,10:00,1,3,MEDIUM
B-002994,C10,2026-09-06,10:00,12:00,0,5,MEDIUM
B-002995,C10,2026-09-06,12:00,14:00,1,2,LOW
B-002996,C10,2026-09-06,14:00,16:00,1,1,LOW
B-002997,C10,2026-09-06,16:00,18:00,1,4,MEDIUM
B-002998,C10,2026-09-06,18:00,20:00,0,5,MEDIUM
B-002999,C10,2026-09-06,20:00,22:00,0,6,HIGH
B-003000,C10,2026-09-06,22:00,00:00,1,3,MEDIUM
B-003001,C11,2026-09-06,00:00,02:00,1,1,LOW
B-003002,C11,2026-09-06,02:00,04:00,1,4,MEDIUM
B-003003,C11,2026-09-06,04:00,06:00,0,6,HIGH
B-003004,C11,2026-09-06,06:00,08:00,1,2,LOW
B-003005,C11,2026-09-06,08:00,10:00,0,8,HIGH
B-003006,C11,2026-09-06,10:00,12:00,1,4,MEDIUM
B-003007,C11,2026-09-06,12:00,14:00,1,3,MEDIUM
B-003008,C11,2026-09-06,14:00,16:00,1,1,LOW
B-003009,C11,2026-09-06,16:00,18:00,1,2,LOW
B-003010,C11,2026-09-06,18:00,20:00,1,3,MEDIUM
B-003011,C11,2026-09-06,20:00,22:00,0,5,MEDIUM
B-003012,C11,2026-09-06,22:00,00:00,1,2,LOW
B-003013,C12,2026-09-06,00:00,02:00,1,1,LOW
B-003014,C12,2026-09-06,02:00,04:00,1,1,LOW
B-003015,C12,2026-09-06,04:00,06:00,1,1,LOW
B-003016,C12,2026-09-06,06:00,08:00,1,1,LOW
B-003017,C12,2026-09-06,08:00,10:00,0,5,MEDIUM
B-003018,C12,2026-09-06,10:00,12:00,1,3,MEDIUM
B-003019,C12,2026-09-06,12:00,14:00,1,3,MEDIUM
B-003020,C12,2026-09-06,14:00,16:00,0,2,LOW
B-003021,C12,2026-09-06,16:00,18:00,0,2,LOW
B-003022,C12,2026-09-06,18:00,20:00,0,7,HIGH
B-003023,C12,2026-09-06,20:00,22:00,0,9,HIGH
B-003024,C12,2026-09-06,22:00,00:00,1,3,MEDIUM
B-003025,C13,2026-09-06,00:00,02:00,1,1,LOW
B-003026,C13,2026-09-06,02:00,04:00,0,5,MEDIUM
B-003027,C13,2026-09-06,04:00,06:00,1,4,MEDIUM
B-003028,C13,2026-09-06,06:00,08:00,1,3,MEDIUM
B-003029,C13,2026-09-06,08:00,10:00,0,9,HIGH
B-003030,C13,2026-09-06,10:00,12:00,0,5,MEDIUM
B-003031,C13,2026-09-06,12:00,14:00,1,4,MEDIUM
B-003032,C13,2026-09-06,14:00,16:00,1,1,LOW
B-003033,C13,2026-09-06,16:00,18:00,0,3,MEDIUM
B-003034,C13,2026-09-06,18:00,20:00,0,5,MEDIUM
B-003035,C13,2026-09-06,20:00,22:00,1,3,MEDIUM
B-003036,C13,2026-09-06,22:00,00:00,1,2,LOW
B-003037,C14,2026-09-06,00:00,02:00,1,2,LOW
B-003038,C14,2026-09-06,02:00,04:00,1,0,LOW
B-003039,C14,2026-09-06,04:00,06:00,1,3,MEDIUM
B-003040,C14,2026-09-06,06:00,08:00,1,3,MEDIUM
B-003041,C14,2026-09-06,08:00,10:00,0,6,HIGH
B-003042,C14,2026-09-06,10:00,12:00,0,10,HIGH
B-003043,C14,2026-09-06,12:00,14:00,0,8,HIGH
B-003044,C14,2026-09-06,14:00,16:00,0,1,LOW
B-003045,C14,2026-09-06,16:00,18:00,1,0,LOW
B-003046,C14,2026-09-06,18:00,20:00,0,6,HIGH
B-003047,C14,2026-09-06,20:00,22:00,0,8,HIGH
B-003048,C14,2026-09-06,22:00,00:00,0,4,MEDIUM
B-003049,C15,2026-09-06,00:00,02:00,1,4,MEDIUM
B-003050,C15,2026-09-06,02:00,04:00,1,4,MEDIUM
B-003051,C15,2026-09-06,04:00,06:00,0,2,LOW
B-003052,C15,2026-09-06,06:00,08:00,0,5,MEDIUM
B-003053,C15,2026-09-06,08:00,10:00,0,5,MEDIUM
B-003054,C15,2026-09-06,10:00,12:00,0,3,MEDIUM
B-003055,C15,2026-09-06,12:00,14:00,0,4,MEDIUM
B-003056,C15,2026-09-06,14:00,16:00,1,0,LOW
B-003057,C15,2026-09-06,16:00,18:00,1,4,MEDIUM
B-003058,C15,2026-09-06,18:00,20:00,1,4,MEDIUM
B-003059,C15,2026-09-06,20:00,22:00,0,7,HIGH
B-003060,C15,2026-09-06,22:00,00:00,1,1,LOW
B-003061,C16,2026-09-06,00:00,02:00,1,2,LOW
B-003062,C16,2026-09-06,02:00,04:00,1,1,LOW
B-003063,C16,2026-09-06,04:00,06:00,1,2,LOW
B-003064,C16,2026-09-06,06:00,08:00,1,1,LOW
B-003065,C16,2026-09-06,08:00,10:00,0,5,MEDIUM
B-003066,C16,2026-09-06,10:00,12:00,0,5,MEDIUM
B-003067,C16,2026-09-06,12:00,14:00,1,3,MEDIUM
B-003068,C16,2026-09-06,14:00,16:00,1,0,LOW
B-003069,C16,2026-09-06,16:00,18:00,0,6,HIGH
B-003070,C16,2026-09-06,18:00,20:00,1,2,LOW
B-003071,C16,2026-09-06,20:00,22:00,0,7,HIGH
B-003072,C16,2026-09-06,22:00,00:00,1,1,LOW
B-003073,C17,2026-09-06,00:00,02:00,1,1,LOW
B-003074,C17,2026-09-06,02:00,04:00,1,1,LOW
B-003075,C17,2026-09-06,04:00,06:00,1,2,LOW
B-003076,C17,2026-09-06,06:00,08:00,0,6,HIGH
B-003077,C17,2026-09-06,08:00,10:00,0,6,HIGH
B-003078,C17,2026-09-06,10:00,12:00,0,7,HIGH
B-003079,C17,2026-09-06,12:00,14:00,1,0,LOW
B-003080,C17,2026-09-06,14:00,16:00,1,2,LOW
B-003081,C17,2026-09-06,16:00,18:00,1,2,LOW
B-003082,C17,2026-09-06,18:00,20:00,0,11,HIGH
B-003083,C17,2026-09-06,20:00,22:00,0,7,HIGH
B-003084,C17,2026-09-06,22:00,00:00,1,3,MEDIUM
B-003085,C18,2026-09-06,00:00,02:00,1,2,LOW
B-003086,C18,2026-09-06,02:00,04:00,1,1,LOW
B-003087,C18,2026-09-06,04:00,06:00,1,4,MEDIUM
B-003088,C18,2026-09-06,06:00,08:00,1,2,LOW
B-003089,C18,2026-09-06,08:00,10:00,0,5,MEDIUM
B-003090,C18,2026-09-06,10:00,12:00,0,10,HIGH
B-003091,C18,2026-09-06,12:00,14:00,0,3,MEDIUM
B-003092,C18,2026-09-06,14:00,16:00,1,2,LOW
B-003093,C18,2026-09-06,16:00,18:00,0,3,MEDIUM
B-003094,C18,2026-09-06,18:00,20:00,1,2,LOW
B-003095,C18,2026-09-06,20:00,22:00,1,4,MEDIUM
B-003096,C18,2026-09-06,22:00,00:00,0,5,MEDIUM
B-003097,C19,2026-09-06,00:00,02:00,1,3,MEDIUM
B-003098,C19,2026-09-06,02:00,04:00,1,1,LOW
B-003099,C19,2026-09-06,04:00,06:00,0,5,MEDIUM
B-003100,C19,2026-09-06,06:00,08:00,1,1,LOW
B-003101,C19,2026-09-06,08:00,10:00,0,5,MEDIUM
B-003102,C19,2026-09-06,10:00,12:00,0,8,HIGH
B-003103,C19,2026-09-06,12:00,14:00,1,2,LOW
B-003104,C19,2026-09-06,14:00,16:00,0,5,MEDIUM
B-003105,C19,2026-09-06,16:00,18:00,1,4,MEDIUM
B-003106,C19,2026-09-06,18:00,20:00,0,8,HIGH
B-003107,C19,2026-09-06,20:00,22:00,0,5,MEDIUM
B-003108,C19,2026-09-06,22:00,00:00,1,1,LOW
B-003109,C20,2026-09-06,00:00,02:00,1,4,MEDIUM
B-003110,C20,2026-09-06,02:00,04:00,1,2,LOW
B-003111,C20,2026-09-06,04:00,06:00,1,1,LOW
B-003112,C20,2026-09-06,06:00,08:00,1,3,MEDIUM
B-003113,C20,2026-09-06,08:00,10:00,1,4,MEDIUM
B-003114,C20,2026-09-06,10:00,12:00,0,6,HIGH
B-003115,C20,2026-09-06,12:00,14:00,1,3,MEDIUM
B-003116,C20,2026-09-06,14:00,16:00,1,2,LOW
B-003117,C20,2026-09-06,16:00,18:00,1,3,MEDIUM
B-003118,C20,2026-09-06,18:00,20:00,0,7,HIGH
B-003119,C20,2026-09-06,20:00,22:00,0,6,HIGH
B-003120,C20,2026-09-06,22:00,00:00,1,2,LOW
B-003121,C01,2026-09-07,00:00,02:00,1,1,LOW
B-003122,C01,2026-09-07,02:00,04:00,1,0,LOW
B-003123,C01,2026-09-07,04:00,06:00,0,5,MEDIUM
B-003124,C01,2026-09-07,06:00,08:00,1,3,MEDIUM
B-003125,C01,2026-09-07,08:00,10:00,0,9,HIGH
B-003126,C01,2026-09-07,10:00,12:00,0,8,HIGH
B-003127,C01,2026-09-07,12:00,14:00,1,0,LOW
B-003128,C01,2026-09-07,14:00,16:00,1,2,LOW
B-003129,C01,2026-09-07,16:00,18:00,1,3,MEDIUM
B-003130,C01,2026-09-07,18:00,20:00,0,6,HIGH
B-003131,C01,2026-09-07,20:00,22:00,0,5,MEDIUM
B-003132,C01,2026-09-07,22:00,00:00,1,2,LOW
B-003133,C02,2026-09-07,00:00,02:00,1,0,LOW
B-003134,C02,2026-09-07,02:00,04:00,1,1,LOW
B-003135,C02,2026-09-07,04:00,06:00,1,1,LOW
B-003136,C02,2026-09-07,06:00,08:00,1,3,MEDIUM
B-003137,C02,2026-09-07,08:00,10:00,0,7,HIGH
B-003138,C02,2026-09-07,10:00,12:00,0,6,HIGH
B-003139,C02,2026-09-07,12:00,14:00,1,4,MEDIUM
B-003140,C02,2026-09-07,14:00,16:00,0,4,MEDIUM
B-003141,C02,2026-09-07,16:00,18:00,0,2,LOW
B-003142,C02,2026-09-07,18:00,20:00,0,9,HIGH
B-003143,C02,2026-09-07,20:00,22:00,0,6,HIGH
B-003144,C02,2026-09-07,22:00,00:00,1,1,LOW
B-003145,C03,2026-09-07,00:00,02:00,1,2,LOW
B-003146,C03,2026-09-07,02:00,04:00,1,3,MEDIUM
B-003147,C03,2026-09-07,04:00,06:00,1,2,LOW
B-003148,C03,2026-09-07,06:00,08:00,1,0,LOW
B-003149,C03,2026-09-07,08:00,10:00,1,4,MEDIUM
B-003150,C03,2026-09-07,10:00,12:00,0,9,HIGH
B-003151,C03,2026-09-07,12:00,14:00,0,5,MEDIUM
B-003152,C03,2026-09-07,14:00,16:00,1,1,LOW
B-003153,C03,2026-09-07,16:00,18:00,1,3,MEDIUM
B-003154,C03,2026-09-07,18:00,20:00,0,10,HIGH
B-003155,C03,2026-09-07,20:00,22:00,0,8,HIGH
B-003156,C03,2026-09-07,22:00,00:00,0,5,MEDIUM
B-003157,C04,2026-09-07,00:00,02:00,1,2,LOW
B-003158,C04,2026-09-07,02:00,04:00,0,0,LOW
B-003159,C04,2026-09-07,04:00,06:00,1,3,MEDIUM
B-003160,C04,2026-09-07,06:00,08:00,0,2,LOW
B-003161,C04,2026-09-07,08:00,10:00,0,7,HIGH
B-003162,C04,2026-09-07,10:00,12:00,0,9,HIGH
B-003163,C04,2026-09-07,12:00,14:00,1,4,MEDIUM
B-003164,C04,2026-09-07,14:00,16:00,0,5,MEDIUM
B-003165,C04,2026-09-07,16:00,18:00,1,2,LOW
B-003166,C04,2026-09-07,18:00,20:00,0,8,HIGH
B-003167,C04,2026-09-07,20:00,22:00,0,6,HIGH
B-003168,C04,2026-09-07,22:00,00:00,0,7,HIGH
B-003169,C05,2026-09-07,00:00,02:00,0,5,MEDIUM
B-003170,C05,2026-09-07,02:00,04:00,1,3,MEDIUM
B-003171,C05,2026-09-07,04:00,06:00,1,1,LOW
B-003172,C05,2026-09-07,06:00,08:00,1,3,MEDIUM
B-003173,C05,2026-09-07,08:00,10:00,0,7,HIGH
B-003174,C05,2026-09-07,10:00,12:00,0,6,HIGH
B-003175,C05,2026-09-07,12:00,14:00,1,2,LOW
B-003176,C05,2026-09-07,14:00,16:00,1,2,LOW
B-003177,C05,2026-09-07,16:00,18:00,1,3,MEDIUM
B-003178,C05,2026-09-07,18:00,20:00,0,5,MEDIUM
B-003179,C05,2026-09-07,20:00,22:00,1,4,MEDIUM
B-003180,C05,2026-09-07,22:00,00:00,1,1,LOW
B-003181,C06,2026-09-07,00:00,02:00,1,4,MEDIUM
B-003182,C06,2026-09-07,02:00,04:00,1,1,LOW
B-003183,C06,2026-09-07,04:00,06:00,0,1,LOW
B-003184,C06,2026-09-07,06:00,08:00,1,1,LOW
B-003185,C06,2026-09-07,08:00,10:00,0,8,HIGH
B-003186,C06,2026-09-07,10:00,12:00,0,5,MEDIUM
B-003187,C06,2026-09-07,12:00,14:00,1,4,MEDIUM
B-003188,C06,2026-09-07,14:00,16:00,1,2,LOW
B-003189,C06,2026-09-07,16:00,18:00,0,5,MEDIUM
B-003190,C06,2026-09-07,18:00,20:00,0,8,HIGH
B-003191,C06,2026-09-07,20:00,22:00,0,5,MEDIUM
B-003192,C06,2026-09-07,22:00,00:00,1,3,MEDIUM
B-003193,C07,2026-09-07,00:00,02:00,0,3,MEDIUM
B-003194,C07,2026-09-07,02:00,04:00,1,2,LOW
B-003195,C07,2026-09-07,04:00,06:00,1,2,LOW
B-003196,C07,2026-09-07,06:00,08:00,1,2,LOW
B-003197,C07,2026-09-07,08:00,10:00,0,9,HIGH
B-003198,C07,2026-09-07,10:00,12:00,0,9,HIGH
B-003199,C07,2026-09-07,12:00,14:00,1,1,LOW
B-003200,C07,2026-09-07,14:00,16:00,1,2,LOW
B-003201,C07,2026-09-07,16:00,18:00,0,1,LOW
B-003202,C07,2026-09-07,18:00,20:00,0,7,HIGH
B-003203,C07,2026-09-07,20:00,22:00,0,6,HIGH
B-003204,C07,2026-09-07,22:00,00:00,1,1,LOW
B-003205,C08,2026-09-07,00:00,02:00,0,6,HIGH
B-003206,C08,2026-09-07,02:00,04:00,1,0,LOW
B-003207,C08,2026-09-07,04:00,06:00,1,3,MEDIUM
B-003208,C08,2026-09-07,06:00,08:00,1,4,MEDIUM
B-003209,C08,2026-09-07,08:00,10:00,0,7,HIGH
B-003210,C08,2026-09-07,10:00,12:00,0,8,HIGH
B-003211,C08,2026-09-07,12:00,14:00,1,4,MEDIUM
B-003212,C08,2026-09-07,14:00,16:00,1,4,MEDIUM
B-003213,C08,2026-09-07,16:00,18:00,1,3,MEDIUM
B-003214,C08,2026-09-07,18:00,20:00,0,7,HIGH
B-003215,C08,2026-09-07,20:00,22:00,1,3,MEDIUM
B-003216,C08,2026-09-07,22:00,00:00,1,2,LOW
B-003217,C09,2026-09-07,00:00,02:00,1,3,MEDIUM
B-003218,C09,2026-09-07,02:00,04:00,0,5,MEDIUM
B-003219,C09,2026-09-07,04:00,06:00,1,0,LOW
B-003220,C09,2026-09-07,06:00,08:00,1,4,MEDIUM
B-003221,C09,2026-09-07,08:00,10:00,1,3,MEDIUM
B-003222,C09,2026-09-07,10:00,12:00,0,6,HIGH
B-003223,C09,2026-09-07,12:00,14:00,1,1,LOW
B-003224,C09,2026-09-07,14:00,16:00,1,4,MEDIUM
B-003225,C09,2026-09-07,16:00,18:00,1,3,MEDIUM
B-003226,C09,2026-09-07,18:00,20:00,0,5,MEDIUM
B-003227,C09,2026-09-07,20:00,22:00,0,8,HIGH
B-003228,C09,2026-09-07,22:00,00:00,1,4,MEDIUM
B-003229,C10,2026-09-07,00:00,02:00,1,0,LOW
B-003230,C10,2026-09-07,02:00,04:00,1,2,LOW
B-003231,C10,2026-09-07,04:00,06:00,0,1,LOW
B-003232,C10,2026-09-07,06:00,08:00,1,2,LOW
B-003233,C10,2026-09-07,08:00,10:00,0,9,HIGH
B-003234,C10,2026-09-07,10:00,12:00,0,7,HIGH
B-003235,C10,2026-09-07,12:00,14:00,1,3,MEDIUM
B-003236,C10,2026-09-07,14:00,16:00,1,2,LOW
B-003237,C10,2026-09-07,16:00,18:00,1,2,LOW
B-003238,C10,2026-09-07,18:00,20:00,0,6,HIGH
B-003239,C10,2026-09-07,20:00,22:00,0,5,MEDIUM
B-003240,C10,2026-09-07,22:00,00:00,1,0,LOW
B-003241,C11,2026-09-07,00:00,02:00,1,2,LOW
B-003242,C11,2026-09-07,02:00,04:00,1,3,MEDIUM
B-003243,C11,2026-09-07,04:00,06:00,1,3,MEDIUM
B-003244,C11,2026-09-07,06:00,08:00,1,3,MEDIUM
B-003245,C11,2026-09-07,08:00,10:00,0,5,MEDIUM
B-003246,C11,2026-09-07,10:00,12:00,0,8,HIGH
B-003247,C11,2026-09-07,12:00,14:00,0,5,MEDIUM
B-003248,C11,2026-09-07,14:00,16:00,1,3,MEDIUM
B-003249,C11,2026-09-07,16:00,18:00,0,6,HIGH
B-003250,C11,2026-09-07,18:00,20:00,0,8,HIGH
B-003251,C11,2026-09-07,20:00,22:00,0,6,HIGH
B-003252,C11,2026-09-07,22:00,00:00,1,3,MEDIUM
B-003253,C12,2026-09-07,00:00,02:00,0,5,MEDIUM
B-003254,C12,2026-09-07,02:00,04:00,0,2,LOW
B-003255,C12,2026-09-07,04:00,06:00,0,5,MEDIUM
B-003256,C12,2026-09-07,06:00,08:00,0,5,MEDIUM
B-003257,C12,2026-09-07,08:00,10:00,0,6,HIGH
B-003258,C12,2026-09-07,10:00,12:00,0,11,HIGH
B-003259,C12,2026-09-07,12:00,14:00,1,2,LOW
B-003260,C12,2026-09-07,14:00,16:00,1,3,MEDIUM
B-003261,C12,2026-09-07,16:00,18:00,1,2,LOW
B-003262,C12,2026-09-07,18:00,20:00,0,7,HIGH
B-003263,C12,2026-09-07,20:00,22:00,0,5,MEDIUM
B-003264,C12,2026-09-07,22:00,00:00,1,0,LOW
B-003265,C13,2026-09-07,00:00,02:00,1,1,LOW
B-003266,C13,2026-09-07,02:00,04:00,1,4,MEDIUM
B-003267,C13,2026-09-07,04:00,06:00,1,0,LOW
B-003268,C13,2026-09-07,06:00,08:00,1,1,LOW
B-003269,C13,2026-09-07,08:00,10:00,0,6,HIGH
B-003270,C13,2026-09-07,10:00,12:00,0,5,MEDIUM
B-003271,C13,2026-09-07,12:00,14:00,1,1,LOW
B-003272,C13,2026-09-07,14:00,16:00,1,4,MEDIUM
B-003273,C13,2026-09-07,16:00,18:00,1,3,MEDIUM
B-003274,C13,2026-09-07,18:00,20:00,1,4,MEDIUM
B-003275,C13,2026-09-07,20:00,22:00,0,6,HIGH
B-003276,C13,2026-09-07,22:00,00:00,1,0,LOW
B-003277,C14,2026-09-07,00:00,02:00,1,3,MEDIUM
B-003278,C14,2026-09-07,02:00,04:00,1,2,LOW
B-003279,C14,2026-09-07,04:00,06:00,1,3,MEDIUM
B-003280,C14,2026-09-07,06:00,08:00,1,3,MEDIUM
B-003281,C14,2026-09-07,08:00,10:00,1,4,MEDIUM
B-003282,C14,2026-09-07,10:00,12:00,0,9,HIGH
B-003283,C14,2026-09-07,12:00,14:00,1,2,LOW
B-003284,C14,2026-09-07,14:00,16:00,1,3,MEDIUM
B-003285,C14,2026-09-07,16:00,18:00,1,2,LOW
B-003286,C14,2026-09-07,18:00,20:00,1,4,MEDIUM
B-003287,C14,2026-09-07,20:00,22:00,1,2,LOW
B-003288,C14,2026-09-07,22:00,00:00,1,2,LOW
B-003289,C15,2026-09-07,00:00,02:00,1,1,LOW
B-003290,C15,2026-09-07,02:00,04:00,1,4,MEDIUM
B-003291,C15,2026-09-07,04:00,06:00,0,3,MEDIUM
B-003292,C15,2026-09-07,06:00,08:00,1,3,MEDIUM
B-003293,C15,2026-09-07,08:00,10:00,0,5,MEDIUM
B-003294,C15,2026-09-07,10:00,12:00,0,9,HIGH
B-003295,C15,2026-09-07,12:00,14:00,1,2,LOW
B-003296,C15,2026-09-07,14:00,16:00,1,2,LOW
B-003297,C15,2026-09-07,16:00,18:00,0,6,HIGH
B-003298,C15,2026-09-07,18:00,20:00,0,5,MEDIUM
B-003299,C15,2026-09-07,20:00,22:00,0,8,HIGH
B-003300,C15,2026-09-07,22:00,00:00,1,1,LOW
B-003301,C16,2026-09-07,00:00,02:00,1,0,LOW
B-003302,C16,2026-09-07,02:00,04:00,0,2,LOW
B-003303,C16,2026-09-07,04:00,06:00,0,5,MEDIUM
B-003304,C16,2026-09-07,06:00,08:00,1,3,MEDIUM
B-003305,C16,2026-09-07,08:00,10:00,0,9,HIGH
B-003306,C16,2026-09-07,10:00,12:00,0,9,HIGH
B-003307,C16,2026-09-07,12:00,14:00,1,3,MEDIUM
B-003308,C16,2026-09-07,14:00,16:00,1,3,MEDIUM
B-003309,C16,2026-09-07,16:00,18:00,1,1,LOW
B-003310,C16,2026-09-07,18:00,20:00,0,5,MEDIUM
B-003311,C16,2026-09-07,20:00,22:00,0,6,HIGH
B-003312,C16,2026-09-07,22:00,00:00,1,1,LOW
B-003313,C17,2026-09-07,00:00,02:00,1,3,MEDIUM
B-003314,C17,2026-09-07,02:00,04:00,1,4,MEDIUM
B-003315,C17,2026-09-07,04:00,06:00,0,2,LOW
B-003316,C17,2026-09-07,06:00,08:00,0,5,MEDIUM
B-003317,C17,2026-09-07,08:00,10:00,0,6,HIGH
B-003318,C17,2026-09-07,10:00,12:00,0,5,MEDIUM
B-003319,C17,2026-09-07,12:00,14:00,1,1,LOW
B-003320,C17,2026-09-07,14:00,16:00,1,1,LOW
B-003321,C17,2026-09-07,16:00,18:00,1,4,MEDIUM
B-003322,C17,2026-09-07,18:00,20:00,1,3,MEDIUM
B-003323,C17,2026-09-07,20:00,22:00,0,9,HIGH
B-003324,C17,2026-09-07,22:00,00:00,1,2,LOW
B-003325,C18,2026-09-07,00:00,02:00,1,2,LOW
B-003326,C18,2026-09-07,02:00,04:00,0,6,HIGH
B-003327,C18,2026-09-07,04:00,06:00,1,3,MEDIUM
B-003328,C18,2026-09-07,06:00,08:00,0,8,HIGH
B-003329,C18,2026-09-07,08:00,10:00,0,5,MEDIUM
B-003330,C18,2026-09-07,10:00,12:00,0,7,HIGH
B-003331,C18,2026-09-07,12:00,14:00,1,1,LOW
B-003332,C18,2026-09-07,14:00,16:00,1,1,LOW
B-003333,C18,2026-09-07,16:00,18:00,1,4,MEDIUM
B-003334,C18,2026-09-07,18:00,20:00,0,10,HIGH
B-003335,C18,2026-09-07,20:00,22:00,0,5,MEDIUM
B-003336,C18,2026-09-07,22:00,00:00,1,2,LOW
B-003337,C19,2026-09-07,00:00,02:00,1,3,MEDIUM
B-003338,C19,2026-09-07,02:00,04:00,1,4,MEDIUM
B-003339,C19,2026-09-07,04:00,06:00,1,1,LOW
B-003340,C19,2026-09-07,06:00,08:00,1,1,LOW
B-003341,C19,2026-09-07,08:00,10:00,0,5,MEDIUM
B-003342,C19,2026-09-07,10:00,12:00,1,4,MEDIUM
B-003343,C19,2026-09-07,12:00,14:00,0,6,HIGH
B-003344,C19,2026-09-07,14:00,16:00,1,2,LOW
B-003345,C19,2026-09-07,16:00,18:00,1,3,MEDIUM
B-003346,C19,2026-09-07,18:00,20:00,0,7,HIGH
B-003347,C19,2026-09-07,20:00,22:00,0,9,HIGH
B-003348,C19,2026-09-07,22:00,00:00,0,5,MEDIUM
B-003349,C20,2026-09-07,00:00,02:00,1,2,LOW
B-003350,C20,2026-09-07,02:00,04:00,1,1,LOW
B-003351,C20,2026-09-07,04:00,06:00,1,4,MEDIUM
B-003352,C20,2026-09-07,06:00,08:00,1,3,MEDIUM
B-003353,C20,2026-09-07,08:00,10:00,0,11,HIGH
B-003354,C20,2026-09-07,10:00,12:00,0,5,MEDIUM
B-003355,C20,2026-09-07,12:00,14:00,1,1,LOW
B-003356,C20,2026-09-07,14:00,16:00,1,2,LOW
B-003357,C20,2026-09-07,16:00,18:00,1,1,LOW
B-003358,C20,2026-09-07,18:00,20:00,1,4,MEDIUM
B-003359,C20,2026-09-07,20:00,22:00,0,5,MEDIUM
B-003360,C20,2026-09-07,22:00,00:00,0,5,MEDIUM
B-003361,C01,2026-09-08,00:00,02:00,0,1,LOW
B-003362,C01,2026-09-08,02:00,04:00,1,2,LOW
B-003363,C01,2026-09-08,04:00,06:00,1,1,LOW
B-003364,C01,2026-09-08,06:00,08:00,1,3,MEDIUM
B-003365,C01,2026-09-08,08:00,10:00,0,5,MEDIUM
B-003366,C01,2026-09-08,10:00,12:00,0,5,MEDIUM
B-003367,C01,2026-09-08,12:00,14:00,1,3,MEDIUM
B-003368,C01,2026-09-08,14:00,16:00,1,2,LOW
B-003369,C01,2026-09-08,16:00,18:00,1,3,MEDIUM
B-003370,C01,2026-09-08,18:00,20:00,0,7,HIGH
B-003371,C01,2026-09-08,20:00,22:00,0,9,HIGH
B-003372,C01,2026-09-08,22:00,00:00,1,1,LOW
B-003373,C02,2026-09-08,00:00,02:00,0,5,MEDIUM
B-003374,C02,2026-09-08,02:00,04:00,1,1,LOW
B-003375,C02,2026-09-08,04:00,06:00,1,1,LOW
B-003376,C02,2026-09-08,06:00,08:00,0,5,MEDIUM
B-003377,C02,2026-09-08,08:00,10:00,0,5,MEDIUM
B-003378,C02,2026-09-08,10:00,12:00,0,5,MEDIUM
B-003379,C02,2026-09-08,12:00,14:00,1,4,MEDIUM
B-003380,C02,2026-09-08,14:00,16:00,1,2,LOW
B-003381,C02,2026-09-08,16:00,18:00,0,0,LOW
B-003382,C02,2026-09-08,18:00,20:00,1,3,MEDIUM
B-003383,C02,2026-09-08,20:00,22:00,0,7,HIGH
B-003384,C02,2026-09-08,22:00,00:00,1,4,MEDIUM
B-003385,C03,2026-09-08,00:00,02:00,1,2,LOW
B-003386,C03,2026-09-08,02:00,04:00,1,3,MEDIUM
B-003387,C03,2026-09-08,04:00,06:00,0,5,MEDIUM
B-003388,C03,2026-09-08,06:00,08:00,1,2,LOW
B-003389,C03,2026-09-08,08:00,10:00,0,5,MEDIUM
B-003390,C03,2026-09-08,10:00,12:00,0,6,HIGH
B-003391,C03,2026-09-08,12:00,14:00,1,3,MEDIUM
B-003392,C03,2026-09-08,14:00,16:00,0,8,HIGH
B-003393,C03,2026-09-08,16:00,18:00,0,5,MEDIUM
B-003394,C03,2026-09-08,18:00,20:00,0,7,HIGH
B-003395,C03,2026-09-08,20:00,22:00,1,4,MEDIUM
B-003396,C03,2026-09-08,22:00,00:00,1,2,LOW
B-003397,C04,2026-09-08,00:00,02:00,1,2,LOW
B-003398,C04,2026-09-08,02:00,04:00,1,4,MEDIUM
B-003399,C04,2026-09-08,04:00,06:00,1,0,LOW
B-003400,C04,2026-09-08,06:00,08:00,1,1,LOW
B-003401,C04,2026-09-08,08:00,10:00,0,8,HIGH
B-003402,C04,2026-09-08,10:00,12:00,1,4,MEDIUM
B-003403,C04,2026-09-08,12:00,14:00,1,1,LOW
B-003404,C04,2026-09-08,14:00,16:00,1,3,MEDIUM
B-003405,C04,2026-09-08,16:00,18:00,1,2,LOW
B-003406,C04,2026-09-08,18:00,20:00,0,9,HIGH
B-003407,C04,2026-09-08,20:00,22:00,0,10,HIGH
B-003408,C04,2026-09-08,22:00,00:00,1,2,LOW
B-003409,C05,2026-09-08,00:00,02:00,1,3,MEDIUM
B-003410,C05,2026-09-08,02:00,04:00,1,3,MEDIUM
B-003411,C05,2026-09-08,04:00,06:00,1,0,LOW
B-003412,C05,2026-09-08,06:00,08:00,1,2,LOW
B-003413,C05,2026-09-08,08:00,10:00,0,6,HIGH
B-003414,C05,2026-09-08,10:00,12:00,0,9,HIGH
B-003415,C05,2026-09-08,12:00,14:00,1,4,MEDIUM
B-003416,C05,2026-09-08,14:00,16:00,1,3,MEDIUM
B-003417,C05,2026-09-08,16:00,18:00,1,3,MEDIUM
B-003418,C05,2026-09-08,18:00,20:00,0,2,LOW
B-003419,C05,2026-09-08,20:00,22:00,0,6,HIGH
B-003420,C05,2026-09-08,22:00,00:00,1,2,LOW
B-003421,C06,2026-09-08,00:00,02:00,1,2,LOW
B-003422,C06,2026-09-08,02:00,04:00,0,5,MEDIUM
B-003423,C06,2026-09-08,04:00,06:00,1,3,MEDIUM
B-003424,C06,2026-09-08,06:00,08:00,1,2,LOW
B-003425,C06,2026-09-08,08:00,10:00,0,8,HIGH
B-003426,C06,2026-09-08,10:00,12:00,0,6,HIGH
B-003427,C06,2026-09-08,12:00,14:00,1,2,LOW
B-003428,C06,2026-09-08,14:00,16:00,1,4,MEDIUM
B-003429,C06,2026-09-08,16:00,18:00,1,3,MEDIUM
B-003430,C06,2026-09-08,18:00,20:00,0,7,HIGH
B-003431,C06,2026-09-08,20:00,22:00,0,7,HIGH
B-003432,C06,2026-09-08,22:00,00:00,0,7,HIGH
B-003433,C07,2026-09-08,00:00,02:00,1,3,MEDIUM
B-003434,C07,2026-09-08,02:00,04:00,1,4,MEDIUM
B-003435,C07,2026-09-08,04:00,06:00,1,3,MEDIUM
B-003436,C07,2026-09-08,06:00,08:00,1,2,LOW
B-003437,C07,2026-09-08,08:00,10:00,1,4,MEDIUM
B-003438,C07,2026-09-08,10:00,12:00,0,9,HIGH
B-003439,C07,2026-09-08,12:00,14:00,0,3,MEDIUM
B-003440,C07,2026-09-08,14:00,16:00,1,0,LOW
B-003441,C07,2026-09-08,16:00,18:00,0,7,HIGH
B-003442,C07,2026-09-08,18:00,20:00,0,6,HIGH
B-003443,C07,2026-09-08,20:00,22:00,1,3,MEDIUM
B-003444,C07,2026-09-08,22:00,00:00,1,2,LOW
B-003445,C08,2026-09-08,00:00,02:00,1,1,LOW
B-003446,C08,2026-09-08,02:00,04:00,1,3,MEDIUM
B-003447,C08,2026-09-08,04:00,06:00,1,1,LOW
B-003448,C08,2026-09-08,06:00,08:00,1,2,LOW
B-003449,C08,2026-09-08,08:00,10:00,0,6,HIGH
B-003450,C08,2026-09-08,10:00,12:00,0,6,HIGH
B-003451,C08,2026-09-08,12:00,14:00,0,5,MEDIUM
B-003452,C08,2026-09-08,14:00,16:00,1,1,LOW
B-003453,C08,2026-09-08,16:00,18:00,1,4,MEDIUM
B-003454,C08,2026-09-08,18:00,20:00,1,3,MEDIUM
B-003455,C08,2026-09-08,20:00,22:00,0,6,HIGH
B-003456,C08,2026-09-08,22:00,00:00,1,4,MEDIUM
B-003457,C09,2026-09-08,00:00,02:00,1,4,MEDIUM
B-003458,C09,2026-09-08,02:00,04:00,0,7,HIGH
B-003459,C09,2026-09-08,04:00,06:00,1,1,LOW
B-003460,C09,2026-09-08,06:00,08:00,1,3,MEDIUM
B-003461,C09,2026-09-08,08:00,10:00,0,8,HIGH
B-003462,C09,2026-09-08,10:00,12:00,0,5,MEDIUM
B-003463,C09,2026-09-08,12:00,14:00,0,2,LOW
B-003464,C09,2026-09-08,14:00,16:00,1,4,MEDIUM
B-003465,C09,2026-09-08,16:00,18:00,0,4,MEDIUM
B-003466,C09,2026-09-08,18:00,20:00,0,7,HIGH
B-003467,C09,2026-09-08,20:00,22:00,0,5,MEDIUM
B-003468,C09,2026-09-08,22:00,00:00,1,0,LOW
B-003469,C10,2026-09-08,00:00,02:00,1,1,LOW
B-003470,C10,2026-09-08,02:00,04:00,0,5,MEDIUM
B-003471,C10,2026-09-08,04:00,06:00,1,2,LOW
B-003472,C10,2026-09-08,06:00,08:00,1,2,LOW
B-003473,C10,2026-09-08,08:00,10:00,1,3,MEDIUM
B-003474,C10,2026-09-08,10:00,12:00,1,4,MEDIUM
B-003475,C10,2026-09-08,12:00,14:00,1,2,LOW
B-003476,C10,2026-09-08,14:00,16:00,1,4,MEDIUM
B-003477,C10,2026-09-08,16:00,18:00,1,0,LOW
B-003478,C10,2026-09-08,18:00,20:00,0,5,MEDIUM
B-003479,C10,2026-09-08,20:00,22:00,0,10,HIGH
B-003480,C10,2026-09-08,22:00,00:00,1,2,LOW
B-003481,C11,2026-09-08,00:00,02:00,1,3,MEDIUM
B-003482,C11,2026-09-08,02:00,04:00,1,2,LOW
B-003483,C11,2026-09-08,04:00,06:00,1,1,LOW
B-003484,C11,2026-09-08,06:00,08:00,1,1,LOW
B-003485,C11,2026-09-08,08:00,10:00,0,6,HIGH
B-003486,C11,2026-09-08,10:00,12:00,0,9,HIGH
B-003487,C11,2026-09-08,12:00,14:00,1,2,LOW
B-003488,C11,2026-09-08,14:00,16:00,1,2,LOW
B-003489,C11,2026-09-08,16:00,18:00,0,5,MEDIUM
B-003490,C11,2026-09-08,18:00,20:00,0,6,HIGH
B-003491,C11,2026-09-08,20:00,22:00,0,5,MEDIUM
B-003492,C11,2026-09-08,22:00,00:00,1,4,MEDIUM
B-003493,C12,2026-09-08,00:00,02:00,1,1,LOW
B-003494,C12,2026-09-08,02:00,04:00,1,2,LOW
B-003495,C12,2026-09-08,04:00,06:00,0,6,HIGH
B-003496,C12,2026-09-08,06:00,08:00,0,5,MEDIUM
B-003497,C12,2026-09-08,08:00,10:00,0,5,MEDIUM
B-003498,C12,2026-09-08,10:00,12:00,1,3,MEDIUM
B-003499,C12,2026-09-08,12:00,14:00,1,4,MEDIUM
B-003500,C12,2026-09-08,14:00,16:00,1,2,LOW
B-003501,C12,2026-09-08,16:00,18:00,1,2,LOW
B-003502,C12,2026-09-08,18:00,20:00,0,9,HIGH
B-003503,C12,2026-09-08,20:00,22:00,0,7,HIGH
B-003504,C12,2026-09-08,22:00,00:00,1,4,MEDIUM
B-003505,C13,2026-09-08,00:00,02:00,1,4,MEDIUM
B-003506,C13,2026-09-08,02:00,04:00,1,2,LOW
B-003507,C13,2026-09-08,04:00,06:00,1,1,LOW
B-003508,C13,2026-09-08,06:00,08:00,1,2,LOW
B-003509,C13,2026-09-08,08:00,10:00,0,6,HIGH
B-003510,C13,2026-09-08,10:00,12:00,0,7,HIGH
B-003511,C13,2026-09-08,12:00,14:00,1,3,MEDIUM
B-003512,C13,2026-09-08,14:00,16:00,1,2,LOW
B-003513,C13,2026-09-08,16:00,18:00,1,2,LOW
B-003514,C13,2026-09-08,18:00,20:00,0,7,HIGH
B-003515,C13,2026-09-08,20:00,22:00,1,4,MEDIUM
B-003516,C13,2026-09-08,22:00,00:00,1,1,LOW
B-003517,C14,2026-09-08,00:00,02:00,1,4,MEDIUM
B-003518,C14,2026-09-08,02:00,04:00,1,3,MEDIUM
B-003519,C14,2026-09-08,04:00,06:00,1,1,LOW
B-003520,C14,2026-09-08,06:00,08:00,1,3,MEDIUM
B-003521,C14,2026-09-08,08:00,10:00,0,7,HIGH
B-003522,C14,2026-09-08,10:00,12:00,1,3,MEDIUM
B-003523,C14,2026-09-08,12:00,14:00,1,3,MEDIUM
B-003524,C14,2026-09-08,14:00,16:00,1,0,LOW
B-003525,C14,2026-09-08,16:00,18:00,1,3,MEDIUM
B-003526,C14,2026-09-08,18:00,20:00,1,4,MEDIUM
B-003527,C14,2026-09-08,20:00,22:00,0,7,HIGH
B-003528,C14,2026-09-08,22:00,00:00,0,7,HIGH
B-003529,C15,2026-09-08,00:00,02:00,1,2,LOW
B-003530,C15,2026-09-08,02:00,04:00,1,3,MEDIUM
B-003531,C15,2026-09-08,04:00,06:00,1,3,MEDIUM
B-003532,C15,2026-09-08,06:00,08:00,1,1,LOW
B-003533,C15,2026-09-08,08:00,10:00,0,5,MEDIUM
B-003534,C15,2026-09-08,10:00,12:00,0,6,HIGH
B-003535,C15,2026-09-08,12:00,14:00,1,1,LOW
B-003536,C15,2026-09-08,14:00,16:00,1,3,MEDIUM
B-003537,C15,2026-09-08,16:00,18:00,1,4,MEDIUM
B-003538,C15,2026-09-08,18:00,20:00,0,8,HIGH
B-003539,C15,2026-09-08,20:00,22:00,0,8,HIGH
B-003540,C15,2026-09-08,22:00,00:00,0,1,LOW
B-003541,C16,2026-09-08,00:00,02:00,1,1,LOW
B-003542,C16,2026-09-08,02:00,04:00,1,2,LOW
B-003543,C16,2026-09-08,04:00,06:00,0,5,MEDIUM
B-003544,C16,2026-09-08,06:00,08:00,1,2,LOW
B-003545,C16,2026-09-08,08:00,10:00,0,6,HIGH
B-003546,C16,2026-09-08,10:00,12:00,1,4,MEDIUM
B-003547,C16,2026-09-08,12:00,14:00,1,2,LOW
B-003548,C16,2026-09-08,14:00,16:00,1,3,MEDIUM
B-003549,C16,2026-09-08,16:00,18:00,1,2,LOW
B-003550,C16,2026-09-08,18:00,20:00,0,8,HIGH
B-003551,C16,2026-09-08,20:00,22:00,0,8,HIGH
B-003552,C16,2026-09-08,22:00,00:00,1,4,MEDIUM
B-003553,C17,2026-09-08,00:00,02:00,1,1,LOW
B-003554,C17,2026-09-08,02:00,04:00,1,3,MEDIUM
B-003555,C17,2026-09-08,04:00,06:00,1,1,LOW
B-003556,C17,2026-09-08,06:00,08:00,1,2,LOW
B-003557,C17,2026-09-08,08:00,10:00,1,4,MEDIUM
B-003558,C17,2026-09-08,10:00,12:00,0,7,HIGH
B-003559,C17,2026-09-08,12:00,14:00,1,2,LOW
B-003560,C17,2026-09-08,14:00,16:00,1,4,MEDIUM
B-003561,C17,2026-09-08,16:00,18:00,1,1,LOW
B-003562,C17,2026-09-08,18:00,20:00,0,4,MEDIUM
B-003563,C17,2026-09-08,20:00,22:00,0,5,MEDIUM
B-003564,C17,2026-09-08,22:00,00:00,1,4,MEDIUM
B-003565,C18,2026-09-08,00:00,02:00,1,3,MEDIUM
B-003566,C18,2026-09-08,02:00,04:00,1,3,MEDIUM
B-003567,C18,2026-09-08,04:00,06:00,1,3,MEDIUM
B-003568,C18,2026-09-08,06:00,08:00,1,2,LOW
B-003569,C18,2026-09-08,08:00,10:00,0,5,MEDIUM
B-003570,C18,2026-09-08,10:00,12:00,0,8,HIGH
B-003571,C18,2026-09-08,12:00,14:00,0,5,MEDIUM
B-003572,C18,2026-09-08,14:00,16:00,1,2,LOW
B-003573,C18,2026-09-08,16:00,18:00,1,2,LOW
B-003574,C18,2026-09-08,18:00,20:00,1,4,MEDIUM
B-003575,C18,2026-09-08,20:00,22:00,0,7,HIGH
B-003576,C18,2026-09-08,22:00,00:00,1,1,LOW
B-003577,C19,2026-09-08,00:00,02:00,0,6,HIGH
B-003578,C19,2026-09-08,02:00,04:00,1,2,LOW
B-003579,C19,2026-09-08,04:00,06:00,0,5,MEDIUM
B-003580,C19,2026-09-08,06:00,08:00,1,0,LOW
B-003581,C19,2026-09-08,08:00,10:00,1,4,MEDIUM
B-003582,C19,2026-09-08,10:00,12:00,0,6,HIGH
B-003583,C19,2026-09-08,12:00,14:00,1,4,MEDIUM
B-003584,C19,2026-09-08,14:00,16:00,0,5,MEDIUM
B-003585,C19,2026-09-08,16:00,18:00,0,4,MEDIUM
B-003586,C19,2026-09-08,18:00,20:00,0,6,HIGH
B-003587,C19,2026-09-08,20:00,22:00,1,4,MEDIUM
B-003588,C19,2026-09-08,22:00,00:00,1,1,LOW
B-003589,C20,2026-09-08,00:00,02:00,1,4,MEDIUM
B-003590,C20,2026-09-08,02:00,04:00,1,3,MEDIUM
B-003591,C20,2026-09-08,04:00,06:00,1,2,LOW
B-003592,C20,2026-09-08,06:00,08:00,0,3,MEDIUM
B-003593,C20,2026-09-08,08:00,10:00,0,5,MEDIUM
B-003594,C20,2026-09-08,10:00,12:00,0,4,MEDIUM
B-003595,C20,2026-09-08,12:00,14:00,1,2,LOW
B-003596,C20,2026-09-08,14:00,16:00,0,3,MEDIUM
B-003597,C20,2026-09-08,16:00,18:00,0,3,MEDIUM
B-003598,C20,2026-09-08,18:00,20:00,0,10,HIGH
B-003599,C20,2026-09-08,20:00,22:00,0,8,HIGH
B-003600,C20,2026-09-08,22:00,00:00,1,4,MEDIUM
B-003601,C01,2026-09-09,00:00,02:00,0,6,HIGH
B-003602,C01,2026-09-09,02:00,04:00,0,3,MEDIUM
B-003603,C01,2026-09-09,04:00,06:00,1,4,MEDIUM
B-003604,C01,2026-09-09,06:00,08:00,1,4,MEDIUM
B-003605,C01,2026-09-09,08:00,10:00,0,7,HIGH
B-003606,C01,2026-09-09,10:00,12:00,0,7,HIGH
B-003607,C01,2026-09-09,12:00,14:00,1,1,LOW
B-003608,C01,2026-09-09,14:00,16:00,1,0,LOW
B-003609,C01,2026-09-09,16:00,18:00,0,2,LOW
B-003610,C01,2026-09-09,18:00,20:00,0,6,HIGH
B-003611,C01,2026-09-09,20:00,22:00,0,5,MEDIUM
B-003612,C01,2026-09-09,22:00,00:00,0,2,LOW
B-003613,C02,2026-09-09,00:00,02:00,1,1,LOW
B-003614,C02,2026-09-09,02:00,04:00,1,1,LOW
B-003615,C02,2026-09-09,04:00,06:00,1,1,LOW
B-003616,C02,2026-09-09,06:00,08:00,1,4,MEDIUM
B-003617,C02,2026-09-09,08:00,10:00,0,7,HIGH
B-003618,C02,2026-09-09,10:00,12:00,0,11,HIGH
B-003619,C02,2026-09-09,12:00,14:00,1,2,LOW
B-003620,C02,2026-09-09,14:00,16:00,1,2,LOW
B-003621,C02,2026-09-09,16:00,18:00,1,3,MEDIUM
B-003622,C02,2026-09-09,18:00,20:00,1,2,LOW
B-003623,C02,2026-09-09,20:00,22:00,0,6,HIGH
B-003624,C02,2026-09-09,22:00,00:00,1,1,LOW
B-003625,C03,2026-09-09,00:00,02:00,1,4,MEDIUM
B-003626,C03,2026-09-09,02:00,04:00,0,5,MEDIUM
B-003627,C03,2026-09-09,04:00,06:00,1,1,LOW
B-003628,C03,2026-09-09,06:00,08:00,1,2,LOW
B-003629,C03,2026-09-09,08:00,10:00,0,6,HIGH
B-003630,C03,2026-09-09,10:00,12:00,0,5,MEDIUM
B-003631,C03,2026-09-09,12:00,14:00,1,1,LOW
B-003632,C03,2026-09-09,14:00,16:00,1,0,LOW
B-003633,C03,2026-09-09,16:00,18:00,1,2,LOW
B-003634,C03,2026-09-09,18:00,20:00,0,7,HIGH
B-003635,C03,2026-09-09,20:00,22:00,0,6,HIGH
B-003636,C03,2026-09-09,22:00,00:00,0,2,LOW
B-003637,C04,2026-09-09,00:00,02:00,1,2,LOW
B-003638,C04,2026-09-09,02:00,04:00,1,1,LOW
B-003639,C04,2026-09-09,04:00,06:00,1,2,LOW
B-003640,C04,2026-09-09,06:00,08:00,0,5,MEDIUM
B-003641,C04,2026-09-09,08:00,10:00,0,6,HIGH
B-003642,C04,2026-09-09,10:00,12:00,0,5,MEDIUM
B-003643,C04,2026-09-09,12:00,14:00,1,3,MEDIUM
B-003644,C04,2026-09-09,14:00,16:00,1,3,MEDIUM
B-003645,C04,2026-09-09,16:00,18:00,1,2,LOW
B-003646,C04,2026-09-09,18:00,20:00,0,5,MEDIUM
B-003647,C04,2026-09-09,20:00,22:00,0,8,HIGH
B-003648,C04,2026-09-09,22:00,00:00,0,3,MEDIUM
B-003649,C05,2026-09-09,00:00,02:00,1,2,LOW
B-003650,C05,2026-09-09,02:00,04:00,1,4,MEDIUM
B-003651,C05,2026-09-09,04:00,06:00,1,1,LOW
B-003652,C05,2026-09-09,06:00,08:00,1,4,MEDIUM
B-003653,C05,2026-09-09,08:00,10:00,0,6,HIGH
B-003654,C05,2026-09-09,10:00,12:00,0,9,HIGH
B-003655,C05,2026-09-09,12:00,14:00,1,2,LOW
B-003656,C05,2026-09-09,14:00,16:00,1,0,LOW
B-003657,C05,2026-09-09,16:00,18:00,1,2,LOW
B-003658,C05,2026-09-09,18:00,20:00,0,7,HIGH
B-003659,C05,2026-09-09,20:00,22:00,1,4,MEDIUM
B-003660,C05,2026-09-09,22:00,00:00,1,1,LOW
B-003661,C06,2026-09-09,00:00,02:00,1,1,LOW
B-003662,C06,2026-09-09,02:00,04:00,1,3,MEDIUM
B-003663,C06,2026-09-09,04:00,06:00,0,4,MEDIUM
B-003664,C06,2026-09-09,06:00,08:00,0,6,HIGH
B-003665,C06,2026-09-09,08:00,10:00,1,4,MEDIUM
B-003666,C06,2026-09-09,10:00,12:00,1,4,MEDIUM
B-003667,C06,2026-09-09,12:00,14:00,1,1,LOW
B-003668,C06,2026-09-09,14:00,16:00,0,6,HIGH
B-003669,C06,2026-09-09,16:00,18:00,1,3,MEDIUM
B-003670,C06,2026-09-09,18:00,20:00,0,8,HIGH
B-003671,C06,2026-09-09,20:00,22:00,0,7,HIGH
B-003672,C06,2026-09-09,22:00,00:00,0,2,LOW
B-003673,C07,2026-09-09,00:00,02:00,1,4,MEDIUM
B-003674,C07,2026-09-09,02:00,04:00,1,1,LOW
B-003675,C07,2026-09-09,04:00,06:00,1,0,LOW
B-003676,C07,2026-09-09,06:00,08:00,1,2,LOW
B-003677,C07,2026-09-09,08:00,10:00,0,8,HIGH
B-003678,C07,2026-09-09,10:00,12:00,0,8,HIGH
B-003679,C07,2026-09-09,12:00,14:00,1,1,LOW
B-003680,C07,2026-09-09,14:00,16:00,1,1,LOW
B-003681,C07,2026-09-09,16:00,18:00,1,3,MEDIUM
B-003682,C07,2026-09-09,18:00,20:00,0,7,HIGH
B-003683,C07,2026-09-09,20:00,22:00,0,8,HIGH
B-003684,C07,2026-09-09,22:00,00:00,1,1,LOW
B-003685,C08,2026-09-09,00:00,02:00,0,3,MEDIUM
B-003686,C08,2026-09-09,02:00,04:00,1,0,LOW
B-003687,C08,2026-09-09,04:00,06:00,1,1,LOW
B-003688,C08,2026-09-09,06:00,08:00,1,2,LOW
B-003689,C08,2026-09-09,08:00,10:00,0,6,HIGH
B-003690,C08,2026-09-09,10:00,12:00,0,7,HIGH
B-003691,C08,2026-09-09,12:00,14:00,0,2,LOW
B-003692,C08,2026-09-09,14:00,16:00,1,3,MEDIUM
B-003693,C08,2026-09-09,16:00,18:00,1,3,MEDIUM
B-003694,C08,2026-09-09,18:00,20:00,1,4,MEDIUM
B-003695,C08,2026-09-09,20:00,22:00,0,8,HIGH
B-003696,C08,2026-09-09,22:00,00:00,1,3,MEDIUM
B-003697,C09,2026-09-09,00:00,02:00,1,0,LOW
B-003698,C09,2026-09-09,02:00,04:00,1,2,LOW
B-003699,C09,2026-09-09,04:00,06:00,1,0,LOW
B-003700,C09,2026-09-09,06:00,08:00,1,0,LOW
B-003701,C09,2026-09-09,08:00,10:00,0,6,HIGH
B-003702,C09,2026-09-09,10:00,12:00,0,5,MEDIUM
B-003703,C09,2026-09-09,12:00,14:00,1,2,LOW
B-003704,C09,2026-09-09,14:00,16:00,1,1,LOW
B-003705,C09,2026-09-09,16:00,18:00,0,5,MEDIUM
B-003706,C09,2026-09-09,18:00,20:00,1,4,MEDIUM
B-003707,C09,2026-09-09,20:00,22:00,1,3,MEDIUM
B-003708,C09,2026-09-09,22:00,00:00,1,2,LOW
B-003709,C10,2026-09-09,00:00,02:00,1,0,LOW
B-003710,C10,2026-09-09,02:00,04:00,1,3,MEDIUM
B-003711,C10,2026-09-09,04:00,06:00,1,1,LOW
B-003712,C10,2026-09-09,06:00,08:00,1,4,MEDIUM
B-003713,C10,2026-09-09,08:00,10:00,0,6,HIGH
B-003714,C10,2026-09-09,10:00,12:00,0,6,HIGH
B-003715,C10,2026-09-09,12:00,14:00,1,1,LOW
B-003716,C10,2026-09-09,14:00,16:00,0,5,MEDIUM
B-003717,C10,2026-09-09,16:00,18:00,0,1,LOW
B-003718,C10,2026-09-09,18:00,20:00,0,6,HIGH
B-003719,C10,2026-09-09,20:00,22:00,1,4,MEDIUM
B-003720,C10,2026-09-09,22:00,00:00,1,2,LOW
B-003721,C11,2026-09-09,00:00,02:00,0,7,HIGH
B-003722,C11,2026-09-09,02:00,04:00,1,3,MEDIUM
B-003723,C11,2026-09-09,04:00,06:00,1,2,LOW
B-003724,C11,2026-09-09,06:00,08:00,1,3,MEDIUM
B-003725,C11,2026-09-09,08:00,10:00,1,4,MEDIUM
B-003726,C11,2026-09-09,10:00,12:00,0,10,HIGH
B-003727,C11,2026-09-09,12:00,14:00,1,1,LOW
B-003728,C11,2026-09-09,14:00,16:00,1,4,MEDIUM
B-003729,C11,2026-09-09,16:00,18:00,1,4,MEDIUM
B-003730,C11,2026-09-09,18:00,20:00,0,7,HIGH
B-003731,C11,2026-09-09,20:00,22:00,1,3,MEDIUM
B-003732,C11,2026-09-09,22:00,00:00,1,2,LOW
B-003733,C12,2026-09-09,00:00,02:00,1,1,LOW
B-003734,C12,2026-09-09,02:00,04:00,1,2,LOW
B-003735,C12,2026-09-09,04:00,06:00,1,0,LOW
B-003736,C12,2026-09-09,06:00,08:00,1,0,LOW
B-003737,C12,2026-09-09,08:00,10:00,0,9,HIGH
B-003738,C12,2026-09-09,10:00,12:00,0,6,HIGH
B-003739,C12,2026-09-09,12:00,14:00,1,2,LOW
B-003740,C12,2026-09-09,14:00,16:00,1,1,LOW
B-003741,C12,2026-09-09,16:00,18:00,1,3,MEDIUM
B-003742,C12,2026-09-09,18:00,20:00,0,5,MEDIUM
B-003743,C12,2026-09-09,20:00,22:00,0,5,MEDIUM
B-003744,C12,2026-09-09,22:00,00:00,1,1,LOW
B-003745,C13,2026-09-09,00:00,02:00,1,2,LOW
B-003746,C13,2026-09-09,02:00,04:00,0,5,MEDIUM
B-003747,C13,2026-09-09,04:00,06:00,1,4,MEDIUM
B-003748,C13,2026-09-09,06:00,08:00,0,8,HIGH
B-003749,C13,2026-09-09,08:00,10:00,0,6,HIGH
B-003750,C13,2026-09-09,10:00,12:00,0,5,MEDIUM
B-003751,C13,2026-09-09,12:00,14:00,1,4,MEDIUM
B-003752,C13,2026-09-09,14:00,16:00,0,5,MEDIUM
B-003753,C13,2026-09-09,16:00,18:00,1,3,MEDIUM
B-003754,C13,2026-09-09,18:00,20:00,0,5,MEDIUM
B-003755,C13,2026-09-09,20:00,22:00,1,4,MEDIUM
B-003756,C13,2026-09-09,22:00,00:00,0,5,MEDIUM
B-003757,C14,2026-09-09,00:00,02:00,1,2,LOW
B-003758,C14,2026-09-09,02:00,04:00,1,1,LOW
B-003759,C14,2026-09-09,04:00,06:00,1,2,LOW
B-003760,C14,2026-09-09,06:00,08:00,1,0,LOW
B-003761,C14,2026-09-09,08:00,10:00,1,3,MEDIUM
B-003762,C14,2026-09-09,10:00,12:00,0,6,HIGH
B-003763,C14,2026-09-09,12:00,14:00,1,3,MEDIUM
B-003764,C14,2026-09-09,14:00,16:00,0,6,HIGH
B-003765,C14,2026-09-09,16:00,18:00,1,1,LOW
B-003766,C14,2026-09-09,18:00,20:00,0,7,HIGH
B-003767,C14,2026-09-09,20:00,22:00,0,10,HIGH
B-003768,C14,2026-09-09,22:00,00:00,1,0,LOW
B-003769,C15,2026-09-09,00:00,02:00,1,0,LOW
B-003770,C15,2026-09-09,02:00,04:00,1,1,LOW
B-003771,C15,2026-09-09,04:00,06:00,1,3,MEDIUM
B-003772,C15,2026-09-09,06:00,08:00,1,1,LOW
B-003773,C15,2026-09-09,08:00,10:00,1,4,MEDIUM
B-003774,C15,2026-09-09,10:00,12:00,0,11,HIGH
B-003775,C15,2026-09-09,12:00,14:00,1,3,MEDIUM
B-003776,C15,2026-09-09,14:00,16:00,1,2,LOW
B-003777,C15,2026-09-09,16:00,18:00,1,2,LOW
B-003778,C15,2026-09-09,18:00,20:00,0,7,HIGH
B-003779,C15,2026-09-09,20:00,22:00,1,4,MEDIUM
B-003780,C15,2026-09-09,22:00,00:00,1,2,LOW
B-003781,C16,2026-09-09,00:00,02:00,1,3,MEDIUM
B-003782,C16,2026-09-09,02:00,04:00,0,5,MEDIUM
B-003783,C16,2026-09-09,04:00,06:00,1,0,LOW
B-003784,C16,2026-09-09,06:00,08:00,1,4,MEDIUM
B-003785,C16,2026-09-09,08:00,10:00,0,8,HIGH
B-003786,C16,2026-09-09,10:00,12:00,0,6,HIGH
B-003787,C16,2026-09-09,12:00,14:00,1,3,MEDIUM
B-003788,C16,2026-09-09,14:00,16:00,1,1,LOW
B-003789,C16,2026-09-09,16:00,18:00,1,1,LOW
B-003790,C16,2026-09-09,18:00,20:00,0,8,HIGH
B-003791,C16,2026-09-09,20:00,22:00,0,6,HIGH
B-003792,C16,2026-09-09,22:00,00:00,1,2,LOW
B-003793,C17,2026-09-09,00:00,02:00,1,2,LOW
B-003794,C17,2026-09-09,02:00,04:00,1,4,MEDIUM
B-003795,C17,2026-09-09,04:00,06:00,1,1,LOW
B-003796,C17,2026-09-09,06:00,08:00,1,2,LOW
B-003797,C17,2026-09-09,08:00,10:00,0,7,HIGH
B-003798,C17,2026-09-09,10:00,12:00,0,8,HIGH
B-003799,C17,2026-09-09,12:00,14:00,0,3,MEDIUM
B-003800,C17,2026-09-09,14:00,16:00,1,2,LOW
B-003801,C17,2026-09-09,16:00,18:00,0,6,HIGH
B-003802,C17,2026-09-09,18:00,20:00,1,3,MEDIUM
B-003803,C17,2026-09-09,20:00,22:00,0,8,HIGH
B-003804,C17,2026-09-09,22:00,00:00,0,1,LOW
B-003805,C18,2026-09-09,00:00,02:00,1,2,LOW
B-003806,C18,2026-09-09,02:00,04:00,0,5,MEDIUM
B-003807,C18,2026-09-09,04:00,06:00,1,3,MEDIUM
B-003808,C18,2026-09-09,06:00,08:00,1,4,MEDIUM
B-003809,C18,2026-09-09,08:00,10:00,0,6,HIGH
B-003810,C18,2026-09-09,10:00,12:00,0,8,HIGH
B-003811,C18,2026-09-09,12:00,14:00,1,2,LOW
B-003812,C18,2026-09-09,14:00,16:00,1,2,LOW
B-003813,C18,2026-09-09,16:00,18:00,1,3,MEDIUM
B-003814,C18,2026-09-09,18:00,20:00,0,12,HIGH
B-003815,C18,2026-09-09,20:00,22:00,1,4,MEDIUM
B-003816,C18,2026-09-09,22:00,00:00,0,7,HIGH
B-003817,C19,2026-09-09,00:00,02:00,1,1,LOW
B-003818,C19,2026-09-09,02:00,04:00,1,4,MEDIUM
B-003819,C19,2026-09-09,04:00,06:00,1,3,MEDIUM
B-003820,C19,2026-09-09,06:00,08:00,1,2,LOW
B-003821,C19,2026-09-09,08:00,10:00,0,5,MEDIUM
B-003822,C19,2026-09-09,10:00,12:00,0,8,HIGH
B-003823,C19,2026-09-09,12:00,14:00,1,1,LOW
B-003824,C19,2026-09-09,14:00,16:00,0,2,LOW
B-003825,C19,2026-09-09,16:00,18:00,1,1,LOW
B-003826,C19,2026-09-09,18:00,20:00,1,2,LOW
B-003827,C19,2026-09-09,20:00,22:00,0,7,HIGH
B-003828,C19,2026-09-09,22:00,00:00,1,1,LOW
B-003829,C20,2026-09-09,00:00,02:00,0,6,HIGH
B-003830,C20,2026-09-09,02:00,04:00,1,2,LOW
B-003831,C20,2026-09-09,04:00,06:00,1,4,MEDIUM
B-003832,C20,2026-09-09,06:00,08:00,1,3,MEDIUM
B-003833,C20,2026-09-09,08:00,10:00,1,4,MEDIUM
B-003834,C20,2026-09-09,10:00,12:00,0,6,HIGH
B-003835,C20,2026-09-09,12:00,14:00,1,1,LOW
B-003836,C20,2026-09-09,14:00,16:00,1,2,LOW
B-003837,C20,2026-09-09,16:00,18:00,1,1,LOW
B-003838,C20,2026-09-09,18:00,20:00,0,8,HIGH
B-003839,C20,2026-09-09,20:00,22:00,0,8,HIGH
B-003840,C20,2026-09-09,22:00,00:00,1,2,LOW
B-003841,C01,2026-09-10,00:00,02:00,1,2,LOW
B-003842,C01,2026-09-10,02:00,04:00,1,2,LOW
B-003843,C01,2026-09-10,04:00,06:00,0,6,HIGH
B-003844,C01,2026-09-10,06:00,08:00,1,4,MEDIUM
B-003845,C01,2026-09-10,08:00,10:00,0,5,MEDIUM
B-003846,C01,2026-09-10,10:00,12:00,0,2,LOW
B-003847,C01,2026-09-10,12:00,14:00,1,2,LOW
B-003848,C01,2026-09-10,14:00,16:00,0,6,HIGH
B-003849,C01,2026-09-10,16:00,18:00,1,0,LOW
B-003850,C01,2026-09-10,18:00,20:00,0,6,HIGH
B-003851,C01,2026-09-10,20:00,22:00,0,5,MEDIUM
B-003852,C01,2026-09-10,22:00,00:00,1,3,MEDIUM
B-003853,C02,2026-09-10,00:00,02:00,1,3,MEDIUM
B-003854,C02,2026-09-10,02:00,04:00,1,1,LOW
B-003855,C02,2026-09-10,04:00,06:00,1,2,LOW
B-003856,C02,2026-09-10,06:00,08:00,1,2,LOW
B-003857,C02,2026-09-10,08:00,10:00,0,8,HIGH
B-003858,C02,2026-09-10,10:00,12:00,0,5,MEDIUM
B-003859,C02,2026-09-10,12:00,14:00,1,4,MEDIUM
B-003860,C02,2026-09-10,14:00,16:00,1,0,LOW
B-003861,C02,2026-09-10,16:00,18:00,1,3,MEDIUM
B-003862,C02,2026-09-10,18:00,20:00,0,8,HIGH
B-003863,C02,2026-09-10,20:00,22:00,1,2,LOW
B-003864,C02,2026-09-10,22:00,00:00,1,3,MEDIUM
B-003865,C03,2026-09-10,00:00,02:00,1,4,MEDIUM
B-003866,C03,2026-09-10,02:00,04:00,1,3,MEDIUM
B-003867,C03,2026-09-10,04:00,06:00,1,1,LOW
B-003868,C03,2026-09-10,06:00,08:00,0,9,HIGH
B-003869,C03,2026-09-10,08:00,10:00,1,3,MEDIUM
B-003870,C03,2026-09-10,10:00,12:00,0,8,HIGH
B-003871,C03,2026-09-10,12:00,14:00,1,0,LOW
B-003872,C03,2026-09-10,14:00,16:00,1,2,LOW
B-003873,C03,2026-09-10,16:00,18:00,1,1,LOW
B-003874,C03,2026-09-10,18:00,20:00,0,5,MEDIUM
B-003875,C03,2026-09-10,20:00,22:00,0,5,MEDIUM
B-003876,C03,2026-09-10,22:00,00:00,1,4,MEDIUM
B-003877,C04,2026-09-10,00:00,02:00,1,1,LOW
B-003878,C04,2026-09-10,02:00,04:00,1,2,LOW
B-003879,C04,2026-09-10,04:00,06:00,1,1,LOW
B-003880,C04,2026-09-10,06:00,08:00,1,3,MEDIUM
B-003881,C04,2026-09-10,08:00,10:00,0,5,MEDIUM
B-003882,C04,2026-09-10,10:00,12:00,0,6,HIGH
B-003883,C04,2026-09-10,12:00,14:00,1,2,LOW
B-003884,C04,2026-09-10,14:00,16:00,1,4,MEDIUM
B-003885,C04,2026-09-10,16:00,18:00,1,4,MEDIUM
B-003886,C04,2026-09-10,18:00,20:00,0,5,MEDIUM
B-003887,C04,2026-09-10,20:00,22:00,0,8,HIGH
B-003888,C04,2026-09-10,22:00,00:00,1,2,LOW
B-003889,C05,2026-09-10,00:00,02:00,1,4,MEDIUM
B-003890,C05,2026-09-10,02:00,04:00,1,1,LOW
B-003891,C05,2026-09-10,04:00,06:00,1,3,MEDIUM
B-003892,C05,2026-09-10,06:00,08:00,1,2,LOW
B-003893,C05,2026-09-10,08:00,10:00,0,7,HIGH
B-003894,C05,2026-09-10,10:00,12:00,0,6,HIGH
B-003895,C05,2026-09-10,12:00,14:00,1,3,MEDIUM
B-003896,C05,2026-09-10,14:00,16:00,0,7,HIGH
B-003897,C05,2026-09-10,16:00,18:00,1,0,LOW
B-003898,C05,2026-09-10,18:00,20:00,0,7,HIGH
B-003899,C05,2026-09-10,20:00,22:00,0,6,HIGH
B-003900,C05,2026-09-10,22:00,00:00,1,1,LOW
B-003901,C06,2026-09-10,00:00,02:00,1,3,MEDIUM
B-003902,C06,2026-09-10,02:00,04:00,1,4,MEDIUM
B-003903,C06,2026-09-10,04:00,06:00,1,1,LOW
B-003904,C06,2026-09-10,06:00,08:00,1,4,MEDIUM
B-003905,C06,2026-09-10,08:00,10:00,1,4,MEDIUM
B-003906,C06,2026-09-10,10:00,12:00,1,4,MEDIUM
B-003907,C06,2026-09-10,12:00,14:00,1,3,MEDIUM
B-003908,C06,2026-09-10,14:00,16:00,1,2,LOW
B-003909,C06,2026-09-10,16:00,18:00,1,4,MEDIUM
B-003910,C06,2026-09-10,18:00,20:00,0,5,MEDIUM
B-003911,C06,2026-09-10,20:00,22:00,0,8,HIGH
B-003912,C06,2026-09-10,22:00,00:00,1,2,LOW
B-003913,C07,2026-09-10,00:00,02:00,1,0,LOW
B-003914,C07,2026-09-10,02:00,04:00,1,0,LOW
B-003915,C07,2026-09-10,04:00,06:00,1,2,LOW
B-003916,C07,2026-09-10,06:00,08:00,1,4,MEDIUM
B-003917,C07,2026-09-10,08:00,10:00,0,8,HIGH
B-003918,C07,2026-09-10,10:00,12:00,0,6,HIGH
B-003919,C07,2026-09-10,12:00,14:00,1,2,LOW
B-003920,C07,2026-09-10,14:00,16:00,1,4,MEDIUM
B-003921,C07,2026-09-10,16:00,18:00,1,1,LOW
B-003922,C07,2026-09-10,18:00,20:00,0,5,MEDIUM
B-003923,C07,2026-09-10,20:00,22:00,0,8,HIGH
B-003924,C07,2026-09-10,22:00,00:00,1,1,LOW
B-003925,C08,2026-09-10,00:00,02:00,1,2,LOW
B-003926,C08,2026-09-10,02:00,04:00,1,0,LOW
B-003927,C08,2026-09-10,04:00,06:00,1,2,LOW
B-003928,C08,2026-09-10,06:00,08:00,0,5,MEDIUM
B-003929,C08,2026-09-10,08:00,10:00,0,6,HIGH
B-003930,C08,2026-09-10,10:00,12:00,1,2,LOW
B-003931,C08,2026-09-10,12:00,14:00,1,1,LOW
B-003932,C08,2026-09-10,14:00,16:00,1,4,MEDIUM
B-003933,C08,2026-09-10,16:00,18:00,1,1,LOW
B-003934,C08,2026-09-10,18:00,20:00,0,5,MEDIUM
B-003935,C08,2026-09-10,20:00,22:00,0,5,MEDIUM
B-003936,C08,2026-09-10,22:00,00:00,1,1,LOW
B-003937,C09,2026-09-10,00:00,02:00,0,8,HIGH
B-003938,C09,2026-09-10,02:00,04:00,1,0,LOW
B-003939,C09,2026-09-10,04:00,06:00,1,1,LOW
B-003940,C09,2026-09-10,06:00,08:00,1,1,LOW
B-003941,C09,2026-09-10,08:00,10:00,0,5,MEDIUM
B-003942,C09,2026-09-10,10:00,12:00,0,6,HIGH
B-003943,C09,2026-09-10,12:00,14:00,1,2,LOW
B-003944,C09,2026-09-10,14:00,16:00,1,1,LOW
B-003945,C09,2026-09-10,16:00,18:00,1,3,MEDIUM
B-003946,C09,2026-09-10,18:00,20:00,1,3,MEDIUM
B-003947,C09,2026-09-10,20:00,22:00,1,2,LOW
B-003948,C09,2026-09-10,22:00,00:00,1,2,LOW
B-003949,C10,2026-09-10,00:00,02:00,1,2,LOW
B-003950,C10,2026-09-10,02:00,04:00,1,2,LOW
B-003951,C10,2026-09-10,04:00,06:00,1,3,MEDIUM
B-003952,C10,2026-09-10,06:00,08:00,0,4,MEDIUM
B-003953,C10,2026-09-10,08:00,10:00,0,5,MEDIUM
B-003954,C10,2026-09-10,10:00,12:00,0,6,HIGH
B-003955,C10,2026-09-10,12:00,14:00,1,4,MEDIUM
B-003956,C10,2026-09-10,14:00,16:00,1,2,LOW
B-003957,C10,2026-09-10,16:00,18:00,1,3,MEDIUM
B-003958,C10,2026-09-10,18:00,20:00,0,7,HIGH
B-003959,C10,2026-09-10,20:00,22:00,0,5,MEDIUM
B-003960,C10,2026-09-10,22:00,00:00,1,1,LOW
B-003961,C11,2026-09-10,00:00,02:00,1,2,LOW
B-003962,C11,2026-09-10,02:00,04:00,1,1,LOW
B-003963,C11,2026-09-10,04:00,06:00,1,2,LOW
B-003964,C11,2026-09-10,06:00,08:00,1,1,LOW
B-003965,C11,2026-09-10,08:00,10:00,0,7,HIGH
B-003966,C11,2026-09-10,10:00,12:00,0,4,MEDIUM
B-003967,C11,2026-09-10,12:00,14:00,1,2,LOW
B-003968,C11,2026-09-10,14:00,16:00,1,1,LOW
B-003969,C11,2026-09-10,16:00,18:00,1,4,MEDIUM
B-003970,C11,2026-09-10,18:00,20:00,0,6,HIGH
B-003971,C11,2026-09-10,20:00,22:00,0,5,MEDIUM
B-003972,C11,2026-09-10,22:00,00:00,0,5,MEDIUM
B-003973,C12,2026-09-10,00:00,02:00,1,3,MEDIUM
B-003974,C12,2026-09-10,02:00,04:00,1,0,LOW
B-003975,C12,2026-09-10,04:00,06:00,1,4,MEDIUM
B-003976,C12,2026-09-10,06:00,08:00,1,1,LOW
B-003977,C12,2026-09-10,08:00,10:00,0,9,HIGH
B-003978,C12,2026-09-10,10:00,12:00,0,8,HIGH
B-003979,C12,2026-09-10,12:00,14:00,1,0,LOW
B-003980,C12,2026-09-10,14:00,16:00,1,3,MEDIUM
B-003981,C12,2026-09-10,16:00,18:00,1,2,LOW
B-003982,C12,2026-09-10,18:00,20:00,1,4,MEDIUM
B-003983,C12,2026-09-10,20:00,22:00,0,10,HIGH
B-003984,C12,2026-09-10,22:00,00:00,1,2,LOW
B-003985,C13,2026-09-10,00:00,02:00,1,0,LOW
B-003986,C13,2026-09-10,02:00,04:00,1,1,LOW
B-003987,C13,2026-09-10,04:00,06:00,1,2,LOW
B-003988,C13,2026-09-10,06:00,08:00,1,1,LOW
B-003989,C13,2026-09-10,08:00,10:00,0,7,HIGH
B-003990,C13,2026-09-10,10:00,12:00,0,6,HIGH
B-003991,C13,2026-09-10,12:00,14:00,1,1,LOW
B-003992,C13,2026-09-10,14:00,16:00,1,1,LOW
B-003993,C13,2026-09-10,16:00,18:00,0,5,MEDIUM
B-003994,C13,2026-09-10,18:00,20:00,0,7,HIGH
B-003995,C13,2026-09-10,20:00,22:00,0,5,MEDIUM
B-003996,C13,2026-09-10,22:00,00:00,1,2,LOW
B-003997,C14,2026-09-10,00:00,02:00,1,0,LOW
B-003998,C14,2026-09-10,02:00,04:00,1,4,MEDIUM
B-003999,C14,2026-09-10,04:00,06:00,1,0,LOW
B-004000,C14,2026-09-10,06:00,08:00,1,2,LOW
B-004001,C14,2026-09-10,08:00,10:00,0,10,HIGH
B-004002,C14,2026-09-10,10:00,12:00,0,5,MEDIUM
B-004003,C14,2026-09-10,12:00,14:00,1,4,MEDIUM
B-004004,C14,2026-09-10,14:00,16:00,1,1,LOW
B-004005,C14,2026-09-10,16:00,18:00,1,2,LOW
B-004006,C14,2026-09-10,18:00,20:00,0,6,HIGH
B-004007,C14,2026-09-10,20:00,22:00,0,6,HIGH
B-004008,C14,2026-09-10,22:00,00:00,1,2,LOW
B-004009,C15,2026-09-10,00:00,02:00,1,2,LOW
B-004010,C15,2026-09-10,02:00,04:00,1,0,LOW
B-004011,C15,2026-09-10,04:00,06:00,0,6,HIGH
B-004012,C15,2026-09-10,06:00,08:00,1,2,LOW
B-004013,C15,2026-09-10,08:00,10:00,0,8,HIGH
B-004014,C15,2026-09-10,10:00,12:00,1,4,MEDIUM
B-004015,C15,2026-09-10,12:00,14:00,1,0,LOW
B-004016,C15,2026-09-10,14:00,16:00,1,2,LOW
B-004017,C15,2026-09-10,16:00,18:00,1,2,LOW
B-004018,C15,2026-09-10,18:00,20:00,0,6,HIGH
B-004019,C15,2026-09-10,20:00,22:00,0,10,HIGH
B-004020,C15,2026-09-10,22:00,00:00,0,5,MEDIUM
B-004021,C16,2026-09-10,00:00,02:00,1,4,MEDIUM
B-004022,C16,2026-09-10,02:00,04:00,1,3,MEDIUM
B-004023,C16,2026-09-10,04:00,06:00,1,2,LOW
B-004024,C16,2026-09-10,06:00,08:00,1,3,MEDIUM
B-004025,C16,2026-09-10,08:00,10:00,0,5,MEDIUM
B-004026,C16,2026-09-10,10:00,12:00,1,4,MEDIUM
B-004027,C16,2026-09-10,12:00,14:00,1,3,MEDIUM
B-004028,C16,2026-09-10,14:00,16:00,1,3,MEDIUM
B-004029,C16,2026-09-10,16:00,18:00,1,3,MEDIUM
B-004030,C16,2026-09-10,18:00,20:00,0,9,HIGH
B-004031,C16,2026-09-10,20:00,22:00,0,6,HIGH
B-004032,C16,2026-09-10,22:00,00:00,1,3,MEDIUM
B-004033,C17,2026-09-10,00:00,02:00,1,2,LOW
B-004034,C17,2026-09-10,02:00,04:00,1,4,MEDIUM
B-004035,C17,2026-09-10,04:00,06:00,1,3,MEDIUM
B-004036,C17,2026-09-10,06:00,08:00,1,4,MEDIUM
B-004037,C17,2026-09-10,08:00,10:00,1,4,MEDIUM
B-004038,C17,2026-09-10,10:00,12:00,0,8,HIGH
B-004039,C17,2026-09-10,12:00,14:00,1,1,LOW
B-004040,C17,2026-09-10,14:00,16:00,0,1,LOW
B-004041,C17,2026-09-10,16:00,18:00,1,2,LOW
B-004042,C17,2026-09-10,18:00,20:00,0,8,HIGH
B-004043,C17,2026-09-10,20:00,22:00,0,7,HIGH
B-004044,C17,2026-09-10,22:00,00:00,0,1,LOW
B-004045,C18,2026-09-10,00:00,02:00,1,3,MEDIUM
B-004046,C18,2026-09-10,02:00,04:00,1,4,MEDIUM
B-004047,C18,2026-09-10,04:00,06:00,1,2,LOW
B-004048,C18,2026-09-10,06:00,08:00,1,0,LOW
B-004049,C18,2026-09-10,08:00,10:00,0,8,HIGH
B-004050,C18,2026-09-10,10:00,12:00,1,4,MEDIUM
B-004051,C18,2026-09-10,12:00,14:00,1,3,MEDIUM
B-004052,C18,2026-09-10,14:00,16:00,1,4,MEDIUM
B-004053,C18,2026-09-10,16:00,18:00,1,2,LOW
B-004054,C18,2026-09-10,18:00,20:00,0,7,HIGH
B-004055,C18,2026-09-10,20:00,22:00,0,8,HIGH
B-004056,C18,2026-09-10,22:00,00:00,1,1,LOW
B-004057,C19,2026-09-10,00:00,02:00,1,1,LOW
B-004058,C19,2026-09-10,02:00,04:00,1,1,LOW
B-004059,C19,2026-09-10,04:00,06:00,1,2,LOW
B-004060,C19,2026-09-10,06:00,08:00,1,3,MEDIUM
B-004061,C19,2026-09-10,08:00,10:00,0,6,HIGH
B-004062,C19,2026-09-10,10:00,12:00,0,5,MEDIUM
B-004063,C19,2026-09-10,12:00,14:00,1,2,LOW
B-004064,C19,2026-09-10,14:00,16:00,1,4,MEDIUM
B-004065,C19,2026-09-10,16:00,18:00,0,2,LOW
B-004066,C19,2026-09-10,18:00,20:00,0,6,HIGH
B-004067,C19,2026-09-10,20:00,22:00,0,8,HIGH
B-004068,C19,2026-09-10,22:00,00:00,1,0,LOW
B-004069,C20,2026-09-10,00:00,02:00,0,4,MEDIUM
B-004070,C20,2026-09-10,02:00,04:00,1,2,LOW
B-004071,C20,2026-09-10,04:00,06:00,1,2,LOW
B-004072,C20,2026-09-10,06:00,08:00,1,1,LOW
B-004073,C20,2026-09-10,08:00,10:00,0,7,HIGH
B-004074,C20,2026-09-10,10:00,12:00,0,6,HIGH
B-004075,C20,2026-09-10,12:00,14:00,1,2,LOW
B-004076,C20,2026-09-10,14:00,16:00,0,5,MEDIUM
B-004077,C20,2026-09-10,16:00,18:00,1,1,LOW
B-004078,C20,2026-09-10,18:00,20:00,1,3,MEDIUM
B-004079,C20,2026-09-10,20:00,22:00,0,6,HIGH
B-004080,C20,2026-09-10,22:00,00:00,0,5,MEDIUM
B-004081,C01,2026-09-11,00:00,02:00,1,3,MEDIUM
B-004082,C01,2026-09-11,02:00,04:00,1,0,LOW
B-004083,C01,2026-09-11,04:00,06:00,1,4,MEDIUM
B-004084,C01,2026-09-11,06:00,08:00,1,3,MEDIUM
B-004085,C01,2026-09-11,08:00,10:00,0,5,MEDIUM
B-004086,C01,2026-09-11,10:00,12:00,0,5,MEDIUM
B-004087,C01,2026-09-11,12:00,14:00,1,2,LOW
B-004088,C01,2026-09-11,14:00,16:00,1,1,LOW
B-004089,C01,2026-09-11,16:00,18:00,1,1,LOW
B-004090,C01,2026-09-11,18:00,20:00,0,6,HIGH
B-004091,C01,2026-09-11,20:00,22:00,1,2,LOW
B-004092,C01,2026-09-11,22:00,00:00,0,6,HIGH
B-004093,C02,2026-09-11,00:00,02:00,0,1,LOW
B-004094,C02,2026-09-11,02:00,04:00,1,2,LOW
B-004095,C02,2026-09-11,04:00,06:00,1,1,LOW
B-004096,C02,2026-09-11,06:00,08:00,1,2,LOW
B-004097,C02,2026-09-11,08:00,10:00,0,7,HIGH
B-004098,C02,2026-09-11,10:00,12:00,1,2,LOW
B-004099,C02,2026-09-11,12:00,14:00,1,2,LOW
B-004100,C02,2026-09-11,14:00,16:00,1,3,MEDIUM
B-004101,C02,2026-09-11,16:00,18:00,1,2,LOW
B-004102,C02,2026-09-11,18:00,20:00,0,7,HIGH
B-004103,C02,2026-09-11,20:00,22:00,0,5,MEDIUM
B-004104,C02,2026-09-11,22:00,00:00,1,2,LOW
B-004105,C03,2026-09-11,00:00,02:00,1,3,MEDIUM
B-004106,C03,2026-09-11,02:00,04:00,1,1,LOW
B-004107,C03,2026-09-11,04:00,06:00,1,2,LOW
B-004108,C03,2026-09-11,06:00,08:00,1,3,MEDIUM
B-004109,C03,2026-09-11,08:00,10:00,1,4,MEDIUM
B-004110,C03,2026-09-11,10:00,12:00,0,5,MEDIUM
B-004111,C03,2026-09-11,12:00,14:00,0,6,HIGH
B-004112,C03,2026-09-11,14:00,16:00,1,3,MEDIUM
B-004113,C03,2026-09-11,16:00,18:00,1,4,MEDIUM
B-004114,C03,2026-09-11,18:00,20:00,0,9,HIGH
B-004115,C03,2026-09-11,20:00,22:00,1,4,MEDIUM
B-004116,C03,2026-09-11,22:00,00:00,1,2,LOW
B-004117,C04,2026-09-11,00:00,02:00,1,3,MEDIUM
B-004118,C04,2026-09-11,02:00,04:00,1,2,LOW
B-004119,C04,2026-09-11,04:00,06:00,1,4,MEDIUM
B-004120,C04,2026-09-11,06:00,08:00,1,3,MEDIUM
B-004121,C04,2026-09-11,08:00,10:00,0,7,HIGH
B-004122,C04,2026-09-11,10:00,12:00,0,8,HIGH
B-004123,C04,2026-09-11,12:00,14:00,1,2,LOW
B-004124,C04,2026-09-11,14:00,16:00,1,2,LOW
B-004125,C04,2026-09-11,16:00,18:00,0,4,MEDIUM
B-004126,C04,2026-09-11,18:00,20:00,0,6,HIGH
B-004127,C04,2026-09-11,20:00,22:00,0,6,HIGH
B-004128,C04,2026-09-11,22:00,00:00,1,2,LOW
B-004129,C05,2026-09-11,00:00,02:00,1,0,LOW
B-004130,C05,2026-09-11,02:00,04:00,0,3,MEDIUM
B-004131,C05,2026-09-11,04:00,06:00,1,3,MEDIUM
B-004132,C05,2026-09-11,06:00,08:00,1,0,LOW
B-004133,C05,2026-09-11,08:00,10:00,0,7,HIGH
B-004134,C05,2026-09-11,10:00,12:00,1,4,MEDIUM
B-004135,C05,2026-09-11,12:00,14:00,1,0,LOW
B-004136,C05,2026-09-11,14:00,16:00,1,2,LOW
B-004137,C05,2026-09-11,16:00,18:00,1,3,MEDIUM
B-004138,C05,2026-09-11,18:00,20:00,0,7,HIGH
B-004139,C05,2026-09-11,20:00,22:00,0,5,MEDIUM
B-004140,C05,2026-09-11,22:00,00:00,1,4,MEDIUM
B-004141,C06,2026-09-11,00:00,02:00,1,2,LOW
B-004142,C06,2026-09-11,02:00,04:00,1,4,MEDIUM
B-004143,C06,2026-09-11,04:00,06:00,1,3,MEDIUM
B-004144,C06,2026-09-11,06:00,08:00,1,0,LOW
B-004145,C06,2026-09-11,08:00,10:00,0,7,HIGH
B-004146,C06,2026-09-11,10:00,12:00,0,6,HIGH
B-004147,C06,2026-09-11,12:00,14:00,1,3,MEDIUM
B-004148,C06,2026-09-11,14:00,16:00,1,4,MEDIUM
B-004149,C06,2026-09-11,16:00,18:00,1,2,LOW
B-004150,C06,2026-09-11,18:00,20:00,0,7,HIGH
B-004151,C06,2026-09-11,20:00,22:00,0,5,MEDIUM
B-004152,C06,2026-09-11,22:00,00:00,1,3,MEDIUM
B-004153,C07,2026-09-11,00:00,02:00,0,6,HIGH
B-004154,C07,2026-09-11,02:00,04:00,1,1,LOW
B-004155,C07,2026-09-11,04:00,06:00,1,1,LOW
B-004156,C07,2026-09-11,06:00,08:00,1,1,LOW
B-004157,C07,2026-09-11,08:00,10:00,0,6,HIGH
B-004158,C07,2026-09-11,10:00,12:00,0,5,MEDIUM
B-004159,C07,2026-09-11,12:00,14:00,1,4,MEDIUM
B-004160,C07,2026-09-11,14:00,16:00,1,2,LOW
B-004161,C07,2026-09-11,16:00,18:00,1,3,MEDIUM
B-004162,C07,2026-09-11,18:00,20:00,1,4,MEDIUM
B-004163,C07,2026-09-11,20:00,22:00,0,3,MEDIUM
B-004164,C07,2026-09-11,22:00,00:00,0,4,MEDIUM
B-004165,C08,2026-09-11,00:00,02:00,1,3,MEDIUM
B-004166,C08,2026-09-11,02:00,04:00,1,3,MEDIUM
B-004167,C08,2026-09-11,04:00,06:00,1,2,LOW
B-004168,C08,2026-09-11,06:00,08:00,1,2,LOW
B-004169,C08,2026-09-11,08:00,10:00,0,8,HIGH
B-004170,C08,2026-09-11,10:00,12:00,0,7,HIGH
B-004171,C08,2026-09-11,12:00,14:00,1,0,LOW
B-004172,C08,2026-09-11,14:00,16:00,1,0,LOW
B-004173,C08,2026-09-11,16:00,18:00,1,2,LOW
B-004174,C08,2026-09-11,18:00,20:00,0,6,HIGH
B-004175,C08,2026-09-11,20:00,22:00,1,4,MEDIUM
B-004176,C08,2026-09-11,22:00,00:00,1,2,LOW
B-004177,C09,2026-09-11,00:00,02:00,1,1,LOW
B-004178,C09,2026-09-11,02:00,04:00,1,0,LOW
B-004179,C09,2026-09-11,04:00,06:00,1,3,MEDIUM
B-004180,C09,2026-09-11,06:00,08:00,0,2,LOW
B-004181,C09,2026-09-11,08:00,10:00,1,2,LOW
B-004182,C09,2026-09-11,10:00,12:00,0,5,MEDIUM
B-004183,C09,2026-09-11,12:00,14:00,0,5,MEDIUM
B-004184,C09,2026-09-11,14:00,16:00,1,2,LOW
B-004185,C09,2026-09-11,16:00,18:00,1,4,MEDIUM
B-004186,C09,2026-09-11,18:00,20:00,0,6,HIGH
B-004187,C09,2026-09-11,20:00,22:00,1,3,MEDIUM
B-004188,C09,2026-09-11,22:00,00:00,1,1,LOW
B-004189,C10,2026-09-11,00:00,02:00,1,0,LOW
B-004190,C10,2026-09-11,02:00,04:00,1,1,LOW
B-004191,C10,2026-09-11,04:00,06:00,1,4,MEDIUM
B-004192,C10,2026-09-11,06:00,08:00,1,3,MEDIUM
B-004193,C10,2026-09-11,08:00,10:00,0,8,HIGH
B-004194,C10,2026-09-11,10:00,12:00,0,7,HIGH
B-004195,C10,2026-09-11,12:00,14:00,0,6,HIGH
B-004196,C10,2026-09-11,14:00,16:00,1,4,MEDIUM
B-004197,C10,2026-09-11,16:00,18:00,1,2,LOW
B-004198,C10,2026-09-11,18:00,20:00,0,6,HIGH
B-004199,C10,2026-09-11,20:00,22:00,0,8,HIGH
B-004200,C10,2026-09-11,22:00,00:00,1,2,LOW
B-004201,C11,2026-09-11,00:00,02:00,1,2,LOW
B-004202,C11,2026-09-11,02:00,04:00,1,2,LOW
B-004203,C11,2026-09-11,04:00,06:00,1,2,LOW
B-004204,C11,2026-09-11,06:00,08:00,1,1,LOW
B-004205,C11,2026-09-11,08:00,10:00,1,3,MEDIUM
B-004206,C11,2026-09-11,10:00,12:00,1,4,MEDIUM
B-004207,C11,2026-09-11,12:00,14:00,0,5,MEDIUM
B-004208,C11,2026-09-11,14:00,16:00,0,7,HIGH
B-004209,C11,2026-09-11,16:00,18:00,1,1,LOW
B-004210,C11,2026-09-11,18:00,20:00,0,5,MEDIUM
B-004211,C11,2026-09-11,20:00,22:00,0,6,HIGH
B-004212,C11,2026-09-11,22:00,00:00,1,4,MEDIUM
B-004213,C12,2026-09-11,00:00,02:00,1,2,LOW
B-004214,C12,2026-09-11,02:00,04:00,1,1,LOW
B-004215,C12,2026-09-11,04:00,06:00,1,2,LOW
B-004216,C12,2026-09-11,06:00,08:00,1,0,LOW
B-004217,C12,2026-09-11,08:00,10:00,1,3,MEDIUM
B-004218,C12,2026-09-11,10:00,12:00,1,2,LOW
B-004219,C12,2026-09-11,12:00,14:00,1,1,LOW
B-004220,C12,2026-09-11,14:00,16:00,1,2,LOW
B-004221,C12,2026-09-11,16:00,18:00,0,2,LOW
B-004222,C12,2026-09-11,18:00,20:00,0,7,HIGH
B-004223,C12,2026-09-11,20:00,22:00,0,7,HIGH
B-004224,C12,2026-09-11,22:00,00:00,0,2,LOW
B-004225,C13,2026-09-11,00:00,02:00,1,2,LOW
B-004226,C13,2026-09-11,02:00,04:00,1,2,LOW
B-004227,C13,2026-09-11,04:00,06:00,1,2,LOW
B-004228,C13,2026-09-11,06:00,08:00,1,4,MEDIUM
B-004229,C13,2026-09-11,08:00,10:00,0,9,HIGH
B-004230,C13,2026-09-11,10:00,12:00,0,6,HIGH
B-004231,C13,2026-09-11,12:00,14:00,1,0,LOW
B-004232,C13,2026-09-11,14:00,16:00,1,2,LOW
B-004233,C13,2026-09-11,16:00,18:00,0,6,HIGH
B-004234,C13,2026-09-11,18:00,20:00,1,4,MEDIUM
B-004235,C13,2026-09-11,20:00,22:00,1,3,MEDIUM
B-004236,C13,2026-09-11,22:00,00:00,1,1,LOW
B-004237,C14,2026-09-11,00:00,02:00,0,0,LOW
B-004238,C14,2026-09-11,02:00,04:00,1,3,MEDIUM
B-004239,C14,2026-09-11,04:00,06:00,1,1,LOW
B-004240,C14,2026-09-11,06:00,08:00,1,3,MEDIUM
B-004241,C14,2026-09-11,08:00,10:00,0,7,HIGH
B-004242,C14,2026-09-11,10:00,12:00,1,2,LOW
B-004243,C14,2026-09-11,12:00,14:00,0,5,MEDIUM
B-004244,C14,2026-09-11,14:00,16:00,1,1,LOW
B-004245,C14,2026-09-11,16:00,18:00,1,2,LOW
B-004246,C14,2026-09-11,18:00,20:00,0,6,HIGH
B-004247,C14,2026-09-11,20:00,22:00,0,5,MEDIUM
B-004248,C14,2026-09-11,22:00,00:00,1,1,LOW
B-004249,C15,2026-09-11,00:00,02:00,0,2,LOW
B-004250,C15,2026-09-11,02:00,04:00,1,3,MEDIUM
B-004251,C15,2026-09-11,04:00,06:00,1,3,MEDIUM
B-004252,C15,2026-09-11,06:00,08:00,1,2,LOW
B-004253,C15,2026-09-11,08:00,10:00,1,4,MEDIUM
B-004254,C15,2026-09-11,10:00,12:00,0,6,HIGH
B-004255,C15,2026-09-11,12:00,14:00,1,2,LOW
B-004256,C15,2026-09-11,14:00,16:00,0,5,MEDIUM
B-004257,C15,2026-09-11,16:00,18:00,1,3,MEDIUM
B-004258,C15,2026-09-11,18:00,20:00,0,6,HIGH
B-004259,C15,2026-09-11,20:00,22:00,0,6,HIGH
B-004260,C15,2026-09-11,22:00,00:00,1,3,MEDIUM
B-004261,C16,2026-09-11,00:00,02:00,0,2,LOW
B-004262,C16,2026-09-11,02:00,04:00,1,1,LOW
B-004263,C16,2026-09-11,04:00,06:00,1,2,LOW
B-004264,C16,2026-09-11,06:00,08:00,1,1,LOW
B-004265,C16,2026-09-11,08:00,10:00,1,3,MEDIUM
B-004266,C16,2026-09-11,10:00,12:00,0,8,HIGH
B-004267,C16,2026-09-11,12:00,14:00,1,2,LOW
B-004268,C16,2026-09-11,14:00,16:00,0,3,MEDIUM
B-004269,C16,2026-09-11,16:00,18:00,0,3,MEDIUM
B-004270,C16,2026-09-11,18:00,20:00,0,5,MEDIUM
B-004271,C16,2026-09-11,20:00,22:00,0,7,HIGH
B-004272,C16,2026-09-11,22:00,00:00,1,4,MEDIUM
B-004273,C17,2026-09-11,00:00,02:00,1,3,MEDIUM
B-004274,C17,2026-09-11,02:00,04:00,1,4,MEDIUM
B-004275,C17,2026-09-11,04:00,06:00,1,2,LOW
B-004276,C17,2026-09-11,06:00,08:00,1,0,LOW
B-004277,C17,2026-09-11,08:00,10:00,0,5,MEDIUM
B-004278,C17,2026-09-11,10:00,12:00,1,4,MEDIUM
B-004279,C17,2026-09-11,12:00,14:00,1,1,LOW
B-004280,C17,2026-09-11,14:00,16:00,1,4,MEDIUM
B-004281,C17,2026-09-11,16:00,18:00,1,1,LOW
B-004282,C17,2026-09-11,18:00,20:00,0,7,HIGH
B-004283,C17,2026-09-11,20:00,22:00,0,6,HIGH
B-004284,C17,2026-09-11,22:00,00:00,1,0,LOW
B-004285,C18,2026-09-11,00:00,02:00,1,4,MEDIUM
B-004286,C18,2026-09-11,02:00,04:00,1,3,MEDIUM
B-004287,C18,2026-09-11,04:00,06:00,1,2,LOW
B-004288,C18,2026-09-11,06:00,08:00,1,2,LOW
B-004289,C18,2026-09-11,08:00,10:00,1,4,MEDIUM
B-004290,C18,2026-09-11,10:00,12:00,1,4,MEDIUM
B-004291,C18,2026-09-11,12:00,14:00,1,2,LOW
B-004292,C18,2026-09-11,14:00,16:00,1,3,MEDIUM
B-004293,C18,2026-09-11,16:00,18:00,1,4,MEDIUM
B-004294,C18,2026-09-11,18:00,20:00,1,2,LOW
B-004295,C18,2026-09-11,20:00,22:00,0,8,HIGH
B-004296,C18,2026-09-11,22:00,00:00,1,3,MEDIUM
B-004297,C19,2026-09-11,00:00,02:00,1,4,MEDIUM
B-004298,C19,2026-09-11,02:00,04:00,1,2,LOW
B-004299,C19,2026-09-11,04:00,06:00,1,0,LOW
B-004300,C19,2026-09-11,06:00,08:00,1,2,LOW
B-004301,C19,2026-09-11,08:00,10:00,0,7,HIGH
B-004302,C19,2026-09-11,10:00,12:00,0,5,MEDIUM
B-004303,C19,2026-09-11,12:00,14:00,1,0,LOW
B-004304,C19,2026-09-11,14:00,16:00,1,4,MEDIUM
B-004305,C19,2026-09-11,16:00,18:00,1,2,LOW
B-004306,C19,2026-09-11,18:00,20:00,0,5,MEDIUM
B-004307,C19,2026-09-11,20:00,22:00,0,10,HIGH
B-004308,C19,2026-09-11,22:00,00:00,1,2,LOW
B-004309,C20,2026-09-11,00:00,02:00,1,1,LOW
B-004310,C20,2026-09-11,02:00,04:00,1,1,LOW
B-004311,C20,2026-09-11,04:00,06:00,1,2,LOW
B-004312,C20,2026-09-11,06:00,08:00,1,2,LOW
B-004313,C20,2026-09-11,08:00,10:00,0,5,MEDIUM
B-004314,C20,2026-09-11,10:00,12:00,0,10,HIGH
B-004315,C20,2026-09-11,12:00,14:00,1,2,LOW
B-004316,C20,2026-09-11,14:00,16:00,1,2,LOW
B-004317,C20,2026-09-11,16:00,18:00,1,4,MEDIUM
B-004318,C20,2026-09-11,18:00,20:00,0,5,MEDIUM
B-004319,C20,2026-09-11,20:00,22:00,0,8,HIGH
B-004320,C20,2026-09-11,22:00,00:00,1,2,LOW
B-004321,C01,2026-09-12,00:00,02:00,1,3,MEDIUM
B-004322,C01,2026-09-12,02:00,04:00,1,2,LOW
B-004323,C01,2026-09-12,04:00,06:00,0,5,MEDIUM
B-004324,C01,2026-09-12,06:00,08:00,1,1,LOW
B-004325,C01,2026-09-12,08:00,10:00,0,6,HIGH
B-004326,C01,2026-09-12,10:00,12:00,0,11,HIGH
B-004327,C01,2026-09-12,12:00,14:00,0,5,MEDIUM
B-004328,C01,2026-09-12,14:00,16:00,1,2,LOW
B-004329,C01,2026-09-12,16:00,18:00,1,3,MEDIUM
B-004330,C01,2026-09-12,18:00,20:00,0,6,HIGH
B-004331,C01,2026-09-12,20:00,22:00,0,7,HIGH
B-004332,C01,2026-09-12,22:00,00:00,1,2,LOW
B-004333,C02,2026-09-12,00:00,02:00,0,5,MEDIUM
B-004334,C02,2026-09-12,02:00,04:00,0,5,MEDIUM
B-004335,C02,2026-09-12,04:00,06:00,1,3,MEDIUM
B-004336,C02,2026-09-12,06:00,08:00,0,5,MEDIUM
B-004337,C02,2026-09-12,08:00,10:00,0,6,HIGH
B-004338,C02,2026-09-12,10:00,12:00,0,8,HIGH
B-004339,C02,2026-09-12,12:00,14:00,1,3,MEDIUM
B-004340,C02,2026-09-12,14:00,16:00,1,1,LOW
B-004341,C02,2026-09-12,16:00,18:00,0,2,LOW
B-004342,C02,2026-09-12,18:00,20:00,0,6,HIGH
B-004343,C02,2026-09-12,20:00,22:00,0,5,MEDIUM
B-004344,C02,2026-09-12,22:00,00:00,1,4,MEDIUM
B-004345,C03,2026-09-12,00:00,02:00,1,2,LOW
B-004346,C03,2026-09-12,02:00,04:00,1,2,LOW
B-004347,C03,2026-09-12,04:00,06:00,1,0,LOW
B-004348,C03,2026-09-12,06:00,08:00,1,4,MEDIUM
B-004349,C03,2026-09-12,08:00,10:00,0,8,HIGH
B-004350,C03,2026-09-12,10:00,12:00,0,7,HIGH
B-004351,C03,2026-09-12,12:00,14:00,1,1,LOW
B-004352,C03,2026-09-12,14:00,16:00,1,3,MEDIUM
B-004353,C03,2026-09-12,16:00,18:00,1,3,MEDIUM
B-004354,C03,2026-09-12,18:00,20:00,0,5,MEDIUM
B-004355,C03,2026-09-12,20:00,22:00,0,10,HIGH
B-004356,C03,2026-09-12,22:00,00:00,1,4,MEDIUM
B-004357,C04,2026-09-12,00:00,02:00,1,1,LOW
B-004358,C04,2026-09-12,02:00,04:00,1,0,LOW
B-004359,C04,2026-09-12,04:00,06:00,1,4,MEDIUM
B-004360,C04,2026-09-12,06:00,08:00,1,2,LOW
B-004361,C04,2026-09-12,08:00,10:00,0,9,HIGH
B-004362,C04,2026-09-12,10:00,12:00,0,7,HIGH
B-004363,C04,2026-09-12,12:00,14:00,1,2,LOW
B-004364,C04,2026-09-12,14:00,16:00,1,2,LOW
B-004365,C04,2026-09-12,16:00,18:00,1,1,LOW
B-004366,C04,2026-09-12,18:00,20:00,0,5,MEDIUM
B-004367,C04,2026-09-12,20:00,22:00,0,5,MEDIUM
B-004368,C04,2026-09-12,22:00,00:00,1,1,LOW
B-004369,C05,2026-09-12,00:00,02:00,1,1,LOW
B-004370,C05,2026-09-12,02:00,04:00,1,3,MEDIUM
B-004371,C05,2026-09-12,04:00,06:00,1,2,LOW
B-004372,C05,2026-09-12,06:00,08:00,1,3,MEDIUM
B-004373,C05,2026-09-12,08:00,10:00,0,5,MEDIUM
B-004374,C05,2026-09-12,10:00,12:00,0,5,MEDIUM
B-004375,C05,2026-09-12,12:00,14:00,1,1,LOW
B-004376,C05,2026-09-12,14:00,16:00,0,2,LOW
B-004377,C05,2026-09-12,16:00,18:00,1,1,LOW
B-004378,C05,2026-09-12,18:00,20:00,1,4,MEDIUM
B-004379,C05,2026-09-12,20:00,22:00,0,5,MEDIUM
B-004380,C05,2026-09-12,22:00,00:00,1,2,LOW
B-004381,C06,2026-09-12,00:00,02:00,0,5,MEDIUM
B-004382,C06,2026-09-12,02:00,04:00,1,2,LOW
B-004383,C06,2026-09-12,04:00,06:00,1,3,MEDIUM
B-004384,C06,2026-09-12,06:00,08:00,1,3,MEDIUM
B-004385,C06,2026-09-12,08:00,10:00,0,8,HIGH
B-004386,C06,2026-09-12,10:00,12:00,0,6,HIGH
B-004387,C06,2026-09-12,12:00,14:00,1,3,MEDIUM
B-004388,C06,2026-09-12,14:00,16:00,0,6,HIGH
B-004389,C06,2026-09-12,16:00,18:00,1,0,LOW
B-004390,C06,2026-09-12,18:00,20:00,0,6,HIGH
B-004391,C06,2026-09-12,20:00,22:00,1,4,MEDIUM
B-004392,C06,2026-09-12,22:00,00:00,1,4,MEDIUM
B-004393,C07,2026-09-12,00:00,02:00,0,6,HIGH
B-004394,C07,2026-09-12,02:00,04:00,1,1,LOW
B-004395,C07,2026-09-12,04:00,06:00,1,3,MEDIUM
B-004396,C07,2026-09-12,06:00,08:00,1,4,MEDIUM
B-004397,C07,2026-09-12,08:00,10:00,0,6,HIGH
B-004398,C07,2026-09-12,10:00,12:00,0,5,MEDIUM
B-004399,C07,2026-09-12,12:00,14:00,1,3,MEDIUM
B-004400,C07,2026-09-12,14:00,16:00,1,4,MEDIUM
B-004401,C07,2026-09-12,16:00,18:00,0,5,MEDIUM
B-004402,C07,2026-09-12,18:00,20:00,0,7,HIGH
B-004403,C07,2026-09-12,20:00,22:00,1,4,MEDIUM
B-004404,C07,2026-09-12,22:00,00:00,1,2,LOW
B-004405,C08,2026-09-12,00:00,02:00,0,4,MEDIUM
B-004406,C08,2026-09-12,02:00,04:00,1,1,LOW
B-004407,C08,2026-09-12,04:00,06:00,1,0,LOW
B-004408,C08,2026-09-12,06:00,08:00,0,5,MEDIUM
B-004409,C08,2026-09-12,08:00,10:00,0,6,HIGH
B-004410,C08,2026-09-12,10:00,12:00,0,6,HIGH
B-004411,C08,2026-09-12,12:00,14:00,0,6,HIGH
B-004412,C08,2026-09-12,14:00,16:00,0,6,HIGH
B-004413,C08,2026-09-12,16:00,18:00,1,3,MEDIUM
B-004414,C08,2026-09-12,18:00,20:00,0,8,HIGH
B-004415,C08,2026-09-12,20:00,22:00,0,8,HIGH
B-004416,C08,2026-09-12,22:00,00:00,0,5,MEDIUM
B-004417,C09,2026-09-12,00:00,02:00,1,1,LOW
B-004418,C09,2026-09-12,02:00,04:00,1,2,LOW
B-004419,C09,2026-09-12,04:00,06:00,0,2,LOW
B-004420,C09,2026-09-12,06:00,08:00,1,2,LOW
B-004421,C09,2026-09-12,08:00,10:00,0,9,HIGH
B-004422,C09,2026-09-12,10:00,12:00,0,6,HIGH
B-004423,C09,2026-09-12,12:00,14:00,1,3,MEDIUM
B-004424,C09,2026-09-12,14:00,16:00,0,5,MEDIUM
B-004425,C09,2026-09-12,16:00,18:00,0,0,LOW
B-004426,C09,2026-09-12,18:00,20:00,0,7,HIGH
B-004427,C09,2026-09-12,20:00,22:00,0,4,MEDIUM
B-004428,C09,2026-09-12,22:00,00:00,1,2,LOW
B-004429,C10,2026-09-12,00:00,02:00,1,3,MEDIUM
B-004430,C10,2026-09-12,02:00,04:00,1,1,LOW
B-004431,C10,2026-09-12,04:00,06:00,0,2,LOW
B-004432,C10,2026-09-12,06:00,08:00,1,2,LOW
B-004433,C10,2026-09-12,08:00,10:00,0,7,HIGH
B-004434,C10,2026-09-12,10:00,12:00,0,5,MEDIUM
B-004435,C10,2026-09-12,12:00,14:00,1,2,LOW
B-004436,C10,2026-09-12,14:00,16:00,1,1,LOW
B-004437,C10,2026-09-12,16:00,18:00,1,3,MEDIUM
B-004438,C10,2026-09-12,18:00,20:00,0,6,HIGH
B-004439,C10,2026-09-12,20:00,22:00,0,11,HIGH
B-004440,C10,2026-09-12,22:00,00:00,1,4,MEDIUM
B-004441,C11,2026-09-12,00:00,02:00,1,1,LOW
B-004442,C11,2026-09-12,02:00,04:00,1,0,LOW
B-004443,C11,2026-09-12,04:00,06:00,1,2,LOW
B-004444,C11,2026-09-12,06:00,08:00,1,4,MEDIUM
B-004445,C11,2026-09-12,08:00,10:00,0,8,HIGH
B-004446,C11,2026-09-12,10:00,12:00,1,3,MEDIUM
B-004447,C11,2026-09-12,12:00,14:00,1,3,MEDIUM
B-004448,C11,2026-09-12,14:00,16:00,0,5,MEDIUM
B-004449,C11,2026-09-12,16:00,18:00,1,2,LOW
B-004450,C11,2026-09-12,18:00,20:00,1,4,MEDIUM
B-004451,C11,2026-09-12,20:00,22:00,0,7,HIGH
B-004452,C11,2026-09-12,22:00,00:00,1,2,LOW
B-004453,C12,2026-09-12,00:00,02:00,1,4,MEDIUM
B-004454,C12,2026-09-12,02:00,04:00,0,7,HIGH
B-004455,C12,2026-09-12,04:00,06:00,1,1,LOW
B-004456,C12,2026-09-12,06:00,08:00,1,4,MEDIUM
B-004457,C12,2026-09-12,08:00,10:00,0,6,HIGH
B-004458,C12,2026-09-12,10:00,12:00,0,6,HIGH
B-004459,C12,2026-09-12,12:00,14:00,0,5,MEDIUM
B-004460,C12,2026-09-12,14:00,16:00,1,3,MEDIUM
B-004461,C12,2026-09-12,16:00,18:00,0,8,HIGH
B-004462,C12,2026-09-12,18:00,20:00,0,9,HIGH
B-004463,C12,2026-09-12,20:00,22:00,0,9,HIGH
B-004464,C12,2026-09-12,22:00,00:00,1,2,LOW
B-004465,C13,2026-09-12,00:00,02:00,1,4,MEDIUM
B-004466,C13,2026-09-12,02:00,04:00,1,0,LOW
B-004467,C13,2026-09-12,04:00,06:00,1,2,LOW
B-004468,C13,2026-09-12,06:00,08:00,1,4,MEDIUM
B-004469,C13,2026-09-12,08:00,10:00,0,5,MEDIUM
B-004470,C13,2026-09-12,10:00,12:00,1,2,LOW
B-004471,C13,2026-09-12,12:00,14:00,1,4,MEDIUM
B-004472,C13,2026-09-12,14:00,16:00,1,4,MEDIUM
B-004473,C13,2026-09-12,16:00,18:00,1,2,LOW
B-004474,C13,2026-09-12,18:00,20:00,1,3,MEDIUM
B-004475,C13,2026-09-12,20:00,22:00,0,6,HIGH
B-004476,C13,2026-09-12,22:00,00:00,1,1,LOW
B-004477,C14,2026-09-12,00:00,02:00,1,2,LOW
B-004478,C14,2026-09-12,02:00,04:00,0,4,MEDIUM
B-004479,C14,2026-09-12,04:00,06:00,0,5,MEDIUM
B-004480,C14,2026-09-12,06:00,08:00,1,1,LOW
B-004481,C14,2026-09-12,08:00,10:00,0,7,HIGH
B-004482,C14,2026-09-12,10:00,12:00,0,5,MEDIUM
B-004483,C14,2026-09-12,12:00,14:00,1,0,LOW
B-004484,C14,2026-09-12,14:00,16:00,1,1,LOW
B-004485,C14,2026-09-12,16:00,18:00,1,1,LOW
B-004486,C14,2026-09-12,18:00,20:00,0,7,HIGH
B-004487,C14,2026-09-12,20:00,22:00,0,8,HIGH
B-004488,C14,2026-09-12,22:00,00:00,1,2,LOW
B-004489,C15,2026-09-12,00:00,02:00,1,2,LOW
B-004490,C15,2026-09-12,02:00,04:00,1,2,LOW
B-004491,C15,2026-09-12,04:00,06:00,1,2,LOW
B-004492,C15,2026-09-12,06:00,08:00,1,4,MEDIUM
B-004493,C15,2026-09-12,08:00,10:00,0,9,HIGH
B-004494,C15,2026-09-12,10:00,12:00,1,3,MEDIUM
B-004495,C15,2026-09-12,12:00,14:00,0,3,MEDIUM
B-004496,C15,2026-09-12,14:00,16:00,0,5,MEDIUM
B-004497,C15,2026-09-12,16:00,18:00,1,3,MEDIUM
B-004498,C15,2026-09-12,18:00,20:00,0,7,HIGH
B-004499,C15,2026-09-12,20:00,22:00,0,5,MEDIUM
B-004500,C15,2026-09-12,22:00,00:00,1,2,LOW
B-004501,C16,2026-09-12,00:00,02:00,1,4,MEDIUM
B-004502,C16,2026-09-12,02:00,04:00,0,0,LOW
B-004503,C16,2026-09-12,04:00,06:00,1,3,MEDIUM
B-004504,C16,2026-09-12,06:00,08:00,1,2,LOW
B-004505,C16,2026-09-12,08:00,10:00,0,7,HIGH
B-004506,C16,2026-09-12,10:00,12:00,1,4,MEDIUM
B-004507,C16,2026-09-12,12:00,14:00,1,2,LOW
B-004508,C16,2026-09-12,14:00,16:00,0,5,MEDIUM
B-004509,C16,2026-09-12,16:00,18:00,1,2,LOW
B-004510,C16,2026-09-12,18:00,20:00,1,4,MEDIUM
B-004511,C16,2026-09-12,20:00,22:00,0,4,MEDIUM
B-004512,C16,2026-09-12,22:00,00:00,1,2,LOW
B-004513,C17,2026-09-12,00:00,02:00,1,1,LOW
B-004514,C17,2026-09-12,02:00,04:00,1,3,MEDIUM
B-004515,C17,2026-09-12,04:00,06:00,1,1,LOW
B-004516,C17,2026-09-12,06:00,08:00,0,2,LOW
B-004517,C17,2026-09-12,08:00,10:00,0,6,HIGH
B-004518,C17,2026-09-12,10:00,12:00,0,6,HIGH
B-004519,C17,2026-09-12,12:00,14:00,1,3,MEDIUM
B-004520,C17,2026-09-12,14:00,16:00,1,2,LOW
B-004521,C17,2026-09-12,16:00,18:00,1,3,MEDIUM
B-004522,C17,2026-09-12,18:00,20:00,1,4,MEDIUM
B-004523,C17,2026-09-12,20:00,22:00,0,6,HIGH
B-004524,C17,2026-09-12,22:00,00:00,1,3,MEDIUM
B-004525,C18,2026-09-12,00:00,02:00,1,1,LOW
B-004526,C18,2026-09-12,02:00,04:00,1,1,LOW
B-004527,C18,2026-09-12,04:00,06:00,1,4,MEDIUM
B-004528,C18,2026-09-12,06:00,08:00,0,8,HIGH
B-004529,C18,2026-09-12,08:00,10:00,0,9,HIGH
B-004530,C18,2026-09-12,10:00,12:00,1,3,MEDIUM
B-004531,C18,2026-09-12,12:00,14:00,1,3,MEDIUM
B-004532,C18,2026-09-12,14:00,16:00,1,3,MEDIUM
B-004533,C18,2026-09-12,16:00,18:00,1,3,MEDIUM
B-004534,C18,2026-09-12,18:00,20:00,0,8,HIGH
B-004535,C18,2026-09-12,20:00,22:00,0,9,HIGH
B-004536,C18,2026-09-12,22:00,00:00,1,0,LOW
B-004537,C19,2026-09-12,00:00,02:00,1,2,LOW
B-004538,C19,2026-09-12,02:00,04:00,1,2,LOW
B-004539,C19,2026-09-12,04:00,06:00,1,3,MEDIUM
B-004540,C19,2026-09-12,06:00,08:00,1,4,MEDIUM
B-004541,C19,2026-09-12,08:00,10:00,0,5,MEDIUM
B-004542,C19,2026-09-12,10:00,12:00,0,6,HIGH
B-004543,C19,2026-09-12,12:00,14:00,1,0,LOW
B-004544,C19,2026-09-12,14:00,16:00,1,2,LOW
B-004545,C19,2026-09-12,16:00,18:00,1,1,LOW
B-004546,C19,2026-09-12,18:00,20:00,0,9,HIGH
B-004547,C19,2026-09-12,20:00,22:00,0,7,HIGH
B-004548,C19,2026-09-12,22:00,00:00,1,3,MEDIUM
B-004549,C20,2026-09-12,00:00,02:00,0,5,MEDIUM
B-004550,C20,2026-09-12,02:00,04:00,1,4,MEDIUM
B-004551,C20,2026-09-12,04:00,06:00,0,5,MEDIUM
B-004552,C20,2026-09-12,06:00,08:00,1,3,MEDIUM
B-004553,C20,2026-09-12,08:00,10:00,0,5,MEDIUM
B-004554,C20,2026-09-12,10:00,12:00,0,6,HIGH
B-004555,C20,2026-09-12,12:00,14:00,0,1,LOW
B-004556,C20,2026-09-12,14:00,16:00,1,2,LOW
B-004557,C20,2026-09-12,16:00,18:00,1,1,LOW
B-004558,C20,2026-09-12,18:00,20:00,0,5,MEDIUM
B-004559,C20,2026-09-12,20:00,22:00,0,4,MEDIUM
B-004560,C20,2026-09-12,22:00,00:00,1,3,MEDIUM
B-004561,C01,2026-09-13,00:00,02:00,1,3,MEDIUM
B-004562,C01,2026-09-13,02:00,04:00,1,4,MEDIUM
B-004563,C01,2026-09-13,04:00,06:00,1,1,LOW
B-004564,C01,2026-09-13,06:00,08:00,1,1,LOW
B-004565,C01,2026-09-13,08:00,10:00,0,7,HIGH
B-004566,C01,2026-09-13,10:00,12:00,1,3,MEDIUM
B-004567,C01,2026-09-13,12:00,14:00,1,4,MEDIUM
B-004568,C01,2026-09-13,14:00,16:00,1,1,LOW
B-004569,C01,2026-09-13,16:00,18:00,1,4,MEDIUM
B-004570,C01,2026-09-13,18:00,20:00,0,9,HIGH
B-004571,C01,2026-09-13,20:00,22:00,1,4,MEDIUM
B-004572,C01,2026-09-13,22:00,00:00,1,3,MEDIUM
B-004573,C02,2026-09-13,00:00,02:00,1,3,MEDIUM
B-004574,C02,2026-09-13,02:00,04:00,1,2,LOW
B-004575,C02,2026-09-13,04:00,06:00,1,1,LOW
B-004576,C02,2026-09-13,06:00,08:00,1,1,LOW
B-004577,C02,2026-09-13,08:00,10:00,0,6,HIGH
B-004578,C02,2026-09-13,10:00,12:00,1,4,MEDIUM
B-004579,C02,2026-09-13,12:00,14:00,1,2,LOW
B-004580,C02,2026-09-13,14:00,16:00,0,6,HIGH
B-004581,C02,2026-09-13,16:00,18:00,1,3,MEDIUM
B-004582,C02,2026-09-13,18:00,20:00,0,6,HIGH
B-004583,C02,2026-09-13,20:00,22:00,0,7,HIGH
B-004584,C02,2026-09-13,22:00,00:00,1,4,MEDIUM
B-004585,C03,2026-09-13,00:00,02:00,0,5,MEDIUM
B-004586,C03,2026-09-13,02:00,04:00,1,2,LOW
B-004587,C03,2026-09-13,04:00,06:00,1,0,LOW
B-004588,C03,2026-09-13,06:00,08:00,1,3,MEDIUM
B-004589,C03,2026-09-13,08:00,10:00,0,6,HIGH
B-004590,C03,2026-09-13,10:00,12:00,0,8,HIGH
B-004591,C03,2026-09-13,12:00,14:00,0,6,HIGH
B-004592,C03,2026-09-13,14:00,16:00,1,2,LOW
B-004593,C03,2026-09-13,16:00,18:00,1,3,MEDIUM
B-004594,C03,2026-09-13,18:00,20:00,1,4,MEDIUM
B-004595,C03,2026-09-13,20:00,22:00,0,6,HIGH
B-004596,C03,2026-09-13,22:00,00:00,0,5,MEDIUM
B-004597,C04,2026-09-13,00:00,02:00,1,2,LOW
B-004598,C04,2026-09-13,02:00,04:00,1,1,LOW
B-004599,C04,2026-09-13,04:00,06:00,1,4,MEDIUM
B-004600,C04,2026-09-13,06:00,08:00,1,2,LOW
B-004601,C04,2026-09-13,08:00,10:00,1,4,MEDIUM
B-004602,C04,2026-09-13,10:00,12:00,0,7,HIGH
B-004603,C04,2026-09-13,12:00,14:00,1,4,MEDIUM
B-004604,C04,2026-09-13,14:00,16:00,1,2,LOW
B-004605,C04,2026-09-13,16:00,18:00,1,4,MEDIUM
B-004606,C04,2026-09-13,18:00,20:00,0,5,MEDIUM
B-004607,C04,2026-09-13,20:00,22:00,1,4,MEDIUM
B-004608,C04,2026-09-13,22:00,00:00,1,0,LOW
B-004609,C05,2026-09-13,00:00,02:00,1,1,LOW
B-004610,C05,2026-09-13,02:00,04:00,1,2,LOW
B-004611,C05,2026-09-13,04:00,06:00,1,1,LOW
B-004612,C05,2026-09-13,06:00,08:00,1,3,MEDIUM
B-004613,C05,2026-09-13,08:00,10:00,0,7,HIGH
B-004614,C05,2026-09-13,10:00,12:00,0,8,HIGH
B-004615,C05,2026-09-13,12:00,14:00,1,0,LOW
B-004616,C05,2026-09-13,14:00,16:00,1,3,MEDIUM
B-004617,C05,2026-09-13,16:00,18:00,1,2,LOW
B-004618,C05,2026-09-13,18:00,20:00,1,4,MEDIUM
B-004619,C05,2026-09-13,20:00,22:00,0,9,HIGH
B-004620,C05,2026-09-13,22:00,00:00,1,1,LOW
B-004621,C06,2026-09-13,00:00,02:00,1,3,MEDIUM
B-004622,C06,2026-09-13,02:00,04:00,1,0,LOW
B-004623,C06,2026-09-13,04:00,06:00,1,2,LOW
B-004624,C06,2026-09-13,06:00,08:00,1,2,LOW
B-004625,C06,2026-09-13,08:00,10:00,0,5,MEDIUM
B-004626,C06,2026-09-13,10:00,12:00,0,8,HIGH
B-004627,C06,2026-09-13,12:00,14:00,1,1,LOW
B-004628,C06,2026-09-13,14:00,16:00,1,4,MEDIUM
B-004629,C06,2026-09-13,16:00,18:00,1,2,LOW
B-004630,C06,2026-09-13,18:00,20:00,0,7,HIGH
B-004631,C06,2026-09-13,20:00,22:00,0,5,MEDIUM
B-004632,C06,2026-09-13,22:00,00:00,1,1,LOW
B-004633,C07,2026-09-13,00:00,02:00,1,3,MEDIUM
B-004634,C07,2026-09-13,02:00,04:00,1,2,LOW
B-004635,C07,2026-09-13,04:00,06:00,1,2,LOW
B-004636,C07,2026-09-13,06:00,08:00,1,4,MEDIUM
B-004637,C07,2026-09-13,08:00,10:00,1,4,MEDIUM
B-004638,C07,2026-09-13,10:00,12:00,0,6,HIGH
B-004639,C07,2026-09-13,12:00,14:00,1,1,LOW
B-004640,C07,2026-09-13,14:00,16:00,1,2,LOW
B-004641,C07,2026-09-13,16:00,18:00,1,0,LOW
B-004642,C07,2026-09-13,18:00,20:00,0,6,HIGH
B-004643,C07,2026-09-13,20:00,22:00,0,7,HIGH
B-004644,C07,2026-09-13,22:00,00:00,1,2,LOW
B-004645,C08,2026-09-13,00:00,02:00,1,1,LOW
B-004646,C08,2026-09-13,02:00,04:00,1,3,MEDIUM
B-004647,C08,2026-09-13,04:00,06:00,1,3,MEDIUM
B-004648,C08,2026-09-13,06:00,08:00,1,3,MEDIUM
B-004649,C08,2026-09-13,08:00,10:00,0,9,HIGH
B-004650,C08,2026-09-13,10:00,12:00,0,6,HIGH
B-004651,C08,2026-09-13,12:00,14:00,1,1,LOW
B-004652,C08,2026-09-13,14:00,16:00,1,0,LOW
B-004653,C08,2026-09-13,16:00,18:00,1,3,MEDIUM
B-004654,C08,2026-09-13,18:00,20:00,0,5,MEDIUM
B-004655,C08,2026-09-13,20:00,22:00,0,6,HIGH
B-004656,C08,2026-09-13,22:00,00:00,1,1,LOW
B-004657,C09,2026-09-13,00:00,02:00,1,4,MEDIUM
B-004658,C09,2026-09-13,02:00,04:00,1,2,LOW
B-004659,C09,2026-09-13,04:00,06:00,1,2,LOW
B-004660,C09,2026-09-13,06:00,08:00,1,0,LOW
B-004661,C09,2026-09-13,08:00,10:00,1,4,MEDIUM
B-004662,C09,2026-09-13,10:00,12:00,0,5,MEDIUM
B-004663,C09,2026-09-13,12:00,14:00,1,2,LOW
B-004664,C09,2026-09-13,14:00,16:00,1,2,LOW
B-004665,C09,2026-09-13,16:00,18:00,1,0,LOW
B-004666,C09,2026-09-13,18:00,20:00,0,10,HIGH
B-004667,C09,2026-09-13,20:00,22:00,0,5,MEDIUM
B-004668,C09,2026-09-13,22:00,00:00,1,2,LOW
B-004669,C10,2026-09-13,00:00,02:00,1,3,MEDIUM
B-004670,C10,2026-09-13,02:00,04:00,1,3,MEDIUM
B-004671,C10,2026-09-13,04:00,06:00,1,1,LOW
B-004672,C10,2026-09-13,06:00,08:00,0,5,MEDIUM
B-004673,C10,2026-09-13,08:00,10:00,0,12,HIGH
B-004674,C10,2026-09-13,10:00,12:00,0,5,MEDIUM
B-004675,C10,2026-09-13,12:00,14:00,0,5,MEDIUM
B-004676,C10,2026-09-13,14:00,16:00,1,3,MEDIUM
B-004677,C10,2026-09-13,16:00,18:00,1,1,LOW
B-004678,C10,2026-09-13,18:00,20:00,0,6,HIGH
B-004679,C10,2026-09-13,20:00,22:00,0,7,HIGH
B-004680,C10,2026-09-13,22:00,00:00,0,6,HIGH
B-004681,C11,2026-09-13,00:00,02:00,1,3,MEDIUM
B-004682,C11,2026-09-13,02:00,04:00,1,1,LOW
B-004683,C11,2026-09-13,04:00,06:00,1,2,LOW
B-004684,C11,2026-09-13,06:00,08:00,1,2,LOW
B-004685,C11,2026-09-13,08:00,10:00,0,5,MEDIUM
B-004686,C11,2026-09-13,10:00,12:00,0,5,MEDIUM
B-004687,C11,2026-09-13,12:00,14:00,1,1,LOW
B-004688,C11,2026-09-13,14:00,16:00,1,4,MEDIUM
B-004689,C11,2026-09-13,16:00,18:00,1,1,LOW
B-004690,C11,2026-09-13,18:00,20:00,0,5,MEDIUM
B-004691,C11,2026-09-13,20:00,22:00,1,4,MEDIUM
B-004692,C11,2026-09-13,22:00,00:00,1,2,LOW
B-004693,C12,2026-09-13,00:00,02:00,0,3,MEDIUM
B-004694,C12,2026-09-13,02:00,04:00,1,4,MEDIUM
B-004695,C12,2026-09-13,04:00,06:00,1,3,MEDIUM
B-004696,C12,2026-09-13,06:00,08:00,1,2,LOW
B-004697,C12,2026-09-13,08:00,10:00,1,4,MEDIUM
B-004698,C12,2026-09-13,10:00,12:00,0,6,HIGH
B-004699,C12,2026-09-13,12:00,14:00,1,1,LOW
B-004700,C12,2026-09-13,14:00,16:00,1,1,LOW
B-004701,C12,2026-09-13,16:00,18:00,1,2,LOW
B-004702,C12,2026-09-13,18:00,20:00,1,4,MEDIUM
B-004703,C12,2026-09-13,20:00,22:00,0,8,HIGH
B-004704,C12,2026-09-13,22:00,00:00,1,2,LOW
B-004705,C13,2026-09-13,00:00,02:00,1,2,LOW
B-004706,C13,2026-09-13,02:00,04:00,0,4,MEDIUM
B-004707,C13,2026-09-13,04:00,06:00,1,2,LOW
B-004708,C13,2026-09-13,06:00,08:00,1,2,LOW
B-004709,C13,2026-09-13,08:00,10:00,0,7,HIGH
B-004710,C13,2026-09-13,10:00,12:00,0,5,MEDIUM
B-004711,C13,2026-09-13,12:00,14:00,1,4,MEDIUM
B-004712,C13,2026-09-13,14:00,16:00,1,3,MEDIUM
B-004713,C13,2026-09-13,16:00,18:00,0,5,MEDIUM
B-004714,C13,2026-09-13,18:00,20:00,0,5,MEDIUM
B-004715,C13,2026-09-13,20:00,22:00,0,5,MEDIUM
B-004716,C13,2026-09-13,22:00,00:00,1,3,MEDIUM
B-004717,C14,2026-09-13,00:00,02:00,1,2,LOW
B-004718,C14,2026-09-13,02:00,04:00,1,3,MEDIUM
B-004719,C14,2026-09-13,04:00,06:00,1,1,LOW
B-004720,C14,2026-09-13,06:00,08:00,1,2,LOW
B-004721,C14,2026-09-13,08:00,10:00,0,10,HIGH
B-004722,C14,2026-09-13,10:00,12:00,0,6,HIGH
B-004723,C14,2026-09-13,12:00,14:00,0,3,MEDIUM
B-004724,C14,2026-09-13,14:00,16:00,1,3,MEDIUM
B-004725,C14,2026-09-13,16:00,18:00,1,3,MEDIUM
B-004726,C14,2026-09-13,18:00,20:00,0,7,HIGH
B-004727,C14,2026-09-13,20:00,22:00,1,4,MEDIUM
B-004728,C14,2026-09-13,22:00,00:00,1,2,LOW
B-004729,C15,2026-09-13,00:00,02:00,1,1,LOW
B-004730,C15,2026-09-13,02:00,04:00,0,5,MEDIUM
B-004731,C15,2026-09-13,04:00,06:00,1,3,MEDIUM
B-004732,C15,2026-09-13,06:00,08:00,1,3,MEDIUM
B-004733,C15,2026-09-13,08:00,10:00,0,6,HIGH
B-004734,C15,2026-09-13,10:00,12:00,0,5,MEDIUM
B-004735,C15,2026-09-13,12:00,14:00,1,2,LOW
B-004736,C15,2026-09-13,14:00,16:00,1,0,LOW
B-004737,C15,2026-09-13,16:00,18:00,1,2,LOW
B-004738,C15,2026-09-13,18:00,20:00,0,7,HIGH
B-004739,C15,2026-09-13,20:00,22:00,0,6,HIGH
B-004740,C15,2026-09-13,22:00,00:00,1,3,MEDIUM
B-004741,C16,2026-09-13,00:00,02:00,1,2,LOW
B-004742,C16,2026-09-13,02:00,04:00,1,0,LOW
B-004743,C16,2026-09-13,04:00,06:00,1,0,LOW
B-004744,C16,2026-09-13,06:00,08:00,1,3,MEDIUM
B-004745,C16,2026-09-13,08:00,10:00,1,4,MEDIUM
B-004746,C16,2026-09-13,10:00,12:00,0,9,HIGH
B-004747,C16,2026-09-13,12:00,14:00,1,3,MEDIUM
B-004748,C16,2026-09-13,14:00,16:00,1,2,LOW
B-004749,C16,2026-09-13,16:00,18:00,1,2,LOW
B-004750,C16,2026-09-13,18:00,20:00,0,8,HIGH
B-004751,C16,2026-09-13,20:00,22:00,0,6,HIGH
B-004752,C16,2026-09-13,22:00,00:00,1,2,LOW
B-004753,C17,2026-09-13,00:00,02:00,1,2,LOW
B-004754,C17,2026-09-13,02:00,04:00,1,4,MEDIUM
B-004755,C17,2026-09-13,04:00,06:00,1,2,LOW
B-004756,C17,2026-09-13,06:00,08:00,0,1,LOW
B-004757,C17,2026-09-13,08:00,10:00,1,4,MEDIUM
B-004758,C17,2026-09-13,10:00,12:00,0,7,HIGH
B-004759,C17,2026-09-13,12:00,14:00,1,3,MEDIUM
B-004760,C17,2026-09-13,14:00,16:00,1,2,LOW
B-004761,C17,2026-09-13,16:00,18:00,1,2,LOW
B-004762,C17,2026-09-13,18:00,20:00,1,4,MEDIUM
B-004763,C17,2026-09-13,20:00,22:00,0,7,HIGH
B-004764,C17,2026-09-13,22:00,00:00,1,3,MEDIUM
B-004765,C18,2026-09-13,00:00,02:00,1,3,MEDIUM
B-004766,C18,2026-09-13,02:00,04:00,1,4,MEDIUM
B-004767,C18,2026-09-13,04:00,06:00,0,6,HIGH
B-004768,C18,2026-09-13,06:00,08:00,1,1,LOW
B-004769,C18,2026-09-13,08:00,10:00,0,9,HIGH
B-004770,C18,2026-09-13,10:00,12:00,0,7,HIGH
B-004771,C18,2026-09-13,12:00,14:00,1,0,LOW
B-004772,C18,2026-09-13,14:00,16:00,0,5,MEDIUM
B-004773,C18,2026-09-13,16:00,18:00,0,8,HIGH
B-004774,C18,2026-09-13,18:00,20:00,0,5,MEDIUM
B-004775,C18,2026-09-13,20:00,22:00,0,6,HIGH
B-004776,C18,2026-09-13,22:00,00:00,1,1,LOW
B-004777,C19,2026-09-13,00:00,02:00,1,4,MEDIUM
B-004778,C19,2026-09-13,02:00,04:00,1,1,LOW
B-004779,C19,2026-09-13,04:00,06:00,0,2,LOW
B-004780,C19,2026-09-13,06:00,08:00,0,1,LOW
B-004781,C19,2026-09-13,08:00,10:00,0,8,HIGH
B-004782,C19,2026-09-13,10:00,12:00,1,4,MEDIUM
B-004783,C19,2026-09-13,12:00,14:00,1,3,MEDIUM
B-004784,C19,2026-09-13,14:00,16:00,1,1,LOW
B-004785,C19,2026-09-13,16:00,18:00,1,1,LOW
B-004786,C19,2026-09-13,18:00,20:00,0,6,HIGH
B-004787,C19,2026-09-13,20:00,22:00,0,8,HIGH
B-004788,C19,2026-09-13,22:00,00:00,0,4,MEDIUM
B-004789,C20,2026-09-13,00:00,02:00,1,3,MEDIUM
B-004790,C20,2026-09-13,02:00,04:00,0,5,MEDIUM
B-004791,C20,2026-09-13,04:00,06:00,1,1,LOW
B-004792,C20,2026-09-13,06:00,08:00,1,1,LOW
B-004793,C20,2026-09-13,08:00,10:00,0,8,HIGH
B-004794,C20,2026-09-13,10:00,12:00,0,10,HIGH
B-004795,C20,2026-09-13,12:00,14:00,1,0,LOW
B-004796,C20,2026-09-13,14:00,16:00,1,1,LOW
B-004797,C20,2026-09-13,16:00,18:00,1,3,MEDIUM
B-004798,C20,2026-09-13,18:00,20:00,0,8,HIGH
B-004799,C20,2026-09-13,20:00,22:00,0,5,MEDIUM
B-004800,C20,2026-09-13,22:00,00:00,0,5,MEDIUM
B-004801,C01,2026-09-14,00:00,02:00,1,2,LOW
B-004802,C01,2026-09-14,02:00,04:00,1,3,MEDIUM
B-004803,C01,2026-09-14,04:00,06:00,1,3,MEDIUM
B-004804,C01,2026-09-14,06:00,08:00,1,2,LOW
B-004805,C01,2026-09-14,08:00,10:00,0,7,HIGH
B-004806,C01,2026-09-14,10:00,12:00,0,8,HIGH
B-004807,C01,2026-09-14,12:00,14:00,0,5,MEDIUM
B-004808,C01,2026-09-14,14:00,16:00,0,5,MEDIUM
B-004809,C01,2026-09-14,16:00,18:00,1,1,LOW
B-004810,C01,2026-09-14,18:00,20:00,0,5,MEDIUM
B-004811,C01,2026-09-14,20:00,22:00,0,6,HIGH
B-004812,C01,2026-09-14,22:00,00:00,1,1,LOW
B-004813,C02,2026-09-14,00:00,02:00,1,3,MEDIUM
B-004814,C02,2026-09-14,02:00,04:00,1,3,MEDIUM
B-004815,C02,2026-09-14,04:00,06:00,1,2,LOW
B-004816,C02,2026-09-14,06:00,08:00,0,3,MEDIUM
B-004817,C02,2026-09-14,08:00,10:00,1,3,MEDIUM
B-004818,C02,2026-09-14,10:00,12:00,0,6,HIGH
B-004819,C02,2026-09-14,12:00,14:00,1,3,MEDIUM
B-004820,C02,2026-09-14,14:00,16:00,0,5,MEDIUM
B-004821,C02,2026-09-14,16:00,18:00,1,2,LOW
B-004822,C02,2026-09-14,18:00,20:00,0,6,HIGH
B-004823,C02,2026-09-14,20:00,22:00,1,4,MEDIUM
B-004824,C02,2026-09-14,22:00,00:00,1,1,LOW
B-004825,C03,2026-09-14,00:00,02:00,1,3,MEDIUM
B-004826,C03,2026-09-14,02:00,04:00,1,4,MEDIUM
B-004827,C03,2026-09-14,04:00,06:00,1,2,LOW
B-004828,C03,2026-09-14,06:00,08:00,1,3,MEDIUM
B-004829,C03,2026-09-14,08:00,10:00,0,7,HIGH
B-004830,C03,2026-09-14,10:00,12:00,1,4,MEDIUM
B-004831,C03,2026-09-14,12:00,14:00,1,0,LOW
B-004832,C03,2026-09-14,14:00,16:00,1,2,LOW
B-004833,C03,2026-09-14,16:00,18:00,1,2,LOW
B-004834,C03,2026-09-14,18:00,20:00,0,6,HIGH
B-004835,C03,2026-09-14,20:00,22:00,0,8,HIGH
B-004836,C03,2026-09-14,22:00,00:00,1,2,LOW
B-004837,C04,2026-09-14,00:00,02:00,1,2,LOW
B-004838,C04,2026-09-14,02:00,04:00,1,3,MEDIUM
B-004839,C04,2026-09-14,04:00,06:00,1,3,MEDIUM
B-004840,C04,2026-09-14,06:00,08:00,1,2,LOW
B-004841,C04,2026-09-14,08:00,10:00,0,5,MEDIUM
B-004842,C04,2026-09-14,10:00,12:00,0,9,HIGH
B-004843,C04,2026-09-14,12:00,14:00,1,2,LOW
B-004844,C04,2026-09-14,14:00,16:00,1,3,MEDIUM
B-004845,C04,2026-09-14,16:00,18:00,1,2,LOW
B-004846,C04,2026-09-14,18:00,20:00,0,7,HIGH
B-004847,C04,2026-09-14,20:00,22:00,0,5,MEDIUM
B-004848,C04,2026-09-14,22:00,00:00,1,2,LOW
B-004849,C05,2026-09-14,00:00,02:00,1,2,LOW
B-004850,C05,2026-09-14,02:00,04:00,1,2,LOW
B-004851,C05,2026-09-14,04:00,06:00,0,5,MEDIUM
B-004852,C05,2026-09-14,06:00,08:00,1,1,LOW
B-004853,C05,2026-09-14,08:00,10:00,0,7,HIGH
B-004854,C05,2026-09-14,10:00,12:00,1,4,MEDIUM
B-004855,C05,2026-09-14,12:00,14:00,1,4,MEDIUM
B-004856,C05,2026-09-14,14:00,16:00,1,1,LOW
B-004857,C05,2026-09-14,16:00,18:00,1,1,LOW
B-004858,C05,2026-09-14,18:00,20:00,0,6,HIGH
B-004859,C05,2026-09-14,20:00,22:00,0,7,HIGH
B-004860,C05,2026-09-14,22:00,00:00,0,7,HIGH
B-004861,C06,2026-09-14,00:00,02:00,1,4,MEDIUM
B-004862,C06,2026-09-14,02:00,04:00,1,3,MEDIUM
B-004863,C06,2026-09-14,04:00,06:00,1,0,LOW
B-004864,C06,2026-09-14,06:00,08:00,1,1,LOW
B-004865,C06,2026-09-14,08:00,10:00,1,4,MEDIUM
B-004866,C06,2026-09-14,10:00,12:00,0,7,HIGH
B-004867,C06,2026-09-14,12:00,14:00,1,4,MEDIUM
B-004868,C06,2026-09-14,14:00,16:00,0,3,MEDIUM
B-004869,C06,2026-09-14,16:00,18:00,1,1,LOW
B-004870,C06,2026-09-14,18:00,20:00,0,5,MEDIUM
B-004871,C06,2026-09-14,20:00,22:00,0,6,HIGH
B-004872,C06,2026-09-14,22:00,00:00,1,0,LOW
B-004873,C07,2026-09-14,00:00,02:00,1,2,LOW
B-004874,C07,2026-09-14,02:00,04:00,1,2,LOW
B-004875,C07,2026-09-14,04:00,06:00,1,3,MEDIUM
B-004876,C07,2026-09-14,06:00,08:00,1,0,LOW
B-004877,C07,2026-09-14,08:00,10:00,0,6,HIGH
B-004878,C07,2026-09-14,10:00,12:00,0,5,MEDIUM
B-004879,C07,2026-09-14,12:00,14:00,1,4,MEDIUM
B-004880,C07,2026-09-14,14:00,16:00,1,1,LOW
B-004881,C07,2026-09-14,16:00,18:00,1,2,LOW
B-004882,C07,2026-09-14,18:00,20:00,0,5,MEDIUM
B-004883,C07,2026-09-14,20:00,22:00,0,6,HIGH
B-004884,C07,2026-09-14,22:00,00:00,0,5,MEDIUM
B-004885,C08,2026-09-14,00:00,02:00,0,3,MEDIUM
B-004886,C08,2026-09-14,02:00,04:00,1,3,MEDIUM
B-004887,C08,2026-09-14,04:00,06:00,0,1,LOW
B-004888,C08,2026-09-14,06:00,08:00,1,3,MEDIUM
B-004889,C08,2026-09-14,08:00,10:00,0,6,HIGH
B-004890,C08,2026-09-14,10:00,12:00,0,6,HIGH
B-004891,C08,2026-09-14,12:00,14:00,1,1,LOW
B-004892,C08,2026-09-14,14:00,16:00,1,2,LOW
B-004893,C08,2026-09-14,16:00,18:00,1,0,LOW
B-004894,C08,2026-09-14,18:00,20:00,0,7,HIGH
B-004895,C08,2026-09-14,20:00,22:00,1,4,MEDIUM
B-004896,C08,2026-09-14,22:00,00:00,1,1,LOW
B-004897,C09,2026-09-14,00:00,02:00,1,3,MEDIUM
B-004898,C09,2026-09-14,02:00,04:00,0,5,MEDIUM
B-004899,C09,2026-09-14,04:00,06:00,1,1,LOW
B-004900,C09,2026-09-14,06:00,08:00,1,0,LOW
B-004901,C09,2026-09-14,08:00,10:00,0,6,HIGH
B-004902,C09,2026-09-14,10:00,12:00,0,6,HIGH
B-004903,C09,2026-09-14,12:00,14:00,1,2,LOW
B-004904,C09,2026-09-14,14:00,16:00,0,5,MEDIUM
B-004905,C09,2026-09-14,16:00,18:00,1,3,MEDIUM
B-004906,C09,2026-09-14,18:00,20:00,0,9,HIGH
B-004907,C09,2026-09-14,20:00,22:00,0,6,HIGH
B-004908,C09,2026-09-14,22:00,00:00,1,1,LOW
B-004909,C10,2026-09-14,00:00,02:00,0,5,MEDIUM
B-004910,C10,2026-09-14,02:00,04:00,1,1,LOW
B-004911,C10,2026-09-14,04:00,06:00,0,2,LOW
B-004912,C10,2026-09-14,06:00,08:00,1,4,MEDIUM
B-004913,C10,2026-09-14,08:00,10:00,1,4,MEDIUM
B-004914,C10,2026-09-14,10:00,12:00,0,2,LOW
B-004915,C10,2026-09-14,12:00,14:00,0,5,MEDIUM
B-004916,C10,2026-09-14,14:00,16:00,1,3,MEDIUM
B-004917,C10,2026-09-14,16:00,18:00,1,4,MEDIUM
B-004918,C10,2026-09-14,18:00,20:00,0,7,HIGH
B-004919,C10,2026-09-14,20:00,22:00,0,7,HIGH
B-004920,C10,2026-09-14,22:00,00:00,1,4,MEDIUM
B-004921,C11,2026-09-14,00:00,02:00,1,3,MEDIUM
B-004922,C11,2026-09-14,02:00,04:00,0,7,HIGH
B-004923,C11,2026-09-14,04:00,06:00,1,2,LOW
B-004924,C11,2026-09-14,06:00,08:00,1,1,LOW
B-004925,C11,2026-09-14,08:00,10:00,1,4,MEDIUM
B-004926,C11,2026-09-14,10:00,12:00,0,8,HIGH
B-004927,C11,2026-09-14,12:00,14:00,1,2,LOW
B-004928,C11,2026-09-14,14:00,16:00,1,2,LOW
B-004929,C11,2026-09-14,16:00,18:00,1,2,LOW
B-004930,C11,2026-09-14,18:00,20:00,0,6,HIGH
B-004931,C11,2026-09-14,20:00,22:00,0,5,MEDIUM
B-004932,C11,2026-09-14,22:00,00:00,1,3,MEDIUM
B-004933,C12,2026-09-14,00:00,02:00,1,2,LOW
B-004934,C12,2026-09-14,02:00,04:00,1,1,LOW
B-004935,C12,2026-09-14,04:00,06:00,1,1,LOW
B-004936,C12,2026-09-14,06:00,08:00,1,3,MEDIUM
B-004937,C12,2026-09-14,08:00,10:00,1,4,MEDIUM
B-004938,C12,2026-09-14,10:00,12:00,0,9,HIGH
B-004939,C12,2026-09-14,12:00,14:00,1,4,MEDIUM
B-004940,C12,2026-09-14,14:00,16:00,1,3,MEDIUM
B-004941,C12,2026-09-14,16:00,18:00,1,1,LOW
B-004942,C12,2026-09-14,18:00,20:00,0,7,HIGH
B-004943,C12,2026-09-14,20:00,22:00,0,4,MEDIUM
B-004944,C12,2026-09-14,22:00,00:00,0,3,MEDIUM
B-004945,C13,2026-09-14,00:00,02:00,1,3,MEDIUM
B-004946,C13,2026-09-14,02:00,04:00,0,5,MEDIUM
B-004947,C13,2026-09-14,04:00,06:00,1,2,LOW
B-004948,C13,2026-09-14,06:00,08:00,1,4,MEDIUM
B-004949,C13,2026-09-14,08:00,10:00,0,11,HIGH
B-004950,C13,2026-09-14,10:00,12:00,0,6,HIGH
B-004951,C13,2026-09-14,12:00,14:00,1,0,LOW
B-004952,C13,2026-09-14,14:00,16:00,1,3,MEDIUM
B-004953,C13,2026-09-14,16:00,18:00,1,2,LOW
B-004954,C13,2026-09-14,18:00,20:00,0,8,HIGH
B-004955,C13,2026-09-14,20:00,22:00,0,7,HIGH
B-004956,C13,2026-09-14,22:00,00:00,1,4,MEDIUM
B-004957,C14,2026-09-14,00:00,02:00,1,3,MEDIUM
B-004958,C14,2026-09-14,02:00,04:00,1,2,LOW
B-004959,C14,2026-09-14,04:00,06:00,1,3,MEDIUM
B-004960,C14,2026-09-14,06:00,08:00,1,2,LOW
B-004961,C14,2026-09-14,08:00,10:00,0,7,HIGH
B-004962,C14,2026-09-14,10:00,12:00,0,5,MEDIUM
B-004963,C14,2026-09-14,12:00,14:00,0,4,MEDIUM
B-004964,C14,2026-09-14,14:00,16:00,0,5,MEDIUM
B-004965,C14,2026-09-14,16:00,18:00,1,0,LOW
B-004966,C14,2026-09-14,18:00,20:00,0,6,HIGH
B-004967,C14,2026-09-14,20:00,22:00,0,12,HIGH
B-004968,C14,2026-09-14,22:00,00:00,1,3,MEDIUM
B-004969,C15,2026-09-14,00:00,02:00,1,3,MEDIUM
B-004970,C15,2026-09-14,02:00,04:00,1,2,LOW
B-004971,C15,2026-09-14,04:00,06:00,1,2,LOW
B-004972,C15,2026-09-14,06:00,08:00,1,1,LOW
B-004973,C15,2026-09-14,08:00,10:00,0,9,HIGH
B-004974,C15,2026-09-14,10:00,12:00,0,5,MEDIUM
B-004975,C15,2026-09-14,12:00,14:00,1,0,LOW
B-004976,C15,2026-09-14,14:00,16:00,1,2,LOW
B-004977,C15,2026-09-14,16:00,18:00,1,1,LOW
B-004978,C15,2026-09-14,18:00,20:00,0,5,MEDIUM
B-004979,C15,2026-09-14,20:00,22:00,0,5,MEDIUM
B-004980,C15,2026-09-14,22:00,00:00,1,3,MEDIUM
B-004981,C16,2026-09-14,00:00,02:00,1,2,LOW
B-004982,C16,2026-09-14,02:00,04:00,0,8,HIGH
B-004983,C16,2026-09-14,04:00,06:00,1,3,MEDIUM
B-004984,C16,2026-09-14,06:00,08:00,1,2,LOW
B-004985,C16,2026-09-14,08:00,10:00,1,4,MEDIUM
B-004986,C16,2026-09-14,10:00,12:00,1,4,MEDIUM
B-004987,C16,2026-09-14,12:00,14:00,1,4,MEDIUM
B-004988,C16,2026-09-14,14:00,16:00,1,1,LOW
B-004989,C16,2026-09-14,16:00,18:00,1,1,LOW
B-004990,C16,2026-09-14,18:00,20:00,0,7,HIGH
B-004991,C16,2026-09-14,20:00,22:00,1,3,MEDIUM
B-004992,C16,2026-09-14,22:00,00:00,1,2,LOW
B-004993,C17,2026-09-14,00:00,02:00,1,2,LOW
B-004994,C17,2026-09-14,02:00,04:00,1,3,MEDIUM
B-004995,C17,2026-09-14,04:00,06:00,1,2,LOW
B-004996,C17,2026-09-14,06:00,08:00,1,1,LOW
B-004997,C17,2026-09-14,08:00,10:00,0,6,HIGH
B-004998,C17,2026-09-14,10:00,12:00,1,4,MEDIUM
B-004999,C17,2026-09-14,12:00,14:00,0,5,MEDIUM
B-005000,C17,2026-09-14,14:00,16:00,1,4,MEDIUM
B-005001,C17,2026-09-14,16:00,18:00,1,2,LOW
B-005002,C17,2026-09-14,18:00,20:00,0,5,MEDIUM
B-005003,C17,2026-09-14,20:00,22:00,0,9,HIGH
B-005004,C17,2026-09-14,22:00,00:00,1,4,MEDIUM
B-005005,C18,2026-09-14,00:00,02:00,1,3,MEDIUM
B-005006,C18,2026-09-14,02:00,04:00,1,0,LOW
B-005007,C18,2026-09-14,04:00,06:00,1,3,MEDIUM
B-005008,C18,2026-09-14,06:00,08:00,1,2,LOW
B-005009,C18,2026-09-14,08:00,10:00,0,7,HIGH
B-005010,C18,2026-09-14,10:00,12:00,1,3,MEDIUM
B-005011,C18,2026-09-14,12:00,14:00,1,3,MEDIUM
B-005012,C18,2026-09-14,14:00,16:00,1,3,MEDIUM
B-005013,C18,2026-09-14,16:00,18:00,1,2,LOW
B-005014,C18,2026-09-14,18:00,20:00,1,2,LOW
B-005015,C18,2026-09-14,20:00,22:00,0,6,HIGH
B-005016,C18,2026-09-14,22:00,00:00,1,0,LOW
B-005017,C19,2026-09-14,00:00,02:00,1,4,MEDIUM
B-005018,C19,2026-09-14,02:00,04:00,1,2,LOW
B-005019,C19,2026-09-14,04:00,06:00,1,1,LOW
B-005020,C19,2026-09-14,06:00,08:00,1,2,LOW
B-005021,C19,2026-09-14,08:00,10:00,0,9,HIGH
B-005022,C19,2026-09-14,10:00,12:00,0,5,MEDIUM
B-005023,C19,2026-09-14,12:00,14:00,1,1,LOW
B-005024,C19,2026-09-14,14:00,16:00,1,3,MEDIUM
B-005025,C19,2026-09-14,16:00,18:00,1,1,LOW
B-005026,C19,2026-09-14,18:00,20:00,0,6,HIGH
B-005027,C19,2026-09-14,20:00,22:00,0,8,HIGH
B-005028,C19,2026-09-14,22:00,00:00,1,2,LOW
B-005029,C20,2026-09-14,00:00,02:00,0,1,LOW
B-005030,C20,2026-09-14,02:00,04:00,0,1,LOW
B-005031,C20,2026-09-14,04:00,06:00,1,1,LOW
B-005032,C20,2026-09-14,06:00,08:00,1,1,LOW
B-005033,C20,2026-09-14,08:00,10:00,0,7,HIGH
B-005034,C20,2026-09-14,10:00,12:00,1,4,MEDIUM
B-005035,C20,2026-09-14,12:00,14:00,1,2,LOW
B-005036,C20,2026-09-14,14:00,16:00,1,3,MEDIUM
B-005037,C20,2026-09-14,16:00,18:00,0,5,MEDIUM
B-005038,C20,2026-09-14,18:00,20:00,1,3,MEDIUM
B-005039,C20,2026-09-14,20:00,22:00,0,9,HIGH
B-005040,C20,2026-09-14,22:00,00:00,1,2,LOW
B-005041,C01,2026-09-15,00:00,02:00,1,3,MEDIUM
B-005042,C01,2026-09-15,02:00,04:00,1,2,LOW
B-005043,C01,2026-09-15,04:00,06:00,1,3,MEDIUM
B-005044,C01,2026-09-15,06:00,08:00,1,2,LOW
B-005045,C01,2026-09-15,08:00,10:00,0,5,MEDIUM
B-005046,C01,2026-09-15,10:00,12:00,0,7,HIGH
B-005047,C01,2026-09-15,12:00,14:00,0,6,HIGH
B-005048,C01,2026-09-15,14:00,16:00,1,1,LOW
B-005049,C01,2026-09-15,16:00,18:00,1,0,LOW
B-005050,C01,2026-09-15,18:00,20:00,0,8,HIGH
B-005051,C01,2026-09-15,20:00,22:00,0,7,HIGH
B-005052,C01,2026-09-15,22:00,00:00,1,1,LOW
B-005053,C02,2026-09-15,00:00,02:00,1,3,MEDIUM
B-005054,C02,2026-09-15,02:00,04:00,1,1,LOW
B-005055,C02,2026-09-15,04:00,06:00,1,0,LOW
B-005056,C02,2026-09-15,06:00,08:00,0,6,HIGH
B-005057,C02,2026-09-15,08:00,10:00,1,4,MEDIUM
B-005058,C02,2026-09-15,10:00,12:00,1,3,MEDIUM
B-005059,C02,2026-09-15,12:00,14:00,1,3,MEDIUM
B-005060,C02,2026-09-15,14:00,16:00,1,3,MEDIUM
B-005061,C02,2026-09-15,16:00,18:00,1,2,LOW
B-005062,C02,2026-09-15,18:00,20:00,0,5,MEDIUM
B-005063,C02,2026-09-15,20:00,22:00,0,8,HIGH
B-005064,C02,2026-09-15,22:00,00:00,1,2,LOW
B-005065,C03,2026-09-15,00:00,02:00,1,1,LOW
B-005066,C03,2026-09-15,02:00,04:00,0,3,MEDIUM
B-005067,C03,2026-09-15,04:00,06:00,1,2,LOW
B-005068,C03,2026-09-15,06:00,08:00,1,2,LOW
B-005069,C03,2026-09-15,08:00,10:00,0,6,HIGH
B-005070,C03,2026-09-15,10:00,12:00,0,7,HIGH
B-005071,C03,2026-09-15,12:00,14:00,1,4,MEDIUM
B-005072,C03,2026-09-15,14:00,16:00,0,5,MEDIUM
B-005073,C03,2026-09-15,16:00,18:00,1,1,LOW
B-005074,C03,2026-09-15,18:00,20:00,0,9,HIGH
B-005075,C03,2026-09-15,20:00,22:00,0,5,MEDIUM
B-005076,C03,2026-09-15,22:00,00:00,1,1,LOW
B-005077,C04,2026-09-15,00:00,02:00,1,2,LOW
B-005078,C04,2026-09-15,02:00,04:00,1,3,MEDIUM
B-005079,C04,2026-09-15,04:00,06:00,1,3,MEDIUM
B-005080,C04,2026-09-15,06:00,08:00,1,3,MEDIUM
B-005081,C04,2026-09-15,08:00,10:00,0,7,HIGH
B-005082,C04,2026-09-15,10:00,12:00,0,7,HIGH
B-005083,C04,2026-09-15,12:00,14:00,1,2,LOW
B-005084,C04,2026-09-15,14:00,16:00,1,0,LOW
B-005085,C04,2026-09-15,16:00,18:00,1,4,MEDIUM
B-005086,C04,2026-09-15,18:00,20:00,0,5,MEDIUM
B-005087,C04,2026-09-15,20:00,22:00,0,5,MEDIUM
B-005088,C04,2026-09-15,22:00,00:00,1,4,MEDIUM
B-005089,C05,2026-09-15,00:00,02:00,0,6,HIGH
B-005090,C05,2026-09-15,02:00,04:00,1,4,MEDIUM
B-005091,C05,2026-09-15,04:00,06:00,0,2,LOW
B-005092,C05,2026-09-15,06:00,08:00,1,1,LOW
B-005093,C05,2026-09-15,08:00,10:00,0,7,HIGH
B-005094,C05,2026-09-15,10:00,12:00,0,5,MEDIUM
B-005095,C05,2026-09-15,12:00,14:00,0,1,LOW
B-005096,C05,2026-09-15,14:00,16:00,1,2,LOW
B-005097,C05,2026-09-15,16:00,18:00,1,1,LOW
B-005098,C05,2026-09-15,18:00,20:00,0,5,MEDIUM
B-005099,C05,2026-09-15,20:00,22:00,0,7,HIGH
B-005100,C05,2026-09-15,22:00,00:00,1,0,LOW
B-005101,C06,2026-09-15,00:00,02:00,1,2,LOW
B-005102,C06,2026-09-15,02:00,04:00,1,4,MEDIUM
B-005103,C06,2026-09-15,04:00,06:00,0,5,MEDIUM
B-005104,C06,2026-09-15,06:00,08:00,1,1,LOW
B-005105,C06,2026-09-15,08:00,10:00,0,11,HIGH
B-005106,C06,2026-09-15,10:00,12:00,1,3,MEDIUM
B-005107,C06,2026-09-15,12:00,14:00,0,5,MEDIUM
B-005108,C06,2026-09-15,14:00,16:00,1,2,LOW
B-005109,C06,2026-09-15,16:00,18:00,0,1,LOW
B-005110,C06,2026-09-15,18:00,20:00,0,5,MEDIUM
B-005111,C06,2026-09-15,20:00,22:00,0,6,HIGH
B-005112,C06,2026-09-15,22:00,00:00,1,3,MEDIUM
B-005113,C07,2026-09-15,00:00,02:00,1,2,LOW
B-005114,C07,2026-09-15,02:00,04:00,1,3,MEDIUM
B-005115,C07,2026-09-15,04:00,06:00,1,3,MEDIUM
B-005116,C07,2026-09-15,06:00,08:00,1,0,LOW
B-005117,C07,2026-09-15,08:00,10:00,0,10,HIGH
B-005118,C07,2026-09-15,10:00,12:00,1,4,MEDIUM
B-005119,C07,2026-09-15,12:00,14:00,1,4,MEDIUM
B-005120,C07,2026-09-15,14:00,16:00,0,5,MEDIUM
B-005121,C07,2026-09-15,16:00,18:00,1,1,LOW
B-005122,C07,2026-09-15,18:00,20:00,0,7,HIGH
B-005123,C07,2026-09-15,20:00,22:00,0,7,HIGH
B-005124,C07,2026-09-15,22:00,00:00,1,1,LOW
B-005125,C08,2026-09-15,00:00,02:00,1,2,LOW
B-005126,C08,2026-09-15,02:00,04:00,0,5,MEDIUM
B-005127,C08,2026-09-15,04:00,06:00,1,1,LOW
B-005128,C08,2026-09-15,06:00,08:00,1,1,LOW
B-005129,C08,2026-09-15,08:00,10:00,0,6,HIGH
B-005130,C08,2026-09-15,10:00,12:00,0,6,HIGH
B-005131,C08,2026-09-15,12:00,14:00,1,1,LOW
B-005132,C08,2026-09-15,14:00,16:00,1,2,LOW
B-005133,C08,2026-09-15,16:00,18:00,1,3,MEDIUM
B-005134,C08,2026-09-15,18:00,20:00,0,2,LOW
B-005135,C08,2026-09-15,20:00,22:00,0,8,HIGH
B-005136,C08,2026-09-15,22:00,00:00,1,1,LOW
B-005137,C09,2026-09-15,00:00,02:00,1,2,LOW
B-005138,C09,2026-09-15,02:00,04:00,0,7,HIGH
B-005139,C09,2026-09-15,04:00,06:00,1,1,LOW
B-005140,C09,2026-09-15,06:00,08:00,0,5,MEDIUM
B-005141,C09,2026-09-15,08:00,10:00,0,7,HIGH
B-005142,C09,2026-09-15,10:00,12:00,0,5,MEDIUM
B-005143,C09,2026-09-15,12:00,14:00,1,1,LOW
B-005144,C09,2026-09-15,14:00,16:00,1,4,MEDIUM
B-005145,C09,2026-09-15,16:00,18:00,1,1,LOW
B-005146,C09,2026-09-15,18:00,20:00,0,6,HIGH
B-005147,C09,2026-09-15,20:00,22:00,0,5,MEDIUM
B-005148,C09,2026-09-15,22:00,00:00,1,2,LOW
B-005149,C10,2026-09-15,00:00,02:00,1,3,MEDIUM
B-005150,C10,2026-09-15,02:00,04:00,1,2,LOW
B-005151,C10,2026-09-15,04:00,06:00,1,1,LOW
B-005152,C10,2026-09-15,06:00,08:00,1,3,MEDIUM
B-005153,C10,2026-09-15,08:00,10:00,0,7,HIGH
B-005154,C10,2026-09-15,10:00,12:00,0,5,MEDIUM
B-005155,C10,2026-09-15,12:00,14:00,0,5,MEDIUM
B-005156,C10,2026-09-15,14:00,16:00,0,2,LOW
B-005157,C10,2026-09-15,16:00,18:00,1,3,MEDIUM
B-005158,C10,2026-09-15,18:00,20:00,0,8,HIGH
B-005159,C10,2026-09-15,20:00,22:00,1,4,MEDIUM
B-005160,C10,2026-09-15,22:00,00:00,1,1,LOW
B-005161,C11,2026-09-15,00:00,02:00,0,5,MEDIUM
B-005162,C11,2026-09-15,02:00,04:00,1,4,MEDIUM
B-005163,C11,2026-09-15,04:00,06:00,1,2,LOW
B-005164,C11,2026-09-15,06:00,08:00,1,2,LOW
B-005165,C11,2026-09-15,08:00,10:00,1,4,MEDIUM
B-005166,C11,2026-09-15,10:00,12:00,0,7,HIGH
B-005167,C11,2026-09-15,12:00,14:00,0,5,MEDIUM
B-005168,C11,2026-09-15,14:00,16:00,0,3,MEDIUM
B-005169,C11,2026-09-15,16:00,18:00,1,0,LOW
B-005170,C11,2026-09-15,18:00,20:00,0,9,HIGH
B-005171,C11,2026-09-15,20:00,22:00,0,5,MEDIUM
B-005172,C11,2026-09-15,22:00,00:00,1,2,LOW
B-005173,C12,2026-09-15,00:00,02:00,1,3,MEDIUM
B-005174,C12,2026-09-15,02:00,04:00,1,1,LOW
B-005175,C12,2026-09-15,04:00,06:00,1,3,MEDIUM
B-005176,C12,2026-09-15,06:00,08:00,0,5,MEDIUM
B-005177,C12,2026-09-15,08:00,10:00,0,6,HIGH
B-005178,C12,2026-09-15,10:00,12:00,0,7,HIGH
B-005179,C12,2026-09-15,12:00,14:00,1,3,MEDIUM
B-005180,C12,2026-09-15,14:00,16:00,1,2,LOW
B-005181,C12,2026-09-15,16:00,18:00,1,2,LOW
B-005182,C12,2026-09-15,18:00,20:00,1,4,MEDIUM
B-005183,C12,2026-09-15,20:00,22:00,0,7,HIGH
B-005184,C12,2026-09-15,22:00,00:00,0,5,MEDIUM
B-005185,C13,2026-09-15,00:00,02:00,0,5,MEDIUM
B-005186,C13,2026-09-15,02:00,04:00,0,5,MEDIUM
B-005187,C13,2026-09-15,04:00,06:00,1,2,LOW
B-005188,C13,2026-09-15,06:00,08:00,1,4,MEDIUM
B-005189,C13,2026-09-15,08:00,10:00,1,4,MEDIUM
B-005190,C13,2026-09-15,10:00,12:00,0,3,MEDIUM
B-005191,C13,2026-09-15,12:00,14:00,0,5,MEDIUM
B-005192,C13,2026-09-15,14:00,16:00,1,2,LOW
B-005193,C13,2026-09-15,16:00,18:00,1,2,LOW
B-005194,C13,2026-09-15,18:00,20:00,0,6,HIGH
B-005195,C13,2026-09-15,20:00,22:00,0,5,MEDIUM
B-005196,C13,2026-09-15,22:00,00:00,1,1,LOW
B-005197,C14,2026-09-15,00:00,02:00,1,1,LOW
B-005198,C14,2026-09-15,02:00,04:00,1,4,MEDIUM
B-005199,C14,2026-09-15,04:00,06:00,0,5,MEDIUM
B-005200,C14,2026-09-15,06:00,08:00,0,6,HIGH
B-005201,C14,2026-09-15,08:00,10:00,0,6,HIGH
B-005202,C14,2026-09-15,10:00,12:00,0,7,HIGH
B-005203,C14,2026-09-15,12:00,14:00,1,3,MEDIUM
B-005204,C14,2026-09-15,14:00,16:00,1,3,MEDIUM
B-005205,C14,2026-09-15,16:00,18:00,1,2,LOW
B-005206,C14,2026-09-15,18:00,20:00,0,9,HIGH
B-005207,C14,2026-09-15,20:00,22:00,1,4,MEDIUM
B-005208,C14,2026-09-15,22:00,00:00,1,4,MEDIUM
B-005209,C15,2026-09-15,00:00,02:00,1,1,LOW
B-005210,C15,2026-09-15,02:00,04:00,1,2,LOW
B-005211,C15,2026-09-15,04:00,06:00,1,3,MEDIUM
B-005212,C15,2026-09-15,06:00,08:00,1,1,LOW
B-005213,C15,2026-09-15,08:00,10:00,0,8,HIGH
B-005214,C15,2026-09-15,10:00,12:00,0,5,MEDIUM
B-005215,C15,2026-09-15,12:00,14:00,1,4,MEDIUM
B-005216,C15,2026-09-15,14:00,16:00,1,4,MEDIUM
B-005217,C15,2026-09-15,16:00,18:00,1,3,MEDIUM
B-005218,C15,2026-09-15,18:00,20:00,0,7,HIGH
B-005219,C15,2026-09-15,20:00,22:00,0,5,MEDIUM
B-005220,C15,2026-09-15,22:00,00:00,0,1,LOW
B-005221,C16,2026-09-15,00:00,02:00,1,3,MEDIUM
B-005222,C16,2026-09-15,02:00,04:00,1,3,MEDIUM
B-005223,C16,2026-09-15,04:00,06:00,1,3,MEDIUM
B-005224,C16,2026-09-15,06:00,08:00,1,3,MEDIUM
B-005225,C16,2026-09-15,08:00,10:00,0,6,HIGH
B-005226,C16,2026-09-15,10:00,12:00,0,8,HIGH
B-005227,C16,2026-09-15,12:00,14:00,1,3,MEDIUM
B-005228,C16,2026-09-15,14:00,16:00,1,1,LOW
B-005229,C16,2026-09-15,16:00,18:00,0,5,MEDIUM
B-005230,C16,2026-09-15,18:00,20:00,0,6,HIGH
B-005231,C16,2026-09-15,20:00,22:00,0,6,HIGH
B-005232,C16,2026-09-15,22:00,00:00,1,2,LOW
B-005233,C17,2026-09-15,00:00,02:00,0,1,LOW
B-005234,C17,2026-09-15,02:00,04:00,1,1,LOW
B-005235,C17,2026-09-15,04:00,06:00,1,2,LOW
B-005236,C17,2026-09-15,06:00,08:00,1,1,LOW
B-005237,C17,2026-09-15,08:00,10:00,0,6,HIGH
B-005238,C17,2026-09-15,10:00,12:00,1,3,MEDIUM
B-005239,C17,2026-09-15,12:00,14:00,0,6,HIGH
B-005240,C17,2026-09-15,14:00,16:00,1,1,LOW
B-005241,C17,2026-09-15,16:00,18:00,1,4,MEDIUM
B-005242,C17,2026-09-15,18:00,20:00,1,4,MEDIUM
B-005243,C17,2026-09-15,20:00,22:00,1,3,MEDIUM
B-005244,C17,2026-09-15,22:00,00:00,1,1,LOW
B-005245,C18,2026-09-15,00:00,02:00,1,1,LOW
B-005246,C18,2026-09-15,02:00,04:00,1,1,LOW
B-005247,C18,2026-09-15,04:00,06:00,1,2,LOW
B-005248,C18,2026-09-15,06:00,08:00,0,5,MEDIUM
B-005249,C18,2026-09-15,08:00,10:00,0,8,HIGH
B-005250,C18,2026-09-15,10:00,12:00,0,6,HIGH
B-005251,C18,2026-09-15,12:00,14:00,1,3,MEDIUM
B-005252,C18,2026-09-15,14:00,16:00,1,2,LOW
B-005253,C18,2026-09-15,16:00,18:00,1,3,MEDIUM
B-005254,C18,2026-09-15,18:00,20:00,0,10,HIGH
B-005255,C18,2026-09-15,20:00,22:00,0,7,HIGH
B-005256,C18,2026-09-15,22:00,00:00,0,5,MEDIUM
B-005257,C19,2026-09-15,00:00,02:00,1,2,LOW
B-005258,C19,2026-09-15,02:00,04:00,1,2,LOW
B-005259,C19,2026-09-15,04:00,06:00,1,3,MEDIUM
B-005260,C19,2026-09-15,06:00,08:00,1,1,LOW
B-005261,C19,2026-09-15,08:00,10:00,0,7,HIGH
B-005262,C19,2026-09-15,10:00,12:00,1,4,MEDIUM
B-005263,C19,2026-09-15,12:00,14:00,1,3,MEDIUM
B-005264,C19,2026-09-15,14:00,16:00,1,3,MEDIUM
B-005265,C19,2026-09-15,16:00,18:00,0,5,MEDIUM
B-005266,C19,2026-09-15,18:00,20:00,0,9,HIGH
B-005267,C19,2026-09-15,20:00,22:00,0,5,MEDIUM
B-005268,C19,2026-09-15,22:00,00:00,0,6,HIGH
B-005269,C20,2026-09-15,00:00,02:00,1,0,LOW
B-005270,C20,2026-09-15,02:00,04:00,1,1,LOW
B-005271,C20,2026-09-15,04:00,06:00,1,3,MEDIUM
B-005272,C20,2026-09-15,06:00,08:00,1,1,LOW
B-005273,C20,2026-09-15,08:00,10:00,1,3,MEDIUM
B-005274,C20,2026-09-15,10:00,12:00,0,5,MEDIUM
B-005275,C20,2026-09-15,12:00,14:00,1,3,MEDIUM
B-005276,C20,2026-09-15,14:00,16:00,1,1,LOW
B-005277,C20,2026-09-15,16:00,18:00,1,4,MEDIUM
B-005278,C20,2026-09-15,18:00,20:00,1,4,MEDIUM
B-005279,C20,2026-09-15,20:00,22:00,0,9,HIGH
B-005280,C20,2026-09-15,22:00,00:00,1,2,LOW
B-005281,C01,2026-09-16,00:00,02:00,1,1,LOW
B-005282,C01,2026-09-16,02:00,04:00,1,2,LOW
B-005283,C01,2026-09-16,04:00,06:00,1,3,MEDIUM
B-005284,C01,2026-09-16,06:00,08:00,1,0,LOW
B-005285,C01,2026-09-16,08:00,10:00,0,5,MEDIUM
B-005286,C01,2026-09-16,10:00,12:00,0,9,HIGH
B-005287,C01,2026-09-16,12:00,14:00,1,1,LOW
B-005288,C01,2026-09-16,14:00,16:00,1,2,LOW
B-005289,C01,2026-09-16,16:00,18:00,1,1,LOW
B-005290,C01,2026-09-16,18:00,20:00,0,7,HIGH
B-005291,C01,2026-09-16,20:00,22:00,0,7,HIGH
B-005292,C01,2026-09-16,22:00,00:00,1,0,LOW
B-005293,C02,2026-09-16,00:00,02:00,1,4,MEDIUM
B-005294,C02,2026-09-16,02:00,04:00,1,3,MEDIUM
B-005295,C02,2026-09-16,04:00,06:00,1,0,LOW
B-005296,C02,2026-09-16,06:00,08:00,1,2,LOW
B-005297,C02,2026-09-16,08:00,10:00,0,6,HIGH
B-005298,C02,2026-09-16,10:00,12:00,1,4,MEDIUM
B-005299,C02,2026-09-16,12:00,14:00,1,1,LOW
B-005300,C02,2026-09-16,14:00,16:00,1,2,LOW
B-005301,C02,2026-09-16,16:00,18:00,1,2,LOW
B-005302,C02,2026-09-16,18:00,20:00,0,5,MEDIUM
B-005303,C02,2026-09-16,20:00,22:00,0,7,HIGH
B-005304,C02,2026-09-16,22:00,00:00,1,2,LOW
B-005305,C03,2026-09-16,00:00,02:00,0,8,HIGH
B-005306,C03,2026-09-16,02:00,04:00,1,2,LOW
B-005307,C03,2026-09-16,04:00,06:00,0,0,LOW
B-005308,C03,2026-09-16,06:00,08:00,1,1,LOW
B-005309,C03,2026-09-16,08:00,10:00,0,9,HIGH
B-005310,C03,2026-09-16,10:00,12:00,0,7,HIGH
B-005311,C03,2026-09-16,12:00,14:00,1,2,LOW
B-005312,C03,2026-09-16,14:00,16:00,1,4,MEDIUM
B-005313,C03,2026-09-16,16:00,18:00,1,3,MEDIUM
B-005314,C03,2026-09-16,18:00,20:00,0,7,HIGH
B-005315,C03,2026-09-16,20:00,22:00,0,9,HIGH
B-005316,C03,2026-09-16,22:00,00:00,1,1,LOW
B-005317,C04,2026-09-16,00:00,02:00,1,3,MEDIUM
B-005318,C04,2026-09-16,02:00,04:00,0,5,MEDIUM
B-005319,C04,2026-09-16,04:00,06:00,1,1,LOW
B-005320,C04,2026-09-16,06:00,08:00,1,1,LOW
B-005321,C04,2026-09-16,08:00,10:00,0,6,HIGH
B-005322,C04,2026-09-16,10:00,12:00,0,5,MEDIUM
B-005323,C04,2026-09-16,12:00,14:00,1,2,LOW
B-005324,C04,2026-09-16,14:00,16:00,1,3,MEDIUM
B-005325,C04,2026-09-16,16:00,18:00,0,2,LOW
B-005326,C04,2026-09-16,18:00,20:00,1,4,MEDIUM
B-005327,C04,2026-09-16,20:00,22:00,0,7,HIGH
B-005328,C04,2026-09-16,22:00,00:00,1,3,MEDIUM
B-005329,C05,2026-09-16,00:00,02:00,0,2,LOW
B-005330,C05,2026-09-16,02:00,04:00,1,3,MEDIUM
B-005331,C05,2026-09-16,04:00,06:00,1,2,LOW
B-005332,C05,2026-09-16,06:00,08:00,0,0,LOW
B-005333,C05,2026-09-16,08:00,10:00,0,6,HIGH
B-005334,C05,2026-09-16,10:00,12:00,0,6,HIGH
B-005335,C05,2026-09-16,12:00,14:00,1,2,LOW
B-005336,C05,2026-09-16,14:00,16:00,1,2,LOW
B-005337,C05,2026-09-16,16:00,18:00,0,3,MEDIUM
B-005338,C05,2026-09-16,18:00,20:00,0,5,MEDIUM
B-005339,C05,2026-09-16,20:00,22:00,0,9,HIGH
B-005340,C05,2026-09-16,22:00,00:00,1,2,LOW
B-005341,C06,2026-09-16,00:00,02:00,1,3,MEDIUM
B-005342,C06,2026-09-16,02:00,04:00,1,0,LOW
B-005343,C06,2026-09-16,04:00,06:00,1,2,LOW
B-005344,C06,2026-09-16,06:00,08:00,1,0,LOW
B-005345,C06,2026-09-16,08:00,10:00,0,6,HIGH
B-005346,C06,2026-09-16,10:00,12:00,1,2,LOW
B-005347,C06,2026-09-16,12:00,14:00,0,1,LOW
B-005348,C06,2026-09-16,14:00,16:00,1,3,MEDIUM
B-005349,C06,2026-09-16,16:00,18:00,1,2,LOW
B-005350,C06,2026-09-16,18:00,20:00,0,6,HIGH
B-005351,C06,2026-09-16,20:00,22:00,0,9,HIGH
B-005352,C06,2026-09-16,22:00,00:00,1,2,LOW
B-005353,C07,2026-09-16,00:00,02:00,1,2,LOW
B-005354,C07,2026-09-16,02:00,04:00,1,2,LOW
B-005355,C07,2026-09-16,04:00,06:00,1,4,MEDIUM
B-005356,C07,2026-09-16,06:00,08:00,0,5,MEDIUM
B-005357,C07,2026-09-16,08:00,10:00,0,5,MEDIUM
B-005358,C07,2026-09-16,10:00,12:00,1,4,MEDIUM
B-005359,C07,2026-09-16,12:00,14:00,1,3,MEDIUM
B-005360,C07,2026-09-16,14:00,16:00,1,2,LOW
B-005361,C07,2026-09-16,16:00,18:00,1,1,LOW
B-005362,C07,2026-09-16,18:00,20:00,0,5,MEDIUM
B-005363,C07,2026-09-16,20:00,22:00,1,4,MEDIUM
B-005364,C07,2026-09-16,22:00,00:00,0,5,MEDIUM
B-005365,C08,2026-09-16,00:00,02:00,1,1,LOW
B-005366,C08,2026-09-16,02:00,04:00,1,4,MEDIUM
B-005367,C08,2026-09-16,04:00,06:00,0,3,MEDIUM
B-005368,C08,2026-09-16,06:00,08:00,1,0,LOW
B-005369,C08,2026-09-16,08:00,10:00,0,5,MEDIUM
B-005370,C08,2026-09-16,10:00,12:00,0,5,MEDIUM
B-005371,C08,2026-09-16,12:00,14:00,1,2,LOW
B-005372,C08,2026-09-16,14:00,16:00,1,3,MEDIUM
B-005373,C08,2026-09-16,16:00,18:00,0,0,LOW
B-005374,C08,2026-09-16,18:00,20:00,0,5,MEDIUM
B-005375,C08,2026-09-16,20:00,22:00,0,5,MEDIUM
B-005376,C08,2026-09-16,22:00,00:00,1,3,MEDIUM
B-005377,C09,2026-09-16,00:00,02:00,1,4,MEDIUM
B-005378,C09,2026-09-16,02:00,04:00,1,1,LOW
B-005379,C09,2026-09-16,04:00,06:00,1,1,LOW
B-005380,C09,2026-09-16,06:00,08:00,1,2,LOW
B-005381,C09,2026-09-16,08:00,10:00,0,7,HIGH
B-005382,C09,2026-09-16,10:00,12:00,0,5,MEDIUM
B-005383,C09,2026-09-16,12:00,14:00,1,1,LOW
B-005384,C09,2026-09-16,14:00,16:00,1,1,LOW
B-005385,C09,2026-09-16,16:00,18:00,0,0,LOW
B-005386,C09,2026-09-16,18:00,20:00,0,7,HIGH
B-005387,C09,2026-09-16,20:00,22:00,0,6,HIGH
B-005388,C09,2026-09-16,22:00,00:00,1,3,MEDIUM
B-005389,C10,2026-09-16,00:00,02:00,1,3,MEDIUM
B-005390,C10,2026-09-16,02:00,04:00,0,1,LOW
B-005391,C10,2026-09-16,04:00,06:00,1,3,MEDIUM
B-005392,C10,2026-09-16,06:00,08:00,1,0,LOW
B-005393,C10,2026-09-16,08:00,10:00,0,6,HIGH
B-005394,C10,2026-09-16,10:00,12:00,0,5,MEDIUM
B-005395,C10,2026-09-16,12:00,14:00,1,0,LOW
B-005396,C10,2026-09-16,14:00,16:00,1,4,MEDIUM
B-005397,C10,2026-09-16,16:00,18:00,1,4,MEDIUM
B-005398,C10,2026-09-16,18:00,20:00,1,3,MEDIUM
B-005399,C10,2026-09-16,20:00,22:00,0,6,HIGH
B-005400,C10,2026-09-16,22:00,00:00,1,2,LOW
B-005401,C11,2026-09-16,00:00,02:00,1,2,LOW
B-005402,C11,2026-09-16,02:00,04:00,0,1,LOW
B-005403,C11,2026-09-16,04:00,06:00,1,3,MEDIUM
B-005404,C11,2026-09-16,06:00,08:00,1,3,MEDIUM
B-005405,C11,2026-09-16,08:00,10:00,0,5,MEDIUM
B-005406,C11,2026-09-16,10:00,12:00,0,5,MEDIUM
B-005407,C11,2026-09-16,12:00,14:00,1,1,LOW
B-005408,C11,2026-09-16,14:00,16:00,1,2,LOW
B-005409,C11,2026-09-16,16:00,18:00,1,0,LOW
B-005410,C11,2026-09-16,18:00,20:00,0,6,HIGH
B-005411,C11,2026-09-16,20:00,22:00,0,6,HIGH
B-005412,C11,2026-09-16,22:00,00:00,1,1,LOW
B-005413,C12,2026-09-16,00:00,02:00,1,2,LOW
B-005414,C12,2026-09-16,02:00,04:00,1,2,LOW
B-005415,C12,2026-09-16,04:00,06:00,1,1,LOW
B-005416,C12,2026-09-16,06:00,08:00,1,3,MEDIUM
B-005417,C12,2026-09-16,08:00,10:00,0,7,HIGH
B-005418,C12,2026-09-16,10:00,12:00,0,8,HIGH
B-005419,C12,2026-09-16,12:00,14:00,1,4,MEDIUM
B-005420,C12,2026-09-16,14:00,16:00,0,0,LOW
B-005421,C12,2026-09-16,16:00,18:00,0,6,HIGH
B-005422,C12,2026-09-16,18:00,20:00,0,6,HIGH
B-005423,C12,2026-09-16,20:00,22:00,0,7,HIGH
B-005424,C12,2026-09-16,22:00,00:00,1,1,LOW
B-005425,C13,2026-09-16,00:00,02:00,1,1,LOW
B-005426,C13,2026-09-16,02:00,04:00,1,2,LOW
B-005427,C13,2026-09-16,04:00,06:00,1,2,LOW
B-005428,C13,2026-09-16,06:00,08:00,0,2,LOW
B-005429,C13,2026-09-16,08:00,10:00,0,3,MEDIUM
B-005430,C13,2026-09-16,10:00,12:00,0,6,HIGH
B-005431,C13,2026-09-16,12:00,14:00,1,3,MEDIUM
B-005432,C13,2026-09-16,14:00,16:00,0,1,LOW
B-005433,C13,2026-09-16,16:00,18:00,1,3,MEDIUM
B-005434,C13,2026-09-16,18:00,20:00,0,6,HIGH
B-005435,C13,2026-09-16,20:00,22:00,0,7,HIGH
B-005436,C13,2026-09-16,22:00,00:00,1,4,MEDIUM
B-005437,C14,2026-09-16,00:00,02:00,1,1,LOW
B-005438,C14,2026-09-16,02:00,04:00,0,6,HIGH
B-005439,C14,2026-09-16,04:00,06:00,0,2,LOW
B-005440,C14,2026-09-16,06:00,08:00,0,3,MEDIUM
B-005441,C14,2026-09-16,08:00,10:00,0,6,HIGH
B-005442,C14,2026-09-16,10:00,12:00,0,6,HIGH
B-005443,C14,2026-09-16,12:00,14:00,1,3,MEDIUM
B-005444,C14,2026-09-16,14:00,16:00,1,2,LOW
B-005445,C14,2026-09-16,16:00,18:00,1,4,MEDIUM
B-005446,C14,2026-09-16,18:00,20:00,0,8,HIGH
B-005447,C14,2026-09-16,20:00,22:00,0,6,HIGH
B-005448,C14,2026-09-16,22:00,00:00,1,1,LOW
B-005449,C15,2026-09-16,00:00,02:00,1,1,LOW
B-005450,C15,2026-09-16,02:00,04:00,1,1,LOW
B-005451,C15,2026-09-16,04:00,06:00,1,0,LOW
B-005452,C15,2026-09-16,06:00,08:00,1,1,LOW
B-005453,C15,2026-09-16,08:00,10:00,0,6,HIGH
B-005454,C15,2026-09-16,10:00,12:00,0,7,HIGH
B-005455,C15,2026-09-16,12:00,14:00,1,1,LOW
B-005456,C15,2026-09-16,14:00,16:00,1,0,LOW
B-005457,C15,2026-09-16,16:00,18:00,1,2,LOW
B-005458,C15,2026-09-16,18:00,20:00,1,4,MEDIUM
B-005459,C15,2026-09-16,20:00,22:00,0,5,MEDIUM
B-005460,C15,2026-09-16,22:00,00:00,1,1,LOW
B-005461,C16,2026-09-16,00:00,02:00,0,1,LOW
B-005462,C16,2026-09-16,02:00,04:00,1,4,MEDIUM
B-005463,C16,2026-09-16,04:00,06:00,1,2,LOW
B-005464,C16,2026-09-16,06:00,08:00,1,1,LOW
B-005465,C16,2026-09-16,08:00,10:00,1,4,MEDIUM
B-005466,C16,2026-09-16,10:00,12:00,0,8,HIGH
B-005467,C16,2026-09-16,12:00,14:00,1,2,LOW
B-005468,C16,2026-09-16,14:00,16:00,1,1,LOW
B-005469,C16,2026-09-16,16:00,18:00,1,2,LOW
B-005470,C16,2026-09-16,18:00,20:00,0,6,HIGH
B-005471,C16,2026-09-16,20:00,22:00,0,5,MEDIUM
B-005472,C16,2026-09-16,22:00,00:00,0,3,MEDIUM
B-005473,C17,2026-09-16,00:00,02:00,1,4,MEDIUM
B-005474,C17,2026-09-16,02:00,04:00,1,1,LOW
B-005475,C17,2026-09-16,04:00,06:00,1,2,LOW
B-005476,C17,2026-09-16,06:00,08:00,1,3,MEDIUM
B-005477,C17,2026-09-16,08:00,10:00,0,6,HIGH
B-005478,C17,2026-09-16,10:00,12:00,0,6,HIGH
B-005479,C17,2026-09-16,12:00,14:00,1,3,MEDIUM
B-005480,C17,2026-09-16,14:00,16:00,1,4,MEDIUM
B-005481,C17,2026-09-16,16:00,18:00,0,4,MEDIUM
B-005482,C17,2026-09-16,18:00,20:00,1,4,MEDIUM
B-005483,C17,2026-09-16,20:00,22:00,0,8,HIGH
B-005484,C17,2026-09-16,22:00,00:00,1,2,LOW
B-005485,C18,2026-09-16,00:00,02:00,0,3,MEDIUM
B-005486,C18,2026-09-16,02:00,04:00,0,3,MEDIUM
B-005487,C18,2026-09-16,04:00,06:00,1,2,LOW
B-005488,C18,2026-09-16,06:00,08:00,1,1,LOW
B-005489,C18,2026-09-16,08:00,10:00,0,8,HIGH
B-005490,C18,2026-09-16,10:00,12:00,0,5,MEDIUM
B-005491,C18,2026-09-16,12:00,14:00,1,0,LOW
B-005492,C18,2026-09-16,14:00,16:00,1,2,LOW
B-005493,C18,2026-09-16,16:00,18:00,0,4,MEDIUM
B-005494,C18,2026-09-16,18:00,20:00,1,3,MEDIUM
B-005495,C18,2026-09-16,20:00,22:00,0,8,HIGH
B-005496,C18,2026-09-16,22:00,00:00,0,1,LOW
B-005497,C19,2026-09-16,00:00,02:00,1,3,MEDIUM
B-005498,C19,2026-09-16,02:00,04:00,1,2,LOW
B-005499,C19,2026-09-16,04:00,06:00,1,0,LOW
B-005500,C19,2026-09-16,06:00,08:00,1,1,LOW
B-005501,C19,2026-09-16,08:00,10:00,0,5,MEDIUM
B-005502,C19,2026-09-16,10:00,12:00,0,6,HIGH
B-005503,C19,2026-09-16,12:00,14:00,1,0,LOW
B-005504,C19,2026-09-16,14:00,16:00,0,5,MEDIUM
B-005505,C19,2026-09-16,16:00,18:00,1,3,MEDIUM
B-005506,C19,2026-09-16,18:00,20:00,0,6,HIGH
B-005507,C19,2026-09-16,20:00,22:00,0,6,HIGH
B-005508,C19,2026-09-16,22:00,00:00,1,1,LOW
B-005509,C20,2026-09-16,00:00,02:00,1,1,LOW
B-005510,C20,2026-09-16,02:00,04:00,1,1,LOW
B-005511,C20,2026-09-16,04:00,06:00,1,1,LOW
B-005512,C20,2026-09-16,06:00,08:00,1,2,LOW
B-005513,C20,2026-09-16,08:00,10:00,0,10,HIGH
B-005514,C20,2026-09-16,10:00,12:00,0,7,HIGH
B-005515,C20,2026-09-16,12:00,14:00,1,2,LOW
B-005516,C20,2026-09-16,14:00,16:00,1,1,LOW
B-005517,C20,2026-09-16,16:00,18:00,1,0,LOW
B-005518,C20,2026-09-16,18:00,20:00,0,7,HIGH
B-005519,C20,2026-09-16,20:00,22:00,1,4,MEDIUM
B-005520,C20,2026-09-16,22:00,00:00,0,5,MEDIUM
B-005521,C01,2026-09-17,00:00,02:00,1,2,LOW
B-005522,C01,2026-09-17,02:00,04:00,1,3,MEDIUM
B-005523,C01,2026-09-17,04:00,06:00,1,1,LOW
B-005524,C01,2026-09-17,06:00,08:00,1,3,MEDIUM
B-005525,C01,2026-09-17,08:00,10:00,0,6,HIGH
B-005526,C01,2026-09-17,10:00,12:00,0,6,HIGH
B-005527,C01,2026-09-17,12:00,14:00,1,0,LOW
B-005528,C01,2026-09-17,14:00,16:00,1,3,MEDIUM
B-005529,C01,2026-09-17,16:00,18:00,1,3,MEDIUM
B-005530,C01,2026-09-17,18:00,20:00,0,6,HIGH
B-005531,C01,2026-09-17,20:00,22:00,0,5,MEDIUM
B-005532,C01,2026-09-17,22:00,00:00,1,3,MEDIUM
B-005533,C02,2026-09-17,00:00,02:00,1,4,MEDIUM
B-005534,C02,2026-09-17,02:00,04:00,1,3,MEDIUM
B-005535,C02,2026-09-17,04:00,06:00,0,5,MEDIUM
B-005536,C02,2026-09-17,06:00,08:00,1,2,LOW
B-005537,C02,2026-09-17,08:00,10:00,0,6,HIGH
B-005538,C02,2026-09-17,10:00,12:00,0,5,MEDIUM
B-005539,C02,2026-09-17,12:00,14:00,1,3,MEDIUM
B-005540,C02,2026-09-17,14:00,16:00,1,1,LOW
B-005541,C02,2026-09-17,16:00,18:00,1,2,LOW
B-005542,C02,2026-09-17,18:00,20:00,0,6,HIGH
B-005543,C02,2026-09-17,20:00,22:00,0,5,MEDIUM
B-005544,C02,2026-09-17,22:00,00:00,1,1,LOW
B-005545,C03,2026-09-17,00:00,02:00,1,2,LOW
B-005546,C03,2026-09-17,02:00,04:00,1,1,LOW
B-005547,C03,2026-09-17,04:00,06:00,1,3,MEDIUM
B-005548,C03,2026-09-17,06:00,08:00,1,3,MEDIUM
B-005549,C03,2026-09-17,08:00,10:00,1,4,MEDIUM
B-005550,C03,2026-09-17,10:00,12:00,0,6,HIGH
B-005551,C03,2026-09-17,12:00,14:00,0,5,MEDIUM
B-005552,C03,2026-09-17,14:00,16:00,0,6,HIGH
B-005553,C03,2026-09-17,16:00,18:00,1,1,LOW
B-005554,C03,2026-09-17,18:00,20:00,0,6,HIGH
B-005555,C03,2026-09-17,20:00,22:00,0,6,HIGH
B-005556,C03,2026-09-17,22:00,00:00,1,2,LOW
B-005557,C04,2026-09-17,00:00,02:00,1,1,LOW
B-005558,C04,2026-09-17,02:00,04:00,0,0,LOW
B-005559,C04,2026-09-17,04:00,06:00,1,2,LOW
B-005560,C04,2026-09-17,06:00,08:00,1,4,MEDIUM
B-005561,C04,2026-09-17,08:00,10:00,0,8,HIGH
B-005562,C04,2026-09-17,10:00,12:00,0,7,HIGH
B-005563,C04,2026-09-17,12:00,14:00,1,2,LOW
B-005564,C04,2026-09-17,14:00,16:00,0,2,LOW
B-005565,C04,2026-09-17,16:00,18:00,0,3,MEDIUM
B-005566,C04,2026-09-17,18:00,20:00,1,4,MEDIUM
B-005567,C04,2026-09-17,20:00,22:00,0,5,MEDIUM
B-005568,C04,2026-09-17,22:00,00:00,1,2,LOW
B-005569,C05,2026-09-17,00:00,02:00,1,3,MEDIUM
B-005570,C05,2026-09-17,02:00,04:00,0,5,MEDIUM
B-005571,C05,2026-09-17,04:00,06:00,1,2,LOW
B-005572,C05,2026-09-17,06:00,08:00,1,3,MEDIUM
B-005573,C05,2026-09-17,08:00,10:00,0,7,HIGH
B-005574,C05,2026-09-17,10:00,12:00,0,11,HIGH
B-005575,C05,2026-09-17,12:00,14:00,1,4,MEDIUM
B-005576,C05,2026-09-17,14:00,16:00,1,3,MEDIUM
B-005577,C05,2026-09-17,16:00,18:00,1,4,MEDIUM
B-005578,C05,2026-09-17,18:00,20:00,0,8,HIGH
B-005579,C05,2026-09-17,20:00,22:00,0,8,HIGH
B-005580,C05,2026-09-17,22:00,00:00,1,3,MEDIUM
B-005581,C06,2026-09-17,00:00,02:00,1,2,LOW
B-005582,C06,2026-09-17,02:00,04:00,1,2,LOW
B-005583,C06,2026-09-17,04:00,06:00,1,1,LOW
B-005584,C06,2026-09-17,06:00,08:00,1,2,LOW
B-005585,C06,2026-09-17,08:00,10:00,0,5,MEDIUM
B-005586,C06,2026-09-17,10:00,12:00,0,6,HIGH
B-005587,C06,2026-09-17,12:00,14:00,1,2,LOW
B-005588,C06,2026-09-17,14:00,16:00,0,7,HIGH
B-005589,C06,2026-09-17,16:00,18:00,1,2,LOW
B-005590,C06,2026-09-17,18:00,20:00,0,9,HIGH
B-005591,C06,2026-09-17,20:00,22:00,1,2,LOW
B-005592,C06,2026-09-17,22:00,00:00,1,1,LOW
B-005593,C07,2026-09-17,00:00,02:00,1,1,LOW
B-005594,C07,2026-09-17,02:00,04:00,1,2,LOW
B-005595,C07,2026-09-17,04:00,06:00,1,1,LOW
B-005596,C07,2026-09-17,06:00,08:00,1,3,MEDIUM
B-005597,C07,2026-09-17,08:00,10:00,0,5,MEDIUM
B-005598,C07,2026-09-17,10:00,12:00,0,6,HIGH
B-005599,C07,2026-09-17,12:00,14:00,1,4,MEDIUM
B-005600,C07,2026-09-17,14:00,16:00,1,0,LOW
B-005601,C07,2026-09-17,16:00,18:00,1,1,LOW
B-005602,C07,2026-09-17,18:00,20:00,0,3,MEDIUM
B-005603,C07,2026-09-17,20:00,22:00,0,4,MEDIUM
B-005604,C07,2026-09-17,22:00,00:00,1,3,MEDIUM
B-005605,C08,2026-09-17,00:00,02:00,1,1,LOW
B-005606,C08,2026-09-17,02:00,04:00,1,1,LOW
B-005607,C08,2026-09-17,04:00,06:00,1,1,LOW
B-005608,C08,2026-09-17,06:00,08:00,0,1,LOW
B-005609,C08,2026-09-17,08:00,10:00,0,7,HIGH
B-005610,C08,2026-09-17,10:00,12:00,1,4,MEDIUM
B-005611,C08,2026-09-17,12:00,14:00,1,4,MEDIUM
B-005612,C08,2026-09-17,14:00,16:00,1,3,MEDIUM
B-005613,C08,2026-09-17,16:00,18:00,0,5,MEDIUM
B-005614,C08,2026-09-17,18:00,20:00,0,7,HIGH
B-005615,C08,2026-09-17,20:00,22:00,0,7,HIGH
B-005616,C08,2026-09-17,22:00,00:00,1,2,LOW
B-005617,C09,2026-09-17,00:00,02:00,1,1,LOW
B-005618,C09,2026-09-17,02:00,04:00,0,7,HIGH
B-005619,C09,2026-09-17,04:00,06:00,1,4,MEDIUM
B-005620,C09,2026-09-17,06:00,08:00,1,4,MEDIUM
B-005621,C09,2026-09-17,08:00,10:00,0,9,HIGH
B-005622,C09,2026-09-17,10:00,12:00,0,7,HIGH
B-005623,C09,2026-09-17,12:00,14:00,1,3,MEDIUM
B-005624,C09,2026-09-17,14:00,16:00,1,3,MEDIUM
B-005625,C09,2026-09-17,16:00,18:00,1,0,LOW
B-005626,C09,2026-09-17,18:00,20:00,0,10,HIGH
B-005627,C09,2026-09-17,20:00,22:00,0,7,HIGH
B-005628,C09,2026-09-17,22:00,00:00,0,5,MEDIUM
B-005629,C10,2026-09-17,00:00,02:00,1,3,MEDIUM
B-005630,C10,2026-09-17,02:00,04:00,0,3,MEDIUM
B-005631,C10,2026-09-17,04:00,06:00,1,1,LOW
B-005632,C10,2026-09-17,06:00,08:00,1,3,MEDIUM
B-005633,C10,2026-09-17,08:00,10:00,1,3,MEDIUM
B-005634,C10,2026-09-17,10:00,12:00,0,9,HIGH
B-005635,C10,2026-09-17,12:00,14:00,1,2,LOW
B-005636,C10,2026-09-17,14:00,16:00,1,3,MEDIUM
B-005637,C10,2026-09-17,16:00,18:00,1,2,LOW
B-005638,C10,2026-09-17,18:00,20:00,0,7,HIGH
B-005639,C10,2026-09-17,20:00,22:00,0,8,HIGH
B-005640,C10,2026-09-17,22:00,00:00,1,3,MEDIUM
B-005641,C11,2026-09-17,00:00,02:00,0,5,MEDIUM
B-005642,C11,2026-09-17,02:00,04:00,1,2,LOW
B-005643,C11,2026-09-17,04:00,06:00,1,1,LOW
B-005644,C11,2026-09-17,06:00,08:00,1,1,LOW
B-005645,C11,2026-09-17,08:00,10:00,0,7,HIGH
B-005646,C11,2026-09-17,10:00,12:00,1,2,LOW
B-005647,C11,2026-09-17,12:00,14:00,1,1,LOW
B-005648,C11,2026-09-17,14:00,16:00,1,4,MEDIUM
B-005649,C11,2026-09-17,16:00,18:00,1,4,MEDIUM
B-005650,C11,2026-09-17,18:00,20:00,0,7,HIGH
B-005651,C11,2026-09-17,20:00,22:00,0,9,HIGH
B-005652,C11,2026-09-17,22:00,00:00,1,3,MEDIUM
B-005653,C12,2026-09-17,00:00,02:00,1,3,MEDIUM
B-005654,C12,2026-09-17,02:00,04:00,1,3,MEDIUM
B-005655,C12,2026-09-17,04:00,06:00,0,2,LOW
B-005656,C12,2026-09-17,06:00,08:00,1,1,LOW
B-005657,C12,2026-09-17,08:00,10:00,0,10,HIGH
B-005658,C12,2026-09-17,10:00,12:00,0,4,MEDIUM
B-005659,C12,2026-09-17,12:00,14:00,1,3,MEDIUM
B-005660,C12,2026-09-17,14:00,16:00,0,6,HIGH
B-005661,C12,2026-09-17,16:00,18:00,1,4,MEDIUM
B-005662,C12,2026-09-17,18:00,20:00,0,11,HIGH
B-005663,C12,2026-09-17,20:00,22:00,1,4,MEDIUM
B-005664,C12,2026-09-17,22:00,00:00,1,2,LOW
B-005665,C13,2026-09-17,00:00,02:00,1,3,MEDIUM
B-005666,C13,2026-09-17,02:00,04:00,1,3,MEDIUM
B-005667,C13,2026-09-17,04:00,06:00,0,5,MEDIUM
B-005668,C13,2026-09-17,06:00,08:00,1,1,LOW
B-005669,C13,2026-09-17,08:00,10:00,1,3,MEDIUM
B-005670,C13,2026-09-17,10:00,12:00,0,5,MEDIUM
B-005671,C13,2026-09-17,12:00,14:00,1,2,LOW
B-005672,C13,2026-09-17,14:00,16:00,1,4,MEDIUM
B-005673,C13,2026-09-17,16:00,18:00,0,5,MEDIUM
B-005674,C13,2026-09-17,18:00,20:00,0,9,HIGH
B-005675,C13,2026-09-17,20:00,22:00,0,8,HIGH
B-005676,C13,2026-09-17,22:00,00:00,1,1,LOW
B-005677,C14,2026-09-17,00:00,02:00,1,3,MEDIUM
B-005678,C14,2026-09-17,02:00,04:00,1,3,MEDIUM
B-005679,C14,2026-09-17,04:00,06:00,1,1,LOW
B-005680,C14,2026-09-17,06:00,08:00,1,1,LOW
B-005681,C14,2026-09-17,08:00,10:00,0,10,HIGH
B-005682,C14,2026-09-17,10:00,12:00,0,7,HIGH
B-005683,C14,2026-09-17,12:00,14:00,1,3,MEDIUM
B-005684,C14,2026-09-17,14:00,16:00,1,3,MEDIUM
B-005685,C14,2026-09-17,16:00,18:00,1,3,MEDIUM
B-005686,C14,2026-09-17,18:00,20:00,0,6,HIGH
B-005687,C14,2026-09-17,20:00,22:00,0,7,HIGH
B-005688,C14,2026-09-17,22:00,00:00,1,3,MEDIUM
B-005689,C15,2026-09-17,00:00,02:00,1,2,LOW
B-005690,C15,2026-09-17,02:00,04:00,1,3,MEDIUM
B-005691,C15,2026-09-17,04:00,06:00,1,1,LOW
B-005692,C15,2026-09-17,06:00,08:00,0,1,LOW
B-005693,C15,2026-09-17,08:00,10:00,0,7,HIGH
B-005694,C15,2026-09-17,10:00,12:00,0,9,HIGH
B-005695,C15,2026-09-17,12:00,14:00,1,4,MEDIUM
B-005696,C15,2026-09-17,14:00,16:00,0,1,LOW
B-005697,C15,2026-09-17,16:00,18:00,1,1,LOW
B-005698,C15,2026-09-17,18:00,20:00,0,8,HIGH
B-005699,C15,2026-09-17,20:00,22:00,0,7,HIGH
B-005700,C15,2026-09-17,22:00,00:00,1,2,LOW
B-005701,C16,2026-09-17,00:00,02:00,1,0,LOW
B-005702,C16,2026-09-17,02:00,04:00,1,1,LOW
B-005703,C16,2026-09-17,04:00,06:00,1,4,MEDIUM
B-005704,C16,2026-09-17,06:00,08:00,1,0,LOW
B-005705,C16,2026-09-17,08:00,10:00,0,7,HIGH
B-005706,C16,2026-09-17,10:00,12:00,0,7,HIGH
B-005707,C16,2026-09-17,12:00,14:00,0,5,MEDIUM
B-005708,C16,2026-09-17,14:00,16:00,1,1,LOW
B-005709,C16,2026-09-17,16:00,18:00,0,1,LOW
B-005710,C16,2026-09-17,18:00,20:00,0,7,HIGH
B-005711,C16,2026-09-17,20:00,22:00,0,6,HIGH
B-005712,C16,2026-09-17,22:00,00:00,0,0,LOW
B-005713,C17,2026-09-17,00:00,02:00,1,4,MEDIUM
B-005714,C17,2026-09-17,02:00,04:00,0,2,LOW
B-005715,C17,2026-09-17,04:00,06:00,1,2,LOW
B-005716,C17,2026-09-17,06:00,08:00,1,1,LOW
B-005717,C17,2026-09-17,08:00,10:00,0,6,HIGH
B-005718,C17,2026-09-17,10:00,12:00,0,9,HIGH
B-005719,C17,2026-09-17,12:00,14:00,1,1,LOW
B-005720,C17,2026-09-17,14:00,16:00,1,3,MEDIUM
B-005721,C17,2026-09-17,16:00,18:00,1,2,LOW
B-005722,C17,2026-09-17,18:00,20:00,0,5,MEDIUM
B-005723,C17,2026-09-17,20:00,22:00,0,6,HIGH
B-005724,C17,2026-09-17,22:00,00:00,0,5,MEDIUM
B-005725,C18,2026-09-17,00:00,02:00,1,0,LOW
B-005726,C18,2026-09-17,02:00,04:00,1,4,MEDIUM
B-005727,C18,2026-09-17,04:00,06:00,1,4,MEDIUM
B-005728,C18,2026-09-17,06:00,08:00,1,1,LOW
B-005729,C18,2026-09-17,08:00,10:00,0,9,HIGH
B-005730,C18,2026-09-17,10:00,12:00,0,6,HIGH
B-005731,C18,2026-09-17,12:00,14:00,1,2,LOW
B-005732,C18,2026-09-17,14:00,16:00,1,3,MEDIUM
B-005733,C18,2026-09-17,16:00,18:00,1,2,LOW
B-005734,C18,2026-09-17,18:00,20:00,0,7,HIGH
B-005735,C18,2026-09-17,20:00,22:00,0,7,HIGH
B-005736,C18,2026-09-17,22:00,00:00,1,1,LOW
B-005737,C19,2026-09-17,00:00,02:00,1,1,LOW
B-005738,C19,2026-09-17,02:00,04:00,1,3,MEDIUM
B-005739,C19,2026-09-17,04:00,06:00,1,3,MEDIUM
B-005740,C19,2026-09-17,06:00,08:00,1,4,MEDIUM
B-005741,C19,2026-09-17,08:00,10:00,1,4,MEDIUM
B-005742,C19,2026-09-17,10:00,12:00,0,6,HIGH
B-005743,C19,2026-09-17,12:00,14:00,1,2,LOW
B-005744,C19,2026-09-17,14:00,16:00,0,5,MEDIUM
B-005745,C19,2026-09-17,16:00,18:00,1,4,MEDIUM
B-005746,C19,2026-09-17,18:00,20:00,0,5,MEDIUM
B-005747,C19,2026-09-17,20:00,22:00,0,7,HIGH
B-005748,C19,2026-09-17,22:00,00:00,1,1,LOW
B-005749,C20,2026-09-17,00:00,02:00,1,2,LOW
B-005750,C20,2026-09-17,02:00,04:00,1,2,LOW
B-005751,C20,2026-09-17,04:00,06:00,1,2,LOW
B-005752,C20,2026-09-17,06:00,08:00,1,3,MEDIUM
B-005753,C20,2026-09-17,08:00,10:00,0,8,HIGH
B-005754,C20,2026-09-17,10:00,12:00,0,7,HIGH
B-005755,C20,2026-09-17,12:00,14:00,0,2,LOW
B-005756,C20,2026-09-17,14:00,16:00,1,4,MEDIUM
B-005757,C20,2026-09-17,16:00,18:00,1,4,MEDIUM
B-005758,C20,2026-09-17,18:00,20:00,0,6,HIGH
B-005759,C20,2026-09-17,20:00,22:00,1,3,MEDIUM
B-005760,C20,2026-09-17,22:00,00:00,0,5,MEDIUM
B-005761,C01,2026-09-18,00:00,02:00,1,4,MEDIUM
B-005762,C01,2026-09-18,02:00,04:00,1,2,LOW
B-005763,C01,2026-09-18,04:00,06:00,1,2,LOW
B-005764,C01,2026-09-18,06:00,08:00,1,4,MEDIUM
B-005765,C01,2026-09-18,08:00,10:00,0,7,HIGH
B-005766,C01,2026-09-18,10:00,12:00,0,7,HIGH
B-005767,C01,2026-09-18,12:00,14:00,0,3,MEDIUM
B-005768,C01,2026-09-18,14:00,16:00,1,2,LOW
B-005769,C01,2026-09-18,16:00,18:00,1,2,LOW
B-005770,C01,2026-09-18,18:00,20:00,0,5,MEDIUM
B-005771,C01,2026-09-18,20:00,22:00,0,9,HIGH
B-005772,C01,2026-09-18,22:00,00:00,1,1,LOW
B-005773,C02,2026-09-18,00:00,02:00,1,0,LOW
B-005774,C02,2026-09-18,02:00,04:00,1,2,LOW
B-005775,C02,2026-09-18,04:00,06:00,1,4,MEDIUM
B-005776,C02,2026-09-18,06:00,08:00,1,3,MEDIUM
B-005777,C02,2026-09-18,08:00,10:00,0,5,MEDIUM
B-005778,C02,2026-09-18,10:00,12:00,1,4,MEDIUM
B-005779,C02,2026-09-18,12:00,14:00,0,5,MEDIUM
B-005780,C02,2026-09-18,14:00,16:00,1,2,LOW
B-005781,C02,2026-09-18,16:00,18:00,1,2,LOW
B-005782,C02,2026-09-18,18:00,20:00,0,7,HIGH
B-005783,C02,2026-09-18,20:00,22:00,0,6,HIGH
B-005784,C02,2026-09-18,22:00,00:00,1,3,MEDIUM
B-005785,C03,2026-09-18,00:00,02:00,1,4,MEDIUM
B-005786,C03,2026-09-18,02:00,04:00,1,3,MEDIUM
B-005787,C03,2026-09-18,04:00,06:00,1,2,LOW
B-005788,C03,2026-09-18,06:00,08:00,0,4,MEDIUM
B-005789,C03,2026-09-18,08:00,10:00,0,7,HIGH
B-005790,C03,2026-09-18,10:00,12:00,0,5,MEDIUM
B-005791,C03,2026-09-18,12:00,14:00,1,3,MEDIUM
B-005792,C03,2026-09-18,14:00,16:00,1,3,MEDIUM
B-005793,C03,2026-09-18,16:00,18:00,0,5,MEDIUM
B-005794,C03,2026-09-18,18:00,20:00,1,3,MEDIUM
B-005795,C03,2026-09-18,20:00,22:00,0,7,HIGH
B-005796,C03,2026-09-18,22:00,00:00,0,4,MEDIUM
B-005797,C04,2026-09-18,00:00,02:00,1,2,LOW
B-005798,C04,2026-09-18,02:00,04:00,1,1,LOW
B-005799,C04,2026-09-18,04:00,06:00,1,1,LOW
B-005800,C04,2026-09-18,06:00,08:00,1,1,LOW
B-005801,C04,2026-09-18,08:00,10:00,1,4,MEDIUM
B-005802,C04,2026-09-18,10:00,12:00,0,5,MEDIUM
B-005803,C04,2026-09-18,12:00,14:00,1,3,MEDIUM
B-005804,C04,2026-09-18,14:00,16:00,1,0,LOW
B-005805,C04,2026-09-18,16:00,18:00,1,1,LOW
B-005806,C04,2026-09-18,18:00,20:00,0,6,HIGH
B-005807,C04,2026-09-18,20:00,22:00,0,6,HIGH
B-005808,C04,2026-09-18,22:00,00:00,1,3,MEDIUM
B-005809,C05,2026-09-18,00:00,02:00,1,4,MEDIUM
B-005810,C05,2026-09-18,02:00,04:00,0,4,MEDIUM
B-005811,C05,2026-09-18,04:00,06:00,0,1,LOW
B-005812,C05,2026-09-18,06:00,08:00,1,1,LOW
B-005813,C05,2026-09-18,08:00,10:00,0,10,HIGH
B-005814,C05,2026-09-18,10:00,12:00,0,7,HIGH
B-005815,C05,2026-09-18,12:00,14:00,0,2,LOW
B-005816,C05,2026-09-18,14:00,16:00,1,1,LOW
B-005817,C05,2026-09-18,16:00,18:00,1,2,LOW
B-005818,C05,2026-09-18,18:00,20:00,0,5,MEDIUM
B-005819,C05,2026-09-18,20:00,22:00,0,7,HIGH
B-005820,C05,2026-09-18,22:00,00:00,0,5,MEDIUM
B-005821,C06,2026-09-18,00:00,02:00,1,4,MEDIUM
B-005822,C06,2026-09-18,02:00,04:00,1,3,MEDIUM
B-005823,C06,2026-09-18,04:00,06:00,1,2,LOW
B-005824,C06,2026-09-18,06:00,08:00,1,2,LOW
B-005825,C06,2026-09-18,08:00,10:00,0,6,HIGH
B-005826,C06,2026-09-18,10:00,12:00,0,7,HIGH
B-005827,C06,2026-09-18,12:00,14:00,1,3,MEDIUM
B-005828,C06,2026-09-18,14:00,16:00,1,2,LOW
B-005829,C06,2026-09-18,16:00,18:00,1,1,LOW
B-005830,C06,2026-09-18,18:00,20:00,0,8,HIGH
B-005831,C06,2026-09-18,20:00,22:00,0,6,HIGH
B-005832,C06,2026-09-18,22:00,00:00,1,4,MEDIUM
B-005833,C07,2026-09-18,00:00,02:00,1,2,LOW
B-005834,C07,2026-09-18,02:00,04:00,1,1,LOW
B-005835,C07,2026-09-18,04:00,06:00,1,2,LOW
B-005836,C07,2026-09-18,06:00,08:00,1,2,LOW
B-005837,C07,2026-09-18,08:00,10:00,0,7,HIGH
B-005838,C07,2026-09-18,10:00,12:00,0,9,HIGH
B-005839,C07,2026-09-18,12:00,14:00,1,2,LOW
B-005840,C07,2026-09-18,14:00,16:00,1,1,LOW
B-005841,C07,2026-09-18,16:00,18:00,0,7,HIGH
B-005842,C07,2026-09-18,18:00,20:00,0,6,HIGH
B-005843,C07,2026-09-18,20:00,22:00,0,7,HIGH
B-005844,C07,2026-09-18,22:00,00:00,1,3,MEDIUM
B-005845,C08,2026-09-18,00:00,02:00,1,3,MEDIUM
B-005846,C08,2026-09-18,02:00,04:00,0,8,HIGH
B-005847,C08,2026-09-18,04:00,06:00,1,4,MEDIUM
B-005848,C08,2026-09-18,06:00,08:00,1,2,LOW
B-005849,C08,2026-09-18,08:00,10:00,0,5,MEDIUM
B-005850,C08,2026-09-18,10:00,12:00,0,7,HIGH
B-005851,C08,2026-09-18,12:00,14:00,1,0,LOW
B-005852,C08,2026-09-18,14:00,16:00,0,6,HIGH
B-005853,C08,2026-09-18,16:00,18:00,1,1,LOW
B-005854,C08,2026-09-18,18:00,20:00,0,6,HIGH
B-005855,C08,2026-09-18,20:00,22:00,0,7,HIGH
B-005856,C08,2026-09-18,22:00,00:00,1,2,LOW
B-005857,C09,2026-09-18,00:00,02:00,1,2,LOW
B-005858,C09,2026-09-18,02:00,04:00,1,4,MEDIUM
B-005859,C09,2026-09-18,04:00,06:00,1,3,MEDIUM
B-005860,C09,2026-09-18,06:00,08:00,1,3,MEDIUM
B-005861,C09,2026-09-18,08:00,10:00,0,6,HIGH
B-005862,C09,2026-09-18,10:00,12:00,1,4,MEDIUM
B-005863,C09,2026-09-18,12:00,14:00,1,2,LOW
B-005864,C09,2026-09-18,14:00,16:00,1,2,LOW
B-005865,C09,2026-09-18,16:00,18:00,1,3,MEDIUM
B-005866,C09,2026-09-18,18:00,20:00,0,5,MEDIUM
B-005867,C09,2026-09-18,20:00,22:00,0,6,HIGH
B-005868,C09,2026-09-18,22:00,00:00,0,5,MEDIUM
B-005869,C10,2026-09-18,00:00,02:00,1,1,LOW
B-005870,C10,2026-09-18,02:00,04:00,1,2,LOW
B-005871,C10,2026-09-18,04:00,06:00,1,3,MEDIUM
B-005872,C10,2026-09-18,06:00,08:00,1,4,MEDIUM
B-005873,C10,2026-09-18,08:00,10:00,0,8,HIGH
B-005874,C10,2026-09-18,10:00,12:00,0,8,HIGH
B-005875,C10,2026-09-18,12:00,14:00,0,7,HIGH
B-005876,C10,2026-09-18,14:00,16:00,1,2,LOW
B-005877,C10,2026-09-18,16:00,18:00,1,3,MEDIUM
B-005878,C10,2026-09-18,18:00,20:00,1,4,MEDIUM
B-005879,C10,2026-09-18,20:00,22:00,1,4,MEDIUM
B-005880,C10,2026-09-18,22:00,00:00,1,4,MEDIUM
B-005881,C11,2026-09-18,00:00,02:00,1,1,LOW
B-005882,C11,2026-09-18,02:00,04:00,1,0,LOW
B-005883,C11,2026-09-18,04:00,06:00,1,1,LOW
B-005884,C11,2026-09-18,06:00,08:00,1,4,MEDIUM
B-005885,C11,2026-09-18,08:00,10:00,0,9,HIGH
B-005886,C11,2026-09-18,10:00,12:00,0,7,HIGH
B-005887,C11,2026-09-18,12:00,14:00,1,1,LOW
B-005888,C11,2026-09-18,14:00,16:00,1,1,LOW
B-005889,C11,2026-09-18,16:00,18:00,1,1,LOW
B-005890,C11,2026-09-18,18:00,20:00,0,5,MEDIUM
B-005891,C11,2026-09-18,20:00,22:00,0,8,HIGH
B-005892,C11,2026-09-18,22:00,00:00,1,1,LOW
B-005893,C12,2026-09-18,00:00,02:00,1,1,LOW
B-005894,C12,2026-09-18,02:00,04:00,1,4,MEDIUM
B-005895,C12,2026-09-18,04:00,06:00,1,3,MEDIUM
B-005896,C12,2026-09-18,06:00,08:00,1,3,MEDIUM
B-005897,C12,2026-09-18,08:00,10:00,1,4,MEDIUM
B-005898,C12,2026-09-18,10:00,12:00,1,3,MEDIUM
B-005899,C12,2026-09-18,12:00,14:00,0,7,HIGH
B-005900,C12,2026-09-18,14:00,16:00,1,3,MEDIUM
B-005901,C12,2026-09-18,16:00,18:00,1,3,MEDIUM
B-005902,C12,2026-09-18,18:00,20:00,0,6,HIGH
B-005903,C12,2026-09-18,20:00,22:00,0,5,MEDIUM
B-005904,C12,2026-09-18,22:00,00:00,0,5,MEDIUM
B-005905,C13,2026-09-18,00:00,02:00,1,0,LOW
B-005906,C13,2026-09-18,02:00,04:00,1,3,MEDIUM
B-005907,C13,2026-09-18,04:00,06:00,1,1,LOW
B-005908,C13,2026-09-18,06:00,08:00,1,1,LOW
B-005909,C13,2026-09-18,08:00,10:00,0,6,HIGH
B-005910,C13,2026-09-18,10:00,12:00,0,6,HIGH
B-005911,C13,2026-09-18,12:00,14:00,1,1,LOW
B-005912,C13,2026-09-18,14:00,16:00,0,6,HIGH
B-005913,C13,2026-09-18,16:00,18:00,0,7,HIGH
B-005914,C13,2026-09-18,18:00,20:00,0,6,HIGH
B-005915,C13,2026-09-18,20:00,22:00,0,7,HIGH
B-005916,C13,2026-09-18,22:00,00:00,1,3,MEDIUM
B-005917,C14,2026-09-18,00:00,02:00,1,3,MEDIUM
B-005918,C14,2026-09-18,02:00,04:00,1,3,MEDIUM
B-005919,C14,2026-09-18,04:00,06:00,1,2,LOW
B-005920,C14,2026-09-18,06:00,08:00,0,5,MEDIUM
B-005921,C14,2026-09-18,08:00,10:00,0,7,HIGH
B-005922,C14,2026-09-18,10:00,12:00,1,4,MEDIUM
B-005923,C14,2026-09-18,12:00,14:00,0,3,MEDIUM
B-005924,C14,2026-09-18,14:00,16:00,1,3,MEDIUM
B-005925,C14,2026-09-18,16:00,18:00,1,2,LOW
B-005926,C14,2026-09-18,18:00,20:00,0,6,HIGH
B-005927,C14,2026-09-18,20:00,22:00,0,6,HIGH
B-005928,C14,2026-09-18,22:00,00:00,1,4,MEDIUM
B-005929,C15,2026-09-18,00:00,02:00,1,2,LOW
B-005930,C15,2026-09-18,02:00,04:00,1,1,LOW
B-005931,C15,2026-09-18,04:00,06:00,0,5,MEDIUM
B-005932,C15,2026-09-18,06:00,08:00,1,3,MEDIUM
B-005933,C15,2026-09-18,08:00,10:00,0,7,HIGH
B-005934,C15,2026-09-18,10:00,12:00,0,7,HIGH
B-005935,C15,2026-09-18,12:00,14:00,0,5,MEDIUM
B-005936,C15,2026-09-18,14:00,16:00,0,2,LOW
B-005937,C15,2026-09-18,16:00,18:00,1,1,LOW
B-005938,C15,2026-09-18,18:00,20:00,0,7,HIGH
B-005939,C15,2026-09-18,20:00,22:00,0,9,HIGH
B-005940,C15,2026-09-18,22:00,00:00,0,7,HIGH
B-005941,C16,2026-09-18,00:00,02:00,0,4,MEDIUM
B-005942,C16,2026-09-18,02:00,04:00,1,3,MEDIUM
B-005943,C16,2026-09-18,04:00,06:00,1,3,MEDIUM
B-005944,C16,2026-09-18,06:00,08:00,1,0,LOW
B-005945,C16,2026-09-18,08:00,10:00,0,6,HIGH
B-005946,C16,2026-09-18,10:00,12:00,1,3,MEDIUM
B-005947,C16,2026-09-18,12:00,14:00,0,5,MEDIUM
B-005948,C16,2026-09-18,14:00,16:00,1,4,MEDIUM
B-005949,C16,2026-09-18,16:00,18:00,1,3,MEDIUM
B-005950,C16,2026-09-18,18:00,20:00,0,5,MEDIUM
B-005951,C16,2026-09-18,20:00,22:00,1,3,MEDIUM
B-005952,C16,2026-09-18,22:00,00:00,1,3,MEDIUM
B-005953,C17,2026-09-18,00:00,02:00,1,2,LOW
B-005954,C17,2026-09-18,02:00,04:00,1,0,LOW
B-005955,C17,2026-09-18,04:00,06:00,1,2,LOW
B-005956,C17,2026-09-18,06:00,08:00,1,2,LOW
B-005957,C17,2026-09-18,08:00,10:00,0,6,HIGH
B-005958,C17,2026-09-18,10:00,12:00,0,9,HIGH
B-005959,C17,2026-09-18,12:00,14:00,1,3,MEDIUM
B-005960,C17,2026-09-18,14:00,16:00,1,0,LOW
B-005961,C17,2026-09-18,16:00,18:00,1,4,MEDIUM
B-005962,C17,2026-09-18,18:00,20:00,0,6,HIGH
B-005963,C17,2026-09-18,20:00,22:00,0,8,HIGH
B-005964,C17,2026-09-18,22:00,00:00,1,2,LOW
B-005965,C18,2026-09-18,00:00,02:00,1,2,LOW
B-005966,C18,2026-09-18,02:00,04:00,1,3,MEDIUM
B-005967,C18,2026-09-18,04:00,06:00,1,4,MEDIUM
B-005968,C18,2026-09-18,06:00,08:00,1,1,LOW
B-005969,C18,2026-09-18,08:00,10:00,0,7,HIGH
B-005970,C18,2026-09-18,10:00,12:00,0,5,MEDIUM
B-005971,C18,2026-09-18,12:00,14:00,1,3,MEDIUM
B-005972,C18,2026-09-18,14:00,16:00,1,2,LOW
B-005973,C18,2026-09-18,16:00,18:00,1,3,MEDIUM
B-005974,C18,2026-09-18,18:00,20:00,0,9,HIGH
B-005975,C18,2026-09-18,20:00,22:00,0,8,HIGH
B-005976,C18,2026-09-18,22:00,00:00,1,2,LOW
B-005977,C19,2026-09-18,00:00,02:00,1,2,LOW
B-005978,C19,2026-09-18,02:00,04:00,0,6,HIGH
B-005979,C19,2026-09-18,04:00,06:00,1,3,MEDIUM
B-005980,C19,2026-09-18,06:00,08:00,1,1,LOW
B-005981,C19,2026-09-18,08:00,10:00,0,5,MEDIUM
B-005982,C19,2026-09-18,10:00,12:00,0,5,MEDIUM
B-005983,C19,2026-09-18,12:00,14:00,1,3,MEDIUM
B-005984,C19,2026-09-18,14:00,16:00,1,1,LOW
B-005985,C19,2026-09-18,16:00,18:00,1,1,LOW
B-005986,C19,2026-09-18,18:00,20:00,1,4,MEDIUM
B-005987,C19,2026-09-18,20:00,22:00,0,6,HIGH
B-005988,C19,2026-09-18,22:00,00:00,1,4,MEDIUM
B-005989,C20,2026-09-18,00:00,02:00,1,3,MEDIUM
B-005990,C20,2026-09-18,02:00,04:00,1,3,MEDIUM
B-005991,C20,2026-09-18,04:00,06:00,1,2,LOW
B-005992,C20,2026-09-18,06:00,08:00,0,7,HIGH
B-005993,C20,2026-09-18,08:00,10:00,1,4,MEDIUM
B-005994,C20,2026-09-18,10:00,12:00,0,7,HIGH
B-005995,C20,2026-09-18,12:00,14:00,1,2,LOW
B-005996,C20,2026-09-18,14:00,16:00,1,1,LOW
B-005997,C20,2026-09-18,16:00,18:00,1,1,LOW
B-005998,C20,2026-09-18,18:00,20:00,0,6,HIGH
B-005999,C20,2026-09-18,20:00,22:00,0,5,MEDIUM
B-006000,C20,2026-09-18,22:00,00:00,1,3,MEDIUM
B-006001,C01,2026-09-19,00:00,02:00,0,5,MEDIUM
B-006002,C01,2026-09-19,02:00,04:00,1,1,LOW
B-006003,C01,2026-09-19,04:00,06:00,1,1,LOW
B-006004,C01,2026-09-19,06:00,08:00,1,3,MEDIUM
B-006005,C01,2026-09-19,08:00,10:00,0,6,HIGH
B-006006,C01,2026-09-19,10:00,12:00,1,3,MEDIUM
B-006007,C01,2026-09-19,12:00,14:00,1,0,LOW
B-006008,C01,2026-09-19,14:00,16:00,1,2,LOW
B-006009,C01,2026-09-19,16:00,18:00,1,1,LOW
B-006010,C01,2026-09-19,18:00,20:00,0,8,HIGH
B-006011,C01,2026-09-19,20:00,22:00,0,5,MEDIUM
B-006012,C01,2026-09-19,22:00,00:00,0,5,MEDIUM
B-006013,C02,2026-09-19,00:00,02:00,1,2,LOW
B-006014,C02,2026-09-19,02:00,04:00,1,3,MEDIUM
B-006015,C02,2026-09-19,04:00,06:00,1,3,MEDIUM
B-006016,C02,2026-09-19,06:00,08:00,0,5,MEDIUM
B-006017,C02,2026-09-19,08:00,10:00,1,4,MEDIUM
B-006018,C02,2026-09-19,10:00,12:00,0,8,HIGH
B-006019,C02,2026-09-19,12:00,14:00,1,1,LOW
B-006020,C02,2026-09-19,14:00,16:00,0,4,MEDIUM
B-006021,C02,2026-09-19,16:00,18:00,0,6,HIGH
B-006022,C02,2026-09-19,18:00,20:00,0,5,MEDIUM
B-006023,C02,2026-09-19,20:00,22:00,1,3,MEDIUM
B-006024,C02,2026-09-19,22:00,00:00,1,2,LOW
B-006025,C03,2026-09-19,00:00,02:00,1,1,LOW
B-006026,C03,2026-09-19,02:00,04:00,1,0,LOW
B-006027,C03,2026-09-19,04:00,06:00,1,0,LOW
B-006028,C03,2026-09-19,06:00,08:00,1,3,MEDIUM
B-006029,C03,2026-09-19,08:00,10:00,0,8,HIGH
B-006030,C03,2026-09-19,10:00,12:00,0,6,HIGH
B-006031,C03,2026-09-19,12:00,14:00,1,3,MEDIUM
B-006032,C03,2026-09-19,14:00,16:00,1,4,MEDIUM
B-006033,C03,2026-09-19,16:00,18:00,1,3,MEDIUM
B-006034,C03,2026-09-19,18:00,20:00,0,6,HIGH
B-006035,C03,2026-09-19,20:00,22:00,0,5,MEDIUM
B-006036,C03,2026-09-19,22:00,00:00,1,2,LOW
B-006037,C04,2026-09-19,00:00,02:00,1,2,LOW
B-006038,C04,2026-09-19,02:00,04:00,1,4,MEDIUM
B-006039,C04,2026-09-19,04:00,06:00,1,0,LOW
B-006040,C04,2026-09-19,06:00,08:00,1,4,MEDIUM
B-006041,C04,2026-09-19,08:00,10:00,1,2,LOW
B-006042,C04,2026-09-19,10:00,12:00,0,5,MEDIUM
B-006043,C04,2026-09-19,12:00,14:00,0,5,MEDIUM
B-006044,C04,2026-09-19,14:00,16:00,0,4,MEDIUM
B-006045,C04,2026-09-19,16:00,18:00,1,2,LOW
B-006046,C04,2026-09-19,18:00,20:00,0,9,HIGH
B-006047,C04,2026-09-19,20:00,22:00,1,2,LOW
B-006048,C04,2026-09-19,22:00,00:00,1,4,MEDIUM
B-006049,C05,2026-09-19,00:00,02:00,1,2,LOW
B-006050,C05,2026-09-19,02:00,04:00,1,3,MEDIUM
B-006051,C05,2026-09-19,04:00,06:00,1,1,LOW
B-006052,C05,2026-09-19,06:00,08:00,0,4,MEDIUM
B-006053,C05,2026-09-19,08:00,10:00,0,5,MEDIUM
B-006054,C05,2026-09-19,10:00,12:00,0,5,MEDIUM
B-006055,C05,2026-09-19,12:00,14:00,1,1,LOW
B-006056,C05,2026-09-19,14:00,16:00,1,3,MEDIUM
B-006057,C05,2026-09-19,16:00,18:00,1,1,LOW
B-006058,C05,2026-09-19,18:00,20:00,0,6,HIGH
B-006059,C05,2026-09-19,20:00,22:00,1,3,MEDIUM
B-006060,C05,2026-09-19,22:00,00:00,1,3,MEDIUM
B-006061,C06,2026-09-19,00:00,02:00,1,1,LOW
B-006062,C06,2026-09-19,02:00,04:00,1,0,LOW
B-006063,C06,2026-09-19,04:00,06:00,0,0,LOW
B-006064,C06,2026-09-19,06:00,08:00,1,1,LOW
B-006065,C06,2026-09-19,08:00,10:00,0,6,HIGH
B-006066,C06,2026-09-19,10:00,12:00,0,6,HIGH
B-006067,C06,2026-09-19,12:00,14:00,1,4,MEDIUM
B-006068,C06,2026-09-19,14:00,16:00,0,5,MEDIUM
B-006069,C06,2026-09-19,16:00,18:00,1,1,LOW
B-006070,C06,2026-09-19,18:00,20:00,0,7,HIGH
B-006071,C06,2026-09-19,20:00,22:00,1,3,MEDIUM
B-006072,C06,2026-09-19,22:00,00:00,1,4,MEDIUM
B-006073,C07,2026-09-19,00:00,02:00,1,1,LOW
B-006074,C07,2026-09-19,02:00,04:00,1,1,LOW
B-006075,C07,2026-09-19,04:00,06:00,1,1,LOW
B-006076,C07,2026-09-19,06:00,08:00,1,2,LOW
B-006077,C07,2026-09-19,08:00,10:00,0,5,MEDIUM
B-006078,C07,2026-09-19,10:00,12:00,0,5,MEDIUM
B-006079,C07,2026-09-19,12:00,14:00,0,4,MEDIUM
B-006080,C07,2026-09-19,14:00,16:00,1,3,MEDIUM
B-006081,C07,2026-09-19,16:00,18:00,1,2,LOW
B-006082,C07,2026-09-19,18:00,20:00,0,10,HIGH
B-006083,C07,2026-09-19,20:00,22:00,0,9,HIGH
B-006084,C07,2026-09-19,22:00,00:00,1,4,MEDIUM
B-006085,C08,2026-09-19,00:00,02:00,1,2,LOW
B-006086,C08,2026-09-19,02:00,04:00,1,2,LOW
B-006087,C08,2026-09-19,04:00,06:00,1,2,LOW
B-006088,C08,2026-09-19,06:00,08:00,1,2,LOW
B-006089,C08,2026-09-19,08:00,10:00,0,10,HIGH
B-006090,C08,2026-09-19,10:00,12:00,0,5,MEDIUM
B-006091,C08,2026-09-19,12:00,14:00,0,6,HIGH
B-006092,C08,2026-09-19,14:00,16:00,0,1,LOW
B-006093,C08,2026-09-19,16:00,18:00,1,0,LOW
B-006094,C08,2026-09-19,18:00,20:00,0,8,HIGH
B-006095,C08,2026-09-19,20:00,22:00,0,5,MEDIUM
B-006096,C08,2026-09-19,22:00,00:00,1,3,MEDIUM
B-006097,C09,2026-09-19,00:00,02:00,1,3,MEDIUM
B-006098,C09,2026-09-19,02:00,04:00,1,3,MEDIUM
B-006099,C09,2026-09-19,04:00,06:00,0,3,MEDIUM
B-006100,C09,2026-09-19,06:00,08:00,0,0,LOW
B-006101,C09,2026-09-19,08:00,10:00,0,7,HIGH
B-006102,C09,2026-09-19,10:00,12:00,0,7,HIGH
B-006103,C09,2026-09-19,12:00,14:00,1,1,LOW
B-006104,C09,2026-09-19,14:00,16:00,1,2,LOW
B-006105,C09,2026-09-19,16:00,18:00,0,6,HIGH
B-006106,C09,2026-09-19,18:00,20:00,0,7,HIGH
B-006107,C09,2026-09-19,20:00,22:00,0,6,HIGH
B-006108,C09,2026-09-19,22:00,00:00,1,1,LOW
B-006109,C10,2026-09-19,00:00,02:00,1,2,LOW
B-006110,C10,2026-09-19,02:00,04:00,0,7,HIGH
B-006111,C10,2026-09-19,04:00,06:00,1,0,LOW
B-006112,C10,2026-09-19,06:00,08:00,1,0,LOW
B-006113,C10,2026-09-19,08:00,10:00,0,4,MEDIUM
B-006114,C10,2026-09-19,10:00,12:00,0,6,HIGH
B-006115,C10,2026-09-19,12:00,14:00,1,0,LOW
B-006116,C10,2026-09-19,14:00,16:00,1,2,LOW
B-006117,C10,2026-09-19,16:00,18:00,0,2,LOW
B-006118,C10,2026-09-19,18:00,20:00,1,3,MEDIUM
B-006119,C10,2026-09-19,20:00,22:00,1,4,MEDIUM
B-006120,C10,2026-09-19,22:00,00:00,0,5,MEDIUM
B-006121,C11,2026-09-19,00:00,02:00,1,4,MEDIUM
B-006122,C11,2026-09-19,02:00,04:00,1,3,MEDIUM
B-006123,C11,2026-09-19,04:00,06:00,1,2,LOW
B-006124,C11,2026-09-19,06:00,08:00,1,1,LOW
B-006125,C11,2026-09-19,08:00,10:00,0,5,MEDIUM
B-006126,C11,2026-09-19,10:00,12:00,1,3,MEDIUM
B-006127,C11,2026-09-19,12:00,14:00,1,2,LOW
B-006128,C11,2026-09-19,14:00,16:00,1,1,LOW
B-006129,C11,2026-09-19,16:00,18:00,1,3,MEDIUM
B-006130,C11,2026-09-19,18:00,20:00,0,6,HIGH
B-006131,C11,2026-09-19,20:00,22:00,0,5,MEDIUM
B-006132,C11,2026-09-19,22:00,00:00,1,0,LOW
B-006133,C12,2026-09-19,00:00,02:00,1,2,LOW
B-006134,C12,2026-09-19,02:00,04:00,0,5,MEDIUM
B-006135,C12,2026-09-19,04:00,06:00,1,2,LOW
B-006136,C12,2026-09-19,06:00,08:00,1,3,MEDIUM
B-006137,C12,2026-09-19,08:00,10:00,0,9,HIGH
B-006138,C12,2026-09-19,10:00,12:00,0,7,HIGH
B-006139,C12,2026-09-19,12:00,14:00,1,1,LOW
B-006140,C12,2026-09-19,14:00,16:00,1,1,LOW
B-006141,C12,2026-09-19,16:00,18:00,1,4,MEDIUM
B-006142,C12,2026-09-19,18:00,20:00,1,3,MEDIUM
B-006143,C12,2026-09-19,20:00,22:00,0,9,HIGH
B-006144,C12,2026-09-19,22:00,00:00,1,1,LOW
B-006145,C13,2026-09-19,00:00,02:00,1,4,MEDIUM
B-006146,C13,2026-09-19,02:00,04:00,1,1,LOW
B-006147,C13,2026-09-19,04:00,06:00,1,3,MEDIUM
B-006148,C13,2026-09-19,06:00,08:00,1,2,LOW
B-006149,C13,2026-09-19,08:00,10:00,0,6,HIGH
B-006150,C13,2026-09-19,10:00,12:00,0,7,HIGH
B-006151,C13,2026-09-19,12:00,14:00,0,0,LOW
B-006152,C13,2026-09-19,14:00,16:00,0,5,MEDIUM
B-006153,C13,2026-09-19,16:00,18:00,1,1,LOW
B-006154,C13,2026-09-19,18:00,20:00,0,4,MEDIUM
B-006155,C13,2026-09-19,20:00,22:00,0,7,HIGH
B-006156,C13,2026-09-19,22:00,00:00,1,1,LOW
B-006157,C14,2026-09-19,00:00,02:00,1,2,LOW
B-006158,C14,2026-09-19,02:00,04:00,1,2,LOW
B-006159,C14,2026-09-19,04:00,06:00,1,1,LOW
B-006160,C14,2026-09-19,06:00,08:00,1,3,MEDIUM
B-006161,C14,2026-09-19,08:00,10:00,0,9,HIGH
B-006162,C14,2026-09-19,10:00,12:00,0,4,MEDIUM
B-006163,C14,2026-09-19,12:00,14:00,0,5,MEDIUM
B-006164,C14,2026-09-19,14:00,16:00,1,2,LOW
B-006165,C14,2026-09-19,16:00,18:00,1,0,LOW
B-006166,C14,2026-09-19,18:00,20:00,0,8,HIGH
B-006167,C14,2026-09-19,20:00,22:00,1,3,MEDIUM
B-006168,C14,2026-09-19,22:00,00:00,1,1,LOW
B-006169,C15,2026-09-19,00:00,02:00,0,1,LOW
B-006170,C15,2026-09-19,02:00,04:00,0,5,MEDIUM
B-006171,C15,2026-09-19,04:00,06:00,1,2,LOW
B-006172,C15,2026-09-19,06:00,08:00,0,5,MEDIUM
B-006173,C15,2026-09-19,08:00,10:00,1,4,MEDIUM
B-006174,C15,2026-09-19,10:00,12:00,0,2,LOW
B-006175,C15,2026-09-19,12:00,14:00,1,2,LOW
B-006176,C15,2026-09-19,14:00,16:00,1,4,MEDIUM
B-006177,C15,2026-09-19,16:00,18:00,1,2,LOW
B-006178,C15,2026-09-19,18:00,20:00,1,3,MEDIUM
B-006179,C15,2026-09-19,20:00,22:00,0,7,HIGH
B-006180,C15,2026-09-19,22:00,00:00,1,1,LOW
B-006181,C16,2026-09-19,00:00,02:00,0,2,LOW
B-006182,C16,2026-09-19,02:00,04:00,1,3,MEDIUM
B-006183,C16,2026-09-19,04:00,06:00,0,5,MEDIUM
B-006184,C16,2026-09-19,06:00,08:00,1,4,MEDIUM
B-006185,C16,2026-09-19,08:00,10:00,0,5,MEDIUM
B-006186,C16,2026-09-19,10:00,12:00,0,8,HIGH
B-006187,C16,2026-09-19,12:00,14:00,1,4,MEDIUM
B-006188,C16,2026-09-19,14:00,16:00,1,2,LOW
B-006189,C16,2026-09-19,16:00,18:00,1,3,MEDIUM
B-006190,C16,2026-09-19,18:00,20:00,1,2,LOW
B-006191,C16,2026-09-19,20:00,22:00,0,6,HIGH
B-006192,C16,2026-09-19,22:00,00:00,1,3,MEDIUM
B-006193,C17,2026-09-19,00:00,02:00,1,1,LOW
B-006194,C17,2026-09-19,02:00,04:00,1,3,MEDIUM
B-006195,C17,2026-09-19,04:00,06:00,1,1,LOW
B-006196,C17,2026-09-19,06:00,08:00,1,2,LOW
B-006197,C17,2026-09-19,08:00,10:00,0,8,HIGH
B-006198,C17,2026-09-19,10:00,12:00,0,5,MEDIUM
B-006199,C17,2026-09-19,12:00,14:00,1,4,MEDIUM
B-006200,C17,2026-09-19,14:00,16:00,1,4,MEDIUM
B-006201,C17,2026-09-19,16:00,18:00,1,4,MEDIUM
B-006202,C17,2026-09-19,18:00,20:00,0,7,HIGH
B-006203,C17,2026-09-19,20:00,22:00,0,8,HIGH
B-006204,C17,2026-09-19,22:00,00:00,1,0,LOW
B-006205,C18,2026-09-19,00:00,02:00,1,1,LOW
B-006206,C18,2026-09-19,02:00,04:00,1,2,LOW
B-006207,C18,2026-09-19,04:00,06:00,1,3,MEDIUM
B-006208,C18,2026-09-19,06:00,08:00,1,4,MEDIUM
B-006209,C18,2026-09-19,08:00,10:00,1,4,MEDIUM
B-006210,C18,2026-09-19,10:00,12:00,0,5,MEDIUM
B-006211,C18,2026-09-19,12:00,14:00,0,6,HIGH
B-006212,C18,2026-09-19,14:00,16:00,1,3,MEDIUM
B-006213,C18,2026-09-19,16:00,18:00,1,2,LOW
B-006214,C18,2026-09-19,18:00,20:00,1,4,MEDIUM
B-006215,C18,2026-09-19,20:00,22:00,1,3,MEDIUM
B-006216,C18,2026-09-19,22:00,00:00,0,5,MEDIUM
B-006217,C19,2026-09-19,00:00,02:00,0,1,LOW
B-006218,C19,2026-09-19,02:00,04:00,1,1,LOW
B-006219,C19,2026-09-19,04:00,06:00,0,5,MEDIUM
B-006220,C19,2026-09-19,06:00,08:00,1,2,LOW
B-006221,C19,2026-09-19,08:00,10:00,0,10,HIGH
B-006222,C19,2026-09-19,10:00,12:00,1,3,MEDIUM
B-006223,C19,2026-09-19,12:00,14:00,1,1,LOW
B-006224,C19,2026-09-19,14:00,16:00,1,1,LOW
B-006225,C19,2026-09-19,16:00,18:00,1,3,MEDIUM
B-006226,C19,2026-09-19,18:00,20:00,0,7,HIGH
B-006227,C19,2026-09-19,20:00,22:00,1,4,MEDIUM
B-006228,C19,2026-09-19,22:00,00:00,1,2,LOW
B-006229,C20,2026-09-19,00:00,02:00,1,2,LOW
B-006230,C20,2026-09-19,02:00,04:00,1,4,MEDIUM
B-006231,C20,2026-09-19,04:00,06:00,1,4,MEDIUM
B-006232,C20,2026-09-19,06:00,08:00,0,3,MEDIUM
B-006233,C20,2026-09-19,08:00,10:00,1,4,MEDIUM
B-006234,C20,2026-09-19,10:00,12:00,0,6,HIGH
B-006235,C20,2026-09-19,12:00,14:00,0,5,MEDIUM
B-006236,C20,2026-09-19,14:00,16:00,1,2,LOW
B-006237,C20,2026-09-19,16:00,18:00,0,5,MEDIUM
B-006238,C20,2026-09-19,18:00,20:00,0,7,HIGH
B-006239,C20,2026-09-19,20:00,22:00,0,8,HIGH
B-006240,C20,2026-09-19,22:00,00:00,0,5,MEDIUM
B-006241,C01,2026-09-20,00:00,02:00,1,4,MEDIUM
B-006242,C01,2026-09-20,02:00,04:00,1,2,LOW
B-006243,C01,2026-09-20,04:00,06:00,1,3,MEDIUM
B-006244,C01,2026-09-20,06:00,08:00,0,5,MEDIUM
B-006245,C01,2026-09-20,08:00,10:00,0,6,HIGH
B-006246,C01,2026-09-20,10:00,12:00,0,7,HIGH
B-006247,C01,2026-09-20,12:00,14:00,1,1,LOW
B-006248,C01,2026-09-20,14:00,16:00,1,2,LOW
B-006249,C01,2026-09-20,16:00,18:00,1,2,LOW
B-006250,C01,2026-09-20,18:00,20:00,0,6,HIGH
B-006251,C01,2026-09-20,20:00,22:00,0,8,HIGH
B-006252,C01,2026-09-20,22:00,00:00,0,2,LOW
B-006253,C02,2026-09-20,00:00,02:00,1,4,MEDIUM
B-006254,C02,2026-09-20,02:00,04:00,0,4,MEDIUM
B-006255,C02,2026-09-20,04:00,06:00,1,2,LOW
B-006256,C02,2026-09-20,06:00,08:00,1,2,LOW
B-006257,C02,2026-09-20,08:00,10:00,0,5,MEDIUM
B-006258,C02,2026-09-20,10:00,12:00,0,7,HIGH
B-006259,C02,2026-09-20,12:00,14:00,1,1,LOW
B-006260,C02,2026-09-20,14:00,16:00,1,4,MEDIUM
B-006261,C02,2026-09-20,16:00,18:00,1,3,MEDIUM
B-006262,C02,2026-09-20,18:00,20:00,0,6,HIGH
B-006263,C02,2026-09-20,20:00,22:00,0,5,MEDIUM
B-006264,C02,2026-09-20,22:00,00:00,1,2,LOW
B-006265,C03,2026-09-20,00:00,02:00,1,3,MEDIUM
B-006266,C03,2026-09-20,02:00,04:00,1,2,LOW
B-006267,C03,2026-09-20,04:00,06:00,1,3,MEDIUM
B-006268,C03,2026-09-20,06:00,08:00,0,5,MEDIUM
B-006269,C03,2026-09-20,08:00,10:00,1,4,MEDIUM
B-006270,C03,2026-09-20,10:00,12:00,0,6,HIGH
B-006271,C03,2026-09-20,12:00,14:00,1,4,MEDIUM
B-006272,C03,2026-09-20,14:00,16:00,1,1,LOW
B-006273,C03,2026-09-20,16:00,18:00,1,1,LOW
B-006274,C03,2026-09-20,18:00,20:00,0,6,HIGH
B-006275,C03,2026-09-20,20:00,22:00,0,5,MEDIUM
B-006276,C03,2026-09-20,22:00,00:00,0,1,LOW
B-006277,C04,2026-09-20,00:00,02:00,1,4,MEDIUM
B-006278,C04,2026-09-20,02:00,04:00,1,3,MEDIUM
B-006279,C04,2026-09-20,04:00,06:00,1,4,MEDIUM
B-006280,C04,2026-09-20,06:00,08:00,0,6,HIGH
B-006281,C04,2026-09-20,08:00,10:00,0,7,HIGH
B-006282,C04,2026-09-20,10:00,12:00,0,7,HIGH
B-006283,C04,2026-09-20,12:00,14:00,1,3,MEDIUM
B-006284,C04,2026-09-20,14:00,16:00,1,0,LOW
B-006285,C04,2026-09-20,16:00,18:00,0,6,HIGH
B-006286,C04,2026-09-20,18:00,20:00,0,5,MEDIUM
B-006287,C04,2026-09-20,20:00,22:00,0,7,HIGH
B-006288,C04,2026-09-20,22:00,00:00,1,1,LOW
B-006289,C05,2026-09-20,00:00,02:00,0,4,MEDIUM
B-006290,C05,2026-09-20,02:00,04:00,1,2,LOW
B-006291,C05,2026-09-20,04:00,06:00,0,1,LOW
B-006292,C05,2026-09-20,06:00,08:00,1,4,MEDIUM
B-006293,C05,2026-09-20,08:00,10:00,1,4,MEDIUM
B-006294,C05,2026-09-20,10:00,12:00,0,6,HIGH
B-006295,C05,2026-09-20,12:00,14:00,1,3,MEDIUM
B-006296,C05,2026-09-20,14:00,16:00,1,2,LOW
B-006297,C05,2026-09-20,16:00,18:00,1,1,LOW
B-006298,C05,2026-09-20,18:00,20:00,0,7,HIGH
B-006299,C05,2026-09-20,20:00,22:00,0,7,HIGH
B-006300,C05,2026-09-20,22:00,00:00,1,3,MEDIUM
B-006301,C06,2026-09-20,00:00,02:00,0,5,MEDIUM
B-006302,C06,2026-09-20,02:00,04:00,1,4,MEDIUM
B-006303,C06,2026-09-20,04:00,06:00,1,0,LOW
B-006304,C06,2026-09-20,06:00,08:00,1,4,MEDIUM
B-006305,C06,2026-09-20,08:00,10:00,0,10,HIGH
B-006306,C06,2026-09-20,10:00,12:00,1,4,MEDIUM
B-006307,C06,2026-09-20,12:00,14:00,1,2,LOW
B-006308,C06,2026-09-20,14:00,16:00,1,1,LOW
B-006309,C06,2026-09-20,16:00,18:00,1,0,LOW
B-006310,C06,2026-09-20,18:00,20:00,0,7,HIGH
B-006311,C06,2026-09-20,20:00,22:00,1,4,MEDIUM
B-006312,C06,2026-09-20,22:00,00:00,0,3,MEDIUM
B-006313,C07,2026-09-20,00:00,02:00,1,2,LOW
B-006314,C07,2026-09-20,02:00,04:00,0,5,MEDIUM
B-006315,C07,2026-09-20,04:00,06:00,1,1,LOW
B-006316,C07,2026-09-20,06:00,08:00,1,1,LOW
B-006317,C07,2026-09-20,08:00,10:00,1,4,MEDIUM
B-006318,C07,2026-09-20,10:00,12:00,0,6,HIGH
B-006319,C07,2026-09-20,12:00,14:00,1,0,LOW
B-006320,C07,2026-09-20,14:00,16:00,1,0,LOW
B-006321,C07,2026-09-20,16:00,18:00,0,3,MEDIUM
B-006322,C07,2026-09-20,18:00,20:00,0,7,HIGH
B-006323,C07,2026-09-20,20:00,22:00,1,4,MEDIUM
B-006324,C07,2026-09-20,22:00,00:00,1,2,LOW
B-006325,C08,2026-09-20,00:00,02:00,1,4,MEDIUM
B-006326,C08,2026-09-20,02:00,04:00,1,1,LOW
B-006327,C08,2026-09-20,04:00,06:00,1,0,LOW
B-006328,C08,2026-09-20,06:00,08:00,0,5,MEDIUM
B-006329,C08,2026-09-20,08:00,10:00,0,6,HIGH
B-006330,C08,2026-09-20,10:00,12:00,0,8,HIGH
B-006331,C08,2026-09-20,12:00,14:00,1,2,LOW
B-006332,C08,2026-09-20,14:00,16:00,1,1,LOW
B-006333,C08,2026-09-20,16:00,18:00,1,3,MEDIUM
B-006334,C08,2026-09-20,18:00,20:00,0,6,HIGH
B-006335,C08,2026-09-20,20:00,22:00,0,5,MEDIUM
B-006336,C08,2026-09-20,22:00,00:00,0,5,MEDIUM
B-006337,C09,2026-09-20,00:00,02:00,1,1,LOW
B-006338,C09,2026-09-20,02:00,04:00,0,5,MEDIUM
B-006339,C09,2026-09-20,04:00,06:00,0,7,HIGH
B-006340,C09,2026-09-20,06:00,08:00,1,4,MEDIUM
B-006341,C09,2026-09-20,08:00,10:00,0,8,HIGH
B-006342,C09,2026-09-20,10:00,12:00,0,7,HIGH
B-006343,C09,2026-09-20,12:00,14:00,1,2,LOW
B-006344,C09,2026-09-20,14:00,16:00,0,7,HIGH
B-006345,C09,2026-09-20,16:00,18:00,1,2,LOW
B-006346,C09,2026-09-20,18:00,20:00,0,5,MEDIUM
B-006347,C09,2026-09-20,20:00,22:00,0,6,HIGH
B-006348,C09,2026-09-20,22:00,00:00,1,1,LOW
B-006349,C10,2026-09-20,00:00,02:00,1,1,LOW
B-006350,C10,2026-09-20,02:00,04:00,1,0,LOW
B-006351,C10,2026-09-20,04:00,06:00,1,0,LOW
B-006352,C10,2026-09-20,06:00,08:00,1,2,LOW
B-006353,C10,2026-09-20,08:00,10:00,1,4,MEDIUM
B-006354,C10,2026-09-20,10:00,12:00,0,5,MEDIUM
B-006355,C10,2026-09-20,12:00,14:00,1,1,LOW
B-006356,C10,2026-09-20,14:00,16:00,1,0,LOW
B-006357,C10,2026-09-20,16:00,18:00,1,2,LOW
B-006358,C10,2026-09-20,18:00,20:00,1,2,LOW
B-006359,C10,2026-09-20,20:00,22:00,1,3,MEDIUM
B-006360,C10,2026-09-20,22:00,00:00,1,3,MEDIUM
B-006361,C11,2026-09-20,00:00,02:00,0,1,LOW
B-006362,C11,2026-09-20,02:00,04:00,1,2,LOW
B-006363,C11,2026-09-20,04:00,06:00,1,2,LOW
B-006364,C11,2026-09-20,06:00,08:00,1,1,LOW
B-006365,C11,2026-09-20,08:00,10:00,1,3,MEDIUM
B-006366,C11,2026-09-20,10:00,12:00,0,5,MEDIUM
B-006367,C11,2026-09-20,12:00,14:00,1,2,LOW
B-006368,C11,2026-09-20,14:00,16:00,1,2,LOW
B-006369,C11,2026-09-20,16:00,18:00,1,1,LOW
B-006370,C11,2026-09-20,18:00,20:00,0,9,HIGH
B-006371,C11,2026-09-20,20:00,22:00,0,5,MEDIUM
B-006372,C11,2026-09-20,22:00,00:00,1,1,LOW
B-006373,C12,2026-09-20,00:00,02:00,1,3,MEDIUM
B-006374,C12,2026-09-20,02:00,04:00,0,4,MEDIUM
B-006375,C12,2026-09-20,04:00,06:00,1,1,LOW
B-006376,C12,2026-09-20,06:00,08:00,1,2,LOW
B-006377,C12,2026-09-20,08:00,10:00,1,4,MEDIUM
B-006378,C12,2026-09-20,10:00,12:00,1,4,MEDIUM
B-006379,C12,2026-09-20,12:00,14:00,1,1,LOW
B-006380,C12,2026-09-20,14:00,16:00,1,2,LOW
B-006381,C12,2026-09-20,16:00,18:00,1,2,LOW
B-006382,C12,2026-09-20,18:00,20:00,0,7,HIGH
B-006383,C12,2026-09-20,20:00,22:00,0,4,MEDIUM
B-006384,C12,2026-09-20,22:00,00:00,1,1,LOW
B-006385,C13,2026-09-20,00:00,02:00,1,2,LOW
B-006386,C13,2026-09-20,02:00,04:00,1,0,LOW
B-006387,C13,2026-09-20,04:00,06:00,0,5,MEDIUM
B-006388,C13,2026-09-20,06:00,08:00,1,0,LOW
B-006389,C13,2026-09-20,08:00,10:00,0,5,MEDIUM
B-006390,C13,2026-09-20,10:00,12:00,1,4,MEDIUM
B-006391,C13,2026-09-20,12:00,14:00,0,6,HIGH
B-006392,C13,2026-09-20,14:00,16:00,1,2,LOW
B-006393,C13,2026-09-20,16:00,18:00,1,3,MEDIUM
B-006394,C13,2026-09-20,18:00,20:00,0,8,HIGH
B-006395,C13,2026-09-20,20:00,22:00,0,7,HIGH
B-006396,C13,2026-09-20,22:00,00:00,1,0,LOW
B-006397,C14,2026-09-20,00:00,02:00,1,2,LOW
B-006398,C14,2026-09-20,02:00,04:00,0,5,MEDIUM
B-006399,C14,2026-09-20,04:00,06:00,1,3,MEDIUM
B-006400,C14,2026-09-20,06:00,08:00,1,3,MEDIUM
B-006401,C14,2026-09-20,08:00,10:00,0,6,HIGH
B-006402,C14,2026-09-20,10:00,12:00,0,6,HIGH
B-006403,C14,2026-09-20,12:00,14:00,1,4,MEDIUM
B-006404,C14,2026-09-20,14:00,16:00,1,3,MEDIUM
B-006405,C14,2026-09-20,16:00,18:00,1,4,MEDIUM
B-006406,C14,2026-09-20,18:00,20:00,1,3,MEDIUM
B-006407,C14,2026-09-20,20:00,22:00,1,3,MEDIUM
B-006408,C14,2026-09-20,22:00,00:00,1,3,MEDIUM
B-006409,C15,2026-09-20,00:00,02:00,1,2,LOW
B-006410,C15,2026-09-20,02:00,04:00,1,4,MEDIUM
B-006411,C15,2026-09-20,04:00,06:00,1,0,LOW
B-006412,C15,2026-09-20,06:00,08:00,1,2,LOW
B-006413,C15,2026-09-20,08:00,10:00,0,8,HIGH
B-006414,C15,2026-09-20,10:00,12:00,0,6,HIGH
B-006415,C15,2026-09-20,12:00,14:00,1,3,MEDIUM
B-006416,C15,2026-09-20,14:00,16:00,1,1,LOW
B-006417,C15,2026-09-20,16:00,18:00,1,0,LOW
B-006418,C15,2026-09-20,18:00,20:00,0,8,HIGH
B-006419,C15,2026-09-20,20:00,22:00,0,11,HIGH
B-006420,C15,2026-09-20,22:00,00:00,1,3,MEDIUM
B-006421,C16,2026-09-20,00:00,02:00,1,2,LOW
B-006422,C16,2026-09-20,02:00,04:00,1,2,LOW
B-006423,C16,2026-09-20,04:00,06:00,0,5,MEDIUM
B-006424,C16,2026-09-20,06:00,08:00,0,7,HIGH
B-006425,C16,2026-09-20,08:00,10:00,0,6,HIGH
B-006426,C16,2026-09-20,10:00,12:00,1,3,MEDIUM
B-006427,C16,2026-09-20,12:00,14:00,1,0,LOW
B-006428,C16,2026-09-20,14:00,16:00,1,0,LOW
B-006429,C16,2026-09-20,16:00,18:00,1,3,MEDIUM
B-006430,C16,2026-09-20,18:00,20:00,0,6,HIGH
B-006431,C16,2026-09-20,20:00,22:00,1,4,MEDIUM
B-006432,C16,2026-09-20,22:00,00:00,1,3,MEDIUM
B-006433,C17,2026-09-20,00:00,02:00,0,7,HIGH
B-006434,C17,2026-09-20,02:00,04:00,1,2,LOW
B-006435,C17,2026-09-20,04:00,06:00,1,1,LOW
B-006436,C17,2026-09-20,06:00,08:00,1,2,LOW
B-006437,C17,2026-09-20,08:00,10:00,0,7,HIGH
B-006438,C17,2026-09-20,10:00,12:00,0,7,HIGH
B-006439,C17,2026-09-20,12:00,14:00,1,1,LOW
B-006440,C17,2026-09-20,14:00,16:00,1,2,LOW
B-006441,C17,2026-09-20,16:00,18:00,1,3,MEDIUM
B-006442,C17,2026-09-20,18:00,20:00,0,7,HIGH
B-006443,C17,2026-09-20,20:00,22:00,0,6,HIGH
B-006444,C17,2026-09-20,22:00,00:00,0,6,HIGH
B-006445,C18,2026-09-20,00:00,02:00,1,3,MEDIUM
B-006446,C18,2026-09-20,02:00,04:00,1,3,MEDIUM
B-006447,C18,2026-09-20,04:00,06:00,1,2,LOW
B-006448,C18,2026-09-20,06:00,08:00,1,2,LOW
B-006449,C18,2026-09-20,08:00,10:00,0,7,HIGH
B-006450,C18,2026-09-20,10:00,12:00,1,4,MEDIUM
B-006451,C18,2026-09-20,12:00,14:00,1,2,LOW
B-006452,C18,2026-09-20,14:00,16:00,0,2,LOW
B-006453,C18,2026-09-20,16:00,18:00,1,1,LOW
B-006454,C18,2026-09-20,18:00,20:00,0,4,MEDIUM
B-006455,C18,2026-09-20,20:00,22:00,0,5,MEDIUM
B-006456,C18,2026-09-20,22:00,00:00,0,1,LOW
B-006457,C19,2026-09-20,00:00,02:00,1,1,LOW
B-006458,C19,2026-09-20,02:00,04:00,1,0,LOW
B-006459,C19,2026-09-20,04:00,06:00,1,4,MEDIUM
B-006460,C19,2026-09-20,06:00,08:00,1,4,MEDIUM
B-006461,C19,2026-09-20,08:00,10:00,0,7,HIGH
B-006462,C19,2026-09-20,10:00,12:00,0,7,HIGH
B-006463,C19,2026-09-20,12:00,14:00,1,1,LOW
B-006464,C19,2026-09-20,14:00,16:00,1,4,MEDIUM
B-006465,C19,2026-09-20,16:00,18:00,1,1,LOW
B-006466,C19,2026-09-20,18:00,20:00,0,8,HIGH
B-006467,C19,2026-09-20,20:00,22:00,1,3,MEDIUM
B-006468,C19,2026-09-20,22:00,00:00,1,0,LOW
B-006469,C20,2026-09-20,00:00,02:00,0,5,MEDIUM
B-006470,C20,2026-09-20,02:00,04:00,0,5,MEDIUM
B-006471,C20,2026-09-20,04:00,06:00,1,2,LOW
B-006472,C20,2026-09-20,06:00,08:00,1,2,LOW
B-006473,C20,2026-09-20,08:00,10:00,0,8,HIGH
B-006474,C20,2026-09-20,10:00,12:00,0,5,MEDIUM
B-006475,C20,2026-09-20,12:00,14:00,1,1,LOW
B-006476,C20,2026-09-20,14:00,16:00,1,4,MEDIUM
B-006477,C20,2026-09-20,16:00,18:00,0,6,HIGH
B-006478,C20,2026-09-20,18:00,20:00,0,6,HIGH
B-006479,C20,2026-09-20,20:00,22:00,1,4,MEDIUM
B-006480,C20,2026-09-20,22:00,00:00,0,5,MEDIUM
B-006481,C01,2026-09-21,00:00,02:00,1,4,MEDIUM
B-006482,C01,2026-09-21,02:00,04:00,1,2,LOW
B-006483,C01,2026-09-21,04:00,06:00,1,4,MEDIUM
B-006484,C01,2026-09-21,06:00,08:00,1,3,MEDIUM
B-006485,C01,2026-09-21,08:00,10:00,0,8,HIGH
B-006486,C01,2026-09-21,10:00,12:00,0,6,HIGH
B-006487,C01,2026-09-21,12:00,14:00,1,2,LOW
B-006488,C01,2026-09-21,14:00,16:00,1,1,LOW
B-006489,C01,2026-09-21,16:00,18:00,1,3,MEDIUM
B-006490,C01,2026-09-21,18:00,20:00,0,9,HIGH
B-006491,C01,2026-09-21,20:00,22:00,1,3,MEDIUM
B-006492,C01,2026-09-21,22:00,00:00,1,2,LOW
B-006493,C02,2026-09-21,00:00,02:00,1,4,MEDIUM
B-006494,C02,2026-09-21,02:00,04:00,0,5,MEDIUM
B-006495,C02,2026-09-21,04:00,06:00,1,3,MEDIUM
B-006496,C02,2026-09-21,06:00,08:00,1,3,MEDIUM
B-006497,C02,2026-09-21,08:00,10:00,1,2,LOW
B-006498,C02,2026-09-21,10:00,12:00,1,4,MEDIUM
B-006499,C02,2026-09-21,12:00,14:00,0,5,MEDIUM
B-006500,C02,2026-09-21,14:00,16:00,1,1,LOW
B-006501,C02,2026-09-21,16:00,18:00,0,5,MEDIUM
B-006502,C02,2026-09-21,18:00,20:00,0,8,HIGH
B-006503,C02,2026-09-21,20:00,22:00,0,7,HIGH
B-006504,C02,2026-09-21,22:00,00:00,0,5,MEDIUM
B-006505,C03,2026-09-21,00:00,02:00,1,1,LOW
B-006506,C03,2026-09-21,02:00,04:00,1,1,LOW
B-006507,C03,2026-09-21,04:00,06:00,1,1,LOW
B-006508,C03,2026-09-21,06:00,08:00,1,1,LOW
B-006509,C03,2026-09-21,08:00,10:00,0,6,HIGH
B-006510,C03,2026-09-21,10:00,12:00,1,4,MEDIUM
B-006511,C03,2026-09-21,12:00,14:00,1,1,LOW
B-006512,C03,2026-09-21,14:00,16:00,1,4,MEDIUM
B-006513,C03,2026-09-21,16:00,18:00,1,3,MEDIUM
B-006514,C03,2026-09-21,18:00,20:00,1,4,MEDIUM
B-006515,C03,2026-09-21,20:00,22:00,0,9,HIGH
B-006516,C03,2026-09-21,22:00,00:00,1,1,LOW
B-006517,C04,2026-09-21,00:00,02:00,0,5,MEDIUM
B-006518,C04,2026-09-21,02:00,04:00,1,3,MEDIUM
B-006519,C04,2026-09-21,04:00,06:00,1,3,MEDIUM
B-006520,C04,2026-09-21,06:00,08:00,1,2,LOW
B-006521,C04,2026-09-21,08:00,10:00,0,7,HIGH
B-006522,C04,2026-09-21,10:00,12:00,0,6,HIGH
B-006523,C04,2026-09-21,12:00,14:00,1,1,LOW
B-006524,C04,2026-09-21,14:00,16:00,1,4,MEDIUM
B-006525,C04,2026-09-21,16:00,18:00,1,2,LOW
B-006526,C04,2026-09-21,18:00,20:00,0,6,HIGH
B-006527,C04,2026-09-21,20:00,22:00,1,3,MEDIUM
B-006528,C04,2026-09-21,22:00,00:00,1,1,LOW
B-006529,C05,2026-09-21,00:00,02:00,1,4,MEDIUM
B-006530,C05,2026-09-21,02:00,04:00,1,2,LOW
B-006531,C05,2026-09-21,04:00,06:00,1,1,LOW
B-006532,C05,2026-09-21,06:00,08:00,1,1,LOW
B-006533,C05,2026-09-21,08:00,10:00,0,5,MEDIUM
B-006534,C05,2026-09-21,10:00,12:00,0,8,HIGH
B-006535,C05,2026-09-21,12:00,14:00,1,2,LOW
B-006536,C05,2026-09-21,14:00,16:00,1,4,MEDIUM
B-006537,C05,2026-09-21,16:00,18:00,0,1,LOW
B-006538,C05,2026-09-21,18:00,20:00,0,7,HIGH
B-006539,C05,2026-09-21,20:00,22:00,0,8,HIGH
B-006540,C05,2026-09-21,22:00,00:00,1,2,LOW
B-006541,C06,2026-09-21,00:00,02:00,1,2,LOW
B-006542,C06,2026-09-21,02:00,04:00,1,3,MEDIUM
B-006543,C06,2026-09-21,04:00,06:00,1,3,MEDIUM
B-006544,C06,2026-09-21,06:00,08:00,1,1,LOW
B-006545,C06,2026-09-21,08:00,10:00,0,6,HIGH
B-006546,C06,2026-09-21,10:00,12:00,1,3,MEDIUM
B-006547,C06,2026-09-21,12:00,14:00,1,3,MEDIUM
B-006548,C06,2026-09-21,14:00,16:00,0,5,MEDIUM
B-006549,C06,2026-09-21,16:00,18:00,1,0,LOW
B-006550,C06,2026-09-21,18:00,20:00,0,10,HIGH
B-006551,C06,2026-09-21,20:00,22:00,0,5,MEDIUM
B-006552,C06,2026-09-21,22:00,00:00,1,3,MEDIUM
B-006553,C07,2026-09-21,00:00,02:00,1,0,LOW
B-006554,C07,2026-09-21,02:00,04:00,1,2,LOW
B-006555,C07,2026-09-21,04:00,06:00,1,3,MEDIUM
B-006556,C07,2026-09-21,06:00,08:00,1,2,LOW
B-006557,C07,2026-09-21,08:00,10:00,1,3,MEDIUM
B-006558,C07,2026-09-21,10:00,12:00,1,3,MEDIUM
B-006559,C07,2026-09-21,12:00,14:00,0,6,HIGH
B-006560,C07,2026-09-21,14:00,16:00,1,1,LOW
B-006561,C07,2026-09-21,16:00,18:00,1,2,LOW
B-006562,C07,2026-09-21,18:00,20:00,0,6,HIGH
B-006563,C07,2026-09-21,20:00,22:00,0,8,HIGH
B-006564,C07,2026-09-21,22:00,00:00,1,0,LOW
B-006565,C08,2026-09-21,00:00,02:00,1,0,LOW
B-006566,C08,2026-09-21,02:00,04:00,1,1,LOW
B-006567,C08,2026-09-21,04:00,06:00,0,1,LOW
B-006568,C08,2026-09-21,06:00,08:00,1,2,LOW
B-006569,C08,2026-09-21,08:00,10:00,0,5,MEDIUM
B-006570,C08,2026-09-21,10:00,12:00,0,9,HIGH
B-006571,C08,2026-09-21,12:00,14:00,1,1,LOW
B-006572,C08,2026-09-21,14:00,16:00,1,3,MEDIUM
B-006573,C08,2026-09-21,16:00,18:00,1,0,LOW
B-006574,C08,2026-09-21,18:00,20:00,1,4,MEDIUM
B-006575,C08,2026-09-21,20:00,22:00,0,8,HIGH
B-006576,C08,2026-09-21,22:00,00:00,1,3,MEDIUM
B-006577,C09,2026-09-21,00:00,02:00,1,3,MEDIUM
B-006578,C09,2026-09-21,02:00,04:00,1,4,MEDIUM
B-006579,C09,2026-09-21,04:00,06:00,1,4,MEDIUM
B-006580,C09,2026-09-21,06:00,08:00,1,2,LOW
B-006581,C09,2026-09-21,08:00,10:00,0,6,HIGH
B-006582,C09,2026-09-21,10:00,12:00,1,3,MEDIUM
B-006583,C09,2026-09-21,12:00,14:00,1,0,LOW
B-006584,C09,2026-09-21,14:00,16:00,1,1,LOW
B-006585,C09,2026-09-21,16:00,18:00,0,6,HIGH
B-006586,C09,2026-09-21,18:00,20:00,0,10,HIGH
B-006587,C09,2026-09-21,20:00,22:00,0,5,MEDIUM
B-006588,C09,2026-09-21,22:00,00:00,0,5,MEDIUM
B-006589,C10,2026-09-21,00:00,02:00,1,1,LOW
B-006590,C10,2026-09-21,02:00,04:00,0,2,LOW
B-006591,C10,2026-09-21,04:00,06:00,1,3,MEDIUM
B-006592,C10,2026-09-21,06:00,08:00,1,1,LOW
B-006593,C10,2026-09-21,08:00,10:00,0,6,HIGH
B-006594,C10,2026-09-21,10:00,12:00,0,5,MEDIUM
B-006595,C10,2026-09-21,12:00,14:00,1,1,LOW
B-006596,C10,2026-09-21,14:00,16:00,1,2,LOW
B-006597,C10,2026-09-21,16:00,18:00,1,1,LOW
B-006598,C10,2026-09-21,18:00,20:00,0,6,HIGH
B-006599,C10,2026-09-21,20:00,22:00,0,6,HIGH
B-006600,C10,2026-09-21,22:00,00:00,0,5,MEDIUM
B-006601,C11,2026-09-21,00:00,02:00,1,2,LOW
B-006602,C11,2026-09-21,02:00,04:00,1,2,LOW
B-006603,C11,2026-09-21,04:00,06:00,1,2,LOW
B-006604,C11,2026-09-21,06:00,08:00,1,4,MEDIUM
B-006605,C11,2026-09-21,08:00,10:00,0,6,HIGH
B-006606,C11,2026-09-21,10:00,12:00,1,4,MEDIUM
B-006607,C11,2026-09-21,12:00,14:00,1,2,LOW
B-006608,C11,2026-09-21,14:00,16:00,1,3,MEDIUM
B-006609,C11,2026-09-21,16:00,18:00,1,4,MEDIUM
B-006610,C11,2026-09-21,18:00,20:00,0,8,HIGH
B-006611,C11,2026-09-21,20:00,22:00,0,7,HIGH
B-006612,C11,2026-09-21,22:00,00:00,0,5,MEDIUM
B-006613,C12,2026-09-21,00:00,02:00,1,2,LOW
B-006614,C12,2026-09-21,02:00,04:00,1,2,LOW
B-006615,C12,2026-09-21,04:00,06:00,1,2,LOW
B-006616,C12,2026-09-21,06:00,08:00,0,1,LOW
B-006617,C12,2026-09-21,08:00,10:00,0,6,HIGH
B-006618,C12,2026-09-21,10:00,12:00,0,7,HIGH
B-006619,C12,2026-09-21,12:00,14:00,1,3,MEDIUM
B-006620,C12,2026-09-21,14:00,16:00,1,2,LOW
B-006621,C12,2026-09-21,16:00,18:00,1,0,LOW
B-006622,C12,2026-09-21,18:00,20:00,0,5,MEDIUM
B-006623,C12,2026-09-21,20:00,22:00,0,9,HIGH
B-006624,C12,2026-09-21,22:00,00:00,1,1,LOW
B-006625,C13,2026-09-21,00:00,02:00,1,4,MEDIUM
B-006626,C13,2026-09-21,02:00,04:00,1,4,MEDIUM
B-006627,C13,2026-09-21,04:00,06:00,0,5,MEDIUM
B-006628,C13,2026-09-21,06:00,08:00,1,3,MEDIUM
B-006629,C13,2026-09-21,08:00,10:00,0,6,HIGH
B-006630,C13,2026-09-21,10:00,12:00,0,8,HIGH
B-006631,C13,2026-09-21,12:00,14:00,1,1,LOW
B-006632,C13,2026-09-21,14:00,16:00,1,1,LOW
B-006633,C13,2026-09-21,16:00,18:00,1,3,MEDIUM
B-006634,C13,2026-09-21,18:00,20:00,0,6,HIGH
B-006635,C13,2026-09-21,20:00,22:00,0,7,HIGH
B-006636,C13,2026-09-21,22:00,00:00,0,2,LOW
B-006637,C14,2026-09-21,00:00,02:00,1,4,MEDIUM
B-006638,C14,2026-09-21,02:00,04:00,1,2,LOW
B-006639,C14,2026-09-21,04:00,06:00,1,2,LOW
B-006640,C14,2026-09-21,06:00,08:00,1,3,MEDIUM
B-006641,C14,2026-09-21,08:00,10:00,0,7,HIGH
B-006642,C14,2026-09-21,10:00,12:00,0,8,HIGH
B-006643,C14,2026-09-21,12:00,14:00,1,3,MEDIUM
B-006644,C14,2026-09-21,14:00,16:00,1,3,MEDIUM
B-006645,C14,2026-09-21,16:00,18:00,1,1,LOW
B-006646,C14,2026-09-21,18:00,20:00,0,9,HIGH
B-006647,C14,2026-09-21,20:00,22:00,0,8,HIGH
B-006648,C14,2026-09-21,22:00,00:00,1,2,LOW
B-006649,C15,2026-09-21,00:00,02:00,1,3,MEDIUM
B-006650,C15,2026-09-21,02:00,04:00,1,2,LOW
B-006651,C15,2026-09-21,04:00,06:00,1,1,LOW
B-006652,C15,2026-09-21,06:00,08:00,1,4,MEDIUM
B-006653,C15,2026-09-21,08:00,10:00,0,8,HIGH
B-006654,C15,2026-09-21,10:00,12:00,0,7,HIGH
B-006655,C15,2026-09-21,12:00,14:00,1,0,LOW
B-006656,C15,2026-09-21,14:00,16:00,0,6,HIGH
B-006657,C15,2026-09-21,16:00,18:00,1,4,MEDIUM
B-006658,C15,2026-09-21,18:00,20:00,0,10,HIGH
B-006659,C15,2026-09-21,20:00,22:00,1,4,MEDIUM
B-006660,C15,2026-09-21,22:00,00:00,1,0,LOW
B-006661,C16,2026-09-21,00:00,02:00,0,1,LOW
B-006662,C16,2026-09-21,02:00,04:00,1,3,MEDIUM
B-006663,C16,2026-09-21,04:00,06:00,1,3,MEDIUM
B-006664,C16,2026-09-21,06:00,08:00,1,2,LOW
B-006665,C16,2026-09-21,08:00,10:00,0,10,HIGH
B-006666,C16,2026-09-21,10:00,12:00,0,5,MEDIUM
B-006667,C16,2026-09-21,12:00,14:00,1,0,LOW
B-006668,C16,2026-09-21,14:00,16:00,1,4,MEDIUM
B-006669,C16,2026-09-21,16:00,18:00,1,0,LOW
B-006670,C16,2026-09-21,18:00,20:00,0,5,MEDIUM
B-006671,C16,2026-09-21,20:00,22:00,0,5,MEDIUM
B-006672,C16,2026-09-21,22:00,00:00,1,3,MEDIUM
B-006673,C17,2026-09-21,00:00,02:00,1,2,LOW
B-006674,C17,2026-09-21,02:00,04:00,1,3,MEDIUM
B-006675,C17,2026-09-21,04:00,06:00,1,3,MEDIUM
B-006676,C17,2026-09-21,06:00,08:00,1,2,LOW
B-006677,C17,2026-09-21,08:00,10:00,0,6,HIGH
B-006678,C17,2026-09-21,10:00,12:00,1,4,MEDIUM
B-006679,C17,2026-09-21,12:00,14:00,1,0,LOW
B-006680,C17,2026-09-21,14:00,16:00,1,1,LOW
B-006681,C17,2026-09-21,16:00,18:00,1,1,LOW
B-006682,C17,2026-09-21,18:00,20:00,0,6,HIGH
B-006683,C17,2026-09-21,20:00,22:00,0,7,HIGH
B-006684,C17,2026-09-21,22:00,00:00,1,2,LOW
B-006685,C18,2026-09-21,00:00,02:00,0,5,MEDIUM
B-006686,C18,2026-09-21,02:00,04:00,1,4,MEDIUM
B-006687,C18,2026-09-21,04:00,06:00,1,4,MEDIUM
B-006688,C18,2026-09-21,06:00,08:00,0,1,LOW
B-006689,C18,2026-09-21,08:00,10:00,1,2,LOW
B-006690,C18,2026-09-21,10:00,12:00,0,8,HIGH
B-006691,C18,2026-09-21,12:00,14:00,1,1,LOW
B-006692,C18,2026-09-21,14:00,16:00,1,1,LOW
B-006693,C18,2026-09-21,16:00,18:00,1,2,LOW
B-006694,C18,2026-09-21,18:00,20:00,1,2,LOW
B-006695,C18,2026-09-21,20:00,22:00,1,4,MEDIUM
B-006696,C18,2026-09-21,22:00,00:00,1,4,MEDIUM
B-006697,C19,2026-09-21,00:00,02:00,0,5,MEDIUM
B-006698,C19,2026-09-21,02:00,04:00,1,2,LOW
B-006699,C19,2026-09-21,04:00,06:00,1,1,LOW
B-006700,C19,2026-09-21,06:00,08:00,1,2,LOW
B-006701,C19,2026-09-21,08:00,10:00,0,6,HIGH
B-006702,C19,2026-09-21,10:00,12:00,0,8,HIGH
B-006703,C19,2026-09-21,12:00,14:00,1,3,MEDIUM
B-006704,C19,2026-09-21,14:00,16:00,0,5,MEDIUM
B-006705,C19,2026-09-21,16:00,18:00,1,2,LOW
B-006706,C19,2026-09-21,18:00,20:00,1,4,MEDIUM
B-006707,C19,2026-09-21,20:00,22:00,0,6,HIGH
B-006708,C19,2026-09-21,22:00,00:00,1,2,LOW
B-006709,C20,2026-09-21,00:00,02:00,1,2,LOW
B-006710,C20,2026-09-21,02:00,04:00,0,5,MEDIUM
B-006711,C20,2026-09-21,04:00,06:00,1,0,LOW
B-006712,C20,2026-09-21,06:00,08:00,1,2,LOW
B-006713,C20,2026-09-21,08:00,10:00,1,3,MEDIUM
B-006714,C20,2026-09-21,10:00,12:00,0,5,MEDIUM
B-006715,C20,2026-09-21,12:00,14:00,1,2,LOW
B-006716,C20,2026-09-21,14:00,16:00,1,1,LOW
B-006717,C20,2026-09-21,16:00,18:00,1,2,LOW
B-006718,C20,2026-09-21,18:00,20:00,0,6,HIGH
B-006719,C20,2026-09-21,20:00,22:00,0,5,MEDIUM
B-006720,C20,2026-09-21,22:00,00:00,1,3,MEDIUM
B-006721,C01,2026-09-22,00:00,02:00,1,0,LOW
B-006722,C01,2026-09-22,02:00,04:00,1,3,MEDIUM
B-006723,C01,2026-09-22,04:00,06:00,1,3,MEDIUM
B-006724,C01,2026-09-22,06:00,08:00,0,6,HIGH
B-006725,C01,2026-09-22,08:00,10:00,0,5,MEDIUM
B-006726,C01,2026-09-22,10:00,12:00,0,5,MEDIUM
B-006727,C01,2026-09-22,12:00,14:00,0,6,HIGH
B-006728,C01,2026-09-22,14:00,16:00,1,0,LOW
B-006729,C01,2026-09-22,16:00,18:00,1,4,MEDIUM
B-006730,C01,2026-09-22,18:00,20:00,1,4,MEDIUM
B-006731,C01,2026-09-22,20:00,22:00,1,3,MEDIUM
B-006732,C01,2026-09-22,22:00,00:00,1,2,LOW
B-006733,C02,2026-09-22,00:00,02:00,0,6,HIGH
B-006734,C02,2026-09-22,02:00,04:00,1,2,LOW
B-006735,C02,2026-09-22,04:00,06:00,1,2,LOW
B-006736,C02,2026-09-22,06:00,08:00,1,3,MEDIUM
B-006737,C02,2026-09-22,08:00,10:00,0,7,HIGH
B-006738,C02,2026-09-22,10:00,12:00,0,8,HIGH
B-006739,C02,2026-09-22,12:00,14:00,1,1,LOW
B-006740,C02,2026-09-22,14:00,16:00,1,3,MEDIUM
B-006741,C02,2026-09-22,16:00,18:00,1,2,LOW
B-006742,C02,2026-09-22,18:00,20:00,0,9,HIGH
B-006743,C02,2026-09-22,20:00,22:00,0,5,MEDIUM
B-006744,C02,2026-09-22,22:00,00:00,1,3,MEDIUM
B-006745,C03,2026-09-22,00:00,02:00,1,4,MEDIUM
B-006746,C03,2026-09-22,02:00,04:00,1,1,LOW
B-006747,C03,2026-09-22,04:00,06:00,0,5,MEDIUM
B-006748,C03,2026-09-22,06:00,08:00,1,0,LOW
B-006749,C03,2026-09-22,08:00,10:00,0,6,HIGH
B-006750,C03,2026-09-22,10:00,12:00,1,4,MEDIUM
B-006751,C03,2026-09-22,12:00,14:00,0,5,MEDIUM
B-006752,C03,2026-09-22,14:00,16:00,0,6,HIGH
B-006753,C03,2026-09-22,16:00,18:00,1,0,LOW
B-006754,C03,2026-09-22,18:00,20:00,0,8,HIGH
B-006755,C03,2026-09-22,20:00,22:00,1,4,MEDIUM
B-006756,C03,2026-09-22,22:00,00:00,1,2,LOW
B-006757,C04,2026-09-22,00:00,02:00,1,4,MEDIUM
B-006758,C04,2026-09-22,02:00,04:00,1,1,LOW
B-006759,C04,2026-09-22,04:00,06:00,1,1,LOW
B-006760,C04,2026-09-22,06:00,08:00,1,0,LOW
B-006761,C04,2026-09-22,08:00,10:00,0,7,HIGH
B-006762,C04,2026-09-22,10:00,12:00,1,4,MEDIUM
B-006763,C04,2026-09-22,12:00,14:00,1,3,MEDIUM
B-006764,C04,2026-09-22,14:00,16:00,1,3,MEDIUM
B-006765,C04,2026-09-22,16:00,18:00,1,2,LOW
B-006766,C04,2026-09-22,18:00,20:00,0,7,HIGH
B-006767,C04,2026-09-22,20:00,22:00,1,4,MEDIUM
B-006768,C04,2026-09-22,22:00,00:00,1,2,LOW
B-006769,C05,2026-09-22,00:00,02:00,1,0,LOW
B-006770,C05,2026-09-22,02:00,04:00,0,5,MEDIUM
B-006771,C05,2026-09-22,04:00,06:00,0,2,LOW
B-006772,C05,2026-09-22,06:00,08:00,1,2,LOW
B-006773,C05,2026-09-22,08:00,10:00,0,9,HIGH
B-006774,C05,2026-09-22,10:00,12:00,1,4,MEDIUM
B-006775,C05,2026-09-22,12:00,14:00,1,4,MEDIUM
B-006776,C05,2026-09-22,14:00,16:00,1,2,LOW
B-006777,C05,2026-09-22,16:00,18:00,1,4,MEDIUM
B-006778,C05,2026-09-22,18:00,20:00,0,5,MEDIUM
B-006779,C05,2026-09-22,20:00,22:00,0,5,MEDIUM
B-006780,C05,2026-09-22,22:00,00:00,1,1,LOW
B-006781,C06,2026-09-22,00:00,02:00,1,0,LOW
B-006782,C06,2026-09-22,02:00,04:00,0,6,HIGH
B-006783,C06,2026-09-22,04:00,06:00,1,3,MEDIUM
B-006784,C06,2026-09-22,06:00,08:00,1,0,LOW
B-006785,C06,2026-09-22,08:00,10:00,0,6,HIGH
B-006786,C06,2026-09-22,10:00,12:00,0,5,MEDIUM
B-006787,C06,2026-09-22,12:00,14:00,1,1,LOW
B-006788,C06,2026-09-22,14:00,16:00,1,3,MEDIUM
B-006789,C06,2026-09-22,16:00,18:00,1,2,LOW
B-006790,C06,2026-09-22,18:00,20:00,0,6,HIGH
B-006791,C06,2026-09-22,20:00,22:00,0,5,MEDIUM
B-006792,C06,2026-09-22,22:00,00:00,1,0,LOW
B-006793,C07,2026-09-22,00:00,02:00,1,3,MEDIUM
B-006794,C07,2026-09-22,02:00,04:00,1,1,LOW
B-006795,C07,2026-09-22,04:00,06:00,1,2,LOW
B-006796,C07,2026-09-22,06:00,08:00,1,3,MEDIUM
B-006797,C07,2026-09-22,08:00,10:00,1,4,MEDIUM
B-006798,C07,2026-09-22,10:00,12:00,0,5,MEDIUM
B-006799,C07,2026-09-22,12:00,14:00,1,1,LOW
B-006800,C07,2026-09-22,14:00,16:00,1,3,MEDIUM
B-006801,C07,2026-09-22,16:00,18:00,1,1,LOW
B-006802,C07,2026-09-22,18:00,20:00,0,5,MEDIUM
B-006803,C07,2026-09-22,20:00,22:00,0,5,MEDIUM
B-006804,C07,2026-09-22,22:00,00:00,0,5,MEDIUM
B-006805,C08,2026-09-22,00:00,02:00,1,2,LOW
B-006806,C08,2026-09-22,02:00,04:00,1,1,LOW
B-006807,C08,2026-09-22,04:00,06:00,1,0,LOW
B-006808,C08,2026-09-22,06:00,08:00,1,2,LOW
B-006809,C08,2026-09-22,08:00,10:00,0,6,HIGH
B-006810,C08,2026-09-22,10:00,12:00,1,4,MEDIUM
B-006811,C08,2026-09-22,12:00,14:00,1,3,MEDIUM
B-006812,C08,2026-09-22,14:00,16:00,1,3,MEDIUM
B-006813,C08,2026-09-22,16:00,18:00,1,1,LOW
B-006814,C08,2026-09-22,18:00,20:00,1,3,MEDIUM
B-006815,C08,2026-09-22,20:00,22:00,0,6,HIGH
B-006816,C08,2026-09-22,22:00,00:00,1,0,LOW
B-006817,C09,2026-09-22,00:00,02:00,0,1,LOW
B-006818,C09,2026-09-22,02:00,04:00,1,3,MEDIUM
B-006819,C09,2026-09-22,04:00,06:00,0,3,MEDIUM
B-006820,C09,2026-09-22,06:00,08:00,1,4,MEDIUM
B-006821,C09,2026-09-22,08:00,10:00,0,7,HIGH
B-006822,C09,2026-09-22,10:00,12:00,0,7,HIGH
B-006823,C09,2026-09-22,12:00,14:00,0,6,HIGH
B-006824,C09,2026-09-22,14:00,16:00,1,2,LOW
B-006825,C09,2026-09-22,16:00,18:00,1,1,LOW
B-006826,C09,2026-09-22,18:00,20:00,0,8,HIGH
B-006827,C09,2026-09-22,20:00,22:00,0,8,HIGH
B-006828,C09,2026-09-22,22:00,00:00,1,2,LOW
B-006829,C10,2026-09-22,00:00,02:00,1,2,LOW
B-006830,C10,2026-09-22,02:00,04:00,0,7,HIGH
B-006831,C10,2026-09-22,04:00,06:00,1,3,MEDIUM
B-006832,C10,2026-09-22,06:00,08:00,0,3,MEDIUM
B-006833,C10,2026-09-22,08:00,10:00,0,6,HIGH
B-006834,C10,2026-09-22,10:00,12:00,1,3,MEDIUM
B-006835,C10,2026-09-22,12:00,14:00,1,1,LOW
B-006836,C10,2026-09-22,14:00,16:00,1,3,MEDIUM
B-006837,C10,2026-09-22,16:00,18:00,1,3,MEDIUM
B-006838,C10,2026-09-22,18:00,20:00,1,3,MEDIUM
B-006839,C10,2026-09-22,20:00,22:00,0,5,MEDIUM
B-006840,C10,2026-09-22,22:00,00:00,0,5,MEDIUM
B-006841,C11,2026-09-22,00:00,02:00,1,2,LOW
B-006842,C11,2026-09-22,02:00,04:00,1,0,LOW
B-006843,C11,2026-09-22,04:00,06:00,1,1,LOW
B-006844,C11,2026-09-22,06:00,08:00,1,1,LOW
B-006845,C11,2026-09-22,08:00,10:00,1,3,MEDIUM
B-006846,C11,2026-09-22,10:00,12:00,0,8,HIGH
B-006847,C11,2026-09-22,12:00,14:00,1,4,MEDIUM
B-006848,C11,2026-09-22,14:00,16:00,1,3,MEDIUM
B-006849,C11,2026-09-22,16:00,18:00,1,3,MEDIUM
B-006850,C11,2026-09-22,18:00,20:00,0,6,HIGH
B-006851,C11,2026-09-22,20:00,22:00,0,8,HIGH
B-006852,C11,2026-09-22,22:00,00:00,1,3,MEDIUM
B-006853,C12,2026-09-22,00:00,02:00,1,1,LOW
B-006854,C12,2026-09-22,02:00,04:00,1,1,LOW
B-006855,C12,2026-09-22,04:00,06:00,1,3,MEDIUM
B-006856,C12,2026-09-22,06:00,08:00,0,5,MEDIUM
B-006857,C12,2026-09-22,08:00,10:00,0,6,HIGH
B-006858,C12,2026-09-22,10:00,12:00,0,6,HIGH
B-006859,C12,2026-09-22,12:00,14:00,1,3,MEDIUM
B-006860,C12,2026-09-22,14:00,16:00,1,1,LOW
B-006861,C12,2026-09-22,16:00,18:00,1,2,LOW
B-006862,C12,2026-09-22,18:00,20:00,0,7,HIGH
B-006863,C12,2026-09-22,20:00,22:00,0,7,HIGH
B-006864,C12,2026-09-22,22:00,00:00,1,0,LOW
B-006865,C13,2026-09-22,00:00,02:00,0,2,LOW
B-006866,C13,2026-09-22,02:00,04:00,1,1,LOW
B-006867,C13,2026-09-22,04:00,06:00,1,2,LOW
B-006868,C13,2026-09-22,06:00,08:00,1,2,LOW
B-006869,C13,2026-09-22,08:00,10:00,0,7,HIGH
B-006870,C13,2026-09-22,10:00,12:00,0,9,HIGH
B-006871,C13,2026-09-22,12:00,14:00,1,3,MEDIUM
B-006872,C13,2026-09-22,14:00,16:00,1,3,MEDIUM
B-006873,C13,2026-09-22,16:00,18:00,1,1,LOW
B-006874,C13,2026-09-22,18:00,20:00,0,9,HIGH
B-006875,C13,2026-09-22,20:00,22:00,0,6,HIGH
B-006876,C13,2026-09-22,22:00,00:00,1,3,MEDIUM
B-006877,C14,2026-09-22,00:00,02:00,1,2,LOW
B-006878,C14,2026-09-22,02:00,04:00,0,7,HIGH
B-006879,C14,2026-09-22,04:00,06:00,1,1,LOW
B-006880,C14,2026-09-22,06:00,08:00,1,2,LOW
B-006881,C14,2026-09-22,08:00,10:00,0,5,MEDIUM
B-006882,C14,2026-09-22,10:00,12:00,0,6,HIGH
B-006883,C14,2026-09-22,12:00,14:00,1,3,MEDIUM
B-006884,C14,2026-09-22,14:00,16:00,1,4,MEDIUM
B-006885,C14,2026-09-22,16:00,18:00,1,2,LOW
B-006886,C14,2026-09-22,18:00,20:00,0,5,MEDIUM
B-006887,C14,2026-09-22,20:00,22:00,0,6,HIGH
B-006888,C14,2026-09-22,22:00,00:00,1,2,LOW
B-006889,C15,2026-09-22,00:00,02:00,0,1,LOW
B-006890,C15,2026-09-22,02:00,04:00,1,4,MEDIUM
B-006891,C15,2026-09-22,04:00,06:00,1,1,LOW
B-006892,C15,2026-09-22,06:00,08:00,0,5,MEDIUM
B-006893,C15,2026-09-22,08:00,10:00,1,4,MEDIUM
B-006894,C15,2026-09-22,10:00,12:00,0,6,HIGH
B-006895,C15,2026-09-22,12:00,14:00,1,2,LOW
B-006896,C15,2026-09-22,14:00,16:00,1,1,LOW
B-006897,C15,2026-09-22,16:00,18:00,1,3,MEDIUM
B-006898,C15,2026-09-22,18:00,20:00,0,5,MEDIUM
B-006899,C15,2026-09-22,20:00,22:00,0,5,MEDIUM
B-006900,C15,2026-09-22,22:00,00:00,0,1,LOW
B-006901,C16,2026-09-22,00:00,02:00,1,3,MEDIUM
B-006902,C16,2026-09-22,02:00,04:00,1,3,MEDIUM
B-006903,C16,2026-09-22,04:00,06:00,1,1,LOW
B-006904,C16,2026-09-22,06:00,08:00,1,0,LOW
B-006905,C16,2026-09-22,08:00,10:00,0,6,HIGH
B-006906,C16,2026-09-22,10:00,12:00,0,4,MEDIUM
B-006907,C16,2026-09-22,12:00,14:00,1,4,MEDIUM
B-006908,C16,2026-09-22,14:00,16:00,1,1,LOW
B-006909,C16,2026-09-22,16:00,18:00,1,2,LOW
B-006910,C16,2026-09-22,18:00,20:00,0,6,HIGH
B-006911,C16,2026-09-22,20:00,22:00,1,4,MEDIUM
B-006912,C16,2026-09-22,22:00,00:00,1,3,MEDIUM
B-006913,C17,2026-09-22,00:00,02:00,1,2,LOW
B-006914,C17,2026-09-22,02:00,04:00,1,1,LOW
B-006915,C17,2026-09-22,04:00,06:00,1,3,MEDIUM
B-006916,C17,2026-09-22,06:00,08:00,1,4,MEDIUM
B-006917,C17,2026-09-22,08:00,10:00,0,8,HIGH
B-006918,C17,2026-09-22,10:00,12:00,0,5,MEDIUM
B-006919,C17,2026-09-22,12:00,14:00,1,0,LOW
B-006920,C17,2026-09-22,14:00,16:00,1,2,LOW
B-006921,C17,2026-09-22,16:00,18:00,1,2,LOW
B-006922,C17,2026-09-22,18:00,20:00,1,4,MEDIUM
B-006923,C17,2026-09-22,20:00,22:00,1,3,MEDIUM
B-006924,C17,2026-09-22,22:00,00:00,1,0,LOW
B-006925,C18,2026-09-22,00:00,02:00,1,1,LOW
B-006926,C18,2026-09-22,02:00,04:00,1,2,LOW
B-006927,C18,2026-09-22,04:00,06:00,1,3,MEDIUM
B-006928,C18,2026-09-22,06:00,08:00,1,0,LOW
B-006929,C18,2026-09-22,08:00,10:00,0,6,HIGH
B-006930,C18,2026-09-22,10:00,12:00,1,4,MEDIUM
B-006931,C18,2026-09-22,12:00,14:00,1,2,LOW
B-006932,C18,2026-09-22,14:00,16:00,1,3,MEDIUM
B-006933,C18,2026-09-22,16:00,18:00,1,4,MEDIUM
B-006934,C18,2026-09-22,18:00,20:00,0,8,HIGH
B-006935,C18,2026-09-22,20:00,22:00,0,8,HIGH
B-006936,C18,2026-09-22,22:00,00:00,1,1,LOW
B-006937,C19,2026-09-22,00:00,02:00,0,6,HIGH
B-006938,C19,2026-09-22,02:00,04:00,1,2,LOW
B-006939,C19,2026-09-22,04:00,06:00,1,1,LOW
B-006940,C19,2026-09-22,06:00,08:00,1,0,LOW
B-006941,C19,2026-09-22,08:00,10:00,1,3,MEDIUM
B-006942,C19,2026-09-22,10:00,12:00,0,9,HIGH
B-006943,C19,2026-09-22,12:00,14:00,0,5,MEDIUM
B-006944,C19,2026-09-22,14:00,16:00,1,2,LOW
B-006945,C19,2026-09-22,16:00,18:00,1,2,LOW
B-006946,C19,2026-09-22,18:00,20:00,0,8,HIGH
B-006947,C19,2026-09-22,20:00,22:00,0,6,HIGH
B-006948,C19,2026-09-22,22:00,00:00,1,3,MEDIUM
B-006949,C20,2026-09-22,00:00,02:00,1,3,MEDIUM
B-006950,C20,2026-09-22,02:00,04:00,1,3,MEDIUM
B-006951,C20,2026-09-22,04:00,06:00,1,2,LOW
B-006952,C20,2026-09-22,06:00,08:00,1,4,MEDIUM
B-006953,C20,2026-09-22,08:00,10:00,0,6,HIGH
B-006954,C20,2026-09-22,10:00,12:00,0,7,HIGH
B-006955,C20,2026-09-22,12:00,14:00,1,2,LOW
B-006956,C20,2026-09-22,14:00,16:00,1,0,LOW
B-006957,C20,2026-09-22,16:00,18:00,1,4,MEDIUM
B-006958,C20,2026-09-22,18:00,20:00,0,7,HIGH
B-006959,C20,2026-09-22,20:00,22:00,0,5,MEDIUM
B-006960,C20,2026-09-22,22:00,00:00,1,4,MEDIUM
B-006961,C01,2026-09-23,00:00,02:00,1,1,LOW
B-006962,C01,2026-09-23,02:00,04:00,1,4,MEDIUM
B-006963,C01,2026-09-23,04:00,06:00,1,1,LOW
B-006964,C01,2026-09-23,06:00,08:00,1,4,MEDIUM
B-006965,C01,2026-09-23,08:00,10:00,1,4,MEDIUM
B-006966,C01,2026-09-23,10:00,12:00,0,5,MEDIUM
B-006967,C01,2026-09-23,12:00,14:00,1,4,MEDIUM
B-006968,C01,2026-09-23,14:00,16:00,0,5,MEDIUM
B-006969,C01,2026-09-23,16:00,18:00,1,4,MEDIUM
B-006970,C01,2026-09-23,18:00,20:00,0,5,MEDIUM
B-006971,C01,2026-09-23,20:00,22:00,0,7,HIGH
B-006972,C01,2026-09-23,22:00,00:00,0,0,LOW
B-006973,C02,2026-09-23,00:00,02:00,1,4,MEDIUM
B-006974,C02,2026-09-23,02:00,04:00,1,3,MEDIUM
B-006975,C02,2026-09-23,04:00,06:00,1,1,LOW
B-006976,C02,2026-09-23,06:00,08:00,1,1,LOW
B-006977,C02,2026-09-23,08:00,10:00,1,4,MEDIUM
B-006978,C02,2026-09-23,10:00,12:00,0,5,MEDIUM
B-006979,C02,2026-09-23,12:00,14:00,1,3,MEDIUM
B-006980,C02,2026-09-23,14:00,16:00,1,2,LOW
B-006981,C02,2026-09-23,16:00,18:00,1,0,LOW
B-006982,C02,2026-09-23,18:00,20:00,0,6,HIGH
B-006983,C02,2026-09-23,20:00,22:00,1,4,MEDIUM
B-006984,C02,2026-09-23,22:00,00:00,1,2,LOW
B-006985,C03,2026-09-23,00:00,02:00,1,4,MEDIUM
B-006986,C03,2026-09-23,02:00,04:00,1,0,LOW
B-006987,C03,2026-09-23,04:00,06:00,1,3,MEDIUM
B-006988,C03,2026-09-23,06:00,08:00,1,3,MEDIUM
B-006989,C03,2026-09-23,08:00,10:00,1,4,MEDIUM
B-006990,C03,2026-09-23,10:00,12:00,1,4,MEDIUM
B-006991,C03,2026-09-23,12:00,14:00,1,1,LOW
B-006992,C03,2026-09-23,14:00,16:00,0,1,LOW
B-006993,C03,2026-09-23,16:00,18:00,0,1,LOW
B-006994,C03,2026-09-23,18:00,20:00,0,7,HIGH
B-006995,C03,2026-09-23,20:00,22:00,0,11,HIGH
B-006996,C03,2026-09-23,22:00,00:00,1,3,MEDIUM
B-006997,C04,2026-09-23,00:00,02:00,1,2,LOW
B-006998,C04,2026-09-23,02:00,04:00,1,2,LOW
B-006999,C04,2026-09-23,04:00,06:00,1,3,MEDIUM
B-007000,C04,2026-09-23,06:00,08:00,1,2,LOW
B-007001,C04,2026-09-23,08:00,10:00,0,9,HIGH
B-007002,C04,2026-09-23,10:00,12:00,0,8,HIGH
B-007003,C04,2026-09-23,12:00,14:00,0,2,LOW
B-007004,C04,2026-09-23,14:00,16:00,0,5,MEDIUM
B-007005,C04,2026-09-23,16:00,18:00,1,2,LOW
B-007006,C04,2026-09-23,18:00,20:00,0,5,MEDIUM
B-007007,C04,2026-09-23,20:00,22:00,0,7,HIGH
B-007008,C04,2026-09-23,22:00,00:00,1,0,LOW
B-007009,C05,2026-09-23,00:00,02:00,1,2,LOW
B-007010,C05,2026-09-23,02:00,04:00,1,1,LOW
B-007011,C05,2026-09-23,04:00,06:00,0,6,HIGH
B-007012,C05,2026-09-23,06:00,08:00,1,1,LOW
B-007013,C05,2026-09-23,08:00,10:00,0,5,MEDIUM
B-007014,C05,2026-09-23,10:00,12:00,0,6,HIGH
B-007015,C05,2026-09-23,12:00,14:00,0,5,MEDIUM
B-007016,C05,2026-09-23,14:00,16:00,1,0,LOW
B-007017,C05,2026-09-23,16:00,18:00,0,5,MEDIUM
B-007018,C05,2026-09-23,18:00,20:00,1,4,MEDIUM
B-007019,C05,2026-09-23,20:00,22:00,0,9,HIGH
B-007020,C05,2026-09-23,22:00,00:00,1,1,LOW
B-007021,C06,2026-09-23,00:00,02:00,1,3,MEDIUM
B-007022,C06,2026-09-23,02:00,04:00,0,5,MEDIUM
B-007023,C06,2026-09-23,04:00,06:00,1,2,LOW
B-007024,C06,2026-09-23,06:00,08:00,1,1,LOW
B-007025,C06,2026-09-23,08:00,10:00,0,6,HIGH
B-007026,C06,2026-09-23,10:00,12:00,0,5,MEDIUM
B-007027,C06,2026-09-23,12:00,14:00,1,1,LOW
B-007028,C06,2026-09-23,14:00,16:00,1,4,MEDIUM
B-007029,C06,2026-09-23,16:00,18:00,1,4,MEDIUM
B-007030,C06,2026-09-23,18:00,20:00,0,10,HIGH
B-007031,C06,2026-09-23,20:00,22:00,0,5,MEDIUM
B-007032,C06,2026-09-23,22:00,00:00,1,2,LOW
B-007033,C07,2026-09-23,00:00,02:00,1,1,LOW
B-007034,C07,2026-09-23,02:00,04:00,1,2,LOW
B-007035,C07,2026-09-23,04:00,06:00,0,2,LOW
B-007036,C07,2026-09-23,06:00,08:00,0,3,MEDIUM
B-007037,C07,2026-09-23,08:00,10:00,0,8,HIGH
B-007038,C07,2026-09-23,10:00,12:00,0,5,MEDIUM
B-007039,C07,2026-09-23,12:00,14:00,1,4,MEDIUM
B-007040,C07,2026-09-23,14:00,16:00,0,4,MEDIUM
B-007041,C07,2026-09-23,16:00,18:00,0,5,MEDIUM
B-007042,C07,2026-09-23,18:00,20:00,1,3,MEDIUM
B-007043,C07,2026-09-23,20:00,22:00,0,7,HIGH
B-007044,C07,2026-09-23,22:00,00:00,1,4,MEDIUM
B-007045,C08,2026-09-23,00:00,02:00,1,2,LOW
B-007046,C08,2026-09-23,02:00,04:00,1,4,MEDIUM
B-007047,C08,2026-09-23,04:00,06:00,1,3,MEDIUM
B-007048,C08,2026-09-23,06:00,08:00,1,3,MEDIUM
B-007049,C08,2026-09-23,08:00,10:00,0,7,HIGH
B-007050,C08,2026-09-23,10:00,12:00,0,6,HIGH
B-007051,C08,2026-09-23,12:00,14:00,1,2,LOW
B-007052,C08,2026-09-23,14:00,16:00,1,3,MEDIUM
B-007053,C08,2026-09-23,16:00,18:00,1,4,MEDIUM
B-007054,C08,2026-09-23,18:00,20:00,0,7,HIGH
B-007055,C08,2026-09-23,20:00,22:00,0,5,MEDIUM
B-007056,C08,2026-09-23,22:00,00:00,0,4,MEDIUM
B-007057,C09,2026-09-23,00:00,02:00,1,1,LOW
B-007058,C09,2026-09-23,02:00,04:00,1,1,LOW
B-007059,C09,2026-09-23,04:00,06:00,1,3,MEDIUM
B-007060,C09,2026-09-23,06:00,08:00,0,1,LOW
B-007061,C09,2026-09-23,08:00,10:00,1,2,LOW
B-007062,C09,2026-09-23,10:00,12:00,0,6,HIGH
B-007063,C09,2026-09-23,12:00,14:00,0,5,MEDIUM
B-007064,C09,2026-09-23,14:00,16:00,0,0,LOW
B-007065,C09,2026-09-23,16:00,18:00,1,3,MEDIUM
B-007066,C09,2026-09-23,18:00,20:00,0,6,HIGH
B-007067,C09,2026-09-23,20:00,22:00,1,4,MEDIUM
B-007068,C09,2026-09-23,22:00,00:00,1,1,LOW
B-007069,C10,2026-09-23,00:00,02:00,1,1,LOW
B-007070,C10,2026-09-23,02:00,04:00,1,2,LOW
B-007071,C10,2026-09-23,04:00,06:00,0,3,MEDIUM
B-007072,C10,2026-09-23,06:00,08:00,1,1,LOW
B-007073,C10,2026-09-23,08:00,10:00,0,6,HIGH
B-007074,C10,2026-09-23,10:00,12:00,0,9,HIGH
B-007075,C10,2026-09-23,12:00,14:00,1,0,LOW
B-007076,C10,2026-09-23,14:00,16:00,1,4,MEDIUM
B-007077,C10,2026-09-23,16:00,18:00,1,2,LOW
B-007078,C10,2026-09-23,18:00,20:00,0,7,HIGH
B-007079,C10,2026-09-23,20:00,22:00,0,12,HIGH
B-007080,C10,2026-09-23,22:00,00:00,0,5,MEDIUM
B-007081,C11,2026-09-23,00:00,02:00,1,1,LOW
B-007082,C11,2026-09-23,02:00,04:00,1,2,LOW
B-007083,C11,2026-09-23,04:00,06:00,1,2,LOW
B-007084,C11,2026-09-23,06:00,08:00,1,4,MEDIUM
B-007085,C11,2026-09-23,08:00,10:00,1,4,MEDIUM
B-007086,C11,2026-09-23,10:00,12:00,0,6,HIGH
B-007087,C11,2026-09-23,12:00,14:00,1,3,MEDIUM
B-007088,C11,2026-09-23,14:00,16:00,1,2,LOW
B-007089,C11,2026-09-23,16:00,18:00,1,4,MEDIUM
B-007090,C11,2026-09-23,18:00,20:00,1,4,MEDIUM
B-007091,C11,2026-09-23,20:00,22:00,0,7,HIGH
B-007092,C11,2026-09-23,22:00,00:00,1,3,MEDIUM
B-007093,C12,2026-09-23,00:00,02:00,1,4,MEDIUM
B-007094,C12,2026-09-23,02:00,04:00,1,2,LOW
B-007095,C12,2026-09-23,04:00,06:00,1,1,LOW
B-007096,C12,2026-09-23,06:00,08:00,1,2,LOW
B-007097,C12,2026-09-23,08:00,10:00,0,5,MEDIUM
B-007098,C12,2026-09-23,10:00,12:00,0,8,HIGH
B-007099,C12,2026-09-23,12:00,14:00,1,1,LOW
B-007100,C12,2026-09-23,14:00,16:00,1,3,MEDIUM
B-007101,C12,2026-09-23,16:00,18:00,1,3,MEDIUM
B-007102,C12,2026-09-23,18:00,20:00,0,6,HIGH
B-007103,C12,2026-09-23,20:00,22:00,0,5,MEDIUM
B-007104,C12,2026-09-23,22:00,00:00,0,1,LOW
B-007105,C13,2026-09-23,00:00,02:00,1,4,MEDIUM
B-007106,C13,2026-09-23,02:00,04:00,1,2,LOW
B-007107,C13,2026-09-23,04:00,06:00,1,2,LOW
B-007108,C13,2026-09-23,06:00,08:00,1,2,LOW
B-007109,C13,2026-09-23,08:00,10:00,0,7,HIGH
B-007110,C13,2026-09-23,10:00,12:00,1,4,MEDIUM
B-007111,C13,2026-09-23,12:00,14:00,1,1,LOW
B-007112,C13,2026-09-23,14:00,16:00,1,1,LOW
B-007113,C13,2026-09-23,16:00,18:00,1,2,LOW
B-007114,C13,2026-09-23,18:00,20:00,0,7,HIGH
B-007115,C13,2026-09-23,20:00,22:00,0,6,HIGH
B-007116,C13,2026-09-23,22:00,00:00,1,1,LOW
B-007117,C14,2026-09-23,00:00,02:00,1,2,LOW
B-007118,C14,2026-09-23,02:00,04:00,1,4,MEDIUM
B-007119,C14,2026-09-23,04:00,06:00,1,3,MEDIUM
B-007120,C14,2026-09-23,06:00,08:00,1,2,LOW
B-007121,C14,2026-09-23,08:00,10:00,0,6,HIGH
B-007122,C14,2026-09-23,10:00,12:00,0,8,HIGH
B-007123,C14,2026-09-23,12:00,14:00,1,3,MEDIUM
B-007124,C14,2026-09-23,14:00,16:00,1,2,LOW
B-007125,C14,2026-09-23,16:00,18:00,1,2,LOW
B-007126,C14,2026-09-23,18:00,20:00,0,10,HIGH
B-007127,C14,2026-09-23,20:00,22:00,0,6,HIGH
B-007128,C14,2026-09-23,22:00,00:00,1,4,MEDIUM
B-007129,C15,2026-09-23,00:00,02:00,1,4,MEDIUM
B-007130,C15,2026-09-23,02:00,04:00,1,3,MEDIUM
B-007131,C15,2026-09-23,04:00,06:00,1,2,LOW
B-007132,C15,2026-09-23,06:00,08:00,0,4,MEDIUM
B-007133,C15,2026-09-23,08:00,10:00,0,5,MEDIUM
B-007134,C15,2026-09-23,10:00,12:00,0,7,HIGH
B-007135,C15,2026-09-23,12:00,14:00,1,3,MEDIUM
B-007136,C15,2026-09-23,14:00,16:00,1,3,MEDIUM
B-007137,C15,2026-09-23,16:00,18:00,1,3,MEDIUM
B-007138,C15,2026-09-23,18:00,20:00,0,7,HIGH
B-007139,C15,2026-09-23,20:00,22:00,0,8,HIGH
B-007140,C15,2026-09-23,22:00,00:00,1,2,LOW
B-007141,C16,2026-09-23,00:00,02:00,1,1,LOW
B-007142,C16,2026-09-23,02:00,04:00,0,6,HIGH
B-007143,C16,2026-09-23,04:00,06:00,1,4,MEDIUM
B-007144,C16,2026-09-23,06:00,08:00,1,4,MEDIUM
B-007145,C16,2026-09-23,08:00,10:00,0,7,HIGH
B-007146,C16,2026-09-23,10:00,12:00,0,7,HIGH
B-007147,C16,2026-09-23,12:00,14:00,1,1,LOW
B-007148,C16,2026-09-23,14:00,16:00,1,4,MEDIUM
B-007149,C16,2026-09-23,16:00,18:00,1,2,LOW
B-007150,C16,2026-09-23,18:00,20:00,1,3,MEDIUM
B-007151,C16,2026-09-23,20:00,22:00,0,8,HIGH
B-007152,C16,2026-09-23,22:00,00:00,1,3,MEDIUM
B-007153,C17,2026-09-23,00:00,02:00,1,3,MEDIUM
B-007154,C17,2026-09-23,02:00,04:00,0,6,HIGH
B-007155,C17,2026-09-23,04:00,06:00,1,4,MEDIUM
B-007156,C17,2026-09-23,06:00,08:00,1,2,LOW
B-007157,C17,2026-09-23,08:00,10:00,0,8,HIGH
B-007158,C17,2026-09-23,10:00,12:00,0,6,HIGH
B-007159,C17,2026-09-23,12:00,14:00,1,2,LOW
B-007160,C17,2026-09-23,14:00,16:00,0,5,MEDIUM
B-007161,C17,2026-09-23,16:00,18:00,1,4,MEDIUM
B-007162,C17,2026-09-23,18:00,20:00,0,9,HIGH
B-007163,C17,2026-09-23,20:00,22:00,0,6,HIGH
B-007164,C17,2026-09-23,22:00,00:00,1,3,MEDIUM
B-007165,C18,2026-09-23,00:00,02:00,1,1,LOW
B-007166,C18,2026-09-23,02:00,04:00,1,2,LOW
B-007167,C18,2026-09-23,04:00,06:00,1,3,MEDIUM
B-007168,C18,2026-09-23,06:00,08:00,1,2,LOW
B-007169,C18,2026-09-23,08:00,10:00,0,7,HIGH
B-007170,C18,2026-09-23,10:00,12:00,0,5,MEDIUM
B-007171,C18,2026-09-23,12:00,14:00,1,3,MEDIUM
B-007172,C18,2026-09-23,14:00,16:00,1,2,LOW
B-007173,C18,2026-09-23,16:00,18:00,1,3,MEDIUM
B-007174,C18,2026-09-23,18:00,20:00,1,3,MEDIUM
B-007175,C18,2026-09-23,20:00,22:00,0,5,MEDIUM
B-007176,C18,2026-09-23,22:00,00:00,1,3,MEDIUM
B-007177,C19,2026-09-23,00:00,02:00,1,4,MEDIUM
B-007178,C19,2026-09-23,02:00,04:00,1,1,LOW
B-007179,C19,2026-09-23,04:00,06:00,1,3,MEDIUM
B-007180,C19,2026-09-23,06:00,08:00,1,3,MEDIUM
B-007181,C19,2026-09-23,08:00,10:00,0,8,HIGH
B-007182,C19,2026-09-23,10:00,12:00,1,4,MEDIUM
B-007183,C19,2026-09-23,12:00,14:00,1,0,LOW
B-007184,C19,2026-09-23,14:00,16:00,1,2,LOW
B-007185,C19,2026-09-23,16:00,18:00,1,2,LOW
B-007186,C19,2026-09-23,18:00,20:00,0,7,HIGH
B-007187,C19,2026-09-23,20:00,22:00,0,5,MEDIUM
B-007188,C19,2026-09-23,22:00,00:00,1,1,LOW
B-007189,C20,2026-09-23,00:00,02:00,0,6,HIGH
B-007190,C20,2026-09-23,02:00,04:00,1,2,LOW
B-007191,C20,2026-09-23,04:00,06:00,1,3,MEDIUM
B-007192,C20,2026-09-23,06:00,08:00,1,1,LOW
B-007193,C20,2026-09-23,08:00,10:00,1,4,MEDIUM
B-007194,C20,2026-09-23,10:00,12:00,0,6,HIGH
B-007195,C20,2026-09-23,12:00,14:00,1,4,MEDIUM
B-007196,C20,2026-09-23,14:00,16:00,1,3,MEDIUM
B-007197,C20,2026-09-23,16:00,18:00,1,3,MEDIUM
B-007198,C20,2026-09-23,18:00,20:00,0,7,HIGH
B-007199,C20,2026-09-23,20:00,22:00,1,4,MEDIUM
B-007200,C20,2026-09-23,22:00,00:00,1,3,MEDIUM
B-007201,C01,2026-09-24,00:00,02:00,1,2,LOW
B-007202,C01,2026-09-24,02:00,04:00,1,3,MEDIUM
B-007203,C01,2026-09-24,04:00,06:00,1,2,LOW
B-007204,C01,2026-09-24,06:00,08:00,1,3,MEDIUM
B-007205,C01,2026-09-24,08:00,10:00,0,9,HIGH
B-007206,C01,2026-09-24,10:00,12:00,0,6,HIGH
B-007207,C01,2026-09-24,12:00,14:00,0,5,MEDIUM
B-007208,C01,2026-09-24,14:00,16:00,0,5,MEDIUM
B-007209,C01,2026-09-24,16:00,18:00,1,1,LOW
B-007210,C01,2026-09-24,18:00,20:00,1,4,MEDIUM
B-007211,C01,2026-09-24,20:00,22:00,0,5,MEDIUM
B-007212,C01,2026-09-24,22:00,00:00,1,0,LOW
B-007213,C02,2026-09-24,00:00,02:00,1,1,LOW
B-007214,C02,2026-09-24,02:00,04:00,0,3,MEDIUM
B-007215,C02,2026-09-24,04:00,06:00,1,3,MEDIUM
B-007216,C02,2026-09-24,06:00,08:00,0,5,MEDIUM
B-007217,C02,2026-09-24,08:00,10:00,1,4,MEDIUM
B-007218,C02,2026-09-24,10:00,12:00,0,7,HIGH
B-007219,C02,2026-09-24,12:00,14:00,0,6,HIGH
B-007220,C02,2026-09-24,14:00,16:00,1,1,LOW
B-007221,C02,2026-09-24,16:00,18:00,1,1,LOW
B-007222,C02,2026-09-24,18:00,20:00,0,7,HIGH
B-007223,C02,2026-09-24,20:00,22:00,0,6,HIGH
B-007224,C02,2026-09-24,22:00,00:00,0,1,LOW
B-007225,C03,2026-09-24,00:00,02:00,1,1,LOW
B-007226,C03,2026-09-24,02:00,04:00,1,0,LOW
B-007227,C03,2026-09-24,04:00,06:00,1,2,LOW
B-007228,C03,2026-09-24,06:00,08:00,1,2,LOW
B-007229,C03,2026-09-24,08:00,10:00,1,3,MEDIUM
B-007230,C03,2026-09-24,10:00,12:00,0,5,MEDIUM
B-007231,C03,2026-09-24,12:00,14:00,1,2,LOW
B-007232,C03,2026-09-24,14:00,16:00,1,3,MEDIUM
B-007233,C03,2026-09-24,16:00,18:00,1,3,MEDIUM
B-007234,C03,2026-09-24,18:00,20:00,0,7,HIGH
B-007235,C03,2026-09-24,20:00,22:00,0,5,MEDIUM
B-007236,C03,2026-09-24,22:00,00:00,0,3,MEDIUM
B-007237,C04,2026-09-24,00:00,02:00,1,0,LOW
B-007238,C04,2026-09-24,02:00,04:00,1,3,MEDIUM
B-007239,C04,2026-09-24,04:00,06:00,1,3,MEDIUM
B-007240,C04,2026-09-24,06:00,08:00,1,1,LOW
B-007241,C04,2026-09-24,08:00,10:00,0,7,HIGH
B-007242,C04,2026-09-24,10:00,12:00,0,5,MEDIUM
B-007243,C04,2026-09-24,12:00,14:00,1,2,LOW
B-007244,C04,2026-09-24,14:00,16:00,1,3,MEDIUM
B-007245,C04,2026-09-24,16:00,18:00,1,4,MEDIUM
B-007246,C04,2026-09-24,18:00,20:00,0,6,HIGH
B-007247,C04,2026-09-24,20:00,22:00,0,5,MEDIUM
B-007248,C04,2026-09-24,22:00,00:00,1,2,LOW
B-007249,C05,2026-09-24,00:00,02:00,1,0,LOW
B-007250,C05,2026-09-24,02:00,04:00,1,3,MEDIUM
B-007251,C05,2026-09-24,04:00,06:00,1,2,LOW
B-007252,C05,2026-09-24,06:00,08:00,1,0,LOW
B-007253,C05,2026-09-24,08:00,10:00,0,10,HIGH
B-007254,C05,2026-09-24,10:00,12:00,0,7,HIGH
B-007255,C05,2026-09-24,12:00,14:00,1,3,MEDIUM
B-007256,C05,2026-09-24,14:00,16:00,1,2,LOW
B-007257,C05,2026-09-24,16:00,18:00,1,3,MEDIUM
B-007258,C05,2026-09-24,18:00,20:00,0,5,MEDIUM
B-007259,C05,2026-09-24,20:00,22:00,0,5,MEDIUM
B-007260,C05,2026-09-24,22:00,00:00,1,4,MEDIUM
B-007261,C06,2026-09-24,00:00,02:00,1,2,LOW
B-007262,C06,2026-09-24,02:00,04:00,1,4,MEDIUM
B-007263,C06,2026-09-24,04:00,06:00,1,2,LOW
B-007264,C06,2026-09-24,06:00,08:00,0,3,MEDIUM
B-007265,C06,2026-09-24,08:00,10:00,0,7,HIGH
B-007266,C06,2026-09-24,10:00,12:00,0,8,HIGH
B-007267,C06,2026-09-24,12:00,14:00,1,3,MEDIUM
B-007268,C06,2026-09-24,14:00,16:00,1,0,LOW
B-007269,C06,2026-09-24,16:00,18:00,1,0,LOW
B-007270,C06,2026-09-24,18:00,20:00,0,9,HIGH
B-007271,C06,2026-09-24,20:00,22:00,1,3,MEDIUM
B-007272,C06,2026-09-24,22:00,00:00,0,2,LOW
B-007273,C07,2026-09-24,00:00,02:00,1,3,MEDIUM
B-007274,C07,2026-09-24,02:00,04:00,1,3,MEDIUM
B-007275,C07,2026-09-24,04:00,06:00,1,0,LOW
B-007276,C07,2026-09-24,06:00,08:00,0,2,LOW
B-007277,C07,2026-09-24,08:00,10:00,0,5,MEDIUM
B-007278,C07,2026-09-24,10:00,12:00,0,8,HIGH
B-007279,C07,2026-09-24,12:00,14:00,1,4,MEDIUM
B-007280,C07,2026-09-24,14:00,16:00,1,4,MEDIUM
B-007281,C07,2026-09-24,16:00,18:00,1,2,LOW
B-007282,C07,2026-09-24,18:00,20:00,0,9,HIGH
B-007283,C07,2026-09-24,20:00,22:00,0,8,HIGH
B-007284,C07,2026-09-24,22:00,00:00,0,6,HIGH
B-007285,C08,2026-09-24,00:00,02:00,1,3,MEDIUM
B-007286,C08,2026-09-24,02:00,04:00,1,1,LOW
B-007287,C08,2026-09-24,04:00,06:00,1,2,LOW
B-007288,C08,2026-09-24,06:00,08:00,0,5,MEDIUM
B-007289,C08,2026-09-24,08:00,10:00,1,4,MEDIUM
B-007290,C08,2026-09-24,10:00,12:00,0,8,HIGH
B-007291,C08,2026-09-24,12:00,14:00,1,1,LOW
B-007292,C08,2026-09-24,14:00,16:00,1,1,LOW
B-007293,C08,2026-09-24,16:00,18:00,0,4,MEDIUM
B-007294,C08,2026-09-24,18:00,20:00,1,4,MEDIUM
B-007295,C08,2026-09-24,20:00,22:00,0,5,MEDIUM
B-007296,C08,2026-09-24,22:00,00:00,1,2,LOW
B-007297,C09,2026-09-24,00:00,02:00,1,4,MEDIUM
B-007298,C09,2026-09-24,02:00,04:00,1,1,LOW
B-007299,C09,2026-09-24,04:00,06:00,0,3,MEDIUM
B-007300,C09,2026-09-24,06:00,08:00,1,3,MEDIUM
B-007301,C09,2026-09-24,08:00,10:00,0,6,HIGH
B-007302,C09,2026-09-24,10:00,12:00,0,10,HIGH
B-007303,C09,2026-09-24,12:00,14:00,1,3,MEDIUM
B-007304,C09,2026-09-24,14:00,16:00,1,1,LOW
B-007305,C09,2026-09-24,16:00,18:00,1,0,LOW
B-007306,C09,2026-09-24,18:00,20:00,1,4,MEDIUM
B-007307,C09,2026-09-24,20:00,22:00,0,7,HIGH
B-007308,C09,2026-09-24,22:00,00:00,1,1,LOW
B-007309,C10,2026-09-24,00:00,02:00,0,5,MEDIUM
B-007310,C10,2026-09-24,02:00,04:00,1,4,MEDIUM
B-007311,C10,2026-09-24,04:00,06:00,1,3,MEDIUM
B-007312,C10,2026-09-24,06:00,08:00,1,2,LOW
B-007313,C10,2026-09-24,08:00,10:00,0,6,HIGH
B-007314,C10,2026-09-24,10:00,12:00,0,8,HIGH
B-007315,C10,2026-09-24,12:00,14:00,1,3,MEDIUM
B-007316,C10,2026-09-24,14:00,16:00,1,2,LOW
B-007317,C10,2026-09-24,16:00,18:00,1,3,MEDIUM
B-007318,C10,2026-09-24,18:00,20:00,1,3,MEDIUM
B-007319,C10,2026-09-24,20:00,22:00,0,6,HIGH
B-007320,C10,2026-09-24,22:00,00:00,1,1,LOW
B-007321,C11,2026-09-24,00:00,02:00,1,4,MEDIUM
B-007322,C11,2026-09-24,02:00,04:00,1,3,MEDIUM
B-007323,C11,2026-09-24,04:00,06:00,1,4,MEDIUM
B-007324,C11,2026-09-24,06:00,08:00,1,1,LOW
B-007325,C11,2026-09-24,08:00,10:00,0,6,HIGH
B-007326,C11,2026-09-24,10:00,12:00,0,5,MEDIUM
B-007327,C11,2026-09-24,12:00,14:00,1,2,LOW
B-007328,C11,2026-09-24,14:00,16:00,0,5,MEDIUM
B-007329,C11,2026-09-24,16:00,18:00,1,3,MEDIUM
B-007330,C11,2026-09-24,18:00,20:00,0,5,MEDIUM
B-007331,C11,2026-09-24,20:00,22:00,0,5,MEDIUM
B-007332,C11,2026-09-24,22:00,00:00,1,1,LOW
B-007333,C12,2026-09-24,00:00,02:00,0,3,MEDIUM
B-007334,C12,2026-09-24,02:00,04:00,1,4,MEDIUM
B-007335,C12,2026-09-24,04:00,06:00,0,5,MEDIUM
B-007336,C12,2026-09-24,06:00,08:00,1,3,MEDIUM
B-007337,C12,2026-09-24,08:00,10:00,0,5,MEDIUM
B-007338,C12,2026-09-24,10:00,12:00,0,8,HIGH
B-007339,C12,2026-09-24,12:00,14:00,1,1,LOW
B-007340,C12,2026-09-24,14:00,16:00,1,1,LOW
B-007341,C12,2026-09-24,16:00,18:00,1,2,LOW
B-007342,C12,2026-09-24,18:00,20:00,0,6,HIGH
B-007343,C12,2026-09-24,20:00,22:00,0,12,HIGH
B-007344,C12,2026-09-24,22:00,00:00,0,6,HIGH
B-007345,C13,2026-09-24,00:00,02:00,1,3,MEDIUM
B-007346,C13,2026-09-24,02:00,04:00,1,0,LOW
B-007347,C13,2026-09-24,04:00,06:00,1,3,MEDIUM
B-007348,C13,2026-09-24,06:00,08:00,1,2,LOW
B-007349,C13,2026-09-24,08:00,10:00,1,2,LOW
B-007350,C13,2026-09-24,10:00,12:00,0,9,HIGH
B-007351,C13,2026-09-24,12:00,14:00,1,3,MEDIUM
B-007352,C13,2026-09-24,14:00,16:00,0,6,HIGH
B-007353,C13,2026-09-24,16:00,18:00,0,5,MEDIUM
B-007354,C13,2026-09-24,18:00,20:00,0,6,HIGH
B-007355,C13,2026-09-24,20:00,22:00,0,6,HIGH
B-007356,C13,2026-09-24,22:00,00:00,1,1,LOW
B-007357,C14,2026-09-24,00:00,02:00,1,0,LOW
B-007358,C14,2026-09-24,02:00,04:00,1,2,LOW
B-007359,C14,2026-09-24,04:00,06:00,0,3,MEDIUM
B-007360,C14,2026-09-24,06:00,08:00,0,1,LOW
B-007361,C14,2026-09-24,08:00,10:00,0,6,HIGH
B-007362,C14,2026-09-24,10:00,12:00,0,6,HIGH
B-007363,C14,2026-09-24,12:00,14:00,1,1,LOW
B-007364,C14,2026-09-24,14:00,16:00,1,4,MEDIUM
B-007365,C14,2026-09-24,16:00,18:00,0,6,HIGH
B-007366,C14,2026-09-24,18:00,20:00,0,6,HIGH
B-007367,C14,2026-09-24,20:00,22:00,1,3,MEDIUM
B-007368,C14,2026-09-24,22:00,00:00,1,0,LOW
B-007369,C15,2026-09-24,00:00,02:00,0,3,MEDIUM
B-007370,C15,2026-09-24,02:00,04:00,1,3,MEDIUM
B-007371,C15,2026-09-24,04:00,06:00,1,2,LOW
B-007372,C15,2026-09-24,06:00,08:00,1,2,LOW
B-007373,C15,2026-09-24,08:00,10:00,0,8,HIGH
B-007374,C15,2026-09-24,10:00,12:00,1,3,MEDIUM
B-007375,C15,2026-09-24,12:00,14:00,1,4,MEDIUM
B-007376,C15,2026-09-24,14:00,16:00,1,2,LOW
B-007377,C15,2026-09-24,16:00,18:00,1,3,MEDIUM
B-007378,C15,2026-09-24,18:00,20:00,1,3,MEDIUM
B-007379,C15,2026-09-24,20:00,22:00,0,5,MEDIUM
B-007380,C15,2026-09-24,22:00,00:00,1,3,MEDIUM
B-007381,C16,2026-09-24,00:00,02:00,1,3,MEDIUM
B-007382,C16,2026-09-24,02:00,04:00,1,1,LOW
B-007383,C16,2026-09-24,04:00,06:00,1,2,LOW
B-007384,C16,2026-09-24,06:00,08:00,1,4,MEDIUM
B-007385,C16,2026-09-24,08:00,10:00,0,8,HIGH
B-007386,C16,2026-09-24,10:00,12:00,0,6,HIGH
B-007387,C16,2026-09-24,12:00,14:00,1,3,MEDIUM
B-007388,C16,2026-09-24,14:00,16:00,1,1,LOW
B-007389,C16,2026-09-24,16:00,18:00,0,4,MEDIUM
B-007390,C16,2026-09-24,18:00,20:00,1,3,MEDIUM
B-007391,C16,2026-09-24,20:00,22:00,0,9,HIGH
B-007392,C16,2026-09-24,22:00,00:00,1,2,LOW
B-007393,C17,2026-09-24,00:00,02:00,1,4,MEDIUM
B-007394,C17,2026-09-24,02:00,04:00,0,0,LOW
B-007395,C17,2026-09-24,04:00,06:00,1,4,MEDIUM
B-007396,C17,2026-09-24,06:00,08:00,1,3,MEDIUM
B-007397,C17,2026-09-24,08:00,10:00,0,9,HIGH
B-007398,C17,2026-09-24,10:00,12:00,1,3,MEDIUM
B-007399,C17,2026-09-24,12:00,14:00,0,1,LOW
B-007400,C17,2026-09-24,14:00,16:00,1,0,LOW
B-007401,C17,2026-09-24,16:00,18:00,1,2,LOW
B-007402,C17,2026-09-24,18:00,20:00,0,7,HIGH
B-007403,C17,2026-09-24,20:00,22:00,0,7,HIGH
B-007404,C17,2026-09-24,22:00,00:00,1,2,LOW
B-007405,C18,2026-09-24,00:00,02:00,1,2,LOW
B-007406,C18,2026-09-24,02:00,04:00,1,3,MEDIUM
B-007407,C18,2026-09-24,04:00,06:00,1,1,LOW
B-007408,C18,2026-09-24,06:00,08:00,0,5,MEDIUM
B-007409,C18,2026-09-24,08:00,10:00,0,5,MEDIUM
B-007410,C18,2026-09-24,10:00,12:00,0,4,MEDIUM
B-007411,C18,2026-09-24,12:00,14:00,1,2,LOW
B-007412,C18,2026-09-24,14:00,16:00,1,4,MEDIUM
B-007413,C18,2026-09-24,16:00,18:00,1,3,MEDIUM
B-007414,C18,2026-09-24,18:00,20:00,0,6,HIGH
B-007415,C18,2026-09-24,20:00,22:00,1,3,MEDIUM
B-007416,C18,2026-09-24,22:00,00:00,1,4,MEDIUM
B-007417,C19,2026-09-24,00:00,02:00,1,1,LOW
B-007418,C19,2026-09-24,02:00,04:00,1,4,MEDIUM
B-007419,C19,2026-09-24,04:00,06:00,0,4,MEDIUM
B-007420,C19,2026-09-24,06:00,08:00,1,4,MEDIUM
B-007421,C19,2026-09-24,08:00,10:00,0,11,HIGH
B-007422,C19,2026-09-24,10:00,12:00,0,7,HIGH
B-007423,C19,2026-09-24,12:00,14:00,0,6,HIGH
B-007424,C19,2026-09-24,14:00,16:00,1,3,MEDIUM
B-007425,C19,2026-09-24,16:00,18:00,1,3,MEDIUM
B-007426,C19,2026-09-24,18:00,20:00,0,7,HIGH
B-007427,C19,2026-09-24,20:00,22:00,0,8,HIGH
B-007428,C19,2026-09-24,22:00,00:00,1,3,MEDIUM
B-007429,C20,2026-09-24,00:00,02:00,1,2,LOW
B-007430,C20,2026-09-24,02:00,04:00,1,1,LOW
B-007431,C20,2026-09-24,04:00,06:00,0,7,HIGH
B-007432,C20,2026-09-24,06:00,08:00,1,2,LOW
B-007433,C20,2026-09-24,08:00,10:00,0,7,HIGH
B-007434,C20,2026-09-24,10:00,12:00,0,5,MEDIUM
B-007435,C20,2026-09-24,12:00,14:00,1,4,MEDIUM
B-007436,C20,2026-09-24,14:00,16:00,1,1,LOW
B-007437,C20,2026-09-24,16:00,18:00,1,1,LOW
B-007438,C20,2026-09-24,18:00,20:00,0,6,HIGH
B-007439,C20,2026-09-24,20:00,22:00,1,4,MEDIUM
B-007440,C20,2026-09-24,22:00,00:00,1,3,MEDIUM
B-007441,C01,2026-09-25,00:00,02:00,1,1,LOW
B-007442,C01,2026-09-25,02:00,04:00,1,0,LOW
B-007443,C01,2026-09-25,04:00,06:00,1,2,LOW
B-007444,C01,2026-09-25,06:00,08:00,0,5,MEDIUM
B-007445,C01,2026-09-25,08:00,10:00,1,4,MEDIUM
B-007446,C01,2026-09-25,10:00,12:00,0,8,HIGH
B-007447,C01,2026-09-25,12:00,14:00,1,3,MEDIUM
B-007448,C01,2026-09-25,14:00,16:00,1,1,LOW
B-007449,C01,2026-09-25,16:00,18:00,1,4,MEDIUM
B-007450,C01,2026-09-25,18:00,20:00,0,7,HIGH
B-007451,C01,2026-09-25,20:00,22:00,0,9,HIGH
B-007452,C01,2026-09-25,22:00,00:00,1,2,LOW
B-007453,C02,2026-09-25,00:00,02:00,0,2,LOW
B-007454,C02,2026-09-25,02:00,04:00,0,2,LOW
B-007455,C02,2026-09-25,04:00,06:00,1,0,LOW
B-007456,C02,2026-09-25,06:00,08:00,1,3,MEDIUM
B-007457,C02,2026-09-25,08:00,10:00,0,9,HIGH
B-007458,C02,2026-09-25,10:00,12:00,0,6,HIGH
B-007459,C02,2026-09-25,12:00,14:00,1,4,MEDIUM
B-007460,C02,2026-09-25,14:00,16:00,0,5,MEDIUM
B-007461,C02,2026-09-25,16:00,18:00,0,5,MEDIUM
B-007462,C02,2026-09-25,18:00,20:00,1,4,MEDIUM
B-007463,C02,2026-09-25,20:00,22:00,0,4,MEDIUM
B-007464,C02,2026-09-25,22:00,00:00,1,3,MEDIUM
B-007465,C03,2026-09-25,00:00,02:00,1,4,MEDIUM
B-007466,C03,2026-09-25,02:00,04:00,1,2,LOW
B-007467,C03,2026-09-25,04:00,06:00,1,2,LOW
B-007468,C03,2026-09-25,06:00,08:00,1,4,MEDIUM
B-007469,C03,2026-09-25,08:00,10:00,0,6,HIGH
B-007470,C03,2026-09-25,10:00,12:00,1,4,MEDIUM
B-007471,C03,2026-09-25,12:00,14:00,1,2,LOW
B-007472,C03,2026-09-25,14:00,16:00,1,1,LOW
B-007473,C03,2026-09-25,16:00,18:00,1,1,LOW
B-007474,C03,2026-09-25,18:00,20:00,0,8,HIGH
B-007475,C03,2026-09-25,20:00,22:00,0,7,HIGH
B-007476,C03,2026-09-25,22:00,00:00,1,2,LOW
B-007477,C04,2026-09-25,00:00,02:00,1,3,MEDIUM
B-007478,C04,2026-09-25,02:00,04:00,0,5,MEDIUM
B-007479,C04,2026-09-25,04:00,06:00,1,4,MEDIUM
B-007480,C04,2026-09-25,06:00,08:00,1,1,LOW
B-007481,C04,2026-09-25,08:00,10:00,0,9,HIGH
B-007482,C04,2026-09-25,10:00,12:00,1,3,MEDIUM
B-007483,C04,2026-09-25,12:00,14:00,1,2,LOW
B-007484,C04,2026-09-25,14:00,16:00,1,3,MEDIUM
B-007485,C04,2026-09-25,16:00,18:00,0,5,MEDIUM
B-007486,C04,2026-09-25,18:00,20:00,0,7,HIGH
B-007487,C04,2026-09-25,20:00,22:00,0,6,HIGH
B-007488,C04,2026-09-25,22:00,00:00,1,1,LOW
B-007489,C05,2026-09-25,00:00,02:00,1,3,MEDIUM
B-007490,C05,2026-09-25,02:00,04:00,0,5,MEDIUM
B-007491,C05,2026-09-25,04:00,06:00,1,2,LOW
B-007492,C05,2026-09-25,06:00,08:00,1,4,MEDIUM
B-007493,C05,2026-09-25,08:00,10:00,1,4,MEDIUM
B-007494,C05,2026-09-25,10:00,12:00,1,4,MEDIUM
B-007495,C05,2026-09-25,12:00,14:00,0,6,HIGH
B-007496,C05,2026-09-25,14:00,16:00,1,1,LOW
B-007497,C05,2026-09-25,16:00,18:00,1,2,LOW
B-007498,C05,2026-09-25,18:00,20:00,0,8,HIGH
B-007499,C05,2026-09-25,20:00,22:00,1,3,MEDIUM
B-007500,C05,2026-09-25,22:00,00:00,1,2,LOW
B-007501,C06,2026-09-25,00:00,02:00,1,4,MEDIUM
B-007502,C06,2026-09-25,02:00,04:00,1,3,MEDIUM
B-007503,C06,2026-09-25,04:00,06:00,1,4,MEDIUM
B-007504,C06,2026-09-25,06:00,08:00,1,4,MEDIUM
B-007505,C06,2026-09-25,08:00,10:00,0,6,HIGH
B-007506,C06,2026-09-25,10:00,12:00,0,6,HIGH
B-007507,C06,2026-09-25,12:00,14:00,1,2,LOW
B-007508,C06,2026-09-25,14:00,16:00,1,3,MEDIUM
B-007509,C06,2026-09-25,16:00,18:00,1,1,LOW
B-007510,C06,2026-09-25,18:00,20:00,0,5,MEDIUM
B-007511,C06,2026-09-25,20:00,22:00,0,6,HIGH
B-007512,C06,2026-09-25,22:00,00:00,1,2,LOW
B-007513,C07,2026-09-25,00:00,02:00,1,1,LOW
B-007514,C07,2026-09-25,02:00,04:00,1,1,LOW
B-007515,C07,2026-09-25,04:00,06:00,0,5,MEDIUM
B-007516,C07,2026-09-25,06:00,08:00,1,4,MEDIUM
B-007517,C07,2026-09-25,08:00,10:00,0,6,HIGH
B-007518,C07,2026-09-25,10:00,12:00,1,4,MEDIUM
B-007519,C07,2026-09-25,12:00,14:00,1,1,LOW
B-007520,C07,2026-09-25,14:00,16:00,1,2,LOW
B-007521,C07,2026-09-25,16:00,18:00,1,2,LOW
B-007522,C07,2026-09-25,18:00,20:00,0,8,HIGH
B-007523,C07,2026-09-25,20:00,22:00,0,6,HIGH
B-007524,C07,2026-09-25,22:00,00:00,1,2,LOW
B-007525,C08,2026-09-25,00:00,02:00,1,3,MEDIUM
B-007526,C08,2026-09-25,02:00,04:00,1,0,LOW
B-007527,C08,2026-09-25,04:00,06:00,1,4,MEDIUM
B-007528,C08,2026-09-25,06:00,08:00,1,1,LOW
B-007529,C08,2026-09-25,08:00,10:00,0,6,HIGH
B-007530,C08,2026-09-25,10:00,12:00,0,5,MEDIUM
B-007531,C08,2026-09-25,12:00,14:00,1,3,MEDIUM
B-007532,C08,2026-09-25,14:00,16:00,1,3,MEDIUM
B-007533,C08,2026-09-25,16:00,18:00,1,1,LOW
B-007534,C08,2026-09-25,18:00,20:00,0,7,HIGH
B-007535,C08,2026-09-25,20:00,22:00,0,8,HIGH
B-007536,C08,2026-09-25,22:00,00:00,1,1,LOW
B-007537,C09,2026-09-25,00:00,02:00,0,3,MEDIUM
B-007538,C09,2026-09-25,02:00,04:00,0,5,MEDIUM
B-007539,C09,2026-09-25,04:00,06:00,0,3,MEDIUM
B-007540,C09,2026-09-25,06:00,08:00,1,2,LOW
B-007541,C09,2026-09-25,08:00,10:00,0,5,MEDIUM
B-007542,C09,2026-09-25,10:00,12:00,0,6,HIGH
B-007543,C09,2026-09-25,12:00,14:00,1,4,MEDIUM
B-007544,C09,2026-09-25,14:00,16:00,1,3,MEDIUM
B-007545,C09,2026-09-25,16:00,18:00,1,2,LOW
B-007546,C09,2026-09-25,18:00,20:00,0,8,HIGH
B-007547,C09,2026-09-25,20:00,22:00,0,5,MEDIUM
B-007548,C09,2026-09-25,22:00,00:00,1,2,LOW
B-007549,C10,2026-09-25,00:00,02:00,1,3,MEDIUM
B-007550,C10,2026-09-25,02:00,04:00,0,5,MEDIUM
B-007551,C10,2026-09-25,04:00,06:00,1,3,MEDIUM
B-007552,C10,2026-09-25,06:00,08:00,0,5,MEDIUM
B-007553,C10,2026-09-25,08:00,10:00,1,4,MEDIUM
B-007554,C10,2026-09-25,10:00,12:00,0,5,MEDIUM
B-007555,C10,2026-09-25,12:00,14:00,1,1,LOW
B-007556,C10,2026-09-25,14:00,16:00,1,2,LOW
B-007557,C10,2026-09-25,16:00,18:00,1,1,LOW
B-007558,C10,2026-09-25,18:00,20:00,1,4,MEDIUM
B-007559,C10,2026-09-25,20:00,22:00,0,7,HIGH
B-007560,C10,2026-09-25,22:00,00:00,1,1,LOW
B-007561,C11,2026-09-25,00:00,02:00,1,2,LOW
B-007562,C11,2026-09-25,02:00,04:00,1,2,LOW
B-007563,C11,2026-09-25,04:00,06:00,1,2,LOW
B-007564,C11,2026-09-25,06:00,08:00,1,1,LOW
B-007565,C11,2026-09-25,08:00,10:00,0,5,MEDIUM
B-007566,C11,2026-09-25,10:00,12:00,0,6,HIGH
B-007567,C11,2026-09-25,12:00,14:00,1,2,LOW
B-007568,C11,2026-09-25,14:00,16:00,1,3,MEDIUM
B-007569,C11,2026-09-25,16:00,18:00,0,5,MEDIUM
B-007570,C11,2026-09-25,18:00,20:00,0,6,HIGH
B-007571,C11,2026-09-25,20:00,22:00,0,7,HIGH
B-007572,C11,2026-09-25,22:00,00:00,1,3,MEDIUM
B-007573,C12,2026-09-25,00:00,02:00,1,1,LOW
B-007574,C12,2026-09-25,02:00,04:00,1,1,LOW
B-007575,C12,2026-09-25,04:00,06:00,1,3,MEDIUM
B-007576,C12,2026-09-25,06:00,08:00,1,0,LOW
B-007577,C12,2026-09-25,08:00,10:00,1,3,MEDIUM
B-007578,C12,2026-09-25,10:00,12:00,0,5,MEDIUM
B-007579,C12,2026-09-25,12:00,14:00,1,2,LOW
B-007580,C12,2026-09-25,14:00,16:00,1,3,MEDIUM
B-007581,C12,2026-09-25,16:00,18:00,1,3,MEDIUM
B-007582,C12,2026-09-25,18:00,20:00,0,7,HIGH
B-007583,C12,2026-09-25,20:00,22:00,1,2,LOW
B-007584,C12,2026-09-25,22:00,00:00,1,2,LOW
B-007585,C13,2026-09-25,00:00,02:00,1,2,LOW
B-007586,C13,2026-09-25,02:00,04:00,1,3,MEDIUM
B-007587,C13,2026-09-25,04:00,06:00,1,2,LOW
B-007588,C13,2026-09-25,06:00,08:00,1,3,MEDIUM
B-007589,C13,2026-09-25,08:00,10:00,0,5,MEDIUM
B-007590,C13,2026-09-25,10:00,12:00,1,4,MEDIUM
B-007591,C13,2026-09-25,12:00,14:00,1,1,LOW
B-007592,C13,2026-09-25,14:00,16:00,0,5,MEDIUM
B-007593,C13,2026-09-25,16:00,18:00,1,1,LOW
B-007594,C13,2026-09-25,18:00,20:00,0,2,LOW
B-007595,C13,2026-09-25,20:00,22:00,0,7,HIGH
B-007596,C13,2026-09-25,22:00,00:00,1,1,LOW
B-007597,C14,2026-09-25,00:00,02:00,1,1,LOW
B-007598,C14,2026-09-25,02:00,04:00,0,5,MEDIUM
B-007599,C14,2026-09-25,04:00,06:00,1,1,LOW
B-007600,C14,2026-09-25,06:00,08:00,1,2,LOW
B-007601,C14,2026-09-25,08:00,10:00,0,8,HIGH
B-007602,C14,2026-09-25,10:00,12:00,1,3,MEDIUM
B-007603,C14,2026-09-25,12:00,14:00,1,3,MEDIUM
B-007604,C14,2026-09-25,14:00,16:00,0,6,HIGH
B-007605,C14,2026-09-25,16:00,18:00,1,0,LOW
B-007606,C14,2026-09-25,18:00,20:00,1,3,MEDIUM
B-007607,C14,2026-09-25,20:00,22:00,1,2,LOW
B-007608,C14,2026-09-25,22:00,00:00,0,3,MEDIUM
B-007609,C15,2026-09-25,00:00,02:00,1,3,MEDIUM
B-007610,C15,2026-09-25,02:00,04:00,1,1,LOW
B-007611,C15,2026-09-25,04:00,06:00,1,3,MEDIUM
B-007612,C15,2026-09-25,06:00,08:00,1,1,LOW
B-007613,C15,2026-09-25,08:00,10:00,1,2,LOW
B-007614,C15,2026-09-25,10:00,12:00,0,7,HIGH
B-007615,C15,2026-09-25,12:00,14:00,1,3,MEDIUM
B-007616,C15,2026-09-25,14:00,16:00,1,0,LOW
B-007617,C15,2026-09-25,16:00,18:00,1,3,MEDIUM
B-007618,C15,2026-09-25,18:00,20:00,1,4,MEDIUM
B-007619,C15,2026-09-25,20:00,22:00,1,4,MEDIUM
B-007620,C15,2026-09-25,22:00,00:00,1,3,MEDIUM
B-007621,C16,2026-09-25,00:00,02:00,1,1,LOW
B-007622,C16,2026-09-25,02:00,04:00,1,2,LOW
B-007623,C16,2026-09-25,04:00,06:00,1,1,LOW
B-007624,C16,2026-09-25,06:00,08:00,1,0,LOW
B-007625,C16,2026-09-25,08:00,10:00,1,3,MEDIUM
B-007626,C16,2026-09-25,10:00,12:00,0,5,MEDIUM
B-007627,C16,2026-09-25,12:00,14:00,1,3,MEDIUM
B-007628,C16,2026-09-25,14:00,16:00,1,3,MEDIUM
B-007629,C16,2026-09-25,16:00,18:00,1,4,MEDIUM
B-007630,C16,2026-09-25,18:00,20:00,0,9,HIGH
B-007631,C16,2026-09-25,20:00,22:00,1,4,MEDIUM
B-007632,C16,2026-09-25,22:00,00:00,1,1,LOW
B-007633,C17,2026-09-25,00:00,02:00,1,2,LOW
B-007634,C17,2026-09-25,02:00,04:00,1,1,LOW
B-007635,C17,2026-09-25,04:00,06:00,0,2,LOW
B-007636,C17,2026-09-25,06:00,08:00,1,1,LOW
B-007637,C17,2026-09-25,08:00,10:00,1,4,MEDIUM
B-007638,C17,2026-09-25,10:00,12:00,0,5,MEDIUM
B-007639,C17,2026-09-25,12:00,14:00,1,3,MEDIUM
B-007640,C17,2026-09-25,14:00,16:00,1,4,MEDIUM
B-007641,C17,2026-09-25,16:00,18:00,1,1,LOW
B-007642,C17,2026-09-25,18:00,20:00,0,7,HIGH
B-007643,C17,2026-09-25,20:00,22:00,0,7,HIGH
B-007644,C17,2026-09-25,22:00,00:00,1,4,MEDIUM
B-007645,C18,2026-09-25,00:00,02:00,1,3,MEDIUM
B-007646,C18,2026-09-25,02:00,04:00,0,3,MEDIUM
B-007647,C18,2026-09-25,04:00,06:00,1,3,MEDIUM
B-007648,C18,2026-09-25,06:00,08:00,1,4,MEDIUM
B-007649,C18,2026-09-25,08:00,10:00,1,2,LOW
B-007650,C18,2026-09-25,10:00,12:00,0,7,HIGH
B-007651,C18,2026-09-25,12:00,14:00,1,0,LOW
B-007652,C18,2026-09-25,14:00,16:00,0,3,MEDIUM
B-007653,C18,2026-09-25,16:00,18:00,1,3,MEDIUM
B-007654,C18,2026-09-25,18:00,20:00,1,3,MEDIUM
B-007655,C18,2026-09-25,20:00,22:00,0,9,HIGH
B-007656,C18,2026-09-25,22:00,00:00,1,1,LOW
B-007657,C19,2026-09-25,00:00,02:00,0,3,MEDIUM
B-007658,C19,2026-09-25,02:00,04:00,1,3,MEDIUM
B-007659,C19,2026-09-25,04:00,06:00,1,0,LOW
B-007660,C19,2026-09-25,06:00,08:00,1,2,LOW
B-007661,C19,2026-09-25,08:00,10:00,0,8,HIGH
B-007662,C19,2026-09-25,10:00,12:00,0,6,HIGH
B-007663,C19,2026-09-25,12:00,14:00,1,3,MEDIUM
B-007664,C19,2026-09-25,14:00,16:00,1,3,MEDIUM
B-007665,C19,2026-09-25,16:00,18:00,1,3,MEDIUM
B-007666,C19,2026-09-25,18:00,20:00,1,4,MEDIUM
B-007667,C19,2026-09-25,20:00,22:00,0,7,HIGH
B-007668,C19,2026-09-25,22:00,00:00,1,4,MEDIUM
B-007669,C20,2026-09-25,00:00,02:00,1,1,LOW
B-007670,C20,2026-09-25,02:00,04:00,1,4,MEDIUM
B-007671,C20,2026-09-25,04:00,06:00,1,4,MEDIUM
B-007672,C20,2026-09-25,06:00,08:00,1,3,MEDIUM
B-007673,C20,2026-09-25,08:00,10:00,0,7,HIGH
B-007674,C20,2026-09-25,10:00,12:00,0,6,HIGH
B-007675,C20,2026-09-25,12:00,14:00,1,3,MEDIUM
B-007676,C20,2026-09-25,14:00,16:00,0,1,LOW
B-007677,C20,2026-09-25,16:00,18:00,1,2,LOW
B-007678,C20,2026-09-25,18:00,20:00,0,6,HIGH
B-007679,C20,2026-09-25,20:00,22:00,0,8,HIGH
B-007680,C20,2026-09-25,22:00,00:00,1,4,MEDIUM
B-007681,C01,2026-09-26,00:00,02:00,1,1,LOW
B-007682,C01,2026-09-26,02:00,04:00,1,4,MEDIUM
B-007683,C01,2026-09-26,04:00,06:00,1,0,LOW
B-007684,C01,2026-09-26,06:00,08:00,0,8,HIGH
B-007685,C01,2026-09-26,08:00,10:00,1,4,MEDIUM
B-007686,C01,2026-09-26,10:00,12:00,0,8,HIGH
B-007687,C01,2026-09-26,12:00,14:00,0,5,MEDIUM
B-007688,C01,2026-09-26,14:00,16:00,1,4,MEDIUM
B-007689,C01,2026-09-26,16:00,18:00,1,0,LOW
B-007690,C01,2026-09-26,18:00,20:00,0,7,HIGH
B-007691,C01,2026-09-26,20:00,22:00,0,9,HIGH
B-007692,C01,2026-09-26,22:00,00:00,1,2,LOW
B-007693,C02,2026-09-26,00:00,02:00,1,3,MEDIUM
B-007694,C02,2026-09-26,02:00,04:00,0,5,MEDIUM
B-007695,C02,2026-09-26,04:00,06:00,1,2,LOW
B-007696,C02,2026-09-26,06:00,08:00,1,3,MEDIUM
B-007697,C02,2026-09-26,08:00,10:00,0,6,HIGH
B-007698,C02,2026-09-26,10:00,12:00,0,5,MEDIUM
B-007699,C02,2026-09-26,12:00,14:00,0,1,LOW
B-007700,C02,2026-09-26,14:00,16:00,1,2,LOW
B-007701,C02,2026-09-26,16:00,18:00,1,4,MEDIUM
B-007702,C02,2026-09-26,18:00,20:00,0,5,MEDIUM
B-007703,C02,2026-09-26,20:00,22:00,1,3,MEDIUM
B-007704,C02,2026-09-26,22:00,00:00,1,4,MEDIUM
B-007705,C03,2026-09-26,00:00,02:00,1,1,LOW
B-007706,C03,2026-09-26,02:00,04:00,0,6,HIGH
B-007707,C03,2026-09-26,04:00,06:00,1,2,LOW
B-007708,C03,2026-09-26,06:00,08:00,1,3,MEDIUM
B-007709,C03,2026-09-26,08:00,10:00,0,6,HIGH
B-007710,C03,2026-09-26,10:00,12:00,0,7,HIGH
B-007711,C03,2026-09-26,12:00,14:00,1,2,LOW
B-007712,C03,2026-09-26,14:00,16:00,1,1,LOW
B-007713,C03,2026-09-26,16:00,18:00,1,4,MEDIUM
B-007714,C03,2026-09-26,18:00,20:00,0,7,HIGH
B-007715,C03,2026-09-26,20:00,22:00,0,9,HIGH
B-007716,C03,2026-09-26,22:00,00:00,1,3,MEDIUM
B-007717,C04,2026-09-26,00:00,02:00,1,0,LOW
B-007718,C04,2026-09-26,02:00,04:00,1,4,MEDIUM
B-007719,C04,2026-09-26,04:00,06:00,1,2,LOW
B-007720,C04,2026-09-26,06:00,08:00,1,2,LOW
B-007721,C04,2026-09-26,08:00,10:00,0,5,MEDIUM
B-007722,C04,2026-09-26,10:00,12:00,1,3,MEDIUM
B-007723,C04,2026-09-26,12:00,14:00,1,1,LOW
B-007724,C04,2026-09-26,14:00,16:00,1,2,LOW
B-007725,C04,2026-09-26,16:00,18:00,1,3,MEDIUM
B-007726,C04,2026-09-26,18:00,20:00,0,6,HIGH
B-007727,C04,2026-09-26,20:00,22:00,1,4,MEDIUM
B-007728,C04,2026-09-26,22:00,00:00,1,0,LOW
B-007729,C05,2026-09-26,00:00,02:00,1,2,LOW
B-007730,C05,2026-09-26,02:00,04:00,1,0,LOW
B-007731,C05,2026-09-26,04:00,06:00,0,5,MEDIUM
B-007732,C05,2026-09-26,06:00,08:00,1,4,MEDIUM
B-007733,C05,2026-09-26,08:00,10:00,0,5,MEDIUM
B-007734,C05,2026-09-26,10:00,12:00,0,11,HIGH
B-007735,C05,2026-09-26,12:00,14:00,1,2,LOW
B-007736,C05,2026-09-26,14:00,16:00,0,4,MEDIUM
B-007737,C05,2026-09-26,16:00,18:00,1,1,LOW
B-007738,C05,2026-09-26,18:00,20:00,1,3,MEDIUM
B-007739,C05,2026-09-26,20:00,22:00,0,7,HIGH
B-007740,C05,2026-09-26,22:00,00:00,1,0,LOW
B-007741,C06,2026-09-26,00:00,02:00,1,3,MEDIUM
B-007742,C06,2026-09-26,02:00,04:00,1,1,LOW
B-007743,C06,2026-09-26,04:00,06:00,1,2,LOW
B-007744,C06,2026-09-26,06:00,08:00,1,2,LOW
B-007745,C06,2026-09-26,08:00,10:00,1,4,MEDIUM
B-007746,C06,2026-09-26,10:00,12:00,0,5,MEDIUM
B-007747,C06,2026-09-26,12:00,14:00,0,3,MEDIUM
B-007748,C06,2026-09-26,14:00,16:00,1,0,LOW
B-007749,C06,2026-09-26,16:00,18:00,1,2,LOW
B-007750,C06,2026-09-26,18:00,20:00,0,5,MEDIUM
B-007751,C06,2026-09-26,20:00,22:00,1,4,MEDIUM
B-007752,C06,2026-09-26,22:00,00:00,1,1,LOW
B-007753,C07,2026-09-26,00:00,02:00,1,2,LOW
B-007754,C07,2026-09-26,02:00,04:00,1,2,LOW
B-007755,C07,2026-09-26,04:00,06:00,1,3,MEDIUM
B-007756,C07,2026-09-26,06:00,08:00,1,3,MEDIUM
B-007757,C07,2026-09-26,08:00,10:00,0,5,MEDIUM
B-007758,C07,2026-09-26,10:00,12:00,1,2,LOW
B-007759,C07,2026-09-26,12:00,14:00,1,2,LOW
B-007760,C07,2026-09-26,14:00,16:00,1,0,LOW
B-007761,C07,2026-09-26,16:00,18:00,1,1,LOW
B-007762,C07,2026-09-26,18:00,20:00,0,8,HIGH
B-007763,C07,2026-09-26,20:00,22:00,0,8,HIGH
B-007764,C07,2026-09-26,22:00,00:00,0,6,HIGH
B-007765,C08,2026-09-26,00:00,02:00,1,1,LOW
B-007766,C08,2026-09-26,02:00,04:00,0,2,LOW
B-007767,C08,2026-09-26,04:00,06:00,1,1,LOW
B-007768,C08,2026-09-26,06:00,08:00,1,2,LOW
B-007769,C08,2026-09-26,08:00,10:00,0,7,HIGH
B-007770,C08,2026-09-26,10:00,12:00,0,7,HIGH
B-007771,C08,2026-09-26,12:00,14:00,1,3,MEDIUM
B-007772,C08,2026-09-26,14:00,16:00,1,3,MEDIUM
B-007773,C08,2026-09-26,16:00,18:00,1,1,LOW
B-007774,C08,2026-09-26,18:00,20:00,0,7,HIGH
B-007775,C08,2026-09-26,20:00,22:00,1,4,MEDIUM
B-007776,C08,2026-09-26,22:00,00:00,1,2,LOW
B-007777,C09,2026-09-26,00:00,02:00,1,1,LOW
B-007778,C09,2026-09-26,02:00,04:00,1,2,LOW
B-007779,C09,2026-09-26,04:00,06:00,1,1,LOW
B-007780,C09,2026-09-26,06:00,08:00,1,3,MEDIUM
B-007781,C09,2026-09-26,08:00,10:00,1,3,MEDIUM
B-007782,C09,2026-09-26,10:00,12:00,0,5,MEDIUM
B-007783,C09,2026-09-26,12:00,14:00,0,3,MEDIUM
B-007784,C09,2026-09-26,14:00,16:00,0,1,LOW
B-007785,C09,2026-09-26,16:00,18:00,1,2,LOW
B-007786,C09,2026-09-26,18:00,20:00,0,8,HIGH
B-007787,C09,2026-09-26,20:00,22:00,0,6,HIGH
B-007788,C09,2026-09-26,22:00,00:00,0,5,MEDIUM
B-007789,C10,2026-09-26,00:00,02:00,0,1,LOW
B-007790,C10,2026-09-26,02:00,04:00,0,5,MEDIUM
B-007791,C10,2026-09-26,04:00,06:00,1,2,LOW
B-007792,C10,2026-09-26,06:00,08:00,1,3,MEDIUM
B-007793,C10,2026-09-26,08:00,10:00,0,5,MEDIUM
B-007794,C10,2026-09-26,10:00,12:00,0,7,HIGH
B-007795,C10,2026-09-26,12:00,14:00,1,2,LOW
B-007796,C10,2026-09-26,14:00,16:00,1,2,LOW
B-007797,C10,2026-09-26,16:00,18:00,1,3,MEDIUM
B-007798,C10,2026-09-26,18:00,20:00,0,9,HIGH
B-007799,C10,2026-09-26,20:00,22:00,0,8,HIGH
B-007800,C10,2026-09-26,22:00,00:00,1,3,MEDIUM
B-007801,C11,2026-09-26,00:00,02:00,1,4,MEDIUM
B-007802,C11,2026-09-26,02:00,04:00,1,2,LOW
B-007803,C11,2026-09-26,04:00,06:00,1,1,LOW
B-007804,C11,2026-09-26,06:00,08:00,1,3,MEDIUM
B-007805,C11,2026-09-26,08:00,10:00,0,10,HIGH
B-007806,C11,2026-09-26,10:00,12:00,1,4,MEDIUM
B-007807,C11,2026-09-26,12:00,14:00,1,4,MEDIUM
B-007808,C11,2026-09-26,14:00,16:00,0,6,HIGH
B-007809,C11,2026-09-26,16:00,18:00,1,1,LOW
B-007810,C11,2026-09-26,18:00,20:00,0,5,MEDIUM
B-007811,C11,2026-09-26,20:00,22:00,0,7,HIGH
B-007812,C11,2026-09-26,22:00,00:00,1,3,MEDIUM
B-007813,C12,2026-09-26,00:00,02:00,0,5,MEDIUM
B-007814,C12,2026-09-26,02:00,04:00,1,3,MEDIUM
B-007815,C12,2026-09-26,04:00,06:00,0,5,MEDIUM
B-007816,C12,2026-09-26,06:00,08:00,1,1,LOW
B-007817,C12,2026-09-26,08:00,10:00,1,4,MEDIUM
B-007818,C12,2026-09-26,10:00,12:00,0,9,HIGH
B-007819,C12,2026-09-26,12:00,14:00,1,4,MEDIUM
B-007820,C12,2026-09-26,14:00,16:00,0,4,MEDIUM
B-007821,C12,2026-09-26,16:00,18:00,1,0,LOW
B-007822,C12,2026-09-26,18:00,20:00,1,3,MEDIUM
B-007823,C12,2026-09-26,20:00,22:00,0,5,MEDIUM
B-007824,C12,2026-09-26,22:00,00:00,1,1,LOW
B-007825,C13,2026-09-26,00:00,02:00,1,2,LOW
B-007826,C13,2026-09-26,02:00,04:00,1,2,LOW
B-007827,C13,2026-09-26,04:00,06:00,1,2,LOW
B-007828,C13,2026-09-26,06:00,08:00,1,4,MEDIUM
B-007829,C13,2026-09-26,08:00,10:00,0,6,HIGH
B-007830,C13,2026-09-26,10:00,12:00,0,6,HIGH
B-007831,C13,2026-09-26,12:00,14:00,1,1,LOW
B-007832,C13,2026-09-26,14:00,16:00,0,7,HIGH
B-007833,C13,2026-09-26,16:00,18:00,1,0,LOW
B-007834,C13,2026-09-26,18:00,20:00,0,10,HIGH
B-007835,C13,2026-09-26,20:00,22:00,1,4,MEDIUM
B-007836,C13,2026-09-26,22:00,00:00,1,1,LOW
B-007837,C14,2026-09-26,00:00,02:00,1,2,LOW
B-007838,C14,2026-09-26,02:00,04:00,1,1,LOW
B-007839,C14,2026-09-26,04:00,06:00,1,2,LOW
B-007840,C14,2026-09-26,06:00,08:00,1,4,MEDIUM
B-007841,C14,2026-09-26,08:00,10:00,0,9,HIGH
B-007842,C14,2026-09-26,10:00,12:00,0,5,MEDIUM
B-007843,C14,2026-09-26,12:00,14:00,1,2,LOW
B-007844,C14,2026-09-26,14:00,16:00,1,2,LOW
B-007845,C14,2026-09-26,16:00,18:00,1,0,LOW
B-007846,C14,2026-09-26,18:00,20:00,0,6,HIGH
B-007847,C14,2026-09-26,20:00,22:00,0,5,MEDIUM
B-007848,C14,2026-09-26,22:00,00:00,1,2,LOW
B-007849,C15,2026-09-26,00:00,02:00,1,1,LOW
B-007850,C15,2026-09-26,02:00,04:00,1,0,LOW
B-007851,C15,2026-09-26,04:00,06:00,1,2,LOW
B-007852,C15,2026-09-26,06:00,08:00,1,0,LOW
B-007853,C15,2026-09-26,08:00,10:00,0,5,MEDIUM
B-007854,C15,2026-09-26,10:00,12:00,0,6,HIGH
B-007855,C15,2026-09-26,12:00,14:00,1,3,MEDIUM
B-007856,C15,2026-09-26,14:00,16:00,1,1,LOW
B-007857,C15,2026-09-26,16:00,18:00,0,5,MEDIUM
B-007858,C15,2026-09-26,18:00,20:00,0,9,HIGH
B-007859,C15,2026-09-26,20:00,22:00,1,2,LOW
B-007860,C15,2026-09-26,22:00,00:00,0,2,LOW
B-007861,C16,2026-09-26,00:00,02:00,0,2,LOW
B-007862,C16,2026-09-26,02:00,04:00,0,3,MEDIUM
B-007863,C16,2026-09-26,04:00,06:00,1,2,LOW
B-007864,C16,2026-09-26,06:00,08:00,1,3,MEDIUM
B-007865,C16,2026-09-26,08:00,10:00,0,5,MEDIUM
B-007866,C16,2026-09-26,10:00,12:00,0,6,HIGH
B-007867,C16,2026-09-26,12:00,14:00,1,2,LOW
B-007868,C16,2026-09-26,14:00,16:00,1,2,LOW
B-007869,C16,2026-09-26,16:00,18:00,0,1,LOW
B-007870,C16,2026-09-26,18:00,20:00,1,4,MEDIUM
B-007871,C16,2026-09-26,20:00,22:00,0,5,MEDIUM
B-007872,C16,2026-09-26,22:00,00:00,0,6,HIGH
B-007873,C17,2026-09-26,00:00,02:00,1,0,LOW
B-007874,C17,2026-09-26,02:00,04:00,1,1,LOW
B-007875,C17,2026-09-26,04:00,06:00,1,2,LOW
B-007876,C17,2026-09-26,06:00,08:00,1,2,LOW
B-007877,C17,2026-09-26,08:00,10:00,0,6,HIGH
B-007878,C17,2026-09-26,10:00,12:00,0,7,HIGH
B-007879,C17,2026-09-26,12:00,14:00,1,2,LOW
B-007880,C17,2026-09-26,14:00,16:00,0,6,HIGH
B-007881,C17,2026-09-26,16:00,18:00,1,2,LOW
B-007882,C17,2026-09-26,18:00,20:00,0,7,HIGH
B-007883,C17,2026-09-26,20:00,22:00,0,11,HIGH
B-007884,C17,2026-09-26,22:00,00:00,1,0,LOW
B-007885,C18,2026-09-26,00:00,02:00,1,2,LOW
B-007886,C18,2026-09-26,02:00,04:00,1,1,LOW
B-007887,C18,2026-09-26,04:00,06:00,0,4,MEDIUM
B-007888,C18,2026-09-26,06:00,08:00,1,3,MEDIUM
B-007889,C18,2026-09-26,08:00,10:00,0,7,HIGH
B-007890,C18,2026-09-26,10:00,12:00,0,6,HIGH
B-007891,C18,2026-09-26,12:00,14:00,1,4,MEDIUM
B-007892,C18,2026-09-26,14:00,16:00,1,3,MEDIUM
B-007893,C18,2026-09-26,16:00,18:00,1,1,LOW
B-007894,C18,2026-09-26,18:00,20:00,0,8,HIGH
B-007895,C18,2026-09-26,20:00,22:00,0,7,HIGH
B-007896,C18,2026-09-26,22:00,00:00,0,2,LOW
B-007897,C19,2026-09-26,00:00,02:00,1,3,MEDIUM
B-007898,C19,2026-09-26,02:00,04:00,1,2,LOW
B-007899,C19,2026-09-26,04:00,06:00,1,1,LOW
B-007900,C19,2026-09-26,06:00,08:00,0,5,MEDIUM
B-007901,C19,2026-09-26,08:00,10:00,0,8,HIGH
B-007902,C19,2026-09-26,10:00,12:00,0,8,HIGH
B-007903,C19,2026-09-26,12:00,14:00,0,5,MEDIUM
B-007904,C19,2026-09-26,14:00,16:00,1,2,LOW
B-007905,C19,2026-09-26,16:00,18:00,1,2,LOW
B-007906,C19,2026-09-26,18:00,20:00,0,7,HIGH
B-007907,C19,2026-09-26,20:00,22:00,1,4,MEDIUM
B-007908,C19,2026-09-26,22:00,00:00,1,1,LOW
B-007909,C20,2026-09-26,00:00,02:00,0,5,MEDIUM
B-007910,C20,2026-09-26,02:00,04:00,1,1,LOW
B-007911,C20,2026-09-26,04:00,06:00,0,5,MEDIUM
B-007912,C20,2026-09-26,06:00,08:00,1,1,LOW
B-007913,C20,2026-09-26,08:00,10:00,0,7,HIGH
B-007914,C20,2026-09-26,10:00,12:00,1,4,MEDIUM
B-007915,C20,2026-09-26,12:00,14:00,0,5,MEDIUM
B-007916,C20,2026-09-26,14:00,16:00,1,1,LOW
B-007917,C20,2026-09-26,16:00,18:00,0,0,LOW
B-007918,C20,2026-09-26,18:00,20:00,0,8,HIGH
B-007919,C20,2026-09-26,20:00,22:00,0,6,HIGH
B-007920,C20,2026-09-26,22:00,00:00,1,3,MEDIUM
B-007921,C01,2026-09-27,00:00,02:00,1,3,MEDIUM
B-007922,C01,2026-09-27,02:00,04:00,0,5,MEDIUM
B-007923,C01,2026-09-27,04:00,06:00,1,3,MEDIUM
B-007924,C01,2026-09-27,06:00,08:00,1,3,MEDIUM
B-007925,C01,2026-09-27,08:00,10:00,0,6,HIGH
B-007926,C01,2026-09-27,10:00,12:00,0,7,HIGH
B-007927,C01,2026-09-27,12:00,14:00,1,2,LOW
B-007928,C01,2026-09-27,14:00,16:00,1,2,LOW
B-007929,C01,2026-09-27,16:00,18:00,1,2,LOW
B-007930,C01,2026-09-27,18:00,20:00,0,7,HIGH
B-007931,C01,2026-09-27,20:00,22:00,0,7,HIGH
B-007932,C01,2026-09-27,22:00,00:00,1,4,MEDIUM
B-007933,C02,2026-09-27,00:00,02:00,0,1,LOW
B-007934,C02,2026-09-27,02:00,04:00,1,1,LOW
B-007935,C02,2026-09-27,04:00,06:00,0,5,MEDIUM
B-007936,C02,2026-09-27,06:00,08:00,1,3,MEDIUM
B-007937,C02,2026-09-27,08:00,10:00,0,5,MEDIUM
B-007938,C02,2026-09-27,10:00,12:00,0,8,HIGH
B-007939,C02,2026-09-27,12:00,14:00,0,5,MEDIUM
B-007940,C02,2026-09-27,14:00,16:00,1,1,LOW
B-007941,C02,2026-09-27,16:00,18:00,1,0,LOW
B-007942,C02,2026-09-27,18:00,20:00,0,8,HIGH
B-007943,C02,2026-09-27,20:00,22:00,0,9,HIGH
B-007944,C02,2026-09-27,22:00,00:00,1,0,LOW
B-007945,C03,2026-09-27,00:00,02:00,1,3,MEDIUM
B-007946,C03,2026-09-27,02:00,04:00,1,1,LOW
B-007947,C03,2026-09-27,04:00,06:00,1,2,LOW
B-007948,C03,2026-09-27,06:00,08:00,1,4,MEDIUM
B-007949,C03,2026-09-27,08:00,10:00,0,8,HIGH
B-007950,C03,2026-09-27,10:00,12:00,0,7,HIGH
B-007951,C03,2026-09-27,12:00,14:00,1,4,MEDIUM
B-007952,C03,2026-09-27,14:00,16:00,1,1,LOW
B-007953,C03,2026-09-27,16:00,18:00,1,1,LOW
B-007954,C03,2026-09-27,18:00,20:00,1,4,MEDIUM
B-007955,C03,2026-09-27,20:00,22:00,0,6,HIGH
B-007956,C03,2026-09-27,22:00,00:00,1,4,MEDIUM
B-007957,C04,2026-09-27,00:00,02:00,1,1,LOW
B-007958,C04,2026-09-27,02:00,04:00,1,1,LOW
B-007959,C04,2026-09-27,04:00,06:00,1,1,LOW
B-007960,C04,2026-09-27,06:00,08:00,1,3,MEDIUM
B-007961,C04,2026-09-27,08:00,10:00,0,11,HIGH
B-007962,C04,2026-09-27,10:00,12:00,0,5,MEDIUM
B-007963,C04,2026-09-27,12:00,14:00,0,7,HIGH
B-007964,C04,2026-09-27,14:00,16:00,1,4,MEDIUM
B-007965,C04,2026-09-27,16:00,18:00,1,2,LOW
B-007966,C04,2026-09-27,18:00,20:00,0,9,HIGH
B-007967,C04,2026-09-27,20:00,22:00,0,7,HIGH
B-007968,C04,2026-09-27,22:00,00:00,1,1,LOW
B-007969,C05,2026-09-27,00:00,02:00,1,4,MEDIUM
B-007970,C05,2026-09-27,02:00,04:00,1,2,LOW
B-007971,C05,2026-09-27,04:00,06:00,1,0,LOW
B-007972,C05,2026-09-27,06:00,08:00,1,3,MEDIUM
B-007973,C05,2026-09-27,08:00,10:00,1,3,MEDIUM
B-007974,C05,2026-09-27,10:00,12:00,0,6,HIGH
B-007975,C05,2026-09-27,12:00,14:00,1,1,LOW
B-007976,C05,2026-09-27,14:00,16:00,1,1,LOW
B-007977,C05,2026-09-27,16:00,18:00,1,4,MEDIUM
B-007978,C05,2026-09-27,18:00,20:00,0,7,HIGH
B-007979,C05,2026-09-27,20:00,22:00,1,4,MEDIUM
B-007980,C05,2026-09-27,22:00,00:00,1,2,LOW
B-007981,C06,2026-09-27,00:00,02:00,1,2,LOW
B-007982,C06,2026-09-27,02:00,04:00,0,5,MEDIUM
B-007983,C06,2026-09-27,04:00,06:00,1,2,LOW
B-007984,C06,2026-09-27,06:00,08:00,1,1,LOW
B-007985,C06,2026-09-27,08:00,10:00,0,7,HIGH
B-007986,C06,2026-09-27,10:00,12:00,1,4,MEDIUM
B-007987,C06,2026-09-27,12:00,14:00,1,3,MEDIUM
B-007988,C06,2026-09-27,14:00,16:00,1,1,LOW
B-007989,C06,2026-09-27,16:00,18:00,1,1,LOW
B-007990,C06,2026-09-27,18:00,20:00,1,4,MEDIUM
B-007991,C06,2026-09-27,20:00,22:00,1,3,MEDIUM
B-007992,C06,2026-09-27,22:00,00:00,1,0,LOW
B-007993,C07,2026-09-27,00:00,02:00,1,2,LOW
B-007994,C07,2026-09-27,02:00,04:00,1,2,LOW
B-007995,C07,2026-09-27,04:00,06:00,1,2,LOW
B-007996,C07,2026-09-27,06:00,08:00,1,3,MEDIUM
B-007997,C07,2026-09-27,08:00,10:00,1,4,MEDIUM
B-007998,C07,2026-09-27,10:00,12:00,0,8,HIGH
B-007999,C07,2026-09-27,12:00,14:00,1,0,LOW
B-008000,C07,2026-09-27,14:00,16:00,1,1,LOW
B-008001,C07,2026-09-27,16:00,18:00,0,2,LOW
B-008002,C07,2026-09-27,18:00,20:00,0,5,MEDIUM
B-008003,C07,2026-09-27,20:00,22:00,0,5,MEDIUM
B-008004,C07,2026-09-27,22:00,00:00,1,1,LOW
B-008005,C08,2026-09-27,00:00,02:00,0,1,LOW
B-008006,C08,2026-09-27,02:00,04:00,1,1,LOW
B-008007,C08,2026-09-27,04:00,06:00,1,1,LOW
B-008008,C08,2026-09-27,06:00,08:00,1,3,MEDIUM
B-008009,C08,2026-09-27,08:00,10:00,0,6,HIGH
B-008010,C08,2026-09-27,10:00,12:00,0,5,MEDIUM
B-008011,C08,2026-09-27,12:00,14:00,1,2,LOW
B-008012,C08,2026-09-27,14:00,16:00,1,3,MEDIUM
B-008013,C08,2026-09-27,16:00,18:00,1,1,LOW
B-008014,C08,2026-09-27,18:00,20:00,1,4,MEDIUM
B-008015,C08,2026-09-27,20:00,22:00,0,7,HIGH
B-008016,C08,2026-09-27,22:00,00:00,1,4,MEDIUM
B-008017,C09,2026-09-27,00:00,02:00,1,3,MEDIUM
B-008018,C09,2026-09-27,02:00,04:00,1,3,MEDIUM
B-008019,C09,2026-09-27,04:00,06:00,1,3,MEDIUM
B-008020,C09,2026-09-27,06:00,08:00,1,3,MEDIUM
B-008021,C09,2026-09-27,08:00,10:00,0,6,HIGH
B-008022,C09,2026-09-27,10:00,12:00,0,5,MEDIUM
B-008023,C09,2026-09-27,12:00,14:00,1,1,LOW
B-008024,C09,2026-09-27,14:00,16:00,1,3,MEDIUM
B-008025,C09,2026-09-27,16:00,18:00,0,3,MEDIUM
B-008026,C09,2026-09-27,18:00,20:00,0,5,MEDIUM
B-008027,C09,2026-09-27,20:00,22:00,0,7,HIGH
B-008028,C09,2026-09-27,22:00,00:00,0,5,MEDIUM
B-008029,C10,2026-09-27,00:00,02:00,1,1,LOW
B-008030,C10,2026-09-27,02:00,04:00,1,1,LOW
B-008031,C10,2026-09-27,04:00,06:00,1,2,LOW
B-008032,C10,2026-09-27,06:00,08:00,1,2,LOW
B-008033,C10,2026-09-27,08:00,10:00,0,6,HIGH
B-008034,C10,2026-09-27,10:00,12:00,1,4,MEDIUM
B-008035,C10,2026-09-27,12:00,14:00,1,1,LOW
B-008036,C10,2026-09-27,14:00,16:00,1,1,LOW
B-008037,C10,2026-09-27,16:00,18:00,1,3,MEDIUM
B-008038,C10,2026-09-27,18:00,20:00,0,7,HIGH
B-008039,C10,2026-09-27,20:00,22:00,0,6,HIGH
B-008040,C10,2026-09-27,22:00,00:00,1,1,LOW
B-008041,C11,2026-09-27,00:00,02:00,1,2,LOW
B-008042,C11,2026-09-27,02:00,04:00,1,2,LOW
B-008043,C11,2026-09-27,04:00,06:00,1,1,LOW
B-008044,C11,2026-09-27,06:00,08:00,1,4,MEDIUM
B-008045,C11,2026-09-27,08:00,10:00,0,5,MEDIUM
B-008046,C11,2026-09-27,10:00,12:00,1,2,LOW
B-008047,C11,2026-09-27,12:00,14:00,0,5,MEDIUM
B-008048,C11,2026-09-27,14:00,16:00,1,4,MEDIUM
B-008049,C11,2026-09-27,16:00,18:00,1,2,LOW
B-008050,C11,2026-09-27,18:00,20:00,1,3,MEDIUM
B-008051,C11,2026-09-27,20:00,22:00,1,4,MEDIUM
B-008052,C11,2026-09-27,22:00,00:00,1,3,MEDIUM
B-008053,C12,2026-09-27,00:00,02:00,1,4,MEDIUM
B-008054,C12,2026-09-27,02:00,04:00,1,0,LOW
B-008055,C12,2026-09-27,04:00,06:00,1,0,LOW
B-008056,C12,2026-09-27,06:00,08:00,0,2,LOW
B-008057,C12,2026-09-27,08:00,10:00,0,13,HIGH
B-008058,C12,2026-09-27,10:00,12:00,0,8,HIGH
B-008059,C12,2026-09-27,12:00,14:00,1,2,LOW
B-008060,C12,2026-09-27,14:00,16:00,0,2,LOW
B-008061,C12,2026-09-27,16:00,18:00,1,2,LOW
B-008062,C12,2026-09-27,18:00,20:00,0,9,HIGH
B-008063,C12,2026-09-27,20:00,22:00,1,3,MEDIUM
B-008064,C12,2026-09-27,22:00,00:00,1,2,LOW
B-008065,C13,2026-09-27,00:00,02:00,0,5,MEDIUM
B-008066,C13,2026-09-27,02:00,04:00,1,3,MEDIUM
B-008067,C13,2026-09-27,04:00,06:00,1,1,LOW
B-008068,C13,2026-09-27,06:00,08:00,1,3,MEDIUM
B-008069,C13,2026-09-27,08:00,10:00,0,5,MEDIUM
B-008070,C13,2026-09-27,10:00,12:00,0,9,HIGH
B-008071,C13,2026-09-27,12:00,14:00,1,2,LOW
B-008072,C13,2026-09-27,14:00,16:00,0,4,MEDIUM
B-008073,C13,2026-09-27,16:00,18:00,1,2,LOW
B-008074,C13,2026-09-27,18:00,20:00,1,4,MEDIUM
B-008075,C13,2026-09-27,20:00,22:00,0,7,HIGH
B-008076,C13,2026-09-27,22:00,00:00,1,3,MEDIUM
B-008077,C14,2026-09-27,00:00,02:00,0,1,LOW
B-008078,C14,2026-09-27,02:00,04:00,0,1,LOW
B-008079,C14,2026-09-27,04:00,06:00,1,4,MEDIUM
B-008080,C14,2026-09-27,06:00,08:00,1,1,LOW
B-008081,C14,2026-09-27,08:00,10:00,0,7,HIGH
B-008082,C14,2026-09-27,10:00,12:00,0,6,HIGH
B-008083,C14,2026-09-27,12:00,14:00,0,6,HIGH
B-008084,C14,2026-09-27,14:00,16:00,0,6,HIGH
B-008085,C14,2026-09-27,16:00,18:00,0,2,LOW
B-008086,C14,2026-09-27,18:00,20:00,0,5,MEDIUM
B-008087,C14,2026-09-27,20:00,22:00,0,7,HIGH
B-008088,C14,2026-09-27,22:00,00:00,0,5,MEDIUM
B-008089,C15,2026-09-27,00:00,02:00,1,3,MEDIUM
B-008090,C15,2026-09-27,02:00,04:00,1,0,LOW
B-008091,C15,2026-09-27,04:00,06:00,1,2,LOW
B-008092,C15,2026-09-27,06:00,08:00,1,0,LOW
B-008093,C15,2026-09-27,08:00,10:00,0,7,HIGH
B-008094,C15,2026-09-27,10:00,12:00,0,8,HIGH
B-008095,C15,2026-09-27,12:00,14:00,1,1,LOW
B-008096,C15,2026-09-27,14:00,16:00,0,1,LOW
B-008097,C15,2026-09-27,16:00,18:00,1,1,LOW
B-008098,C15,2026-09-27,18:00,20:00,0,9,HIGH
B-008099,C15,2026-09-27,20:00,22:00,0,5,MEDIUM
B-008100,C15,2026-09-27,22:00,00:00,1,1,LOW
B-008101,C16,2026-09-27,00:00,02:00,1,2,LOW
B-008102,C16,2026-09-27,02:00,04:00,1,1,LOW
B-008103,C16,2026-09-27,04:00,06:00,1,1,LOW
B-008104,C16,2026-09-27,06:00,08:00,0,4,MEDIUM
B-008105,C16,2026-09-27,08:00,10:00,0,7,HIGH
B-008106,C16,2026-09-27,10:00,12:00,0,6,HIGH
B-008107,C16,2026-09-27,12:00,14:00,1,2,LOW
B-008108,C16,2026-09-27,14:00,16:00,1,2,LOW
B-008109,C16,2026-09-27,16:00,18:00,1,1,LOW
B-008110,C16,2026-09-27,18:00,20:00,1,4,MEDIUM
B-008111,C16,2026-09-27,20:00,22:00,0,7,HIGH
B-008112,C16,2026-09-27,22:00,00:00,1,3,MEDIUM
B-008113,C17,2026-09-27,00:00,02:00,0,1,LOW
B-008114,C17,2026-09-27,02:00,04:00,1,4,MEDIUM
B-008115,C17,2026-09-27,04:00,06:00,0,5,MEDIUM
B-008116,C17,2026-09-27,06:00,08:00,1,2,LOW
B-008117,C17,2026-09-27,08:00,10:00,0,9,HIGH
B-008118,C17,2026-09-27,10:00,12:00,0,8,HIGH
B-008119,C17,2026-09-27,12:00,14:00,0,5,MEDIUM
B-008120,C17,2026-09-27,14:00,16:00,0,3,MEDIUM
B-008121,C17,2026-09-27,16:00,18:00,0,2,LOW
B-008122,C17,2026-09-27,18:00,20:00,0,10,HIGH
B-008123,C17,2026-09-27,20:00,22:00,1,4,MEDIUM
B-008124,C17,2026-09-27,22:00,00:00,1,1,LOW
B-008125,C18,2026-09-27,00:00,02:00,1,1,LOW
B-008126,C18,2026-09-27,02:00,04:00,0,5,MEDIUM
B-008127,C18,2026-09-27,04:00,06:00,1,1,LOW
B-008128,C18,2026-09-27,06:00,08:00,1,0,LOW
B-008129,C18,2026-09-27,08:00,10:00,0,8,HIGH
B-008130,C18,2026-09-27,10:00,12:00,0,7,HIGH
B-008131,C18,2026-09-27,12:00,14:00,0,6,HIGH
B-008132,C18,2026-09-27,14:00,16:00,1,1,LOW
B-008133,C18,2026-09-27,16:00,18:00,1,4,MEDIUM
B-008134,C18,2026-09-27,18:00,20:00,0,11,HIGH
B-008135,C18,2026-09-27,20:00,22:00,0,5,MEDIUM
B-008136,C18,2026-09-27,22:00,00:00,1,4,MEDIUM
B-008137,C19,2026-09-27,00:00,02:00,1,4,MEDIUM
B-008138,C19,2026-09-27,02:00,04:00,1,3,MEDIUM
B-008139,C19,2026-09-27,04:00,06:00,0,1,LOW
B-008140,C19,2026-09-27,06:00,08:00,1,4,MEDIUM
B-008141,C19,2026-09-27,08:00,10:00,0,7,HIGH
B-008142,C19,2026-09-27,10:00,12:00,0,6,HIGH
B-008143,C19,2026-09-27,12:00,14:00,0,4,MEDIUM
B-008144,C19,2026-09-27,14:00,16:00,1,2,LOW
B-008145,C19,2026-09-27,16:00,18:00,0,5,MEDIUM
B-008146,C19,2026-09-27,18:00,20:00,0,10,HIGH
B-008147,C19,2026-09-27,20:00,22:00,0,8,HIGH
B-008148,C19,2026-09-27,22:00,00:00,1,0,LOW
B-008149,C20,2026-09-27,00:00,02:00,1,1,LOW
B-008150,C20,2026-09-27,02:00,04:00,1,2,LOW
B-008151,C20,2026-09-27,04:00,06:00,1,0,LOW
B-008152,C20,2026-09-27,06:00,08:00,1,0,LOW
B-008153,C20,2026-09-27,08:00,10:00,0,5,MEDIUM
B-008154,C20,2026-09-27,10:00,12:00,0,7,HIGH
B-008155,C20,2026-09-27,12:00,14:00,0,3,MEDIUM
B-008156,C20,2026-09-27,14:00,16:00,1,1,LOW
B-008157,C20,2026-09-27,16:00,18:00,0,6,HIGH
B-008158,C20,2026-09-27,18:00,20:00,0,7,HIGH
B-008159,C20,2026-09-27,20:00,22:00,0,9,HIGH
B-008160,C20,2026-09-27,22:00,00:00,1,4,MEDIUM
B-008161,C01,2026-09-28,00:00,02:00,1,3,MEDIUM
B-008162,C01,2026-09-28,02:00,04:00,0,3,MEDIUM
B-008163,C01,2026-09-28,04:00,06:00,1,1,LOW
B-008164,C01,2026-09-28,06:00,08:00,1,2,LOW
B-008165,C01,2026-09-28,08:00,10:00,0,8,HIGH
B-008166,C01,2026-09-28,10:00,12:00,0,8,HIGH
B-008167,C01,2026-09-28,12:00,14:00,1,4,MEDIUM
B-008168,C01,2026-09-28,14:00,16:00,0,5,MEDIUM
B-008169,C01,2026-09-28,16:00,18:00,1,2,LOW
B-008170,C01,2026-09-28,18:00,20:00,0,5,MEDIUM
B-008171,C01,2026-09-28,20:00,22:00,0,8,HIGH
B-008172,C01,2026-09-28,22:00,00:00,1,2,LOW
B-008173,C02,2026-09-28,00:00,02:00,1,3,MEDIUM
B-008174,C02,2026-09-28,02:00,04:00,1,3,MEDIUM
B-008175,C02,2026-09-28,04:00,06:00,1,2,LOW
B-008176,C02,2026-09-28,06:00,08:00,1,0,LOW
B-008177,C02,2026-09-28,08:00,10:00,0,5,MEDIUM
B-008178,C02,2026-09-28,10:00,12:00,0,10,HIGH
B-008179,C02,2026-09-28,12:00,14:00,1,1,LOW
B-008180,C02,2026-09-28,14:00,16:00,1,2,LOW
B-008181,C02,2026-09-28,16:00,18:00,1,1,LOW
B-008182,C02,2026-09-28,18:00,20:00,0,5,MEDIUM
B-008183,C02,2026-09-28,20:00,22:00,0,8,HIGH
B-008184,C02,2026-09-28,22:00,00:00,1,3,MEDIUM
B-008185,C03,2026-09-28,00:00,02:00,1,1,LOW
B-008186,C03,2026-09-28,02:00,04:00,1,4,MEDIUM
B-008187,C03,2026-09-28,04:00,06:00,1,4,MEDIUM
B-008188,C03,2026-09-28,06:00,08:00,1,1,LOW
B-008189,C03,2026-09-28,08:00,10:00,1,4,MEDIUM
B-008190,C03,2026-09-28,10:00,12:00,0,5,MEDIUM
B-008191,C03,2026-09-28,12:00,14:00,1,3,MEDIUM
B-008192,C03,2026-09-28,14:00,16:00,0,2,LOW
B-008193,C03,2026-09-28,16:00,18:00,1,2,LOW
B-008194,C03,2026-09-28,18:00,20:00,0,8,HIGH
B-008195,C03,2026-09-28,20:00,22:00,0,10,HIGH
B-008196,C03,2026-09-28,22:00,00:00,1,3,MEDIUM
B-008197,C04,2026-09-28,00:00,02:00,1,3,MEDIUM
B-008198,C04,2026-09-28,02:00,04:00,1,2,LOW
B-008199,C04,2026-09-28,04:00,06:00,0,1,LOW
B-008200,C04,2026-09-28,06:00,08:00,1,2,LOW
B-008201,C04,2026-09-28,08:00,10:00,0,7,HIGH
B-008202,C04,2026-09-28,10:00,12:00,0,6,HIGH
B-008203,C04,2026-09-28,12:00,14:00,1,2,LOW
B-008204,C04,2026-09-28,14:00,16:00,1,2,LOW
B-008205,C04,2026-09-28,16:00,18:00,0,5,MEDIUM
B-008206,C04,2026-09-28,18:00,20:00,0,5,MEDIUM
B-008207,C04,2026-09-28,20:00,22:00,0,7,HIGH
B-008208,C04,2026-09-28,22:00,00:00,0,5,MEDIUM
B-008209,C05,2026-09-28,00:00,02:00,1,2,LOW
B-008210,C05,2026-09-28,02:00,04:00,1,3,MEDIUM
B-008211,C05,2026-09-28,04:00,06:00,1,0,LOW
B-008212,C05,2026-09-28,06:00,08:00,1,3,MEDIUM
B-008213,C05,2026-09-28,08:00,10:00,0,5,MEDIUM
B-008214,C05,2026-09-28,10:00,12:00,0,9,HIGH
B-008215,C05,2026-09-28,12:00,14:00,1,1,LOW
B-008216,C05,2026-09-28,14:00,16:00,1,2,LOW
B-008217,C05,2026-09-28,16:00,18:00,1,1,LOW
B-008218,C05,2026-09-28,18:00,20:00,0,5,MEDIUM
B-008219,C05,2026-09-28,20:00,22:00,0,6,HIGH
B-008220,C05,2026-09-28,22:00,00:00,1,3,MEDIUM
B-008221,C06,2026-09-28,00:00,02:00,0,3,MEDIUM
B-008222,C06,2026-09-28,02:00,04:00,0,7,HIGH
B-008223,C06,2026-09-28,04:00,06:00,1,4,MEDIUM
B-008224,C06,2026-09-28,06:00,08:00,1,2,LOW
B-008225,C06,2026-09-28,08:00,10:00,1,4,MEDIUM
B-008226,C06,2026-09-28,10:00,12:00,0,8,HIGH
B-008227,C06,2026-09-28,12:00,14:00,1,3,MEDIUM
B-008228,C06,2026-09-28,14:00,16:00,1,2,LOW
B-008229,C06,2026-09-28,16:00,18:00,1,2,LOW
B-008230,C06,2026-09-28,18:00,20:00,1,4,MEDIUM
B-008231,C06,2026-09-28,20:00,22:00,0,6,HIGH
B-008232,C06,2026-09-28,22:00,00:00,1,0,LOW
B-008233,C07,2026-09-28,00:00,02:00,1,3,MEDIUM
B-008234,C07,2026-09-28,02:00,04:00,1,2,LOW
B-008235,C07,2026-09-28,04:00,06:00,1,3,MEDIUM
B-008236,C07,2026-09-28,06:00,08:00,1,2,LOW
B-008237,C07,2026-09-28,08:00,10:00,0,9,HIGH
B-008238,C07,2026-09-28,10:00,12:00,0,7,HIGH
B-008239,C07,2026-09-28,12:00,14:00,1,4,MEDIUM
B-008240,C07,2026-09-28,14:00,16:00,0,2,LOW
B-008241,C07,2026-09-28,16:00,18:00,1,2,LOW
B-008242,C07,2026-09-28,18:00,20:00,1,4,MEDIUM
B-008243,C07,2026-09-28,20:00,22:00,0,5,MEDIUM
B-008244,C07,2026-09-28,22:00,00:00,1,3,MEDIUM
B-008245,C08,2026-09-28,00:00,02:00,1,2,LOW
B-008246,C08,2026-09-28,02:00,04:00,1,1,LOW
B-008247,C08,2026-09-28,04:00,06:00,1,4,MEDIUM
B-008248,C08,2026-09-28,06:00,08:00,1,2,LOW
B-008249,C08,2026-09-28,08:00,10:00,1,3,MEDIUM
B-008250,C08,2026-09-28,10:00,12:00,0,5,MEDIUM
B-008251,C08,2026-09-28,12:00,14:00,1,4,MEDIUM
B-008252,C08,2026-09-28,14:00,16:00,1,3,MEDIUM
B-008253,C08,2026-09-28,16:00,18:00,0,5,MEDIUM
B-008254,C08,2026-09-28,18:00,20:00,1,3,MEDIUM
B-008255,C08,2026-09-28,20:00,22:00,0,7,HIGH
B-008256,C08,2026-09-28,22:00,00:00,1,3,MEDIUM
B-008257,C09,2026-09-28,00:00,02:00,0,3,MEDIUM
B-008258,C09,2026-09-28,02:00,04:00,0,7,HIGH
B-008259,C09,2026-09-28,04:00,06:00,1,3,MEDIUM
B-008260,C09,2026-09-28,06:00,08:00,0,2,LOW
B-008261,C09,2026-09-28,08:00,10:00,0,7,HIGH
B-008262,C09,2026-09-28,10:00,12:00,0,6,HIGH
B-008263,C09,2026-09-28,12:00,14:00,0,6,HIGH
B-008264,C09,2026-09-28,14:00,16:00,0,1,LOW
B-008265,C09,2026-09-28,16:00,18:00,1,0,LOW
B-008266,C09,2026-09-28,18:00,20:00,0,8,HIGH
B-008267,C09,2026-09-28,20:00,22:00,0,8,HIGH
B-008268,C09,2026-09-28,22:00,00:00,1,1,LOW
B-008269,C10,2026-09-28,00:00,02:00,1,0,LOW
B-008270,C10,2026-09-28,02:00,04:00,1,2,LOW
B-008271,C10,2026-09-28,04:00,06:00,0,5,MEDIUM
B-008272,C10,2026-09-28,06:00,08:00,1,2,LOW
B-008273,C10,2026-09-28,08:00,10:00,0,6,HIGH
B-008274,C10,2026-09-28,10:00,12:00,0,9,HIGH
B-008275,C10,2026-09-28,12:00,14:00,1,3,MEDIUM
B-008276,C10,2026-09-28,14:00,16:00,0,1,LOW
B-008277,C10,2026-09-28,16:00,18:00,1,2,LOW
B-008278,C10,2026-09-28,18:00,20:00,0,6,HIGH
B-008279,C10,2026-09-28,20:00,22:00,0,6,HIGH
B-008280,C10,2026-09-28,22:00,00:00,0,1,LOW
B-008281,C11,2026-09-28,00:00,02:00,0,5,MEDIUM
B-008282,C11,2026-09-28,02:00,04:00,0,5,MEDIUM
B-008283,C11,2026-09-28,04:00,06:00,1,4,MEDIUM
B-008284,C11,2026-09-28,06:00,08:00,0,2,LOW
B-008285,C11,2026-09-28,08:00,10:00,0,6,HIGH
B-008286,C11,2026-09-28,10:00,12:00,1,3,MEDIUM
B-008287,C11,2026-09-28,12:00,14:00,0,2,LOW
B-008288,C11,2026-09-28,14:00,16:00,1,4,MEDIUM
B-008289,C11,2026-09-28,16:00,18:00,1,1,LOW
B-008290,C11,2026-09-28,18:00,20:00,0,5,MEDIUM
B-008291,C11,2026-09-28,20:00,22:00,1,4,MEDIUM
B-008292,C11,2026-09-28,22:00,00:00,1,0,LOW
B-008293,C12,2026-09-28,00:00,02:00,1,1,LOW
B-008294,C12,2026-09-28,02:00,04:00,1,1,LOW
B-008295,C12,2026-09-28,04:00,06:00,1,1,LOW
B-008296,C12,2026-09-28,06:00,08:00,0,0,LOW
B-008297,C12,2026-09-28,08:00,10:00,0,10,HIGH
B-008298,C12,2026-09-28,10:00,12:00,0,5,MEDIUM
B-008299,C12,2026-09-28,12:00,14:00,0,2,LOW
B-008300,C12,2026-09-28,14:00,16:00,1,0,LOW
B-008301,C12,2026-09-28,16:00,18:00,0,3,MEDIUM
B-008302,C12,2026-09-28,18:00,20:00,0,9,HIGH
B-008303,C12,2026-09-28,20:00,22:00,0,6,HIGH
B-008304,C12,2026-09-28,22:00,00:00,1,4,MEDIUM
B-008305,C13,2026-09-28,00:00,02:00,1,4,MEDIUM
B-008306,C13,2026-09-28,02:00,04:00,1,0,LOW
B-008307,C13,2026-09-28,04:00,06:00,0,3,MEDIUM
B-008308,C13,2026-09-28,06:00,08:00,1,2,LOW
B-008309,C13,2026-09-28,08:00,10:00,0,8,HIGH
B-008310,C13,2026-09-28,10:00,12:00,1,3,MEDIUM
B-008311,C13,2026-09-28,12:00,14:00,1,2,LOW
B-008312,C13,2026-09-28,14:00,16:00,0,3,MEDIUM
B-008313,C13,2026-09-28,16:00,18:00,1,4,MEDIUM
B-008314,C13,2026-09-28,18:00,20:00,0,5,MEDIUM
B-008315,C13,2026-09-28,20:00,22:00,0,7,HIGH
B-008316,C13,2026-09-28,22:00,00:00,1,2,LOW
B-008317,C14,2026-09-28,00:00,02:00,1,4,MEDIUM
B-008318,C14,2026-09-28,02:00,04:00,1,2,LOW
B-008319,C14,2026-09-28,04:00,06:00,1,0,LOW
B-008320,C14,2026-09-28,06:00,08:00,1,3,MEDIUM
B-008321,C14,2026-09-28,08:00,10:00,0,6,HIGH
B-008322,C14,2026-09-28,10:00,12:00,1,4,MEDIUM
B-008323,C14,2026-09-28,12:00,14:00,1,1,LOW
B-008324,C14,2026-09-28,14:00,16:00,1,1,LOW
B-008325,C14,2026-09-28,16:00,18:00,1,4,MEDIUM
B-008326,C14,2026-09-28,18:00,20:00,1,3,MEDIUM
B-008327,C14,2026-09-28,20:00,22:00,1,2,LOW
B-008328,C14,2026-09-28,22:00,00:00,1,0,LOW
B-008329,C15,2026-09-28,00:00,02:00,1,2,LOW
B-008330,C15,2026-09-28,02:00,04:00,0,3,MEDIUM
B-008331,C15,2026-09-28,04:00,06:00,1,4,MEDIUM
B-008332,C15,2026-09-28,06:00,08:00,0,7,HIGH
B-008333,C15,2026-09-28,08:00,10:00,0,5,MEDIUM
B-008334,C15,2026-09-28,10:00,12:00,1,3,MEDIUM
B-008335,C15,2026-09-28,12:00,14:00,1,2,LOW
B-008336,C15,2026-09-28,14:00,16:00,1,3,MEDIUM
B-008337,C15,2026-09-28,16:00,18:00,1,1,LOW
B-008338,C15,2026-09-28,18:00,20:00,0,7,HIGH
B-008339,C15,2026-09-28,20:00,22:00,0,6,HIGH
B-008340,C15,2026-09-28,22:00,00:00,0,5,MEDIUM
B-008341,C16,2026-09-28,00:00,02:00,0,7,HIGH
B-008342,C16,2026-09-28,02:00,04:00,1,0,LOW
B-008343,C16,2026-09-28,04:00,06:00,1,1,LOW
B-008344,C16,2026-09-28,06:00,08:00,1,1,LOW
B-008345,C16,2026-09-28,08:00,10:00,0,9,HIGH
B-008346,C16,2026-09-28,10:00,12:00,0,7,HIGH
B-008347,C16,2026-09-28,12:00,14:00,1,3,MEDIUM
B-008348,C16,2026-09-28,14:00,16:00,1,3,MEDIUM
B-008349,C16,2026-09-28,16:00,18:00,1,4,MEDIUM
B-008350,C16,2026-09-28,18:00,20:00,1,3,MEDIUM
B-008351,C16,2026-09-28,20:00,22:00,1,4,MEDIUM
B-008352,C16,2026-09-28,22:00,00:00,1,3,MEDIUM
B-008353,C17,2026-09-28,00:00,02:00,1,4,MEDIUM
B-008354,C17,2026-09-28,02:00,04:00,1,3,MEDIUM
B-008355,C17,2026-09-28,04:00,06:00,0,4,MEDIUM
B-008356,C17,2026-09-28,06:00,08:00,1,2,LOW
B-008357,C17,2026-09-28,08:00,10:00,0,5,MEDIUM
B-008358,C17,2026-09-28,10:00,12:00,0,6,HIGH
B-008359,C17,2026-09-28,12:00,14:00,1,4,MEDIUM
B-008360,C17,2026-09-28,14:00,16:00,0,5,MEDIUM
B-008361,C17,2026-09-28,16:00,18:00,1,2,LOW
B-008362,C17,2026-09-28,18:00,20:00,0,6,HIGH
B-008363,C17,2026-09-28,20:00,22:00,0,6,HIGH
B-008364,C17,2026-09-28,22:00,00:00,1,1,LOW
B-008365,C18,2026-09-28,00:00,02:00,1,2,LOW
B-008366,C18,2026-09-28,02:00,04:00,1,2,LOW
B-008367,C18,2026-09-28,04:00,06:00,1,2,LOW
B-008368,C18,2026-09-28,06:00,08:00,1,2,LOW
B-008369,C18,2026-09-28,08:00,10:00,0,10,HIGH
B-008370,C18,2026-09-28,10:00,12:00,0,5,MEDIUM
B-008371,C18,2026-09-28,12:00,14:00,1,2,LOW
B-008372,C18,2026-09-28,14:00,16:00,1,4,MEDIUM
B-008373,C18,2026-09-28,16:00,18:00,1,1,LOW
B-008374,C18,2026-09-28,18:00,20:00,0,6,HIGH
B-008375,C18,2026-09-28,20:00,22:00,1,4,MEDIUM
B-008376,C18,2026-09-28,22:00,00:00,1,3,MEDIUM
B-008377,C19,2026-09-28,00:00,02:00,1,1,LOW
B-008378,C19,2026-09-28,02:00,04:00,1,3,MEDIUM
B-008379,C19,2026-09-28,04:00,06:00,1,0,LOW
B-008380,C19,2026-09-28,06:00,08:00,1,1,LOW
B-008381,C19,2026-09-28,08:00,10:00,0,6,HIGH
B-008382,C19,2026-09-28,10:00,12:00,0,5,MEDIUM
B-008383,C19,2026-09-28,12:00,14:00,1,3,MEDIUM
B-008384,C19,2026-09-28,14:00,16:00,1,2,LOW
B-008385,C19,2026-09-28,16:00,18:00,1,3,MEDIUM
B-008386,C19,2026-09-28,18:00,20:00,0,5,MEDIUM
B-008387,C19,2026-09-28,20:00,22:00,0,5,MEDIUM
B-008388,C19,2026-09-28,22:00,00:00,1,2,LOW
B-008389,C20,2026-09-28,00:00,02:00,1,2,LOW
B-008390,C20,2026-09-28,02:00,04:00,1,4,MEDIUM
B-008391,C20,2026-09-28,04:00,06:00,1,0,LOW
B-008392,C20,2026-09-28,06:00,08:00,1,0,LOW
B-008393,C20,2026-09-28,08:00,10:00,0,5,MEDIUM
B-008394,C20,2026-09-28,10:00,12:00,0,5,MEDIUM
B-008395,C20,2026-09-28,12:00,14:00,1,1,LOW
B-008396,C20,2026-09-28,14:00,16:00,0,6,HIGH
B-008397,C20,2026-09-28,16:00,18:00,1,4,MEDIUM
B-008398,C20,2026-09-28,18:00,20:00,0,7,HIGH
B-008399,C20,2026-09-28,20:00,22:00,0,6,HIGH
B-008400,C20,2026-09-28,22:00,00:00,1,2,LOW
B-008401,C01,2026-09-29,00:00,02:00,1,0,LOW
B-008402,C01,2026-09-29,02:00,04:00,1,1,LOW
B-008403,C01,2026-09-29,04:00,06:00,0,6,HIGH
B-008404,C01,2026-09-29,06:00,08:00,0,5,MEDIUM
B-008405,C01,2026-09-29,08:00,10:00,0,7,HIGH
B-008406,C01,2026-09-29,10:00,12:00,0,4,MEDIUM
B-008407,C01,2026-09-29,12:00,14:00,1,2,LOW
B-008408,C01,2026-09-29,14:00,16:00,1,1,LOW
B-008409,C01,2026-09-29,16:00,18:00,1,0,LOW
B-008410,C01,2026-09-29,18:00,20:00,1,4,MEDIUM
B-008411,C01,2026-09-29,20:00,22:00,0,8,HIGH
B-008412,C01,2026-09-29,22:00,00:00,0,2,LOW
B-008413,C02,2026-09-29,00:00,02:00,1,4,MEDIUM
B-008414,C02,2026-09-29,02:00,04:00,1,3,MEDIUM
B-008415,C02,2026-09-29,04:00,06:00,1,2,LOW
B-008416,C02,2026-09-29,06:00,08:00,1,4,MEDIUM
B-008417,C02,2026-09-29,08:00,10:00,0,8,HIGH
B-008418,C02,2026-09-29,10:00,12:00,0,5,MEDIUM
B-008419,C02,2026-09-29,12:00,14:00,1,0,LOW
B-008420,C02,2026-09-29,14:00,16:00,0,5,MEDIUM
B-008421,C02,2026-09-29,16:00,18:00,1,2,LOW
B-008422,C02,2026-09-29,18:00,20:00,0,6,HIGH
B-008423,C02,2026-09-29,20:00,22:00,0,7,HIGH
B-008424,C02,2026-09-29,22:00,00:00,1,3,MEDIUM
B-008425,C03,2026-09-29,00:00,02:00,1,3,MEDIUM
B-008426,C03,2026-09-29,02:00,04:00,1,4,MEDIUM
B-008427,C03,2026-09-29,04:00,06:00,1,3,MEDIUM
B-008428,C03,2026-09-29,06:00,08:00,0,1,LOW
B-008429,C03,2026-09-29,08:00,10:00,0,4,MEDIUM
B-008430,C03,2026-09-29,10:00,12:00,0,9,HIGH
B-008431,C03,2026-09-29,12:00,14:00,1,4,MEDIUM
B-008432,C03,2026-09-29,14:00,16:00,1,3,MEDIUM
B-008433,C03,2026-09-29,16:00,18:00,1,2,LOW
B-008434,C03,2026-09-29,18:00,20:00,0,10,HIGH
B-008435,C03,2026-09-29,20:00,22:00,0,6,HIGH
B-008436,C03,2026-09-29,22:00,00:00,1,3,MEDIUM
B-008437,C04,2026-09-29,00:00,02:00,1,2,LOW
B-008438,C04,2026-09-29,02:00,04:00,1,2,LOW
B-008439,C04,2026-09-29,04:00,06:00,1,3,MEDIUM
B-008440,C04,2026-09-29,06:00,08:00,1,2,LOW
B-008441,C04,2026-09-29,08:00,10:00,1,3,MEDIUM
B-008442,C04,2026-09-29,10:00,12:00,0,8,HIGH
B-008443,C04,2026-09-29,12:00,14:00,1,3,MEDIUM
B-008444,C04,2026-09-29,14:00,16:00,1,4,MEDIUM
B-008445,C04,2026-09-29,16:00,18:00,1,4,MEDIUM
B-008446,C04,2026-09-29,18:00,20:00,0,5,MEDIUM
B-008447,C04,2026-09-29,20:00,22:00,0,7,HIGH
B-008448,C04,2026-09-29,22:00,00:00,1,0,LOW
B-008449,C05,2026-09-29,00:00,02:00,1,3,MEDIUM
B-008450,C05,2026-09-29,02:00,04:00,1,2,LOW
B-008451,C05,2026-09-29,04:00,06:00,1,2,LOW
B-008452,C05,2026-09-29,06:00,08:00,0,0,LOW
B-008453,C05,2026-09-29,08:00,10:00,0,7,HIGH
B-008454,C05,2026-09-29,10:00,12:00,0,5,MEDIUM
B-008455,C05,2026-09-29,12:00,14:00,0,5,MEDIUM
B-008456,C05,2026-09-29,14:00,16:00,1,1,LOW
B-008457,C05,2026-09-29,16:00,18:00,1,3,MEDIUM
B-008458,C05,2026-09-29,18:00,20:00,0,8,HIGH
B-008459,C05,2026-09-29,20:00,22:00,1,4,MEDIUM
B-008460,C05,2026-09-29,22:00,00:00,1,2,LOW
B-008461,C06,2026-09-29,00:00,02:00,1,1,LOW
B-008462,C06,2026-09-29,02:00,04:00,1,2,LOW
B-008463,C06,2026-09-29,04:00,06:00,1,1,LOW
B-008464,C06,2026-09-29,06:00,08:00,1,3,MEDIUM
B-008465,C06,2026-09-29,08:00,10:00,0,5,MEDIUM
B-008466,C06,2026-09-29,10:00,12:00,1,4,MEDIUM
B-008467,C06,2026-09-29,12:00,14:00,1,1,LOW
B-008468,C06,2026-09-29,14:00,16:00,1,1,LOW
B-008469,C06,2026-09-29,16:00,18:00,0,5,MEDIUM
B-008470,C06,2026-09-29,18:00,20:00,0,4,MEDIUM
B-008471,C06,2026-09-29,20:00,22:00,0,5,MEDIUM
B-008472,C06,2026-09-29,22:00,00:00,1,4,MEDIUM
B-008473,C07,2026-09-29,00:00,02:00,1,1,LOW
B-008474,C07,2026-09-29,02:00,04:00,1,2,LOW
B-008475,C07,2026-09-29,04:00,06:00,0,5,MEDIUM
B-008476,C07,2026-09-29,06:00,08:00,1,4,MEDIUM
B-008477,C07,2026-09-29,08:00,10:00,0,9,HIGH
B-008478,C07,2026-09-29,10:00,12:00,0,6,HIGH
B-008479,C07,2026-09-29,12:00,14:00,1,0,LOW
B-008480,C07,2026-09-29,14:00,16:00,1,1,LOW
B-008481,C07,2026-09-29,16:00,18:00,0,5,MEDIUM
B-008482,C07,2026-09-29,18:00,20:00,0,7,HIGH
B-008483,C07,2026-09-29,20:00,22:00,1,4,MEDIUM
B-008484,C07,2026-09-29,22:00,00:00,1,3,MEDIUM
B-008485,C08,2026-09-29,00:00,02:00,0,6,HIGH
B-008486,C08,2026-09-29,02:00,04:00,1,1,LOW
B-008487,C08,2026-09-29,04:00,06:00,1,3,MEDIUM
B-008488,C08,2026-09-29,06:00,08:00,1,0,LOW
B-008489,C08,2026-09-29,08:00,10:00,0,7,HIGH
B-008490,C08,2026-09-29,10:00,12:00,0,10,HIGH
B-008491,C08,2026-09-29,12:00,14:00,1,1,LOW
B-008492,C08,2026-09-29,14:00,16:00,1,1,LOW
B-008493,C08,2026-09-29,16:00,18:00,1,4,MEDIUM
B-008494,C08,2026-09-29,18:00,20:00,0,7,HIGH
B-008495,C08,2026-09-29,20:00,22:00,0,5,MEDIUM
B-008496,C08,2026-09-29,22:00,00:00,1,0,LOW
B-008497,C09,2026-09-29,00:00,02:00,1,2,LOW
B-008498,C09,2026-09-29,02:00,04:00,1,2,LOW
B-008499,C09,2026-09-29,04:00,06:00,1,2,LOW
B-008500,C09,2026-09-29,06:00,08:00,1,1,LOW
B-008501,C09,2026-09-29,08:00,10:00,0,5,MEDIUM
B-008502,C09,2026-09-29,10:00,12:00,1,3,MEDIUM
B-008503,C09,2026-09-29,12:00,14:00,1,1,LOW
B-008504,C09,2026-09-29,14:00,16:00,1,0,LOW
B-008505,C09,2026-09-29,16:00,18:00,1,2,LOW
B-008506,C09,2026-09-29,18:00,20:00,1,3,MEDIUM
B-008507,C09,2026-09-29,20:00,22:00,1,2,LOW
B-008508,C09,2026-09-29,22:00,00:00,1,1,LOW
B-008509,C10,2026-09-29,00:00,02:00,1,1,LOW
B-008510,C10,2026-09-29,02:00,04:00,0,3,MEDIUM
B-008511,C10,2026-09-29,04:00,06:00,1,1,LOW
B-008512,C10,2026-09-29,06:00,08:00,1,0,LOW
B-008513,C10,2026-09-29,08:00,10:00,0,8,HIGH
B-008514,C10,2026-09-29,10:00,12:00,0,10,HIGH
B-008515,C10,2026-09-29,12:00,14:00,1,0,LOW
B-008516,C10,2026-09-29,14:00,16:00,1,1,LOW
B-008517,C10,2026-09-29,16:00,18:00,1,0,LOW
B-008518,C10,2026-09-29,18:00,20:00,0,6,HIGH
B-008519,C10,2026-09-29,20:00,22:00,0,5,MEDIUM
B-008520,C10,2026-09-29,22:00,00:00,1,4,MEDIUM
B-008521,C11,2026-09-29,00:00,02:00,0,6,HIGH
B-008522,C11,2026-09-29,02:00,04:00,1,2,LOW
B-008523,C11,2026-09-29,04:00,06:00,1,2,LOW
B-008524,C11,2026-09-29,06:00,08:00,1,3,MEDIUM
B-008525,C11,2026-09-29,08:00,10:00,0,6,HIGH
B-008526,C11,2026-09-29,10:00,12:00,0,6,HIGH
B-008527,C11,2026-09-29,12:00,14:00,0,6,HIGH
B-008528,C11,2026-09-29,14:00,16:00,1,1,LOW
B-008529,C11,2026-09-29,16:00,18:00,1,0,LOW
B-008530,C11,2026-09-29,18:00,20:00,0,5,MEDIUM
B-008531,C11,2026-09-29,20:00,22:00,0,6,HIGH
B-008532,C11,2026-09-29,22:00,00:00,0,5,MEDIUM
B-008533,C12,2026-09-29,00:00,02:00,1,3,MEDIUM
B-008534,C12,2026-09-29,02:00,04:00,1,2,LOW
B-008535,C12,2026-09-29,04:00,06:00,0,3,MEDIUM
B-008536,C12,2026-09-29,06:00,08:00,1,1,LOW
B-008537,C12,2026-09-29,08:00,10:00,0,5,MEDIUM
B-008538,C12,2026-09-29,10:00,12:00,0,8,HIGH
B-008539,C12,2026-09-29,12:00,14:00,1,3,MEDIUM
B-008540,C12,2026-09-29,14:00,16:00,1,1,LOW
B-008541,C12,2026-09-29,16:00,18:00,1,1,LOW
B-008542,C12,2026-09-29,18:00,20:00,1,4,MEDIUM
B-008543,C12,2026-09-29,20:00,22:00,0,6,HIGH
B-008544,C12,2026-09-29,22:00,00:00,1,4,MEDIUM
B-008545,C13,2026-09-29,00:00,02:00,1,1,LOW
B-008546,C13,2026-09-29,02:00,04:00,1,2,LOW
B-008547,C13,2026-09-29,04:00,06:00,1,4,MEDIUM
B-008548,C13,2026-09-29,06:00,08:00,1,3,MEDIUM
B-008549,C13,2026-09-29,08:00,10:00,0,5,MEDIUM
B-008550,C13,2026-09-29,10:00,12:00,0,7,HIGH
B-008551,C13,2026-09-29,12:00,14:00,0,5,MEDIUM
B-008552,C13,2026-09-29,14:00,16:00,1,2,LOW
B-008553,C13,2026-09-29,16:00,18:00,1,4,MEDIUM
B-008554,C13,2026-09-29,18:00,20:00,0,6,HIGH
B-008555,C13,2026-09-29,20:00,22:00,0,5,MEDIUM
B-008556,C13,2026-09-29,22:00,00:00,1,1,LOW
B-008557,C14,2026-09-29,00:00,02:00,1,2,LOW
B-008558,C14,2026-09-29,02:00,04:00,1,2,LOW
B-008559,C14,2026-09-29,04:00,06:00,0,5,MEDIUM
B-008560,C14,2026-09-29,06:00,08:00,1,2,LOW
B-008561,C14,2026-09-29,08:00,10:00,0,5,MEDIUM
B-008562,C14,2026-09-29,10:00,12:00,0,7,HIGH
B-008563,C14,2026-09-29,12:00,14:00,1,2,LOW
B-008564,C14,2026-09-29,14:00,16:00,0,5,MEDIUM
B-008565,C14,2026-09-29,16:00,18:00,1,1,LOW
B-008566,C14,2026-09-29,18:00,20:00,0,5,MEDIUM
B-008567,C14,2026-09-29,20:00,22:00,0,7,HIGH
B-008568,C14,2026-09-29,22:00,00:00,1,3,MEDIUM
B-008569,C15,2026-09-29,00:00,02:00,1,3,MEDIUM
B-008570,C15,2026-09-29,02:00,04:00,0,5,MEDIUM
B-008571,C15,2026-09-29,04:00,06:00,1,1,LOW
B-008572,C15,2026-09-29,06:00,08:00,1,3,MEDIUM
B-008573,C15,2026-09-29,08:00,10:00,0,9,HIGH
B-008574,C15,2026-09-29,10:00,12:00,0,6,HIGH
B-008575,C15,2026-09-29,12:00,14:00,0,5,MEDIUM
B-008576,C15,2026-09-29,14:00,16:00,1,2,LOW
B-008577,C15,2026-09-29,16:00,18:00,1,4,MEDIUM
B-008578,C15,2026-09-29,18:00,20:00,1,4,MEDIUM
B-008579,C15,2026-09-29,20:00,22:00,0,4,MEDIUM
B-008580,C15,2026-09-29,22:00,00:00,0,5,MEDIUM
B-008581,C16,2026-09-29,00:00,02:00,1,4,MEDIUM
B-008582,C16,2026-09-29,02:00,04:00,1,1,LOW
B-008583,C16,2026-09-29,04:00,06:00,1,3,MEDIUM
B-008584,C16,2026-09-29,06:00,08:00,1,3,MEDIUM
B-008585,C16,2026-09-29,08:00,10:00,1,3,MEDIUM
B-008586,C16,2026-09-29,10:00,12:00,1,3,MEDIUM
B-008587,C16,2026-09-29,12:00,14:00,1,1,LOW
B-008588,C16,2026-09-29,14:00,16:00,0,6,HIGH
B-008589,C16,2026-09-29,16:00,18:00,1,3,MEDIUM
B-008590,C16,2026-09-29,18:00,20:00,0,5,MEDIUM
B-008591,C16,2026-09-29,20:00,22:00,0,6,HIGH
B-008592,C16,2026-09-29,22:00,00:00,1,2,LOW
B-008593,C17,2026-09-29,00:00,02:00,1,2,LOW
B-008594,C17,2026-09-29,02:00,04:00,1,3,MEDIUM
B-008595,C17,2026-09-29,04:00,06:00,1,2,LOW
B-008596,C17,2026-09-29,06:00,08:00,1,4,MEDIUM
B-008597,C17,2026-09-29,08:00,10:00,0,8,HIGH
B-008598,C17,2026-09-29,10:00,12:00,0,6,HIGH
B-008599,C17,2026-09-29,12:00,14:00,1,4,MEDIUM
B-008600,C17,2026-09-29,14:00,16:00,1,2,LOW
B-008601,C17,2026-09-29,16:00,18:00,1,3,MEDIUM
B-008602,C17,2026-09-29,18:00,20:00,0,5,MEDIUM
B-008603,C17,2026-09-29,20:00,22:00,0,8,HIGH
B-008604,C17,2026-09-29,22:00,00:00,0,6,HIGH
B-008605,C18,2026-09-29,00:00,02:00,0,1,LOW
B-008606,C18,2026-09-29,02:00,04:00,1,3,MEDIUM
B-008607,C18,2026-09-29,04:00,06:00,1,4,MEDIUM
B-008608,C18,2026-09-29,06:00,08:00,1,1,LOW
B-008609,C18,2026-09-29,08:00,10:00,0,9,HIGH
B-008610,C18,2026-09-29,10:00,12:00,1,3,MEDIUM
B-008611,C18,2026-09-29,12:00,14:00,1,3,MEDIUM
B-008612,C18,2026-09-29,14:00,16:00,1,3,MEDIUM
B-008613,C18,2026-09-29,16:00,18:00,1,1,LOW
B-008614,C18,2026-09-29,18:00,20:00,0,5,MEDIUM
B-008615,C18,2026-09-29,20:00,22:00,0,8,HIGH
B-008616,C18,2026-09-29,22:00,00:00,1,2,LOW
B-008617,C19,2026-09-29,00:00,02:00,1,3,MEDIUM
B-008618,C19,2026-09-29,02:00,04:00,1,4,MEDIUM
B-008619,C19,2026-09-29,04:00,06:00,1,4,MEDIUM
B-008620,C19,2026-09-29,06:00,08:00,1,4,MEDIUM
B-008621,C19,2026-09-29,08:00,10:00,0,5,MEDIUM
B-008622,C19,2026-09-29,10:00,12:00,0,6,HIGH
B-008623,C19,2026-09-29,12:00,14:00,1,2,LOW
B-008624,C19,2026-09-29,14:00,16:00,1,2,LOW
B-008625,C19,2026-09-29,16:00,18:00,0,5,MEDIUM
B-008626,C19,2026-09-29,18:00,20:00,1,3,MEDIUM
B-008627,C19,2026-09-29,20:00,22:00,0,4,MEDIUM
B-008628,C19,2026-09-29,22:00,00:00,1,2,LOW
B-008629,C20,2026-09-29,00:00,02:00,1,1,LOW
B-008630,C20,2026-09-29,02:00,04:00,1,3,MEDIUM
B-008631,C20,2026-09-29,04:00,06:00,1,3,MEDIUM
B-008632,C20,2026-09-29,06:00,08:00,1,4,MEDIUM
B-008633,C20,2026-09-29,08:00,10:00,1,4,MEDIUM
B-008634,C20,2026-09-29,10:00,12:00,0,6,HIGH
B-008635,C20,2026-09-29,12:00,14:00,1,2,LOW
B-008636,C20,2026-09-29,14:00,16:00,1,3,MEDIUM
B-008637,C20,2026-09-29,16:00,18:00,1,3,MEDIUM
B-008638,C20,2026-09-29,18:00,20:00,1,2,LOW
B-008639,C20,2026-09-29,20:00,22:00,0,5,MEDIUM
B-008640,C20,2026-09-29,22:00,00:00,0,5,MEDIUM
B-008641,C01,2026-09-30,00:00,02:00,1,2,LOW
B-008642,C01,2026-09-30,02:00,04:00,0,1,LOW
B-008643,C01,2026-09-30,04:00,06:00,1,0,LOW
B-008644,C01,2026-09-30,06:00,08:00,0,5,MEDIUM
B-008645,C01,2026-09-30,08:00,10:00,0,7,HIGH
B-008646,C01,2026-09-30,10:00,12:00,0,6,HIGH
B-008647,C01,2026-09-30,12:00,14:00,1,2,LOW
B-008648,C01,2026-09-30,14:00,16:00,1,1,LOW
B-008649,C01,2026-09-30,16:00,18:00,1,2,LOW
B-008650,C01,2026-09-30,18:00,20:00,0,6,HIGH
B-008651,C01,2026-09-30,20:00,22:00,0,9,HIGH
B-008652,C01,2026-09-30,22:00,00:00,1,3,MEDIUM
B-008653,C02,2026-09-30,00:00,02:00,1,4,MEDIUM
B-008654,C02,2026-09-30,02:00,04:00,1,3,MEDIUM
B-008655,C02,2026-09-30,04:00,06:00,1,3,MEDIUM
B-008656,C02,2026-09-30,06:00,08:00,1,2,LOW
B-008657,C02,2026-09-30,08:00,10:00,1,4,MEDIUM
B-008658,C02,2026-09-30,10:00,12:00,0,9,HIGH
B-008659,C02,2026-09-30,12:00,14:00,0,6,HIGH
B-008660,C02,2026-09-30,14:00,16:00,1,4,MEDIUM
B-008661,C02,2026-09-30,16:00,18:00,1,1,LOW
B-008662,C02,2026-09-30,18:00,20:00,1,3,MEDIUM
B-008663,C02,2026-09-30,20:00,22:00,0,5,MEDIUM
B-008664,C02,2026-09-30,22:00,00:00,0,5,MEDIUM
B-008665,C03,2026-09-30,00:00,02:00,1,2,LOW
B-008666,C03,2026-09-30,02:00,04:00,1,2,LOW
B-008667,C03,2026-09-30,04:00,06:00,1,2,LOW
B-008668,C03,2026-09-30,06:00,08:00,1,4,MEDIUM
B-008669,C03,2026-09-30,08:00,10:00,0,6,HIGH
B-008670,C03,2026-09-30,10:00,12:00,0,6,HIGH
B-008671,C03,2026-09-30,12:00,14:00,1,2,LOW
B-008672,C03,2026-09-30,14:00,16:00,1,2,LOW
B-008673,C03,2026-09-30,16:00,18:00,0,5,MEDIUM
B-008674,C03,2026-09-30,18:00,20:00,1,3,MEDIUM
B-008675,C03,2026-09-30,20:00,22:00,0,5,MEDIUM
B-008676,C03,2026-09-30,22:00,00:00,1,2,LOW
B-008677,C04,2026-09-30,00:00,02:00,1,3,MEDIUM
B-008678,C04,2026-09-30,02:00,04:00,1,3,MEDIUM
B-008679,C04,2026-09-30,04:00,06:00,1,4,MEDIUM
B-008680,C04,2026-09-30,06:00,08:00,1,3,MEDIUM
B-008681,C04,2026-09-30,08:00,10:00,0,5,MEDIUM
B-008682,C04,2026-09-30,10:00,12:00,0,8,HIGH
B-008683,C04,2026-09-30,12:00,14:00,0,5,MEDIUM
B-008684,C04,2026-09-30,14:00,16:00,1,4,MEDIUM
B-008685,C04,2026-09-30,16:00,18:00,0,7,HIGH
B-008686,C04,2026-09-30,18:00,20:00,1,3,MEDIUM
B-008687,C04,2026-09-30,20:00,22:00,0,6,HIGH
B-008688,C04,2026-09-30,22:00,00:00,1,3,MEDIUM
B-008689,C05,2026-09-30,00:00,02:00,0,5,MEDIUM
B-008690,C05,2026-09-30,02:00,04:00,1,2,LOW
B-008691,C05,2026-09-30,04:00,06:00,1,0,LOW
B-008692,C05,2026-09-30,06:00,08:00,1,2,LOW
B-008693,C05,2026-09-30,08:00,10:00,1,4,MEDIUM
B-008694,C05,2026-09-30,10:00,12:00,1,4,MEDIUM
B-008695,C05,2026-09-30,12:00,14:00,1,3,MEDIUM
B-008696,C05,2026-09-30,14:00,16:00,0,5,MEDIUM
B-008697,C05,2026-09-30,16:00,18:00,1,3,MEDIUM
B-008698,C05,2026-09-30,18:00,20:00,0,8,HIGH
B-008699,C05,2026-09-30,20:00,22:00,0,5,MEDIUM
B-008700,C05,2026-09-30,22:00,00:00,1,4,MEDIUM
B-008701,C06,2026-09-30,00:00,02:00,1,1,LOW
B-008702,C06,2026-09-30,02:00,04:00,1,2,LOW
B-008703,C06,2026-09-30,04:00,06:00,1,1,LOW
B-008704,C06,2026-09-30,06:00,08:00,1,1,LOW
B-008705,C06,2026-09-30,08:00,10:00,1,4,MEDIUM
B-008706,C06,2026-09-30,10:00,12:00,0,8,HIGH
B-008707,C06,2026-09-30,12:00,14:00,1,4,MEDIUM
B-008708,C06,2026-09-30,14:00,16:00,1,1,LOW
B-008709,C06,2026-09-30,16:00,18:00,1,1,LOW
B-008710,C06,2026-09-30,18:00,20:00,1,3,MEDIUM
B-008711,C06,2026-09-30,20:00,22:00,0,6,HIGH
B-008712,C06,2026-09-30,22:00,00:00,1,1,LOW
B-008713,C07,2026-09-30,00:00,02:00,1,2,LOW
B-008714,C07,2026-09-30,02:00,04:00,1,0,LOW
B-008715,C07,2026-09-30,04:00,06:00,1,1,LOW
B-008716,C07,2026-09-30,06:00,08:00,0,5,MEDIUM
B-008717,C07,2026-09-30,08:00,10:00,0,6,HIGH
B-008718,C07,2026-09-30,10:00,12:00,0,6,HIGH
B-008719,C07,2026-09-30,12:00,14:00,1,1,LOW
B-008720,C07,2026-09-30,14:00,16:00,0,5,MEDIUM
B-008721,C07,2026-09-30,16:00,18:00,1,1,LOW
B-008722,C07,2026-09-30,18:00,20:00,0,7,HIGH
B-008723,C07,2026-09-30,20:00,22:00,0,7,HIGH
B-008724,C07,2026-09-30,22:00,00:00,1,3,MEDIUM
B-008725,C08,2026-09-30,00:00,02:00,1,3,MEDIUM
B-008726,C08,2026-09-30,02:00,04:00,1,4,MEDIUM
B-008727,C08,2026-09-30,04:00,06:00,0,5,MEDIUM
B-008728,C08,2026-09-30,06:00,08:00,1,1,LOW
B-008729,C08,2026-09-30,08:00,10:00,0,7,HIGH
B-008730,C08,2026-09-30,10:00,12:00,1,3,MEDIUM
B-008731,C08,2026-09-30,12:00,14:00,1,3,MEDIUM
B-008732,C08,2026-09-30,14:00,16:00,0,3,MEDIUM
B-008733,C08,2026-09-30,16:00,18:00,0,8,HIGH
B-008734,C08,2026-09-30,18:00,20:00,0,6,HIGH
B-008735,C08,2026-09-30,20:00,22:00,0,6,HIGH
B-008736,C08,2026-09-30,22:00,00:00,1,2,LOW
B-008737,C09,2026-09-30,00:00,02:00,1,2,LOW
B-008738,C09,2026-09-30,02:00,04:00,1,4,MEDIUM
B-008739,C09,2026-09-30,04:00,06:00,0,2,LOW
B-008740,C09,2026-09-30,06:00,08:00,1,1,LOW
B-008741,C09,2026-09-30,08:00,10:00,0,7,HIGH
B-008742,C09,2026-09-30,10:00,12:00,0,9,HIGH
B-008743,C09,2026-09-30,12:00,14:00,1,3,MEDIUM
B-008744,C09,2026-09-30,14:00,16:00,1,2,LOW
B-008745,C09,2026-09-30,16:00,18:00,1,4,MEDIUM
B-008746,C09,2026-09-30,18:00,20:00,0,5,MEDIUM
B-008747,C09,2026-09-30,20:00,22:00,0,5,MEDIUM
B-008748,C09,2026-09-30,22:00,00:00,1,1,LOW
B-008749,C10,2026-09-30,00:00,02:00,1,2,LOW
B-008750,C10,2026-09-30,02:00,04:00,1,0,LOW
B-008751,C10,2026-09-30,04:00,06:00,1,4,MEDIUM
B-008752,C10,2026-09-30,06:00,08:00,1,4,MEDIUM
B-008753,C10,2026-09-30,08:00,10:00,0,8,HIGH
B-008754,C10,2026-09-30,10:00,12:00,0,6,HIGH
B-008755,C10,2026-09-30,12:00,14:00,1,1,LOW
B-008756,C10,2026-09-30,14:00,16:00,1,2,LOW
B-008757,C10,2026-09-30,16:00,18:00,0,6,HIGH
B-008758,C10,2026-09-30,18:00,20:00,1,3,MEDIUM
B-008759,C10,2026-09-30,20:00,22:00,0,10,HIGH
B-008760,C10,2026-09-30,22:00,00:00,1,2,LOW
B-008761,C11,2026-09-30,00:00,02:00,1,2,LOW
B-008762,C11,2026-09-30,02:00,04:00,1,3,MEDIUM
B-008763,C11,2026-09-30,04:00,06:00,1,3,MEDIUM
B-008764,C11,2026-09-30,06:00,08:00,1,2,LOW
B-008765,C11,2026-09-30,08:00,10:00,0,14,HIGH
B-008766,C11,2026-09-30,10:00,12:00,0,11,HIGH
B-008767,C11,2026-09-30,12:00,14:00,1,2,LOW
B-008768,C11,2026-09-30,14:00,16:00,1,3,MEDIUM
B-008769,C11,2026-09-30,16:00,18:00,1,3,MEDIUM
B-008770,C11,2026-09-30,18:00,20:00,0,9,HIGH
B-008771,C11,2026-09-30,20:00,22:00,1,3,MEDIUM
B-008772,C11,2026-09-30,22:00,00:00,1,1,LOW
B-008773,C12,2026-09-30,00:00,02:00,1,1,LOW
B-008774,C12,2026-09-30,02:00,04:00,1,2,LOW
B-008775,C12,2026-09-30,04:00,06:00,1,2,LOW
B-008776,C12,2026-09-30,06:00,08:00,1,4,MEDIUM
B-008777,C12,2026-09-30,08:00,10:00,0,7,HIGH
B-008778,C12,2026-09-30,10:00,12:00,0,6,HIGH
B-008779,C12,2026-09-30,12:00,14:00,1,4,MEDIUM
B-008780,C12,2026-09-30,14:00,16:00,1,3,MEDIUM
B-008781,C12,2026-09-30,16:00,18:00,0,2,LOW
B-008782,C12,2026-09-30,18:00,20:00,1,4,MEDIUM
B-008783,C12,2026-09-30,20:00,22:00,0,6,HIGH
B-008784,C12,2026-09-30,22:00,00:00,1,2,LOW
B-008785,C13,2026-09-30,00:00,02:00,1,4,MEDIUM
B-008786,C13,2026-09-30,02:00,04:00,0,5,MEDIUM
B-008787,C13,2026-09-30,04:00,06:00,0,3,MEDIUM
B-008788,C13,2026-09-30,06:00,08:00,1,1,LOW
B-008789,C13,2026-09-30,08:00,10:00,0,6,HIGH
B-008790,C13,2026-09-30,10:00,12:00,0,6,HIGH
B-008791,C13,2026-09-30,12:00,14:00,1,4,MEDIUM
B-008792,C13,2026-09-30,14:00,16:00,1,2,LOW
B-008793,C13,2026-09-30,16:00,18:00,1,4,MEDIUM
B-008794,C13,2026-09-30,18:00,20:00,0,6,HIGH
B-008795,C13,2026-09-30,20:00,22:00,0,6,HIGH
B-008796,C13,2026-09-30,22:00,00:00,1,1,LOW
B-008797,C14,2026-09-30,00:00,02:00,1,1,LOW
B-008798,C14,2026-09-30,02:00,04:00,1,1,LOW
B-008799,C14,2026-09-30,04:00,06:00,1,0,LOW
B-008800,C14,2026-09-30,06:00,08:00,1,2,LOW
B-008801,C14,2026-09-30,08:00,10:00,1,4,MEDIUM
B-008802,C14,2026-09-30,10:00,12:00,0,7,HIGH
B-008803,C14,2026-09-30,12:00,14:00,1,1,LOW
B-008804,C14,2026-09-30,14:00,16:00,1,3,MEDIUM
B-008805,C14,2026-09-30,16:00,18:00,0,5,MEDIUM
B-008806,C14,2026-09-30,18:00,20:00,1,4,MEDIUM
B-008807,C14,2026-09-30,20:00,22:00,0,7,HIGH
B-008808,C14,2026-09-30,22:00,00:00,1,1,LOW
B-008809,C15,2026-09-30,00:00,02:00,1,1,LOW
B-008810,C15,2026-09-30,02:00,04:00,0,5,MEDIUM
B-008811,C15,2026-09-30,04:00,06:00,1,3,MEDIUM
B-008812,C15,2026-09-30,06:00,08:00,1,2,LOW
B-008813,C15,2026-09-30,08:00,10:00,1,2,LOW
B-008814,C15,2026-09-30,10:00,12:00,0,6,HIGH
B-008815,C15,2026-09-30,12:00,14:00,1,4,MEDIUM
B-008816,C15,2026-09-30,14:00,16:00,1,0,LOW
B-008817,C15,2026-09-30,16:00,18:00,1,3,MEDIUM
B-008818,C15,2026-09-30,18:00,20:00,0,8,HIGH
B-008819,C15,2026-09-30,20:00,22:00,0,6,HIGH
B-008820,C15,2026-09-30,22:00,00:00,1,3,MEDIUM
B-008821,C16,2026-09-30,00:00,02:00,0,4,MEDIUM
B-008822,C16,2026-09-30,02:00,04:00,1,3,MEDIUM
B-008823,C16,2026-09-30,04:00,06:00,1,3,MEDIUM
B-008824,C16,2026-09-30,06:00,08:00,1,4,MEDIUM
B-008825,C16,2026-09-30,08:00,10:00,0,6,HIGH
B-008826,C16,2026-09-30,10:00,12:00,0,5,MEDIUM
B-008827,C16,2026-09-30,12:00,14:00,1,1,LOW
B-008828,C16,2026-09-30,14:00,16:00,1,2,LOW
B-008829,C16,2026-09-30,16:00,18:00,1,2,LOW
B-008830,C16,2026-09-30,18:00,20:00,0,7,HIGH
B-008831,C16,2026-09-30,20:00,22:00,1,4,MEDIUM
B-008832,C16,2026-09-30,22:00,00:00,0,6,HIGH
B-008833,C17,2026-09-30,00:00,02:00,1,4,MEDIUM
B-008834,C17,2026-09-30,02:00,04:00,1,2,LOW
B-008835,C17,2026-09-30,04:00,06:00,1,3,MEDIUM
B-008836,C17,2026-09-30,06:00,08:00,1,0,LOW
B-008837,C17,2026-09-30,08:00,10:00,0,10,HIGH
B-008838,C17,2026-09-30,10:00,12:00,0,6,HIGH
B-008839,C17,2026-09-30,12:00,14:00,1,4,MEDIUM
B-008840,C17,2026-09-30,14:00,16:00,1,1,LOW
B-008841,C17,2026-09-30,16:00,18:00,1,0,LOW
B-008842,C17,2026-09-30,18:00,20:00,1,4,MEDIUM
B-008843,C17,2026-09-30,20:00,22:00,0,7,HIGH
B-008844,C17,2026-09-30,22:00,00:00,1,1,LOW
B-008845,C18,2026-09-30,00:00,02:00,1,1,LOW
B-008846,C18,2026-09-30,02:00,04:00,1,1,LOW
B-008847,C18,2026-09-30,04:00,06:00,0,4,MEDIUM
B-008848,C18,2026-09-30,06:00,08:00,1,4,MEDIUM
B-008849,C18,2026-09-30,08:00,10:00,1,4,MEDIUM
B-008850,C18,2026-09-30,10:00,12:00,1,4,MEDIUM
B-008851,C18,2026-09-30,12:00,14:00,1,0,LOW
B-008852,C18,2026-09-30,14:00,16:00,1,0,LOW
B-008853,C18,2026-09-30,16:00,18:00,1,4,MEDIUM
B-008854,C18,2026-09-30,18:00,20:00,0,8,HIGH
B-008855,C18,2026-09-30,20:00,22:00,0,7,HIGH
B-008856,C18,2026-09-30,22:00,00:00,1,0,LOW
B-008857,C19,2026-09-30,00:00,02:00,1,4,MEDIUM
B-008858,C19,2026-09-30,02:00,04:00,0,2,LOW
B-008859,C19,2026-09-30,04:00,06:00,1,2,LOW
B-008860,C19,2026-09-30,06:00,08:00,1,2,LOW
B-008861,C19,2026-09-30,08:00,10:00,0,8,HIGH
B-008862,C19,2026-09-30,10:00,12:00,0,5,MEDIUM
B-008863,C19,2026-09-30,12:00,14:00,0,6,HIGH
B-008864,C19,2026-09-30,14:00,16:00,0,5,MEDIUM
B-008865,C19,2026-09-30,16:00,18:00,1,4,MEDIUM
B-008866,C19,2026-09-30,18:00,20:00,0,6,HIGH
B-008867,C19,2026-09-30,20:00,22:00,1,2,LOW
B-008868,C19,2026-09-30,22:00,00:00,1,1,LOW
B-008869,C20,2026-09-30,00:00,02:00,1,4,MEDIUM
B-008870,C20,2026-09-30,02:00,04:00,1,3,MEDIUM
B-008871,C20,2026-09-30,04:00,06:00,1,3,MEDIUM
B-008872,C20,2026-09-30,06:00,08:00,1,3,MEDIUM
B-008873,C20,2026-09-30,08:00,10:00,0,6,HIGH
B-008874,C20,2026-09-30,10:00,12:00,1,4,MEDIUM
B-008875,C20,2026-09-30,12:00,14:00,1,0,LOW
B-008876,C20,2026-09-30,14:00,16:00,0,5,MEDIUM
B-008877,C20,2026-09-30,16:00,18:00,1,2,LOW
B-008878,C20,2026-09-30,18:00,20:00,0,9,HIGH
B-008879,C20,2026-09-30,20:00,22:00,0,6,HIGH
B-008880,C20,2026-09-30,22:00,00:00,1,2,LOW
