request_id,task_id,department,corridor_id,requested_date,requested_start,requested_end,duration_hours,status
REQ-00001,M-001936,S&T,C17,2026-09-01,10:00,11:00,1.0,Pending
REQ-00002,M-006495,Engineering,C08,2026-08-27,00:00,04:00,4.0,Pending
REQ-00003,M-001721,S&T,C02,2026-09-06,04:00,06:00,1.5,Pending
REQ-00004,M-009121,S&T,C13,2026-09-07,06:00,07:00,1.0,Pending
REQ-00005,M-000361,Traction,C06,2026-09-05,09:00,11:00,2.0,Pending
REQ-00006,M-009664,Engineering,C15,2026-08-26,08:00,09:00,0.5,Pending
REQ-00007,M-005278,Traction,C19,2026-08-29,19:00,20:00,0.5,Pending
REQ-00008,M-008547,Engineering,C09,2026-09-01,07:00,10:00,3.0,Pending
REQ-00009,M-002222,Traction,C18,2026-09-07,01:00,04:00,3.0,Pending
REQ-00010,M-004618,Traction,C11,2026-08-26,07:00,08:00,0.5,Pending
REQ-00011,M-003466,Engineering,C15,2026-08-30,03:00,05:00,1.5,Pending
REQ-00012,M-001409,Traction,C04,2026-09-03,20:00,21:00,1.0,Pending
REQ-00013,M-000469,Traction,C06,2026-08-28,13:00,14:00,0.5,Pending
REQ-00014,M-001176,Engineering,C14,2026-09-07,00:00,01:00,0.5,Pending
REQ-00015,M-005225,Traction,C18,2026-09-04,00:00,03:00,3.0,Pending
REQ-00016,M-008129,Traction,C14,2026-09-02,19:00,21:00,2.0,Pending
REQ-00017,M-000425,S&T,C18,2026-08-28,20:00,00:00,4.0,Pending
REQ-00018,M-007048,S&T,C07,2026-08-28,12:00,13:00,0.5,Pending
REQ-00019,M-002484,S&T,C09,2026-09-03,08:00,10:00,2.0,Pending
REQ-00020,M-001826,S&T,C10,2026-09-07,21:00,01:00,4.0,Pending
REQ-00021,M-010558,Traction,C02,2026-09-04,06:00,07:00,1.0,Pending
REQ-00022,M-001484,Engineering,C13,2026-08-26,12:00,13:00,1.0,Pending
REQ-00023,M-009291,Engineering,C16,2026-08-26,01:00,04:00,3.0,Pending
REQ-00024,M-009710,Engineering,C20,2026-08-30,20:00,21:00,0.5,Pending
REQ-00025,M-001651,Engineering,C02,2026-08-25,22:00,00:00,1.5,Pending
REQ-00026,M-009787,Traction,C11,2026-08-27,13:00,17:00,4.0,Pending
REQ-00027,M-002814,S&T,C10,2026-08-26,19:00,21:00,1.5,Pending
REQ-00028,M-003705,S&T,C07,2026-09-06,09:00,10:00,0.5,Pending
REQ-00029,M-006119,S&T,C01,2026-08-27,15:00,19:00,4.0,Pending
REQ-00030,M-005043,Engineering,C08,2026-08-31,06:00,09:00,3.0,Pending
REQ-00031,M-011209,Engineering,C12,2026-09-06,09:00,10:00,1.0,Pending
REQ-00032,M-007239,Engineering,C09,2026-09-02,04:00,05:00,1.0,Pending
REQ-00033,M-011506,S&T,C04,2026-08-26,13:00,15:00,2.0,Pending
REQ-00034,M-011075,S&T,C13,2026-09-07,03:00,05:00,2.0,Pending
REQ-00035,M-010997,Engineering,C10,2026-08-25,22:00,00:00,2.0,Pending
REQ-00036,M-005000,S&T,C14,2026-09-03,00:00,03:00,3.0,Pending
REQ-00037,M-008481,Engineering,C12,2026-09-07,02:00,06:00,4.0,Pending
REQ-00038,M-009268,Engineering,C12,2026-09-01,06:00,08:00,1.5,Pending
REQ-00039,M-008399,Engineering,C05,2026-08-29,03:00,05:00,1.5,Pending
REQ-00040,M-002632,Engineering,C03,2026-09-02,22:00,02:00,4.0,Pending
REQ-00041,M-003132,Traction,C14,2026-09-06,10:00,12:00,1.5,Pending
REQ-00042,M-009584,S&T,C10,2026-08-31,15:00,16:00,1.0,Pending
REQ-00043,M-008219,S&T,C19,2026-09-04,22:00,23:00,0.5,Pending
REQ-00044,M-009277,Engineering,C19,2026-08-28,21:00,22:00,0.5,Pending
REQ-00045,M-003814,S&T,C10,2026-08-26,01:00,02:00,1.0,Pending
REQ-00046,M-005887,Traction,C13,2026-09-03,11:00,14:00,3.0,Pending
REQ-00047,M-005083,Engineering,C08,2026-09-06,00:00,03:00,3.0,Pending
REQ-00048,M-011816,Traction,C10,2026-08-25,06:00,07:00,1.0,Pending
REQ-00049,M-008824,S&T,C15,2026-08-25,14:00,18:00,4.0,Pending
REQ-00050,M-001218,S&T,C17,2026-08-28,02:00,03:00,0.5,Pending
REQ-00051,M-003992,Engineering,C20,2026-09-02,17:00,20:00,3.0,Pending
REQ-00052,M-011148,Traction,C17,2026-09-01,17:00,18:00,1.0,Pending
REQ-00053,M-007616,Engineering,C13,2026-08-26,05:00,06:00,0.5,Pending
REQ-00054,M-010692,S&T,C08,2026-09-05,06:00,08:00,2.0,Pending
REQ-00055,M-010185,Engineering,C06,2026-09-07,19:00,21:00,2.0,Pending
REQ-00056,M-001684,Engineering,C06,2026-08-30,14:00,17:00,3.0,Pending
REQ-00057,M-004575,S&T,C18,2026-09-02,11:00,13:00,2.0,Pending
REQ-00058,M-011541,Engineering,C09,2026-08-31,05:00,07:00,2.0,Pending
REQ-00059,M-010751,Traction,C07,2026-08-27,00:00,02:00,1.5,Pending
REQ-00060,M-011284,Traction,C17,2026-08-29,20:00,00:00,4.0,Pending
REQ-00061,M-007563,S&T,C04,2026-08-30,22:00,00:00,1.5,Pending
REQ-00062,M-005904,S&T,C13,2026-09-07,02:00,05:00,3.0,Pending
REQ-00063,M-002583,S&T,C18,2026-09-05,21:00,01:00,4.0,Pending
REQ-00064,M-003003,Engineering,C04,2026-08-26,10:00,12:00,2.0,Pending
REQ-00065,M-010044,Engineering,C09,2026-09-03,16:00,20:00,4.0,Pending
REQ-00066,M-002088,S&T,C02,2026-09-02,16:00,18:00,1.5,Pending
REQ-00067,M-008929,Traction,C19,2026-08-30,11:00,13:00,1.5,Pending
REQ-00068,M-004149,Engineering,C10,2026-08-29,01:00,04:00,3.0,Pending
REQ-00069,M-000136,Traction,C15,2026-09-06,10:00,14:00,4.0,Pending
REQ-00070,M-009918,S&T,C05,2026-09-01,01:00,02:00,0.5,Pending
REQ-00071,M-001744,S&T,C20,2026-09-06,12:00,15:00,3.0,Pending
REQ-00072,M-007342,S&T,C15,2026-08-29,12:00,15:00,3.0,Pending
REQ-00073,M-010875,S&T,C05,2026-09-05,10:00,14:00,4.0,Pending
REQ-00074,M-003708,S&T,C14,2026-09-02,09:00,11:00,2.0,Pending
REQ-00075,M-005471,S&T,C08,2026-09-01,06:00,07:00,1.0,Pending
REQ-00076,M-000701,Traction,C18,2026-09-05,14:00,16:00,1.5,Pending
REQ-00077,M-008558,S&T,C08,2026-08-27,14:00,16:00,2.0,Pending
REQ-00078,M-011716,Traction,C15,2026-09-02,18:00,19:00,0.5,Pending
REQ-00079,M-001609,Engineering,C04,2026-08-26,20:00,00:00,4.0,Pending
REQ-00080,M-005864,Engineering,C01,2026-08-25,17:00,18:00,0.5,Pending
REQ-00081,M-000430,S&T,C01,2026-09-05,22:00,23:00,0.5,Pending
REQ-00082,M-004024,Traction,C09,2026-08-25,18:00,20:00,2.0,Pending
REQ-00083,M-006689,Engineering,C19,2026-08-28,22:00,00:00,1.5,Pending
REQ-00084,M-004101,Traction,C04,2026-09-04,19:00,22:00,3.0,Pending
REQ-00085,M-008876,Engineering,C15,2026-09-03,02:00,04:00,2.0,Pending
REQ-00086,M-008515,Engineering,C18,2026-09-04,02:00,05:00,3.0,Pending
REQ-00087,M-009650,S&T,C17,2026-09-05,01:00,03:00,1.5,Pending
REQ-00088,M-002271,Traction,C06,2026-09-06,02:00,03:00,0.5,Pending
REQ-00089,M-007693,Engineering,C15,2026-08-27,14:00,16:00,2.0,Pending
REQ-00090,M-000071,Traction,C16,2026-09-06,18:00,21:00,3.0,Pending
REQ-00091,M-005721,S&T,C07,2026-09-05,04:00,05:00,1.0,Pending
REQ-00092,M-010748,Engineering,C13,2026-08-26,22:00,01:00,3.0,Pending
REQ-00093,M-010153,Engineering,C08,2026-08-26,00:00,04:00,4.0,Pending
REQ-00094,M-011958,Traction,C17,2026-09-03,08:00,11:00,3.0,Pending
REQ-00095,M-009138,Traction,C09,2026-09-07,01:00,03:00,2.0,Pending
REQ-00096,M-002020,Traction,C18,2026-09-07,18:00,19:00,0.5,Pending
REQ-00097,M-009837,S&T,C04,2026-08-26,09:00,12:00,3.0,Pending
REQ-00098,M-011352,Engineering,C14,2026-09-02,15:00,17:00,1.5,Pending
REQ-00099,M-006703,S&T,C05,2026-08-26,17:00,18:00,1.0,Pending
REQ-00100,M-004030,Traction,C02,2026-08-30,03:00,05:00,2.0,Pending
REQ-00101,M-007760,S&T,C06,2026-09-04,18:00,19:00,0.5,Pending
REQ-00102,M-011691,S&T,C06,2026-09-02,22:00,00:00,2.0,Pending
REQ-00103,M-008484,Engineering,C15,2026-08-27,14:00,17:00,3.0,Pending
REQ-00104,M-003859,S&T,C07,2026-08-30,02:00,05:00,3.0,Pending
REQ-00105,M-000745,Engineering,C01,2026-09-05,22:00,23:00,0.5,Pending
REQ-00106,M-001384,Traction,C20,2026-08-28,06:00,07:00,1.0,Pending
REQ-00107,M-005644,S&T,C17,2026-08-31,06:00,09:00,3.0,Pending
REQ-00108,M-008686,S&T,C07,2026-09-02,15:00,19:00,4.0,Pending
REQ-00109,M-010614,Traction,C11,2026-09-06,21:00,23:00,2.0,Pending
REQ-00110,M-000150,Traction,C02,2026-08-28,08:00,12:00,4.0,Pending
REQ-00111,M-011880,S&T,C17,2026-08-26,07:00,11:00,4.0,Pending
REQ-00112,M-000812,Traction,C07,2026-09-02,14:00,17:00,3.0,Pending
REQ-00113,M-005901,Traction,C14,2026-08-25,02:00,06:00,4.0,Pending
REQ-00114,M-004329,Traction,C06,2026-09-04,21:00,23:00,1.5,Pending
REQ-00115,M-006374,Traction,C09,2026-09-05,13:00,14:00,0.5,Pending
REQ-00116,M-003996,Engineering,C20,2026-09-05,04:00,06:00,2.0,Pending
REQ-00117,M-004383,Traction,C19,2026-08-30,20:00,22:00,2.0,Pending
REQ-00118,M-001731,Traction,C07,2026-09-07,09:00,11:00,2.0,Pending
REQ-00119,M-004360,S&T,C14,2026-09-03,17:00,19:00,1.5,Pending
REQ-00120,M-005028,Traction,C12,2026-08-27,10:00,11:00,0.5,Pending
REQ-00121,M-001794,Engineering,C17,2026-08-29,02:00,04:00,1.5,Pending
REQ-00122,M-009080,Traction,C07,2026-08-30,17:00,19:00,1.5,Pending
REQ-00123,M-005467,S&T,C02,2026-08-25,10:00,14:00,4.0,Pending
REQ-00124,M-011128,S&T,C04,2026-09-05,05:00,08:00,3.0,Pending
REQ-00125,M-008487,Traction,C09,2026-08-29,06:00,07:00,1.0,Pending
REQ-00126,M-001122,Traction,C07,2026-09-03,06:00,07:00,0.5,Pending
REQ-00127,M-004619,S&T,C09,2026-09-01,08:00,09:00,0.5,Pending
REQ-00128,M-005938,S&T,C06,2026-09-06,11:00,12:00,0.5,Pending
REQ-00129,M-009528,Engineering,C01,2026-09-03,08:00,11:00,3.0,Pending
REQ-00130,M-002035,S&T,C12,2026-09-02,04:00,07:00,3.0,Pending
REQ-00131,M-003127,S&T,C20,2026-09-07,15:00,17:00,1.5,Pending
REQ-00132,M-011065,Engineering,C07,2026-09-03,14:00,15:00,0.5,Pending
REQ-00133,M-011823,S&T,C12,2026-08-27,14:00,18:00,4.0,Pending
REQ-00134,M-003828,Engineering,C02,2026-09-03,19:00,23:00,4.0,Pending
REQ-00135,M-004368,Engineering,C15,2026-08-25,00:00,03:00,3.0,Pending
REQ-00136,M-005298,S&T,C01,2026-09-07,11:00,12:00,1.0,Pending
REQ-00137,M-003211,S&T,C04,2026-09-04,20:00,22:00,1.5,Pending
REQ-00138,M-009929,Engineering,C16,2026-08-27,15:00,19:00,4.0,Pending
REQ-00139,M-002699,S&T,C09,2026-08-30,15:00,16:00,1.0,Pending
REQ-00140,M-008046,S&T,C12,2026-09-04,16:00,20:00,4.0,Pending
REQ-00141,M-004280,S&T,C15,2026-09-06,22:00,00:00,1.5,Pending
REQ-00142,M-000374,S&T,C17,2026-09-02,19:00,23:00,4.0,Pending
REQ-00143,M-000625,Traction,C13,2026-09-02,06:00,07:00,0.5,Pending
REQ-00144,M-011618,S&T,C04,2026-08-28,18:00,20:00,1.5,Pending
REQ-00145,M-006097,S&T,C14,2026-08-31,03:00,05:00,1.5,Pending
REQ-00146,M-004984,Engineering,C11,2026-09-02,08:00,09:00,0.5,Pending
REQ-00147,M-003489,S&T,C06,2026-08-30,10:00,11:00,1.0,Pending
REQ-00148,M-011980,Engineering,C11,2026-08-25,15:00,18:00,3.0,Pending
REQ-00149,M-002037,Traction,C16,2026-09-07,03:00,05:00,2.0,Pending
REQ-00150,M-008389,S&T,C09,2026-09-04,22:00,02:00,4.0,Pending
REQ-00151,M-000748,Engineering,C09,2026-08-28,16:00,18:00,2.0,Pending
REQ-00152,M-009038,Engineering,C15,2026-08-29,07:00,09:00,1.5,Pending
REQ-00153,M-009146,Traction,C15,2026-09-04,20:00,00:00,4.0,Pending
REQ-00154,M-004448,Traction,C06,2026-08-28,10:00,11:00,0.5,Pending
REQ-00155,M-011020,Engineering,C19,2026-09-04,12:00,14:00,1.5,Pending
REQ-00156,M-006744,S&T,C03,2026-09-03,04:00,08:00,4.0,Pending
REQ-00157,M-007503,Engineering,C08,2026-08-29,22:00,00:00,2.0,Pending
REQ-00158,M-003101,Engineering,C10,2026-09-04,07:00,10:00,3.0,Pending
REQ-00159,M-003300,S&T,C11,2026-08-27,09:00,11:00,2.0,Pending
REQ-00160,M-006246,Engineering,C03,2026-08-26,13:00,14:00,1.0,Pending
REQ-00161,M-008293,Traction,C06,2026-09-01,04:00,05:00,0.5,Pending
REQ-00162,M-007567,Engineering,C19,2026-08-29,19:00,21:00,1.5,Pending
REQ-00163,M-003432,Engineering,C07,2026-09-07,18:00,22:00,4.0,Pending
REQ-00164,M-007119,Engineering,C15,2026-08-31,01:00,05:00,4.0,Pending
REQ-00165,M-006806,Engineering,C12,2026-09-07,01:00,03:00,1.5,Pending
REQ-00166,M-001262,Traction,C06,2026-09-01,14:00,17:00,3.0,Pending
REQ-00167,M-000648,S&T,C01,2026-09-02,13:00,17:00,4.0,Pending
REQ-00168,M-000020,Traction,C10,2026-09-01,20:00,21:00,0.5,Pending
REQ-00169,M-005609,S&T,C11,2026-09-04,12:00,14:00,2.0,Pending
REQ-00170,M-002146,Traction,C16,2026-09-04,22:00,23:00,1.0,Pending
REQ-00171,M-006921,Engineering,C03,2026-09-01,20:00,21:00,1.0,Pending
REQ-00172,M-005923,Engineering,C03,2026-08-29,12:00,13:00,1.0,Pending
REQ-00173,M-009412,S&T,C02,2026-09-01,01:00,05:00,4.0,Pending
REQ-00174,M-002792,Engineering,C10,2026-08-28,17:00,20:00,3.0,Pending
REQ-00175,M-004955,S&T,C16,2026-09-06,20:00,00:00,4.0,Pending
REQ-00176,M-006728,S&T,C12,2026-08-29,00:00,02:00,2.0,Pending
REQ-00177,M-001906,Engineering,C08,2026-09-02,03:00,06:00,3.0,Pending
REQ-00178,M-002022,Engineering,C09,2026-09-06,13:00,15:00,2.0,Pending
REQ-00179,M-005358,S&T,C20,2026-09-05,01:00,02:00,0.5,Pending
REQ-00180,M-003502,S&T,C05,2026-08-31,16:00,20:00,4.0,Pending
REQ-00181,M-001370,Engineering,C15,2026-09-01,06:00,08:00,2.0,Pending
REQ-00182,M-004768,Engineering,C16,2026-09-06,15:00,18:00,3.0,Pending
REQ-00183,M-001369,Traction,C04,2026-08-25,01:00,03:00,2.0,Pending
REQ-00184,M-009374,Engineering,C01,2026-08-29,17:00,19:00,2.0,Pending
REQ-00185,M-009785,S&T,C01,2026-08-28,01:00,05:00,4.0,Pending
REQ-00186,M-001942,Traction,C01,2026-09-04,12:00,16:00,4.0,Pending
REQ-00187,M-007589,Traction,C12,2026-09-05,12:00,15:00,3.0,Pending
REQ-00188,M-001979,S&T,C19,2026-09-04,05:00,09:00,4.0,Pending
REQ-00189,M-008727,Engineering,C01,2026-09-01,09:00,12:00,3.0,Pending
REQ-00190,M-005365,Engineering,C16,2026-09-01,07:00,10:00,3.0,Pending
REQ-00191,M-003367,S&T,C12,2026-08-25,22:00,23:00,0.5,Pending
REQ-00192,M-006619,Traction,C16,2026-09-02,22:00,02:00,4.0,Pending
REQ-00193,M-007114,Traction,C15,2026-08-26,13:00,14:00,1.0,Pending
REQ-00194,M-005047,S&T,C04,2026-09-03,06:00,07:00,0.5,Pending
REQ-00195,M-003890,Engineering,C04,2026-08-27,07:00,11:00,4.0,Pending
REQ-00196,M-003373,S&T,C13,2026-08-30,15:00,19:00,4.0,Pending
REQ-00197,M-004554,Traction,C17,2026-08-29,11:00,13:00,2.0,Pending
REQ-00198,M-011193,S&T,C04,2026-08-31,10:00,12:00,1.5,Pending
REQ-00199,M-003046,Traction,C10,2026-08-30,17:00,19:00,1.5,Pending
REQ-00200,M-004811,Engineering,C13,2026-08-30,12:00,16:00,4.0,Pending
REQ-00201,M-002334,S&T,C12,2026-09-06,19:00,21:00,2.0,Pending
REQ-00202,M-000840,Traction,C18,2026-09-03,07:00,10:00,3.0,Pending
REQ-00203,M-005263,Traction,C20,2026-08-28,12:00,13:00,1.0,Pending
REQ-00204,M-008517,Engineering,C01,2026-09-04,17:00,21:00,4.0,Pending
REQ-00205,M-010905,Traction,C09,2026-09-06,13:00,14:00,1.0,Pending
REQ-00206,M-001435,S&T,C06,2026-08-27,04:00,06:00,1.5,Pending
REQ-00207,M-003858,Engineering,C03,2026-08-29,19:00,21:00,2.0,Pending
REQ-00208,M-004602,S&T,C18,2026-08-31,04:00,05:00,0.5,Pending
REQ-00209,M-002674,Engineering,C12,2026-08-25,03:00,05:00,1.5,Pending
REQ-00210,M-005181,Engineering,C01,2026-08-31,15:00,17:00,1.5,Pending
REQ-00211,M-000488,Engineering,C15,2026-09-07,07:00,09:00,1.5,Pending
REQ-00212,M-005518,Traction,C06,2026-08-27,04:00,06:00,2.0,Pending
REQ-00213,M-000534,Engineering,C11,2026-09-01,17:00,18:00,1.0,Pending
REQ-00214,M-007603,Engineering,C18,2026-09-05,12:00,14:00,2.0,Pending
REQ-00215,M-007607,Engineering,C11,2026-09-02,11:00,13:00,2.0,Pending
REQ-00216,M-006082,Engineering,C17,2026-09-05,05:00,07:00,1.5,Pending
REQ-00217,M-002961,Engineering,C15,2026-08-29,05:00,09:00,4.0,Pending
REQ-00218,M-002184,Engineering,C09,2026-08-27,20:00,23:00,3.0,Pending
REQ-00219,M-010965,Traction,C18,2026-08-25,02:00,04:00,1.5,Pending
REQ-00220,M-004169,Engineering,C04,2026-09-05,12:00,16:00,4.0,Pending
REQ-00221,M-005720,Traction,C08,2026-09-04,14:00,17:00,3.0,Pending
REQ-00222,M-011204,S&T,C13,2026-08-30,09:00,11:00,2.0,Pending
REQ-00223,M-011556,S&T,C18,2026-09-04,01:00,02:00,1.0,Pending
REQ-00224,M-007092,Engineering,C03,2026-08-25,17:00,18:00,0.5,Pending
REQ-00225,M-009327,Engineering,C09,2026-09-07,20:00,22:00,1.5,Pending
REQ-00226,M-006715,Engineering,C11,2026-08-31,20:00,21:00,0.5,Pending
REQ-00227,M-000201,S&T,C13,2026-08-30,01:00,02:00,1.0,Pending
REQ-00228,M-011773,Traction,C08,2026-08-26,08:00,12:00,4.0,Pending
REQ-00229,M-002211,Engineering,C10,2026-08-29,05:00,06:00,1.0,Pending
REQ-00230,M-008252,Engineering,C20,2026-08-27,21:00,22:00,1.0,Pending
REQ-00231,M-007839,Engineering,C06,2026-09-02,13:00,17:00,4.0,Pending
REQ-00232,M-009120,Traction,C13,2026-09-02,18:00,22:00,4.0,Pending
REQ-00233,M-008762,Traction,C05,2026-08-30,15:00,16:00,0.5,Pending
REQ-00234,M-009118,S&T,C18,2026-09-02,18:00,20:00,2.0,Pending
REQ-00235,M-011719,Traction,C16,2026-09-06,08:00,11:00,3.0,Pending
REQ-00236,M-002445,Engineering,C03,2026-08-26,19:00,22:00,3.0,Pending
REQ-00237,M-003313,Engineering,C08,2026-08-29,17:00,21:00,4.0,Pending
REQ-00238,M-000219,S&T,C10,2026-08-28,15:00,19:00,4.0,Pending
REQ-00239,M-002616,S&T,C04,2026-08-26,04:00,06:00,2.0,Pending
REQ-00240,M-008030,Traction,C03,2026-09-06,16:00,17:00,1.0,Pending
REQ-00241,M-003778,Traction,C17,2026-08-26,21:00,01:00,4.0,Pending
REQ-00242,M-004630,Engineering,C03,2026-09-06,03:00,05:00,1.5,Pending
REQ-00243,M-010737,Engineering,C03,2026-09-07,19:00,20:00,0.5,Pending
REQ-00244,M-009193,Engineering,C12,2026-08-29,00:00,01:00,1.0,Pending
REQ-00245,M-011999,Engineering,C13,2026-09-01,07:00,10:00,3.0,Pending
REQ-00246,M-011752,Engineering,C04,2026-08-26,03:00,04:00,1.0,Pending
REQ-00247,M-007190,Engineering,C10,2026-09-04,03:00,05:00,2.0,Pending
REQ-00248,M-011591,Engineering,C08,2026-08-25,05:00,09:00,4.0,Pending
REQ-00249,M-001671,S&T,C10,2026-08-27,13:00,17:00,4.0,Pending
REQ-00250,M-001189,Traction,C16,2026-08-28,22:00,23:00,0.5,Pending
REQ-00251,M-001615,S&T,C08,2026-09-05,09:00,13:00,4.0,Pending
REQ-00252,M-002341,Engineering,C12,2026-08-28,17:00,19:00,2.0,Pending
REQ-00253,M-005668,Traction,C05,2026-08-26,20:00,22:00,2.0,Pending
REQ-00254,M-002874,Traction,C01,2026-09-07,20:00,22:00,1.5,Pending
REQ-00255,M-005944,Traction,C07,2026-09-06,16:00,18:00,1.5,Pending
REQ-00256,M-003018,Engineering,C12,2026-09-03,00:00,04:00,4.0,Pending
REQ-00257,M-004093,Traction,C10,2026-08-31,17:00,19:00,1.5,Pending
REQ-00258,M-003291,Engineering,C09,2026-08-27,07:00,11:00,4.0,Pending
REQ-00259,M-000096,S&T,C09,2026-09-04,14:00,16:00,1.5,Pending
REQ-00260,M-003404,S&T,C12,2026-09-06,16:00,17:00,1.0,Pending
REQ-00261,M-011578,Engineering,C02,2026-09-06,01:00,05:00,4.0,Pending
REQ-00262,M-007189,Engineering,C07,2026-08-25,19:00,21:00,2.0,Pending
REQ-00263,M-005803,Traction,C05,2026-09-07,02:00,05:00,3.0,Pending
REQ-00264,M-003099,Traction,C08,2026-08-27,00:00,02:00,2.0,Pending
REQ-00265,M-003419,Traction,C16,2026-08-30,10:00,12:00,2.0,Pending
REQ-00266,M-007635,Engineering,C05,2026-09-07,02:00,03:00,1.0,Pending
REQ-00267,M-011044,S&T,C08,2026-08-28,16:00,18:00,1.5,Pending
REQ-00268,M-009718,S&T,C14,2026-09-01,16:00,20:00,4.0,Pending
REQ-00269,M-001414,Traction,C11,2026-08-29,03:00,06:00,3.0,Pending
REQ-00270,M-011794,Traction,C06,2026-08-31,16:00,20:00,4.0,Pending
REQ-00271,M-007316,S&T,C05,2026-09-02,14:00,15:00,0.5,Pending
REQ-00272,M-001374,S&T,C18,2026-08-28,16:00,19:00,3.0,Pending
REQ-00273,M-002361,Traction,C05,2026-09-01,15:00,18:00,3.0,Pending
REQ-00274,M-002058,Engineering,C03,2026-09-06,22:00,01:00,3.0,Pending
REQ-00275,M-003149,Engineering,C10,2026-09-04,12:00,13:00,1.0,Pending
REQ-00276,M-005014,Engineering,C15,2026-08-30,14:00,15:00,0.5,Pending
REQ-00277,M-004505,Engineering,C20,2026-09-02,13:00,15:00,2.0,Pending
REQ-00278,M-009404,Traction,C14,2026-09-04,00:00,04:00,4.0,Pending
REQ-00279,M-009647,Engineering,C14,2026-08-27,13:00,16:00,3.0,Pending
REQ-00280,M-004405,Traction,C16,2026-08-30,10:00,14:00,4.0,Pending
REQ-00281,M-000857,S&T,C20,2026-09-07,05:00,09:00,4.0,Pending
REQ-00282,M-005177,Traction,C20,2026-08-31,12:00,15:00,3.0,Pending
REQ-00283,M-010550,Engineering,C04,2026-09-03,21:00,23:00,2.0,Pending
REQ-00284,M-010659,Engineering,C09,2026-09-07,21:00,22:00,0.5,Pending
REQ-00285,M-002320,Engineering,C02,2026-08-29,17:00,18:00,0.5,Pending
REQ-00286,M-009762,Traction,C13,2026-09-01,03:00,04:00,1.0,Pending
REQ-00287,M-008032,Engineering,C11,2026-08-28,10:00,12:00,2.0,Pending
REQ-00288,M-005063,S&T,C07,2026-09-06,13:00,15:00,2.0,Pending
REQ-00289,M-001209,Traction,C18,2026-08-25,02:00,05:00,3.0,Pending
REQ-00290,M-010130,Engineering,C14,2026-09-02,06:00,07:00,1.0,Pending
REQ-00291,M-011812,Traction,C03,2026-08-27,17:00,18:00,0.5,Pending
REQ-00292,M-008894,Engineering,C06,2026-09-03,19:00,21:00,1.5,Pending
REQ-00293,M-006499,Traction,C09,2026-08-30,01:00,05:00,4.0,Pending
REQ-00294,M-009518,S&T,C02,2026-09-03,16:00,20:00,4.0,Pending
REQ-00295,M-001278,S&T,C06,2026-08-30,21:00,23:00,1.5,Pending
REQ-00296,M-002472,S&T,C07,2026-09-02,21:00,01:00,4.0,Pending
REQ-00297,M-003939,Traction,C03,2026-08-27,19:00,20:00,0.5,Pending
REQ-00298,M-000102,Traction,C08,2026-09-06,22:00,00:00,2.0,Pending
REQ-00299,M-006900,Engineering,C19,2026-08-29,15:00,18:00,3.0,Pending
REQ-00300,M-000725,Traction,C11,2026-08-28,13:00,16:00,3.0,Pending
REQ-00301,M-004817,Engineering,C09,2026-09-04,11:00,12:00,0.5,Pending
REQ-00302,M-002378,S&T,C02,2026-08-31,04:00,07:00,3.0,Pending
REQ-00303,M-000813,Engineering,C07,2026-08-26,09:00,11:00,1.5,Pending
REQ-00304,M-000305,Engineering,C10,2026-09-05,15:00,16:00,0.5,Pending
REQ-00305,M-008938,Traction,C07,2026-08-27,19:00,21:00,1.5,Pending
REQ-00306,M-005404,Engineering,C10,2026-09-06,19:00,20:00,0.5,Pending
REQ-00307,M-004641,Traction,C10,2026-08-29,06:00,09:00,3.0,Pending
REQ-00308,M-008698,Traction,C14,2026-09-03,08:00,10:00,2.0,Pending
REQ-00309,M-006366,Engineering,C13,2026-09-06,04:00,08:00,4.0,Pending
REQ-00310,M-000100,S&T,C04,2026-08-31,16:00,18:00,2.0,Pending
REQ-00311,M-005100,Engineering,C09,2026-09-05,08:00,10:00,2.0,Pending
REQ-00312,M-000851,Engineering,C03,2026-08-29,13:00,14:00,0.5,Pending
REQ-00313,M-005703,S&T,C02,2026-09-01,04:00,06:00,2.0,Pending
REQ-00314,M-000386,Traction,C16,2026-09-03,15:00,18:00,3.0,Pending
REQ-00315,M-004786,Traction,C10,2026-08-25,18:00,19:00,0.5,Pending
REQ-00316,M-004044,Engineering,C09,2026-08-28,21:00,23:00,1.5,Pending
REQ-00317,M-009781,Engineering,C15,2026-09-05,07:00,08:00,1.0,Pending
REQ-00318,M-007884,Engineering,C06,2026-08-28,21:00,23:00,1.5,Pending
REQ-00319,M-010787,S&T,C17,2026-08-31,17:00,18:00,1.0,Pending
REQ-00320,M-009902,Traction,C09,2026-09-07,14:00,15:00,0.5,Pending
REQ-00321,M-008254,Engineering,C05,2026-09-01,11:00,12:00,1.0,Pending
REQ-00322,M-006413,Traction,C03,2026-09-05,22:00,00:00,2.0,Pending
REQ-00323,M-008302,Engineering,C09,2026-09-02,00:00,01:00,0.5,Pending
REQ-00324,M-005386,Traction,C19,2026-08-25,19:00,23:00,4.0,Pending
REQ-00325,M-010718,Traction,C16,2026-09-04,21:00,23:00,1.5,Pending
REQ-00326,M-010332,S&T,C08,2026-08-30,14:00,18:00,4.0,Pending
REQ-00327,M-008721,S&T,C05,2026-08-25,12:00,16:00,4.0,Pending
REQ-00328,M-010939,Traction,C15,2026-09-06,11:00,13:00,2.0,Pending
REQ-00329,M-010445,Engineering,C15,2026-09-05,10:00,13:00,3.0,Pending
REQ-00330,M-002733,S&T,C07,2026-09-03,21:00,22:00,1.0,Pending
REQ-00331,M-009446,Engineering,C08,2026-09-06,07:00,08:00,0.5,Pending
REQ-00332,M-009599,S&T,C01,2026-08-25,01:00,03:00,1.5,Pending
REQ-00333,M-000462,Traction,C09,2026-08-30,16:00,18:00,1.5,Pending
REQ-00334,M-010568,S&T,C18,2026-09-06,15:00,18:00,3.0,Pending
REQ-00335,M-000120,S&T,C19,2026-08-26,17:00,18:00,0.5,Pending
REQ-00336,M-001571,Traction,C03,2026-08-30,14:00,16:00,2.0,Pending
REQ-00337,M-007736,Engineering,C16,2026-08-25,14:00,18:00,4.0,Pending
REQ-00338,M-008619,Engineering,C10,2026-08-30,18:00,20:00,1.5,Pending
REQ-00339,M-000358,Engineering,C15,2026-09-04,16:00,19:00,3.0,Pending
REQ-00340,M-004309,S&T,C12,2026-09-05,19:00,21:00,1.5,Pending
REQ-00341,M-003910,Engineering,C07,2026-09-07,03:00,06:00,3.0,Pending
REQ-00342,M-002047,Traction,C04,2026-08-27,04:00,06:00,1.5,Pending
REQ-00343,M-005366,S&T,C18,2026-09-05,20:00,21:00,1.0,Pending
REQ-00344,M-002151,Traction,C20,2026-09-01,12:00,16:00,4.0,Pending
REQ-00345,M-008123,S&T,C14,2026-09-07,22:00,02:00,4.0,Pending
REQ-00346,M-004049,Traction,C03,2026-09-01,08:00,12:00,4.0,Pending
REQ-00347,M-001982,Engineering,C08,2026-08-28,08:00,10:00,1.5,Pending
REQ-00348,M-001403,Engineering,C10,2026-09-07,12:00,14:00,2.0,Pending
REQ-00349,M-010592,Traction,C20,2026-09-06,12:00,13:00,1.0,Pending
REQ-00350,M-005584,S&T,C18,2026-09-05,12:00,14:00,2.0,Pending
REQ-00351,M-000397,Engineering,C06,2026-09-05,20:00,21:00,0.5,Pending
REQ-00352,M-001040,Engineering,C19,2026-09-06,05:00,07:00,1.5,Pending
REQ-00353,M-010610,Engineering,C17,2026-08-30,09:00,10:00,0.5,Pending
REQ-00354,M-001587,Engineering,C08,2026-09-02,04:00,05:00,0.5,Pending
REQ-00355,M-003692,S&T,C02,2026-08-27,17:00,20:00,3.0,Pending
REQ-00356,M-005426,Engineering,C15,2026-08-27,03:00,05:00,1.5,Pending
REQ-00357,M-000380,S&T,C05,2026-09-05,01:00,05:00,4.0,Pending
REQ-00358,M-007803,Engineering,C02,2026-08-31,10:00,11:00,0.5,Pending
REQ-00359,M-002143,Engineering,C05,2026-09-05,10:00,11:00,1.0,Pending
REQ-00360,M-004129,Engineering,C19,2026-09-07,09:00,12:00,3.0,Pending
REQ-00361,M-002460,S&T,C14,2026-08-25,08:00,10:00,2.0,Pending
REQ-00362,M-011279,Engineering,C13,2026-08-25,02:00,03:00,0.5,Pending
REQ-00363,M-001054,S&T,C12,2026-09-05,01:00,02:00,0.5,Pending
REQ-00364,M-001787,S&T,C16,2026-08-26,17:00,21:00,4.0,Pending
REQ-00365,M-008205,S&T,C16,2026-09-05,19:00,20:00,0.5,Pending
REQ-00366,M-004843,Traction,C05,2026-08-26,05:00,08:00,3.0,Pending
REQ-00367,M-010320,Engineering,C19,2026-09-01,04:00,05:00,0.5,Pending
REQ-00368,M-010288,Engineering,C08,2026-08-28,15:00,16:00,1.0,Pending
REQ-00369,M-002246,S&T,C18,2026-09-05,07:00,08:00,1.0,Pending
REQ-00370,M-008608,Traction,C08,2026-09-03,08:00,10:00,2.0,Pending
REQ-00371,M-007283,Traction,C06,2026-08-29,03:00,07:00,4.0,Pending
REQ-00372,M-007842,Engineering,C02,2026-08-26,15:00,18:00,3.0,Pending
REQ-00373,M-003820,S&T,C15,2026-08-25,22:00,01:00,3.0,Pending
REQ-00374,M-003379,S&T,C07,2026-08-31,01:00,03:00,2.0,Pending
REQ-00375,M-003922,S&T,C19,2026-09-01,16:00,17:00,0.5,Pending
REQ-00376,M-009605,Engineering,C03,2026-09-06,00:00,01:00,1.0,Pending
REQ-00377,M-002964,Traction,C06,2026-08-27,12:00,15:00,3.0,Pending
REQ-00378,M-009864,Traction,C19,2026-08-30,03:00,06:00,3.0,Pending
REQ-00379,M-007621,Engineering,C08,2026-08-29,16:00,20:00,4.0,Pending
REQ-00380,M-001497,Traction,C08,2026-09-03,20:00,21:00,1.0,Pending
REQ-00381,M-007467,Traction,C07,2026-08-29,14:00,16:00,1.5,Pending
REQ-00382,M-005764,S&T,C11,2026-08-31,19:00,21:00,2.0,Pending
REQ-00383,M-003703,Engineering,C01,2026-08-27,15:00,17:00,1.5,Pending
REQ-00384,M-003895,Traction,C16,2026-08-27,06:00,09:00,3.0,Pending
REQ-00385,M-009319,S&T,C08,2026-09-01,20:00,23:00,3.0,Pending
REQ-00386,M-006467,Engineering,C07,2026-09-06,09:00,13:00,4.0,Pending
REQ-00387,M-003661,S&T,C02,2026-09-01,06:00,09:00,3.0,Pending
REQ-00388,M-002086,S&T,C15,2026-09-04,12:00,14:00,2.0,Pending
REQ-00389,M-009819,Engineering,C14,2026-09-07,18:00,22:00,4.0,Pending
REQ-00390,M-004254,S&T,C20,2026-09-04,22:00,00:00,1.5,Pending
REQ-00391,M-002352,Engineering,C02,2026-08-27,07:00,08:00,0.5,Pending
REQ-00392,M-004376,Engineering,C19,2026-08-26,11:00,14:00,3.0,Pending
REQ-00393,M-000555,S&T,C17,2026-09-01,22:00,23:00,1.0,Pending
REQ-00394,M-007086,Traction,C07,2026-08-25,11:00,13:00,1.5,Pending
REQ-00395,M-007458,Engineering,C13,2026-08-29,00:00,03:00,3.0,Pending
REQ-00396,M-009573,S&T,C06,2026-09-06,15:00,16:00,0.5,Pending
REQ-00397,M-005021,S&T,C09,2026-09-01,16:00,17:00,1.0,Pending
REQ-00398,M-000669,Engineering,C20,2026-08-29,19:00,20:00,1.0,Pending
REQ-00399,M-003743,S&T,C14,2026-09-02,19:00,21:00,2.0,Pending
REQ-00400,M-000048,Traction,C19,2026-09-05,12:00,16:00,4.0,Pending
REQ-00401,M-010061,Traction,C08,2026-08-27,17:00,18:00,0.5,Pending
REQ-00402,M-010040,Engineering,C01,2026-08-26,05:00,06:00,1.0,Pending
REQ-00403,M-006840,Engineering,C19,2026-08-31,00:00,01:00,1.0,Pending
REQ-00404,M-011951,S&T,C19,2026-08-29,03:00,05:00,1.5,Pending
REQ-00405,M-001179,Engineering,C16,2026-08-25,21:00,23:00,2.0,Pending
REQ-00406,M-007602,Engineering,C02,2026-08-26,19:00,23:00,4.0,Pending
REQ-00407,M-010962,S&T,C04,2026-08-28,02:00,06:00,4.0,Pending
REQ-00408,M-002992,S&T,C08,2026-09-05,10:00,14:00,4.0,Pending
REQ-00409,M-001784,Engineering,C02,2026-08-26,19:00,20:00,1.0,Pending
REQ-00410,M-004873,S&T,C04,2026-09-02,00:00,02:00,2.0,Pending
REQ-00411,M-005848,Traction,C12,2026-09-05,19:00,20:00,1.0,Pending
REQ-00412,M-002219,Traction,C17,2026-08-30,17:00,20:00,3.0,Pending
REQ-00413,M-010448,Traction,C15,2026-09-02,10:00,14:00,4.0,Pending
REQ-00414,M-003915,Traction,C11,2026-09-02,15:00,17:00,2.0,Pending
REQ-00415,M-003223,S&T,C20,2026-08-31,17:00,19:00,2.0,Pending
REQ-00416,M-005139,Traction,C06,2026-09-03,14:00,15:00,1.0,Pending
REQ-00417,M-005101,Engineering,C07,2026-08-28,04:00,05:00,1.0,Pending
REQ-00418,M-004421,Engineering,C01,2026-08-26,12:00,14:00,2.0,Pending
REQ-00419,M-004314,Engineering,C08,2026-09-06,01:00,02:00,1.0,Pending
REQ-00420,M-003004,Engineering,C03,2026-09-02,14:00,16:00,2.0,Pending
REQ-00421,M-006683,Engineering,C02,2026-08-28,16:00,20:00,4.0,Pending
REQ-00422,M-000246,Traction,C09,2026-08-29,07:00,08:00,0.5,Pending
REQ-00423,M-009363,S&T,C19,2026-08-28,06:00,07:00,1.0,Pending
REQ-00424,M-003530,Engineering,C04,2026-08-25,13:00,14:00,1.0,Pending
REQ-00425,M-009534,S&T,C12,2026-08-25,18:00,19:00,0.5,Pending
REQ-00426,M-008142,S&T,C02,2026-09-02,13:00,14:00,1.0,Pending
REQ-00427,M-009859,Traction,C14,2026-08-27,03:00,07:00,4.0,Pending
REQ-00428,M-007690,Engineering,C20,2026-08-28,08:00,12:00,4.0,Pending
REQ-00429,M-010865,Engineering,C03,2026-08-29,03:00,05:00,2.0,Pending
REQ-00430,M-002040,Traction,C20,2026-09-04,01:00,03:00,2.0,Pending
REQ-00431,M-001023,Traction,C12,2026-09-07,02:00,05:00,3.0,Pending
REQ-00432,M-002689,Engineering,C13,2026-08-26,20:00,21:00,0.5,Pending
REQ-00433,M-008135,Traction,C07,2026-08-29,11:00,13:00,2.0,Pending
REQ-00434,M-011627,Engineering,C04,2026-08-27,07:00,09:00,2.0,Pending
REQ-00435,M-008117,S&T,C04,2026-08-28,07:00,09:00,1.5,Pending
REQ-00436,M-010260,Engineering,C15,2026-08-26,02:00,04:00,2.0,Pending
REQ-00437,M-004694,Engineering,C13,2026-08-27,11:00,12:00,1.0,Pending
REQ-00438,M-002373,S&T,C17,2026-09-07,21:00,23:00,1.5,Pending
REQ-00439,M-005839,Traction,C10,2026-08-31,09:00,11:00,1.5,Pending
REQ-00440,M-010697,Engineering,C06,2026-09-02,11:00,14:00,3.0,Pending
REQ-00441,M-004868,S&T,C02,2026-09-05,00:00,01:00,0.5,Pending
REQ-00442,M-011702,Traction,C09,2026-08-31,02:00,04:00,1.5,Pending
REQ-00443,M-001693,Engineering,C08,2026-09-05,01:00,03:00,1.5,Pending
REQ-00444,M-011595,S&T,C07,2026-08-29,11:00,15:00,4.0,Pending
REQ-00445,M-010308,Engineering,C07,2026-09-06,10:00,11:00,0.5,Pending
REQ-00446,M-001492,Engineering,C05,2026-09-02,00:00,01:00,0.5,Pending
REQ-00447,M-003786,Traction,C10,2026-08-28,20:00,21:00,0.5,Pending
REQ-00448,M-003653,Engineering,C01,2026-08-28,14:00,18:00,4.0,Pending
REQ-00449,M-003672,S&T,C19,2026-09-01,07:00,08:00,1.0,Pending
REQ-00450,M-010935,Traction,C02,2026-08-25,10:00,12:00,2.0,Pending
REQ-00451,M-008566,S&T,C12,2026-09-01,22:00,00:00,2.0,Pending
REQ-00452,M-008573,S&T,C17,2026-09-04,10:00,13:00,3.0,Pending
REQ-00453,M-010615,S&T,C12,2026-08-30,18:00,22:00,4.0,Pending
REQ-00454,M-005266,Engineering,C20,2026-09-07,09:00,10:00,1.0,Pending
REQ-00455,M-003449,S&T,C07,2026-08-30,11:00,13:00,1.5,Pending
REQ-00456,M-003680,Traction,C09,2026-08-30,16:00,17:00,1.0,Pending
REQ-00457,M-006190,Engineering,C02,2026-09-02,06:00,08:00,1.5,Pending
REQ-00458,M-007445,S&T,C08,2026-08-28,19:00,21:00,1.5,Pending
REQ-00459,M-006878,Traction,C17,2026-08-28,06:00,07:00,0.5,Pending
REQ-00460,M-004468,Traction,C20,2026-09-06,17:00,19:00,2.0,Pending
REQ-00461,M-004098,Engineering,C01,2026-08-26,17:00,20:00,3.0,Pending
REQ-00462,M-007338,Engineering,C05,2026-08-26,00:00,02:00,2.0,Pending
REQ-00463,M-004157,S&T,C04,2026-09-03,10:00,13:00,3.0,Pending
REQ-00464,M-007135,Traction,C19,2026-08-25,20:00,23:00,3.0,Pending
REQ-00465,M-005212,S&T,C12,2026-09-01,20:00,23:00,3.0,Pending
REQ-00466,M-004681,Engineering,C10,2026-08-26,05:00,08:00,3.0,Pending
REQ-00467,M-002630,Traction,C09,2026-09-07,13:00,14:00,0.5,Pending
REQ-00468,M-006364,Traction,C09,2026-08-27,03:00,05:00,2.0,Pending
REQ-00469,M-002532,Engineering,C05,2026-08-31,18:00,20:00,2.0,Pending
REQ-00470,M-001513,Traction,C03,2026-08-31,02:00,04:00,2.0,Pending
REQ-00471,M-004005,Traction,C13,2026-08-28,20:00,23:00,3.0,Pending
REQ-00472,M-004465,S&T,C18,2026-09-04,17:00,18:00,0.5,Pending
REQ-00473,M-001011,Traction,C13,2026-08-30,10:00,12:00,1.5,Pending
REQ-00474,M-006508,Engineering,C10,2026-08-29,12:00,13:00,1.0,Pending
REQ-00475,M-011106,Engineering,C09,2026-08-28,11:00,13:00,1.5,Pending
REQ-00476,M-002423,Traction,C16,2026-09-01,04:00,05:00,0.5,Pending
REQ-00477,M-002055,Engineering,C06,2026-08-30,09:00,10:00,1.0,Pending
REQ-00478,M-010307,Engineering,C16,2026-09-05,12:00,16:00,4.0,Pending
REQ-00479,M-007638,Engineering,C10,2026-08-28,02:00,05:00,3.0,Pending
REQ-00480,M-006128,S&T,C08,2026-08-28,00:00,01:00,1.0,Pending
REQ-00481,M-005573,S&T,C18,2026-09-03,04:00,05:00,1.0,Pending
REQ-00482,M-000909,Engineering,C07,2026-09-01,20:00,21:00,0.5,Pending
REQ-00483,M-011098,S&T,C06,2026-08-30,05:00,08:00,3.0,Pending
REQ-00484,M-007699,Traction,C12,2026-08-28,14:00,15:00,0.5,Pending
REQ-00485,M-008080,Engineering,C19,2026-09-04,19:00,22:00,3.0,Pending
REQ-00486,M-008983,Engineering,C09,2026-09-01,04:00,08:00,4.0,Pending
REQ-00487,M-006312,Traction,C05,2026-08-30,16:00,18:00,2.0,Pending
REQ-00488,M-000215,S&T,C17,2026-08-28,13:00,14:00,1.0,Pending
REQ-00489,M-002987,Engineering,C07,2026-09-02,20:00,22:00,2.0,Pending
REQ-00490,M-009100,S&T,C09,2026-08-30,09:00,13:00,4.0,Pending
REQ-00491,M-003116,S&T,C13,2026-09-05,01:00,02:00,1.0,Pending
REQ-00492,M-007262,Engineering,C02,2026-09-06,20:00,22:00,2.0,Pending
REQ-00493,M-011102,S&T,C07,2026-08-27,21:00,22:00,0.5,Pending
REQ-00494,M-006189,Traction,C07,2026-08-31,06:00,10:00,4.0,Pending
REQ-00495,M-010549,Traction,C16,2026-09-04,09:00,11:00,1.5,Pending
REQ-00496,M-006456,Traction,C01,2026-08-26,10:00,11:00,0.5,Pending
REQ-00497,M-000015,S&T,C09,2026-09-02,01:00,03:00,1.5,Pending
REQ-00498,M-002803,Engineering,C03,2026-08-26,09:00,10:00,0.5,Pending
REQ-00499,M-011515,S&T,C19,2026-08-29,03:00,04:00,0.5,Pending
REQ-00500,M-001702,Engineering,C13,2026-09-07,09:00,11:00,1.5,Pending
REQ-00501,M-002702,Engineering,C02,2026-09-06,10:00,11:00,0.5,Pending
REQ-00502,M-001321,Traction,C18,2026-08-26,09:00,11:00,1.5,Pending
REQ-00503,M-010081,Traction,C12,2026-08-30,13:00,17:00,4.0,Pending
REQ-00504,M-010141,Engineering,C11,2026-08-30,16:00,18:00,2.0,Pending
REQ-00505,M-008063,Traction,C14,2026-09-01,08:00,11:00,3.0,Pending
REQ-00506,M-005029,S&T,C08,2026-09-04,17:00,18:00,0.5,Pending
REQ-00507,M-000519,Engineering,C09,2026-08-27,19:00,20:00,0.5,Pending
REQ-00508,M-010444,S&T,C12,2026-09-07,07:00,09:00,2.0,Pending
REQ-00509,M-003541,S&T,C03,2026-09-05,04:00,06:00,1.5,Pending
REQ-00510,M-011942,Traction,C06,2026-09-03,10:00,12:00,1.5,Pending
REQ-00511,M-011836,Engineering,C15,2026-08-28,08:00,10:00,1.5,Pending
REQ-00512,M-010459,Engineering,C19,2026-08-28,06:00,07:00,0.5,Pending
REQ-00513,M-004411,S&T,C16,2026-08-26,18:00,19:00,1.0,Pending
REQ-00514,M-005701,Engineering,C01,2026-08-27,21:00,22:00,1.0,Pending
REQ-00515,M-002381,Engineering,C09,2026-09-07,10:00,11:00,1.0,Pending
REQ-00516,M-002103,Engineering,C08,2026-08-28,01:00,05:00,4.0,Pending
REQ-00517,M-006831,Traction,C03,2026-08-31,09:00,13:00,4.0,Pending
REQ-00518,M-006907,Traction,C05,2026-08-26,07:00,08:00,1.0,Pending
REQ-00519,M-007846,Traction,C02,2026-09-04,13:00,16:00,3.0,Pending
REQ-00520,M-010096,Traction,C11,2026-09-06,05:00,08:00,3.0,Pending
REQ-00521,M-010821,Engineering,C15,2026-09-07,16:00,18:00,2.0,Pending
REQ-00522,M-001644,S&T,C18,2026-08-29,22:00,00:00,2.0,Pending
REQ-00523,M-000032,Engineering,C10,2026-08-28,04:00,06:00,1.5,Pending
REQ-00524,M-002228,Engineering,C07,2026-09-05,09:00,10:00,1.0,Pending
REQ-00525,M-009292,Engineering,C11,2026-09-05,17:00,20:00,3.0,Pending
REQ-00526,M-010505,Engineering,C08,2026-08-27,06:00,08:00,2.0,Pending
REQ-00527,M-007172,S&T,C12,2026-09-06,16:00,17:00,1.0,Pending
REQ-00528,M-001792,Engineering,C02,2026-09-07,12:00,13:00,1.0,Pending
REQ-00529,M-005399,Engineering,C20,2026-09-04,13:00,14:00,1.0,Pending
REQ-00530,M-007173,S&T,C16,2026-09-07,07:00,10:00,3.0,Pending
REQ-00531,M-000674,Engineering,C07,2026-09-07,03:00,04:00,1.0,Pending
REQ-00532,M-000051,Traction,C05,2026-09-01,13:00,14:00,0.5,Pending
REQ-00533,M-000484,S&T,C19,2026-08-30,11:00,12:00,0.5,Pending
REQ-00534,M-001924,Engineering,C08,2026-09-03,08:00,09:00,1.0,Pending
REQ-00535,M-011780,Engineering,C05,2026-08-27,20:00,00:00,4.0,Pending
REQ-00536,M-009222,Engineering,C07,2026-08-29,18:00,21:00,3.0,Pending
REQ-00537,M-010516,Traction,C03,2026-09-02,02:00,04:00,1.5,Pending
REQ-00538,M-000928,Traction,C13,2026-08-28,17:00,20:00,3.0,Pending
REQ-00539,M-005532,Traction,C18,2026-08-27,16:00,17:00,1.0,Pending
REQ-00540,M-004920,Engineering,C02,2026-08-28,17:00,19:00,1.5,Pending
REQ-00541,M-008499,S&T,C20,2026-09-02,18:00,19:00,0.5,Pending
REQ-00542,M-001951,Engineering,C04,2026-09-02,01:00,03:00,2.0,Pending
REQ-00543,M-008076,Traction,C08,2026-09-04,22:00,23:00,0.5,Pending
REQ-00544,M-002168,S&T,C14,2026-08-30,20:00,22:00,1.5,Pending
REQ-00545,M-007069,Engineering,C11,2026-08-30,05:00,07:00,1.5,Pending
REQ-00546,M-004925,Engineering,C15,2026-09-05,07:00,08:00,0.5,Pending
REQ-00547,M-008385,Engineering,C11,2026-08-28,07:00,08:00,0.5,Pending
REQ-00548,M-003035,Engineering,C15,2026-09-01,15:00,19:00,4.0,Pending
REQ-00549,M-011914,S&T,C02,2026-09-06,15:00,19:00,4.0,Pending
REQ-00550,M-007061,Traction,C01,2026-09-04,01:00,02:00,0.5,Pending
REQ-00551,M-009339,S&T,C17,2026-08-26,05:00,08:00,3.0,Pending
REQ-00552,M-007906,Engineering,C02,2026-09-03,16:00,19:00,3.0,Pending
REQ-00553,M-004607,S&T,C04,2026-09-03,08:00,10:00,1.5,Pending
REQ-00554,M-002349,Engineering,C01,2026-08-25,09:00,12:00,3.0,Pending
REQ-00555,M-001348,Traction,C10,2026-09-07,12:00,16:00,4.0,Pending
REQ-00556,M-002767,S&T,C09,2026-09-03,00:00,02:00,2.0,Pending
REQ-00557,M-004041,Engineering,C12,2026-09-05,09:00,10:00,1.0,Pending
REQ-00558,M-002237,Traction,C04,2026-08-26,19:00,20:00,1.0,Pending
REQ-00559,M-005717,Engineering,C01,2026-09-06,15:00,16:00,0.5,Pending
REQ-00560,M-010119,S&T,C15,2026-08-31,12:00,15:00,3.0,Pending
REQ-00561,M-007404,S&T,C05,2026-08-25,05:00,08:00,3.0,Pending
REQ-00562,M-007986,S&T,C01,2026-08-30,20:00,22:00,2.0,Pending
REQ-00563,M-011227,S&T,C15,2026-09-04,05:00,07:00,1.5,Pending
REQ-00564,M-001431,Traction,C04,2026-09-03,19:00,23:00,4.0,Pending
REQ-00565,M-001276,Traction,C04,2026-09-03,00:00,01:00,1.0,Pending
REQ-00566,M-007756,Engineering,C06,2026-09-06,09:00,10:00,0.5,Pending
REQ-00567,M-010182,Traction,C06,2026-08-27,05:00,06:00,0.5,Pending
REQ-00568,M-006516,Traction,C18,2026-08-27,08:00,10:00,2.0,Pending
REQ-00569,M-003155,S&T,C16,2026-09-07,05:00,09:00,4.0,Pending
REQ-00570,M-003370,Traction,C08,2026-08-31,02:00,04:00,2.0,Pending
REQ-00571,M-010903,Traction,C20,2026-08-29,08:00,10:00,2.0,Pending
REQ-00572,M-005636,Engineering,C06,2026-09-01,19:00,21:00,1.5,Pending
REQ-00573,M-004709,Traction,C07,2026-09-03,21:00,23:00,1.5,Pending
REQ-00574,M-004839,Engineering,C01,2026-09-03,08:00,12:00,4.0,Pending
REQ-00575,M-003049,Traction,C03,2026-09-07,15:00,17:00,2.0,Pending
REQ-00576,M-007811,Engineering,C17,2026-09-02,10:00,11:00,1.0,Pending
REQ-00577,M-011176,S&T,C19,2026-09-07,03:00,06:00,3.0,Pending
REQ-00578,M-009800,Engineering,C10,2026-09-05,05:00,08:00,3.0,Pending
REQ-00579,M-005581,S&T,C18,2026-09-07,20:00,22:00,2.0,Pending
REQ-00580,M-007808,Engineering,C08,2026-08-27,06:00,08:00,2.0,Pending
REQ-00581,M-003289,Engineering,C16,2026-09-04,14:00,15:00,1.0,Pending
REQ-00582,M-002013,S&T,C07,2026-09-06,06:00,07:00,1.0,Pending
REQ-00583,M-007093,S&T,C08,2026-08-29,21:00,00:00,3.0,Pending
REQ-00584,M-001454,S&T,C19,2026-09-05,18:00,19:00,0.5,Pending
REQ-00585,M-001079,Engineering,C15,2026-09-04,19:00,23:00,4.0,Pending
REQ-00586,M-006464,Engineering,C06,2026-08-30,16:00,17:00,1.0,Pending
REQ-00587,M-010502,S&T,C20,2026-08-31,16:00,19:00,3.0,Pending
REQ-00588,M-000435,Engineering,C16,2026-09-05,02:00,06:00,4.0,Pending
REQ-00589,M-007196,S&T,C14,2026-08-29,03:00,04:00,1.0,Pending
REQ-00590,M-000614,Engineering,C09,2026-09-02,01:00,02:00,1.0,Pending
REQ-00591,M-011926,Traction,C10,2026-08-26,21:00,23:00,2.0,Pending
REQ-00592,M-002994,S&T,C11,2026-09-07,07:00,08:00,1.0,Pending
REQ-00593,M-011663,S&T,C14,2026-08-30,18:00,20:00,1.5,Pending
REQ-00594,M-001112,Engineering,C07,2026-09-01,22:00,00:00,2.0,Pending
REQ-00595,M-007248,Engineering,C19,2026-08-28,05:00,06:00,0.5,Pending
REQ-00596,M-007710,S&T,C02,2026-09-07,13:00,16:00,3.0,Pending
REQ-00597,M-010791,S&T,C01,2026-08-25,02:00,04:00,1.5,Pending
REQ-00598,M-001283,Engineering,C02,2026-09-03,06:00,08:00,2.0,Pending
REQ-00599,M-002454,S&T,C08,2026-09-03,08:00,09:00,1.0,Pending
REQ-00600,M-010513,S&T,C01,2026-09-03,11:00,13:00,2.0,Pending
REQ-00601,M-007891,Engineering,C16,2026-09-01,07:00,09:00,1.5,Pending
REQ-00602,M-011959,Engineering,C08,2026-09-03,11:00,12:00,0.5,Pending
REQ-00603,M-006593,Traction,C07,2026-09-05,05:00,07:00,1.5,Pending
REQ-00604,M-008367,S&T,C07,2026-08-29,14:00,15:00,0.5,Pending
REQ-00605,M-000915,S&T,C18,2026-08-26,22:00,01:00,3.0,Pending
REQ-00606,M-005282,Engineering,C02,2026-09-04,11:00,15:00,4.0,Pending
REQ-00607,M-005837,Engineering,C09,2026-09-02,12:00,14:00,2.0,Pending
REQ-00608,M-009328,Engineering,C10,2026-08-31,12:00,16:00,4.0,Pending
REQ-00609,M-001198,Traction,C05,2026-08-28,06:00,07:00,1.0,Pending
REQ-00610,M-006388,Traction,C09,2026-08-27,14:00,15:00,0.5,Pending
REQ-00611,M-009567,Engineering,C17,2026-09-03,04:00,07:00,3.0,Pending
REQ-00612,M-007734,Engineering,C10,2026-09-01,13:00,15:00,1.5,Pending
REQ-00613,M-002877,Engineering,C08,2026-08-26,21:00,00:00,3.0,Pending
REQ-00614,M-008324,S&T,C02,2026-09-04,06:00,09:00,3.0,Pending
REQ-00615,M-005909,Engineering,C04,2026-09-07,05:00,07:00,1.5,Pending
REQ-00616,M-007999,Traction,C16,2026-08-25,20:00,21:00,0.5,Pending
REQ-00617,M-000108,S&T,C17,2026-09-07,00:00,04:00,4.0,Pending
REQ-00618,M-003690,Engineering,C18,2026-08-30,12:00,14:00,2.0,Pending
REQ-00619,M-004608,S&T,C20,2026-08-29,05:00,07:00,2.0,Pending
REQ-00620,M-009976,Engineering,C02,2026-08-27,22:00,01:00,3.0,Pending
REQ-00621,M-011335,S&T,C20,2026-08-27,14:00,16:00,1.5,Pending
REQ-00622,M-008092,Traction,C06,2026-09-04,22:00,00:00,2.0,Pending
REQ-00623,M-008217,Traction,C13,2026-09-07,03:00,04:00,1.0,Pending
REQ-00624,M-000968,S&T,C03,2026-09-04,17:00,19:00,2.0,Pending
REQ-00625,M-006250,Traction,C10,2026-08-30,09:00,12:00,3.0,Pending
REQ-00626,M-000218,Engineering,C03,2026-08-29,02:00,03:00,0.5,Pending
REQ-00627,M-002983,Engineering,C15,2026-08-28,09:00,10:00,1.0,Pending
REQ-00628,M-007444,Engineering,C16,2026-09-03,11:00,14:00,3.0,Pending
REQ-00629,M-005580,Traction,C18,2026-08-28,08:00,11:00,3.0,Pending
REQ-00630,M-007700,Engineering,C09,2026-09-04,12:00,13:00,0.5,Pending
REQ-00631,M-008476,S&T,C02,2026-09-07,06:00,07:00,0.5,Pending
REQ-00632,M-004951,S&T,C06,2026-09-07,04:00,05:00,1.0,Pending
REQ-00633,M-000511,S&T,C20,2026-09-06,05:00,06:00,0.5,Pending
REQ-00634,M-005235,S&T,C13,2026-09-04,16:00,18:00,1.5,Pending
REQ-00635,M-006821,Engineering,C13,2026-09-04,08:00,12:00,4.0,Pending
REQ-00636,M-004484,Engineering,C07,2026-09-07,09:00,11:00,1.5,Pending
REQ-00637,M-006063,Engineering,C08,2026-08-31,08:00,10:00,2.0,Pending
REQ-00638,M-000574,S&T,C05,2026-09-04,02:00,05:00,3.0,Pending
REQ-00639,M-006576,Engineering,C15,2026-08-30,22:00,23:00,1.0,Pending
REQ-00640,M-000040,Engineering,C11,2026-09-03,07:00,09:00,2.0,Pending
REQ-00641,M-004218,Engineering,C03,2026-08-28,17:00,21:00,4.0,Pending
REQ-00642,M-003911,Traction,C12,2026-08-29,09:00,12:00,3.0,Pending
REQ-00643,M-001624,S&T,C07,2026-08-31,20:00,00:00,4.0,Pending
REQ-00644,M-007282,Traction,C10,2026-08-27,10:00,13:00,3.0,Pending
REQ-00645,M-001415,Engineering,C15,2026-09-05,20:00,22:00,2.0,Pending
REQ-00646,M-002565,Traction,C17,2026-09-03,10:00,12:00,2.0,Pending
REQ-00647,M-006849,S&T,C02,2026-08-29,05:00,07:00,2.0,Pending
REQ-00648,M-002407,S&T,C20,2026-09-06,03:00,04:00,1.0,Pending
REQ-00649,M-008845,Engineering,C06,2026-08-28,11:00,13:00,1.5,Pending
REQ-00650,M-008644,Engineering,C06,2026-08-30,12:00,13:00,1.0,Pending
REQ-00651,M-005227,S&T,C17,2026-08-25,18:00,20:00,1.5,Pending
REQ-00652,M-003285,Traction,C09,2026-08-26,15:00,17:00,1.5,Pending
REQ-00653,M-005479,S&T,C05,2026-09-04,09:00,13:00,4.0,Pending
REQ-00654,M-000347,Engineering,C05,2026-08-26,22:00,01:00,3.0,Pending
REQ-00655,M-007223,S&T,C16,2026-08-30,18:00,21:00,3.0,Pending
REQ-00656,M-007111,S&T,C10,2026-08-30,18:00,20:00,1.5,Pending
REQ-00657,M-002629,Engineering,C09,2026-08-28,00:00,02:00,2.0,Pending
REQ-00658,M-009844,S&T,C12,2026-08-26,04:00,05:00,0.5,Pending
REQ-00659,M-003315,Traction,C19,2026-08-30,09:00,11:00,1.5,Pending
REQ-00660,M-007633,S&T,C01,2026-09-01,17:00,20:00,3.0,Pending
REQ-00661,M-003044,S&T,C10,2026-08-28,22:00,23:00,0.5,Pending
REQ-00662,M-010671,Traction,C04,2026-08-30,21:00,22:00,1.0,Pending
REQ-00663,M-004994,Engineering,C04,2026-08-30,12:00,13:00,0.5,Pending
REQ-00664,M-007423,S&T,C12,2026-09-03,02:00,03:00,1.0,Pending
REQ-00665,M-004048,Engineering,C04,2026-08-31,17:00,18:00,1.0,Pending
REQ-00666,M-009058,Traction,C07,2026-09-04,18:00,19:00,0.5,Pending
REQ-00667,M-011996,Traction,C04,2026-08-31,05:00,06:00,0.5,Pending
REQ-00668,M-005035,Engineering,C06,2026-08-31,06:00,09:00,3.0,Pending
REQ-00669,M-004611,S&T,C10,2026-09-03,21:00,01:00,4.0,Pending
REQ-00670,M-011957,Traction,C05,2026-08-29,20:00,21:00,0.5,Pending
REQ-00671,M-005336,S&T,C16,2026-08-27,17:00,20:00,3.0,Pending
REQ-00672,M-009592,Engineering,C19,2026-09-06,15:00,16:00,0.5,Pending
REQ-00673,M-011792,Traction,C10,2026-09-01,22:00,23:00,1.0,Pending
REQ-00674,M-005012,S&T,C10,2026-08-29,13:00,16:00,3.0,Pending
REQ-00675,M-009040,Engineering,C03,2026-09-06,04:00,07:00,3.0,Pending
REQ-00676,M-000938,Traction,C16,2026-08-30,13:00,14:00,0.5,Pending
REQ-00677,M-004533,Engineering,C06,2026-09-06,20:00,22:00,1.5,Pending
REQ-00678,M-004845,Engineering,C02,2026-09-02,22:00,01:00,3.0,Pending
REQ-00679,M-003465,Traction,C07,2026-09-02,19:00,22:00,3.0,Pending
REQ-00680,M-008070,Traction,C02,2026-09-07,18:00,22:00,4.0,Pending
REQ-00681,M-000178,Traction,C16,2026-09-04,16:00,20:00,4.0,Pending
REQ-00682,M-007334,S&T,C07,2026-08-29,04:00,05:00,0.5,Pending
REQ-00683,M-003603,S&T,C05,2026-08-27,11:00,13:00,2.0,Pending
REQ-00684,M-008303,Engineering,C03,2026-08-25,20:00,23:00,3.0,Pending
REQ-00685,M-007502,Engineering,C01,2026-08-30,20:00,22:00,2.0,Pending
REQ-00686,M-010632,S&T,C13,2026-08-27,22:00,02:00,4.0,Pending
REQ-00687,M-001220,S&T,C19,2026-08-30,06:00,10:00,4.0,Pending
REQ-00688,M-008311,Traction,C19,2026-08-28,19:00,21:00,1.5,Pending
REQ-00689,M-011354,Engineering,C14,2026-08-25,00:00,01:00,1.0,Pending
REQ-00690,M-007020,Engineering,C20,2026-09-04,14:00,17:00,3.0,Pending
REQ-00691,M-009843,Engineering,C09,2026-08-29,08:00,11:00,3.0,Pending
REQ-00692,M-000458,Engineering,C12,2026-09-03,21:00,23:00,2.0,Pending
REQ-00693,M-005065,Traction,C20,2026-09-07,05:00,09:00,4.0,Pending
REQ-00694,M-001158,Engineering,C08,2026-08-31,07:00,09:00,1.5,Pending
REQ-00695,M-009515,Engineering,C07,2026-09-06,01:00,02:00,1.0,Pending
REQ-00696,M-003239,Engineering,C20,2026-09-07,01:00,02:00,0.5,Pending
REQ-00697,M-009831,Engineering,C02,2026-08-28,05:00,09:00,4.0,Pending
REQ-00698,M-001214,Engineering,C03,2026-09-07,17:00,21:00,4.0,Pending
REQ-00699,M-011132,Engineering,C01,2026-08-30,02:00,04:00,1.5,Pending
REQ-00700,M-011481,Traction,C16,2026-08-30,12:00,13:00,1.0,Pending
REQ-00701,M-011849,Traction,C11,2026-09-07,17:00,19:00,2.0,Pending
REQ-00702,M-007837,S&T,C13,2026-09-06,06:00,08:00,2.0,Pending
REQ-00703,M-010624,S&T,C01,2026-08-28,13:00,14:00,1.0,Pending
REQ-00704,M-008944,S&T,C18,2026-08-29,12:00,14:00,1.5,Pending
REQ-00705,M-000933,Engineering,C19,2026-09-02,19:00,20:00,1.0,Pending
REQ-00706,M-004723,Traction,C19,2026-09-02,03:00,07:00,4.0,Pending
REQ-00707,M-004194,S&T,C09,2026-08-29,02:00,06:00,4.0,Pending
REQ-00708,M-002232,S&T,C19,2026-09-06,20:00,00:00,4.0,Pending
REQ-00709,M-002652,Engineering,C02,2026-08-26,20:00,00:00,4.0,Pending
REQ-00710,M-001985,Traction,C08,2026-08-30,03:00,04:00,1.0,Pending
REQ-00711,M-008807,S&T,C04,2026-08-29,05:00,06:00,0.5,Pending
REQ-00712,M-002474,Traction,C04,2026-09-05,08:00,10:00,1.5,Pending
REQ-00713,M-001434,S&T,C16,2026-08-26,16:00,19:00,3.0,Pending
REQ-00714,M-010884,S&T,C04,2026-09-02,16:00,20:00,4.0,Pending
REQ-00715,M-005368,S&T,C13,2026-09-05,19:00,22:00,3.0,Pending
REQ-00716,M-004032,Traction,C16,2026-09-01,00:00,01:00,0.5,Pending
REQ-00717,M-002215,Engineering,C16,2026-08-29,02:00,05:00,3.0,Pending
REQ-00718,M-011258,S&T,C12,2026-08-25,12:00,15:00,3.0,Pending
REQ-00719,M-000304,Traction,C09,2026-08-31,17:00,21:00,4.0,Pending
REQ-00720,M-008945,Engineering,C16,2026-08-30,14:00,16:00,1.5,Pending
REQ-00721,M-010762,Engineering,C09,2026-09-02,18:00,19:00,1.0,Pending
REQ-00722,M-000971,Engineering,C07,2026-09-01,16:00,18:00,1.5,Pending
REQ-00723,M-010422,Traction,C12,2026-08-29,06:00,10:00,4.0,Pending
REQ-00724,M-005415,Engineering,C01,2026-09-03,12:00,14:00,1.5,Pending
REQ-00725,M-000211,Engineering,C09,2026-08-30,21:00,23:00,2.0,Pending
REQ-00726,M-001935,Engineering,C11,2026-08-29,20:00,23:00,3.0,Pending
REQ-00727,M-011696,S&T,C19,2026-08-27,22:00,00:00,2.0,Pending
REQ-00728,M-000652,S&T,C03,2026-08-27,16:00,18:00,2.0,Pending
REQ-00729,M-011206,S&T,C01,2026-08-30,06:00,07:00,0.5,Pending
REQ-00730,M-009310,S&T,C20,2026-09-07,09:00,11:00,2.0,Pending
REQ-00731,M-010143,Engineering,C09,2026-08-25,16:00,17:00,1.0,Pending
REQ-00732,M-008234,Engineering,C15,2026-09-01,08:00,11:00,3.0,Pending
REQ-00733,M-003614,S&T,C07,2026-08-27,00:00,02:00,1.5,Pending
REQ-00734,M-006818,Engineering,C02,2026-09-04,04:00,05:00,1.0,Pending
REQ-00735,M-006023,Engineering,C01,2026-08-31,06:00,07:00,1.0,Pending
REQ-00736,M-003015,S&T,C19,2026-08-25,19:00,23:00,4.0,Pending
REQ-00737,M-011923,Engineering,C08,2026-09-03,03:00,05:00,1.5,Pending
REQ-00738,M-002975,S&T,C19,2026-09-06,18:00,19:00,0.5,Pending
REQ-00739,M-008107,S&T,C07,2026-08-26,07:00,09:00,2.0,Pending
REQ-00740,M-002319,S&T,C12,2026-08-25,04:00,06:00,1.5,Pending
REQ-00741,M-001422,Traction,C10,2026-09-02,09:00,11:00,2.0,Pending
REQ-00742,M-003548,Engineering,C15,2026-08-30,18:00,19:00,1.0,Pending
REQ-00743,M-001140,Traction,C03,2026-09-01,17:00,21:00,4.0,Pending
REQ-00744,M-009756,S&T,C16,2026-09-05,13:00,14:00,1.0,Pending
REQ-00745,M-006855,Engineering,C05,2026-09-03,04:00,05:00,1.0,Pending
REQ-00746,M-007794,Engineering,C18,2026-08-31,18:00,21:00,3.0,Pending
REQ-00747,M-007247,S&T,C07,2026-09-04,16:00,18:00,1.5,Pending
REQ-00748,M-002880,Engineering,C01,2026-08-31,10:00,12:00,2.0,Pending
REQ-00749,M-000750,Engineering,C09,2026-09-03,04:00,07:00,3.0,Pending
REQ-00750,M-011353,S&T,C14,2026-09-07,03:00,06:00,3.0,Pending
REQ-00751,M-008373,S&T,C12,2026-09-03,02:00,05:00,3.0,Pending
REQ-00752,M-000399,Traction,C15,2026-09-06,12:00,15:00,3.0,Pending
REQ-00753,M-006984,S&T,C07,2026-09-04,06:00,09:00,3.0,Pending
REQ-00754,M-010450,S&T,C14,2026-09-07,14:00,16:00,2.0,Pending
REQ-00755,M-000322,Traction,C03,2026-09-03,10:00,11:00,1.0,Pending
REQ-00756,M-003618,Engineering,C12,2026-08-28,11:00,12:00,1.0,Pending
REQ-00757,M-007349,S&T,C19,2026-08-25,18:00,20:00,1.5,Pending
REQ-00758,M-010443,Engineering,C15,2026-09-05,21:00,23:00,1.5,Pending
REQ-00759,M-004603,S&T,C16,2026-08-26,03:00,06:00,3.0,Pending
REQ-00760,M-006606,Traction,C11,2026-09-07,21:00,01:00,4.0,Pending
REQ-00761,M-004095,Engineering,C11,2026-08-28,00:00,02:00,1.5,Pending
REQ-00762,M-007590,S&T,C18,2026-08-27,14:00,15:00,0.5,Pending
REQ-00763,M-010413,S&T,C04,2026-08-26,19:00,23:00,4.0,Pending
REQ-00764,M-011479,S&T,C09,2026-08-30,21:00,22:00,0.5,Pending
REQ-00765,M-003887,Engineering,C10,2026-09-05,00:00,02:00,2.0,Pending
REQ-00766,M-011178,Engineering,C04,2026-08-31,08:00,09:00,0.5,Pending
REQ-00767,M-009165,Engineering,C13,2026-08-28,17:00,19:00,1.5,Pending
REQ-00768,M-000765,Engineering,C11,2026-08-30,01:00,04:00,3.0,Pending
REQ-00769,M-006677,Engineering,C07,2026-09-02,16:00,19:00,3.0,Pending
REQ-00770,M-006163,Engineering,C13,2026-08-31,12:00,14:00,2.0,Pending
REQ-00771,M-011834,Engineering,C07,2026-09-07,06:00,08:00,2.0,Pending
REQ-00772,M-010924,Traction,C03,2026-09-06,10:00,11:00,1.0,Pending
REQ-00773,M-009742,S&T,C19,2026-08-27,02:00,03:00,1.0,Pending
REQ-00774,M-008329,Engineering,C04,2026-09-01,06:00,07:00,1.0,Pending
REQ-00775,M-003034,Traction,C04,2026-09-03,05:00,07:00,1.5,Pending
REQ-00776,M-005096,S&T,C08,2026-09-06,16:00,18:00,1.5,Pending
REQ-00777,M-006358,Engineering,C07,2026-09-01,21:00,23:00,1.5,Pending
REQ-00778,M-010744,S&T,C17,2026-08-25,18:00,21:00,3.0,Pending
REQ-00779,M-001666,S&T,C16,2026-09-02,11:00,13:00,2.0,Pending
REQ-00780,M-003133,Traction,C06,2026-09-05,06:00,07:00,0.5,Pending
REQ-00781,M-008127,S&T,C19,2026-08-29,04:00,07:00,3.0,Pending
REQ-00782,M-000474,Traction,C09,2026-08-26,03:00,04:00,0.5,Pending
REQ-00783,M-003995,Traction,C11,2026-09-05,02:00,05:00,3.0,Pending
REQ-00784,M-011514,Engineering,C08,2026-08-31,18:00,22:00,4.0,Pending
REQ-00785,M-003027,Traction,C10,2026-08-29,18:00,20:00,2.0,Pending
REQ-00786,M-011714,Traction,C04,2026-08-25,21:00,23:00,1.5,Pending
REQ-00787,M-004680,S&T,C03,2026-08-30,19:00,23:00,4.0,Pending
REQ-00788,M-004650,Engineering,C13,2026-09-04,15:00,16:00,0.5,Pending
REQ-00789,M-010102,S&T,C12,2026-09-04,00:00,02:00,1.5,Pending
REQ-00790,M-007066,Engineering,C16,2026-08-27,11:00,12:00,1.0,Pending
REQ-00791,M-006787,Engineering,C09,2026-09-03,15:00,16:00,1.0,Pending
REQ-00792,M-003835,S&T,C04,2026-09-01,22:00,00:00,2.0,Pending
REQ-00793,M-002996,Traction,C11,2026-09-03,02:00,05:00,3.0,Pending
REQ-00794,M-001400,Traction,C05,2026-08-26,21:00,22:00,1.0,Pending
REQ-00795,M-004732,S&T,C15,2026-09-03,01:00,02:00,0.5,Pending
REQ-00796,M-001352,Engineering,C15,2026-08-31,10:00,14:00,4.0,Pending
REQ-00797,M-011257,S&T,C16,2026-09-04,12:00,16:00,4.0,Pending
REQ-00798,M-005355,Engineering,C10,2026-09-06,11:00,15:00,4.0,Pending
REQ-00799,M-005121,Engineering,C11,2026-08-31,09:00,10:00,1.0,Pending
REQ-00800,M-001698,S&T,C02,2026-09-01,18:00,19:00,1.0,Pending
REQ-00801,M-000252,S&T,C12,2026-09-05,02:00,04:00,1.5,Pending
REQ-00802,M-005525,Traction,C16,2026-09-03,15:00,17:00,1.5,Pending
REQ-00803,M-001884,S&T,C13,2026-09-06,10:00,11:00,0.5,Pending
REQ-00804,M-010054,Traction,C19,2026-08-27,14:00,18:00,4.0,Pending
REQ-00805,M-004784,S&T,C15,2026-09-06,08:00,12:00,4.0,Pending
REQ-00806,M-005211,Traction,C10,2026-08-29,19:00,20:00,0.5,Pending
REQ-00807,M-008682,S&T,C17,2026-09-01,09:00,11:00,2.0,Pending
REQ-00808,M-005545,S&T,C19,2026-08-28,05:00,07:00,2.0,Pending
REQ-00809,M-011361,S&T,C17,2026-08-25,06:00,08:00,2.0,Pending
REQ-00810,M-007579,Traction,C15,2026-08-29,17:00,19:00,1.5,Pending
REQ-00811,M-009804,S&T,C14,2026-09-01,06:00,08:00,2.0,Pending
REQ-00812,M-011322,Engineering,C02,2026-09-01,15:00,16:00,0.5,Pending
REQ-00813,M-002981,S&T,C03,2026-08-26,18:00,20:00,2.0,Pending
REQ-00814,M-005131,Engineering,C07,2026-09-03,07:00,09:00,1.5,Pending
REQ-00815,M-010847,Engineering,C08,2026-09-02,21:00,22:00,1.0,Pending
REQ-00816,M-008147,S&T,C18,2026-09-01,15:00,16:00,1.0,Pending
REQ-00817,M-010064,Engineering,C16,2026-09-01,20:00,21:00,1.0,Pending
REQ-00818,M-007413,Traction,C14,2026-09-01,18:00,22:00,4.0,Pending
REQ-00819,M-002443,Traction,C18,2026-08-25,20:00,22:00,2.0,Pending
REQ-00820,M-008899,S&T,C19,2026-09-06,21:00,22:00,1.0,Pending
REQ-00821,M-008664,Engineering,C11,2026-08-26,05:00,07:00,1.5,Pending
REQ-00822,M-006801,Engineering,C08,2026-09-07,00:00,02:00,2.0,Pending
REQ-00823,M-010689,Traction,C10,2026-08-29,01:00,02:00,1.0,Pending
REQ-00824,M-009783,S&T,C15,2026-09-06,09:00,13:00,4.0,Pending
REQ-00825,M-011294,S&T,C15,2026-08-30,18:00,19:00,0.5,Pending
REQ-00826,M-009153,S&T,C06,2026-08-26,07:00,08:00,1.0,Pending
REQ-00827,M-002496,Traction,C05,2026-08-31,01:00,03:00,2.0,Pending
REQ-00828,M-009003,Engineering,C15,2026-08-30,01:00,02:00,1.0,Pending
REQ-00829,M-008829,Traction,C02,2026-08-30,17:00,18:00,1.0,Pending
REQ-00830,M-010047,Traction,C04,2026-09-02,09:00,11:00,1.5,Pending
REQ-00831,M-007823,Engineering,C10,2026-09-06,04:00,07:00,3.0,Pending
REQ-00832,M-004813,Engineering,C04,2026-09-07,12:00,14:00,1.5,Pending
REQ-00833,M-011639,S&T,C20,2026-08-31,06:00,07:00,0.5,Pending
REQ-00834,M-004509,Engineering,C09,2026-09-02,21:00,22:00,0.5,Pending
REQ-00835,M-009397,Engineering,C16,2026-08-29,16:00,20:00,4.0,Pending
REQ-00836,M-005980,Traction,C01,2026-08-30,02:00,06:00,4.0,Pending
REQ-00837,M-002326,Engineering,C03,2026-08-27,06:00,10:00,4.0,Pending
REQ-00838,M-002389,Engineering,C06,2026-09-03,13:00,16:00,3.0,Pending
REQ-00839,M-008282,S&T,C08,2026-09-05,08:00,10:00,1.5,Pending
REQ-00840,M-003652,Engineering,C08,2026-08-25,05:00,07:00,2.0,Pending
REQ-00841,M-002453,Traction,C20,2026-08-31,04:00,08:00,4.0,Pending
REQ-00842,M-009140,Traction,C20,2026-08-28,21:00,23:00,1.5,Pending
REQ-00843,M-007683,S&T,C18,2026-09-06,09:00,11:00,2.0,Pending
REQ-00844,M-005578,S&T,C18,2026-09-01,04:00,08:00,4.0,Pending
REQ-00845,M-009281,Traction,C09,2026-08-28,19:00,20:00,1.0,Pending
REQ-00846,M-007529,S&T,C05,2026-09-04,11:00,13:00,1.5,Pending
REQ-00847,M-002847,Traction,C17,2026-08-29,18:00,22:00,4.0,Pending
REQ-00848,M-003388,Engineering,C05,2026-09-07,02:00,04:00,1.5,Pending
REQ-00849,M-010118,Traction,C15,2026-08-28,14:00,15:00,1.0,Pending
REQ-00850,M-006562,S&T,C20,2026-08-28,22:00,00:00,2.0,Pending
REQ-00851,M-005567,Engineering,C01,2026-08-27,07:00,10:00,3.0,Pending
REQ-00852,M-005338,Engineering,C07,2026-09-05,12:00,14:00,2.0,Pending
REQ-00853,M-000249,S&T,C01,2026-08-25,20:00,00:00,4.0,Pending
REQ-00854,M-004128,S&T,C08,2026-08-29,17:00,20:00,3.0,Pending
REQ-00855,M-001796,S&T,C20,2026-08-26,04:00,08:00,4.0,Pending
REQ-00856,M-001480,Engineering,C09,2026-08-29,12:00,15:00,3.0,Pending
REQ-00857,M-010136,Engineering,C15,2026-08-30,20:00,00:00,4.0,Pending
REQ-00858,M-011869,S&T,C13,2026-08-28,19:00,20:00,1.0,Pending
REQ-00859,M-004011,S&T,C01,2026-09-01,15:00,16:00,0.5,Pending
REQ-00860,M-010166,Engineering,C06,2026-08-26,06:00,10:00,4.0,Pending
REQ-00861,M-000563,Engineering,C01,2026-09-03,04:00,05:00,0.5,Pending
REQ-00862,M-007489,Engineering,C10,2026-08-25,06:00,08:00,2.0,Pending
REQ-00863,M-011912,Traction,C09,2026-09-02,18:00,19:00,0.5,Pending
REQ-00864,M-003245,Engineering,C01,2026-08-30,08:00,09:00,0.5,Pending
REQ-00865,M-008580,S&T,C16,2026-08-26,15:00,17:00,2.0,Pending
REQ-00866,M-009323,Traction,C18,2026-09-01,10:00,12:00,1.5,Pending
REQ-00867,M-008448,Traction,C03,2026-09-02,02:00,06:00,4.0,Pending
REQ-00868,M-010057,Engineering,C07,2026-09-06,02:00,04:00,1.5,Pending
REQ-00869,M-008912,Engineering,C12,2026-09-02,15:00,17:00,1.5,Pending
REQ-00870,M-007769,Traction,C20,2026-09-07,12:00,13:00,1.0,Pending
REQ-00871,M-004150,S&T,C20,2026-09-07,19:00,21:00,1.5,Pending
REQ-00872,M-001003,Traction,C01,2026-09-07,21:00,22:00,0.5,Pending
REQ-00873,M-006347,S&T,C18,2026-09-03,06:00,08:00,1.5,Pending
REQ-00874,M-006106,Traction,C01,2026-09-05,10:00,14:00,4.0,Pending
REQ-00875,M-010832,S&T,C03,2026-09-05,09:00,13:00,4.0,Pending
REQ-00876,M-009148,S&T,C13,2026-08-25,19:00,21:00,1.5,Pending
REQ-00877,M-005801,S&T,C13,2026-08-26,16:00,18:00,1.5,Pending
REQ-00878,M-000863,S&T,C02,2026-08-25,09:00,11:00,2.0,Pending
REQ-00879,M-005614,S&T,C20,2026-08-31,20:00,22:00,2.0,Pending
REQ-00880,M-007755,S&T,C06,2026-08-26,08:00,11:00,3.0,Pending
REQ-00881,M-003080,Engineering,C10,2026-08-31,14:00,18:00,4.0,Pending
REQ-00882,M-003852,Engineering,C03,2026-09-02,06:00,08:00,1.5,Pending
REQ-00883,M-002628,Engineering,C03,2026-08-26,05:00,09:00,4.0,Pending
REQ-00884,M-000593,Engineering,C15,2026-08-25,12:00,14:00,1.5,Pending
REQ-00885,M-008401,Traction,C15,2026-09-02,13:00,16:00,3.0,Pending
REQ-00886,M-003283,S&T,C01,2026-08-27,17:00,19:00,2.0,Pending
REQ-00887,M-001865,Engineering,C18,2026-08-27,15:00,19:00,4.0,Pending
REQ-00888,M-005392,Traction,C14,2026-09-04,02:00,05:00,3.0,Pending
REQ-00889,M-003470,Engineering,C03,2026-09-05,12:00,13:00,0.5,Pending
REQ-00890,M-005712,Traction,C20,2026-08-25,22:00,02:00,4.0,Pending
REQ-00891,M-000181,Traction,C08,2026-08-25,04:00,05:00,1.0,Pending
REQ-00892,M-007713,Traction,C07,2026-08-31,06:00,08:00,1.5,Pending
REQ-00893,M-008999,Traction,C04,2026-08-30,08:00,10:00,2.0,Pending
REQ-00894,M-006334,Engineering,C16,2026-09-03,12:00,14:00,1.5,Pending
REQ-00895,M-006331,Engineering,C17,2026-09-04,17:00,19:00,1.5,Pending
REQ-00896,M-002756,Engineering,C01,2026-08-27,09:00,12:00,3.0,Pending
REQ-00897,M-000034,Engineering,C06,2026-09-03,19:00,21:00,2.0,Pending
REQ-00898,M-007564,Engineering,C10,2026-08-30,18:00,21:00,3.0,Pending
REQ-00899,M-003308,Engineering,C07,2026-08-31,15:00,16:00,0.5,Pending
REQ-00900,M-008954,Engineering,C15,2026-08-26,22:00,01:00,3.0,Pending
REQ-00901,M-001767,S&T,C08,2026-09-01,03:00,05:00,2.0,Pending
REQ-00902,M-005514,S&T,C13,2026-09-03,16:00,18:00,1.5,Pending
REQ-00903,M-004025,S&T,C17,2026-08-25,14:00,18:00,4.0,Pending
REQ-00904,M-006828,Engineering,C05,2026-09-01,07:00,08:00,1.0,Pending
REQ-00905,M-007449,Engineering,C07,2026-08-31,10:00,11:00,0.5,Pending
REQ-00906,M-006912,Engineering,C02,2026-08-26,06:00,08:00,2.0,Pending
REQ-00907,M-001905,S&T,C16,2026-08-27,04:00,06:00,2.0,Pending
REQ-00908,M-007117,Engineering,C06,2026-08-30,07:00,08:00,0.5,Pending
REQ-00909,M-009368,Traction,C14,2026-08-30,04:00,07:00,3.0,Pending
REQ-00910,M-006884,S&T,C19,2026-09-02,08:00,09:00,1.0,Pending
REQ-00911,M-006962,Engineering,C20,2026-09-07,02:00,04:00,1.5,Pending
REQ-00912,M-009444,Engineering,C02,2026-08-26,04:00,05:00,1.0,Pending
REQ-00913,M-002930,Traction,C13,2026-08-30,10:00,11:00,1.0,Pending
REQ-00914,M-009670,Traction,C05,2026-09-02,18:00,19:00,1.0,Pending
REQ-00915,M-002175,Engineering,C20,2026-09-03,06:00,08:00,2.0,Pending
REQ-00916,M-007827,S&T,C04,2026-08-27,19:00,20:00,1.0,Pending
REQ-00917,M-003998,S&T,C04,2026-09-01,01:00,05:00,4.0,Pending
REQ-00918,M-005077,Engineering,C09,2026-08-27,05:00,08:00,3.0,Pending
REQ-00919,M-000901,Traction,C03,2026-09-06,17:00,19:00,1.5,Pending
REQ-00920,M-008306,S&T,C16,2026-09-06,21:00,23:00,1.5,Pending
REQ-00921,M-006875,S&T,C04,2026-08-26,01:00,03:00,1.5,Pending
REQ-00922,M-010641,Engineering,C06,2026-09-02,19:00,21:00,2.0,Pending
REQ-00923,M-009189,S&T,C20,2026-08-26,12:00,15:00,3.0,Pending
REQ-00924,M-009454,Traction,C07,2026-09-04,10:00,11:00,1.0,Pending
REQ-00925,M-003471,S&T,C14,2026-08-27,06:00,10:00,4.0,Pending
REQ-00926,M-004880,Engineering,C14,2026-09-01,08:00,10:00,1.5,Pending
REQ-00927,M-001007,Engineering,C10,2026-09-06,19:00,21:00,1.5,Pending
REQ-00928,M-007055,S&T,C01,2026-08-27,22:00,00:00,2.0,Pending
REQ-00929,M-005806,Traction,C20,2026-08-29,17:00,19:00,2.0,Pending
REQ-00930,M-004499,Traction,C12,2026-09-03,01:00,03:00,1.5,Pending
REQ-00931,M-003884,Traction,C03,2026-09-02,15:00,18:00,3.0,Pending
REQ-00932,M-000093,Traction,C10,2026-08-30,02:00,05:00,3.0,Pending
REQ-00933,M-005524,Traction,C14,2026-08-29,21:00,23:00,2.0,Pending
REQ-00934,M-010994,Engineering,C09,2026-08-25,08:00,10:00,2.0,Pending
REQ-00935,M-002158,Traction,C03,2026-08-25,16:00,20:00,4.0,Pending
REQ-00936,M-006233,Traction,C07,2026-08-31,10:00,12:00,1.5,Pending
REQ-00937,M-008250,Traction,C10,2026-09-05,16:00,18:00,2.0,Pending
REQ-00938,M-009435,S&T,C01,2026-09-07,11:00,13:00,2.0,Pending
REQ-00939,M-006076,Traction,C09,2026-09-06,02:00,04:00,2.0,Pending
REQ-00940,M-001419,Engineering,C19,2026-09-02,00:00,04:00,4.0,Pending
REQ-00941,M-003234,Traction,C08,2026-08-29,02:00,06:00,4.0,Pending
REQ-00942,M-010673,Engineering,C15,2026-09-01,09:00,11:00,1.5,Pending
REQ-00943,M-003007,Traction,C01,2026-08-30,14:00,16:00,1.5,Pending
REQ-00944,M-007214,S&T,C19,2026-09-04,08:00,10:00,1.5,Pending
REQ-00945,M-001656,S&T,C14,2026-09-05,20:00,22:00,1.5,Pending
REQ-00946,M-007933,S&T,C11,2026-08-30,18:00,20:00,2.0,Pending
REQ-00947,M-009613,Engineering,C14,2026-08-25,14:00,16:00,2.0,Pending
REQ-00948,M-010537,Engineering,C07,2026-09-07,10:00,13:00,3.0,Pending
REQ-00949,M-006965,Traction,C17,2026-09-01,11:00,14:00,3.0,Pending
REQ-00950,M-002929,Engineering,C13,2026-08-27,01:00,02:00,1.0,Pending
REQ-00951,M-001502,Traction,C16,2026-08-26,07:00,11:00,4.0,Pending
REQ-00952,M-007304,Engineering,C12,2026-08-28,21:00,23:00,1.5,Pending
REQ-00953,M-007841,Engineering,C18,2026-09-05,03:00,04:00,1.0,Pending
REQ-00954,M-007721,S&T,C18,2026-08-28,14:00,17:00,3.0,Pending
REQ-00955,M-009648,Traction,C20,2026-08-29,14:00,15:00,0.5,Pending
REQ-00956,M-001428,Traction,C01,2026-09-06,06:00,07:00,0.5,Pending
REQ-00957,M-006597,S&T,C18,2026-08-26,06:00,09:00,3.0,Pending
REQ-00958,M-007741,Engineering,C13,2026-08-26,05:00,06:00,0.5,Pending
REQ-00959,M-008511,Engineering,C11,2026-09-01,16:00,17:00,1.0,Pending
REQ-00960,M-007585,Engineering,C03,2026-09-04,06:00,10:00,4.0,Pending
REQ-00961,M-002778,Engineering,C03,2026-08-26,14:00,15:00,1.0,Pending
REQ-00962,M-010842,Engineering,C17,2026-08-26,06:00,10:00,4.0,Pending
REQ-00963,M-009309,S&T,C11,2026-08-28,03:00,07:00,4.0,Pending
REQ-00964,M-010069,Traction,C07,2026-08-27,13:00,17:00,4.0,Pending
REQ-00965,M-007511,Traction,C11,2026-08-31,07:00,08:00,0.5,Pending
REQ-00966,M-000409,S&T,C20,2026-09-05,09:00,12:00,3.0,Pending
REQ-00967,M-001471,Traction,C09,2026-09-04,16:00,18:00,2.0,Pending
REQ-00968,M-007348,Traction,C06,2026-08-30,02:00,05:00,3.0,Pending
REQ-00969,M-010032,Engineering,C09,2026-09-07,19:00,20:00,1.0,Pending
REQ-00970,M-010810,S&T,C18,2026-08-26,12:00,15:00,3.0,Pending
REQ-00971,M-001741,Engineering,C19,2026-09-03,01:00,05:00,4.0,Pending
REQ-00972,M-005122,Engineering,C15,2026-09-07,10:00,11:00,0.5,Pending
REQ-00973,M-004084,Engineering,C19,2026-09-03,04:00,06:00,1.5,Pending
REQ-00974,M-006735,Engineering,C19,2026-08-26,02:00,03:00,1.0,Pending
REQ-00975,M-007554,Engineering,C12,2026-09-02,22:00,01:00,3.0,Pending
REQ-00976,M-008249,S&T,C19,2026-08-31,10:00,11:00,0.5,Pending
REQ-00977,M-006621,S&T,C02,2026-08-27,09:00,10:00,0.5,Pending
REQ-00978,M-003036,Traction,C01,2026-09-07,09:00,12:00,3.0,Pending
REQ-00979,M-010816,S&T,C18,2026-08-28,04:00,05:00,0.5,Pending
REQ-00980,M-003974,S&T,C06,2026-09-05,19:00,22:00,3.0,Pending
REQ-00981,M-001603,Traction,C18,2026-09-04,11:00,14:00,3.0,Pending
REQ-00982,M-010117,Engineering,C08,2026-09-06,03:00,04:00,0.5,Pending
REQ-00983,M-003693,Engineering,C11,2026-08-26,15:00,17:00,1.5,Pending
REQ-00984,M-007497,Traction,C16,2026-08-28,16:00,19:00,3.0,Pending
REQ-00985,M-002465,Traction,C09,2026-08-30,04:00,05:00,1.0,Pending
REQ-00986,M-011437,Engineering,C12,2026-09-07,22:00,01:00,3.0,Pending
REQ-00987,M-002418,Traction,C18,2026-08-28,14:00,16:00,1.5,Pending
REQ-00988,M-004216,Traction,C12,2026-08-29,10:00,11:00,1.0,Pending
REQ-00989,M-003414,Engineering,C04,2026-09-01,12:00,14:00,1.5,Pending
REQ-00990,M-009385,S&T,C06,2026-09-04,14:00,17:00,3.0,Pending
REQ-00991,M-011061,Traction,C10,2026-09-02,22:00,23:00,0.5,Pending
REQ-00992,M-008549,S&T,C18,2026-09-07,21:00,23:00,1.5,Pending
REQ-00993,M-008338,Engineering,C12,2026-08-27,01:00,02:00,1.0,Pending
REQ-00994,M-006572,Engineering,C02,2026-08-25,22:00,00:00,1.5,Pending
REQ-00995,M-003380,S&T,C10,2026-09-03,03:00,06:00,3.0,Pending
REQ-00996,M-005772,Traction,C07,2026-09-07,01:00,03:00,2.0,Pending
REQ-00997,M-009907,S&T,C14,2026-08-28,00:00,01:00,1.0,Pending
REQ-00998,M-003955,S&T,C13,2026-09-04,22:00,01:00,3.0,Pending
REQ-00999,M-002752,Engineering,C07,2026-09-03,16:00,17:00,1.0,Pending
REQ-01000,M-001433,S&T,C02,2026-08-26,05:00,07:00,2.0,Pending
REQ-01001,M-003106,Engineering,C03,2026-09-03,05:00,06:00,1.0,Pending
REQ-01002,M-007468,S&T,C13,2026-08-28,08:00,12:00,4.0,Pending
REQ-01003,M-010783,Engineering,C04,2026-09-05,12:00,16:00,4.0,Pending
REQ-01004,M-001069,Engineering,C03,2026-08-25,16:00,18:00,1.5,Pending
REQ-01005,M-004318,S&T,C15,2026-08-26,03:00,06:00,3.0,Pending
REQ-01006,M-003956,Traction,C17,2026-09-01,22:00,02:00,4.0,Pending
REQ-01007,M-001845,S&T,C01,2026-09-04,20:00,21:00,1.0,Pending
REQ-01008,M-011596,Engineering,C02,2026-08-28,14:00,18:00,4.0,Pending
REQ-01009,M-005026,S&T,C04,2026-08-26,05:00,07:00,1.5,Pending
REQ-01010,M-009001,S&T,C07,2026-09-02,08:00,11:00,3.0,Pending
REQ-01011,M-005504,Traction,C07,2026-08-25,21:00,23:00,2.0,Pending
REQ-01012,M-007253,Traction,C01,2026-08-30,15:00,17:00,1.5,Pending
REQ-01013,M-000331,S&T,C16,2026-09-07,13:00,17:00,4.0,Pending
REQ-01014,M-003083,Engineering,C03,2026-08-31,10:00,12:00,1.5,Pending
REQ-01015,M-005509,S&T,C14,2026-09-03,07:00,08:00,0.5,Pending
REQ-01016,M-002676,Engineering,C04,2026-08-26,17:00,20:00,3.0,Pending
REQ-01017,M-002911,Engineering,C03,2026-08-27,16:00,18:00,1.5,Pending
REQ-01018,M-008496,S&T,C15,2026-09-04,12:00,16:00,4.0,Pending
REQ-01019,M-003117,Engineering,C15,2026-09-07,22:00,02:00,4.0,Pending
REQ-01020,M-007024,Engineering,C11,2026-09-04,22:00,02:00,4.0,Pending
REQ-01021,M-006833,Traction,C15,2026-08-25,03:00,05:00,1.5,Pending
REQ-01022,M-011678,S&T,C18,2026-09-03,07:00,09:00,2.0,Pending
REQ-01023,M-010038,Traction,C11,2026-08-26,21:00,22:00,1.0,Pending
REQ-01024,M-006272,Engineering,C20,2026-09-03,14:00,17:00,3.0,Pending
REQ-01025,M-009925,Traction,C14,2026-08-27,17:00,18:00,1.0,Pending
REQ-01026,M-001670,S&T,C14,2026-08-25,17:00,18:00,0.5,Pending
REQ-01027,M-010468,Engineering,C03,2026-09-02,20:00,21:00,0.5,Pending
REQ-01028,M-008139,S&T,C05,2026-08-29,08:00,10:00,2.0,Pending
REQ-01029,M-010128,Traction,C04,2026-08-29,14:00,16:00,2.0,Pending
REQ-01030,M-000042,Engineering,C12,2026-09-02,02:00,05:00,3.0,Pending
REQ-01031,M-003205,S&T,C03,2026-08-25,05:00,07:00,2.0,Pending
REQ-01032,M-010987,Engineering,C12,2026-09-07,09:00,11:00,2.0,Pending
REQ-01033,M-005071,Traction,C19,2026-09-01,02:00,03:00,0.5,Pending
REQ-01034,M-000319,Traction,C16,2026-09-01,07:00,08:00,0.5,Pending
REQ-01035,M-002253,Traction,C04,2026-08-28,07:00,10:00,3.0,Pending
REQ-01036,M-007285,Traction,C18,2026-08-28,11:00,13:00,1.5,Pending
REQ-01037,M-006862,Engineering,C05,2026-09-04,10:00,14:00,4.0,Pending
REQ-01038,M-011829,Engineering,C08,2026-08-31,16:00,18:00,1.5,Pending
REQ-01039,M-010072,Traction,C10,2026-08-29,15:00,19:00,4.0,Pending
REQ-01040,M-002475,Traction,C10,2026-08-31,15:00,17:00,2.0,Pending
REQ-01041,M-006146,Engineering,C11,2026-09-03,05:00,06:00,1.0,Pending
REQ-01042,M-006108,S&T,C19,2026-08-27,19:00,20:00,1.0,Pending
REQ-01043,M-007310,Engineering,C01,2026-08-26,14:00,16:00,1.5,Pending
REQ-01044,M-008359,Engineering,C15,2026-09-02,13:00,15:00,1.5,Pending
REQ-01045,M-006537,S&T,C08,2026-09-05,18:00,22:00,4.0,Pending
REQ-01046,M-000086,S&T,C16,2026-09-06,06:00,07:00,1.0,Pending
REQ-01047,M-006441,Traction,C10,2026-09-04,08:00,11:00,3.0,Pending
REQ-01048,M-001211,S&T,C08,2026-08-27,05:00,07:00,1.5,Pending
REQ-01049,M-001036,Engineering,C02,2026-08-31,00:00,02:00,1.5,Pending
REQ-01050,M-005822,Traction,C10,2026-08-29,04:00,06:00,2.0,Pending
REQ-01051,M-005025,Engineering,C18,2026-09-04,02:00,03:00,0.5,Pending
REQ-01052,M-002808,Engineering,C01,2026-08-29,16:00,17:00,1.0,Pending
REQ-01053,M-011082,S&T,C15,2026-08-30,03:00,05:00,2.0,Pending
REQ-01054,M-003413,Engineering,C09,2026-09-06,19:00,20:00,1.0,Pending
REQ-01055,M-007712,Traction,C09,2026-09-01,03:00,05:00,2.0,Pending
REQ-01056,M-010019,S&T,C10,2026-08-30,13:00,17:00,4.0,Pending
REQ-01057,M-003959,S&T,C01,2026-09-04,02:00,06:00,4.0,Pending
REQ-01058,M-008574,S&T,C19,2026-08-31,16:00,18:00,2.0,Pending
REQ-01059,M-003066,Traction,C17,2026-09-05,10:00,11:00,1.0,Pending
REQ-01060,M-011537,S&T,C20,2026-09-04,04:00,05:00,0.5,Pending
REQ-01061,M-005345,S&T,C14,2026-08-31,07:00,08:00,1.0,Pending
REQ-01062,M-011806,S&T,C10,2026-09-03,06:00,08:00,1.5,Pending
REQ-01063,M-010037,Engineering,C08,2026-08-25,17:00,20:00,3.0,Pending
REQ-01064,M-009053,Traction,C20,2026-08-25,06:00,07:00,0.5,Pending
REQ-01065,M-004623,Engineering,C12,2026-08-27,21:00,22:00,1.0,Pending
REQ-01066,M-004056,Traction,C03,2026-08-30,03:00,05:00,1.5,Pending
REQ-01067,M-001167,Engineering,C02,2026-09-06,06:00,10:00,4.0,Pending
REQ-01068,M-011431,Engineering,C01,2026-09-03,22:00,23:00,0.5,Pending
REQ-01069,M-000959,Engineering,C05,2026-08-29,06:00,07:00,0.5,Pending
REQ-01070,M-010360,Engineering,C20,2026-09-04,06:00,07:00,0.5,Pending
REQ-01071,M-002865,S&T,C07,2026-08-28,09:00,11:00,1.5,Pending
REQ-01072,M-000466,S&T,C17,2026-08-25,20:00,22:00,1.5,Pending
REQ-01073,M-009456,S&T,C17,2026-09-04,12:00,16:00,4.0,Pending
REQ-01074,M-005383,Traction,C18,2026-09-07,22:00,23:00,1.0,Pending
REQ-01075,M-007646,Engineering,C07,2026-08-25,02:00,03:00,0.5,Pending
REQ-01076,M-008433,Traction,C11,2026-09-07,06:00,08:00,1.5,Pending
REQ-01077,M-000869,Engineering,C03,2026-09-05,13:00,14:00,0.5,Pending
REQ-01078,M-006819,S&T,C08,2026-09-06,21:00,22:00,1.0,Pending
REQ-01079,M-011943,S&T,C17,2026-08-31,14:00,17:00,3.0,Pending
REQ-01080,M-010975,Traction,C05,2026-09-04,10:00,12:00,1.5,Pending
REQ-01081,M-003108,Engineering,C04,2026-08-29,00:00,01:00,0.5,Pending
REQ-01082,M-004692,S&T,C12,2026-08-27,12:00,14:00,1.5,Pending
REQ-01083,M-011668,Traction,C07,2026-09-07,03:00,06:00,3.0,Pending
REQ-01084,M-006473,Traction,C17,2026-09-04,04:00,07:00,3.0,Pending
REQ-01085,M-010850,Traction,C03,2026-09-05,01:00,05:00,4.0,Pending
REQ-01086,M-005023,S&T,C04,2026-09-01,00:00,04:00,4.0,Pending
REQ-01087,M-008978,Traction,C07,2026-09-02,20:00,22:00,2.0,Pending
REQ-01088,M-010521,Engineering,C01,2026-09-03,20:00,21:00,1.0,Pending
REQ-01089,M-007851,Traction,C10,2026-08-27,07:00,09:00,1.5,Pending
REQ-01090,M-004610,Traction,C18,2026-09-05,08:00,09:00,0.5,Pending
REQ-01091,M-007604,S&T,C02,2026-08-30,07:00,11:00,4.0,Pending
REQ-01092,M-007200,Engineering,C15,2026-09-07,03:00,05:00,1.5,Pending
REQ-01093,M-004673,S&T,C01,2026-09-04,14:00,15:00,1.0,Pending
REQ-01094,M-005329,Engineering,C01,2026-08-25,18:00,20:00,1.5,Pending
REQ-01095,M-010442,S&T,C05,2026-09-07,18:00,22:00,4.0,Pending
REQ-01096,M-011057,S&T,C20,2026-09-06,08:00,09:00,1.0,Pending
REQ-01097,M-011908,S&T,C12,2026-09-03,08:00,11:00,3.0,Pending
REQ-01098,M-005114,Engineering,C09,2026-09-03,10:00,12:00,1.5,Pending
REQ-01099,M-006832,Engineering,C02,2026-08-28,11:00,13:00,1.5,Pending
REQ-01100,M-002956,S&T,C12,2026-09-07,05:00,06:00,0.5,Pending
REQ-01101,M-004848,S&T,C11,2026-08-25,05:00,06:00,1.0,Pending
REQ-01102,M-007235,S&T,C08,2026-09-06,08:00,09:00,0.5,Pending
REQ-01103,M-009627,Engineering,C04,2026-08-29,10:00,14:00,4.0,Pending
REQ-01104,M-011179,Traction,C02,2026-08-25,19:00,21:00,1.5,Pending
REQ-01105,M-001663,Engineering,C08,2026-09-01,20:00,00:00,4.0,Pending
REQ-01106,M-009630,S&T,C07,2026-08-28,12:00,14:00,1.5,Pending
REQ-01107,M-001143,Engineering,C18,2026-08-29,14:00,15:00,0.5,Pending
REQ-01108,M-006033,Engineering,C04,2026-09-02,19:00,21:00,1.5,Pending
REQ-01109,M-004585,Engineering,C12,2026-08-25,01:00,05:00,4.0,Pending
REQ-01110,M-011278,Engineering,C10,2026-09-03,04:00,08:00,4.0,Pending
REQ-01111,M-011781,Engineering,C20,2026-08-28,03:00,05:00,1.5,Pending
REQ-01112,M-004744,S&T,C15,2026-08-27,10:00,11:00,1.0,Pending
REQ-01113,M-005031,S&T,C19,2026-09-04,07:00,10:00,3.0,Pending
REQ-01114,M-006720,S&T,C13,2026-08-27,08:00,09:00,1.0,Pending
REQ-01115,M-002743,Engineering,C09,2026-09-03,17:00,20:00,3.0,Pending
REQ-01116,M-010400,S&T,C15,2026-09-05,03:00,05:00,2.0,Pending
REQ-01117,M-004140,S&T,C09,2026-09-02,20:00,00:00,4.0,Pending
REQ-01118,M-009235,Traction,C08,2026-08-25,01:00,03:00,1.5,Pending
REQ-01119,M-006835,S&T,C11,2026-09-07,22:00,23:00,0.5,Pending
REQ-01120,M-010834,Traction,C11,2026-08-26,20:00,23:00,3.0,Pending
REQ-01121,M-002488,Traction,C02,2026-08-29,14:00,15:00,0.5,Pending
REQ-01122,M-006873,Engineering,C03,2026-08-28,06:00,08:00,1.5,Pending
REQ-01123,M-002390,S&T,C17,2026-09-01,12:00,16:00,4.0,Pending
REQ-01124,M-008848,S&T,C06,2026-08-31,08:00,12:00,4.0,Pending
REQ-01125,M-000544,Traction,C04,2026-09-05,07:00,08:00,0.5,Pending
REQ-01126,M-009289,S&T,C20,2026-09-03,20:00,00:00,4.0,Pending
REQ-01127,M-003329,Engineering,C17,2026-09-03,09:00,13:00,4.0,Pending
REQ-01128,M-010083,S&T,C04,2026-08-27,01:00,03:00,1.5,Pending
REQ-01129,M-002993,Engineering,C07,2026-08-28,02:00,03:00,0.5,Pending
REQ-01130,M-005637,S&T,C07,2026-09-07,07:00,11:00,4.0,Pending
REQ-01131,M-006885,S&T,C14,2026-08-30,19:00,21:00,2.0,Pending
REQ-01132,M-002345,Traction,C03,2026-09-03,20:00,22:00,1.5,Pending
REQ-01133,M-001840,Engineering,C09,2026-08-29,19:00,23:00,4.0,Pending
REQ-01134,M-007845,Engineering,C07,2026-08-28,19:00,22:00,3.0,Pending
REQ-01135,M-002617,Engineering,C13,2026-08-27,13:00,15:00,1.5,Pending
REQ-01136,M-008696,Engineering,C14,2026-08-26,02:00,04:00,2.0,Pending
REQ-01137,M-006999,Engineering,C19,2026-09-04,21:00,23:00,1.5,Pending
REQ-01138,M-001499,Engineering,C05,2026-09-06,15:00,16:00,0.5,Pending
REQ-01139,M-008344,Engineering,C19,2026-08-25,09:00,12:00,3.0,Pending
REQ-01140,M-000734,Engineering,C03,2026-09-06,01:00,02:00,0.5,Pending
REQ-01141,M-004097,Traction,C04,2026-08-30,06:00,07:00,0.5,Pending
REQ-01142,M-005562,Engineering,C16,2026-08-31,19:00,20:00,1.0,Pending
REQ-01143,M-010300,Traction,C20,2026-08-31,19:00,20:00,0.5,Pending
REQ-01144,M-002302,Traction,C12,2026-09-04,02:00,03:00,1.0,Pending
REQ-01145,M-011103,Traction,C01,2026-09-04,05:00,06:00,0.5,Pending
REQ-01146,M-002614,S&T,C20,2026-09-02,06:00,08:00,2.0,Pending
REQ-01147,M-010304,Engineering,C16,2026-08-26,18:00,19:00,0.5,Pending
REQ-01148,M-005066,S&T,C02,2026-08-25,03:00,04:00,1.0,Pending
REQ-01149,M-006559,Engineering,C09,2026-08-30,06:00,07:00,0.5,Pending
REQ-01150,M-011964,Traction,C11,2026-09-04,07:00,10:00,3.0,Pending
REQ-01151,M-006463,Traction,C20,2026-09-03,20:00,21:00,1.0,Pending
REQ-01152,M-004234,Engineering,C03,2026-09-05,07:00,08:00,0.5,Pending
REQ-01153,M-005734,Traction,C08,2026-09-06,03:00,06:00,3.0,Pending
REQ-01154,M-010432,Engineering,C02,2026-09-07,15:00,18:00,3.0,Pending
REQ-01155,M-010171,Engineering,C10,2026-09-06,06:00,09:00,3.0,Pending
REQ-01156,M-011809,S&T,C20,2026-08-26,19:00,20:00,0.5,Pending
REQ-01157,M-006857,S&T,C07,2026-09-01,15:00,19:00,4.0,Pending
REQ-01158,M-004960,Traction,C18,2026-08-31,16:00,20:00,4.0,Pending
REQ-01159,M-006073,Engineering,C06,2026-09-04,08:00,10:00,1.5,Pending
REQ-01160,M-009396,Engineering,C07,2026-08-28,20:00,21:00,1.0,Pending
REQ-01161,M-004185,Engineering,C03,2026-08-26,04:00,06:00,1.5,Pending
REQ-01162,M-011496,S&T,C18,2026-09-01,12:00,16:00,4.0,Pending
REQ-01163,M-000903,Traction,C02,2026-09-05,22:00,23:00,0.5,Pending
REQ-01164,M-007880,Engineering,C11,2026-09-01,09:00,11:00,2.0,Pending
REQ-01165,M-005834,S&T,C12,2026-08-25,05:00,08:00,3.0,Pending
REQ-01166,M-010545,Engineering,C07,2026-08-31,08:00,09:00,0.5,Pending
REQ-01167,M-011439,S&T,C18,2026-08-25,19:00,21:00,1.5,Pending
REQ-01168,M-007947,S&T,C18,2026-08-27,04:00,06:00,1.5,Pending
REQ-01169,M-003188,S&T,C06,2026-09-06,17:00,18:00,0.5,Pending
REQ-01170,M-010793,Engineering,C08,2026-09-07,15:00,16:00,1.0,Pending
REQ-01171,M-004210,Engineering,C03,2026-08-27,01:00,03:00,2.0,Pending
REQ-01172,M-008913,Engineering,C15,2026-08-28,16:00,18:00,1.5,Pending
REQ-01173,M-005502,Traction,C20,2026-08-26,12:00,13:00,1.0,Pending
REQ-01174,M-009968,Engineering,C06,2026-08-31,00:00,01:00,0.5,Pending
REQ-01175,M-009431,Engineering,C17,2026-09-06,06:00,08:00,2.0,Pending
REQ-01176,M-000151,Traction,C18,2026-08-26,07:00,09:00,2.0,Pending
REQ-01177,M-003686,S&T,C11,2026-09-04,07:00,08:00,1.0,Pending
REQ-01178,M-006670,Engineering,C14,2026-08-28,02:00,05:00,3.0,Pending
REQ-01179,M-003459,S&T,C01,2026-09-07,21:00,23:00,1.5,Pending
REQ-01180,M-003095,Engineering,C03,2026-09-07,01:00,03:00,2.0,Pending
REQ-01181,M-005200,Traction,C03,2026-09-07,00:00,02:00,2.0,Pending
REQ-01182,M-010116,Engineering,C04,2026-08-27,18:00,22:00,4.0,Pending
REQ-01183,M-010940,Engineering,C18,2026-09-04,22:00,23:00,0.5,Pending
REQ-01184,M-003722,Traction,C10,2026-09-03,07:00,10:00,3.0,Pending
REQ-01185,M-003953,S&T,C20,2026-09-06,04:00,06:00,1.5,Pending
REQ-01186,M-010767,Engineering,C19,2026-08-29,22:00,23:00,1.0,Pending
REQ-01187,M-008103,S&T,C06,2026-09-02,12:00,14:00,2.0,Pending
REQ-01188,M-000709,S&T,C09,2026-08-26,10:00,14:00,4.0,Pending
REQ-01189,M-004065,Traction,C12,2026-08-25,12:00,14:00,1.5,Pending
REQ-01190,M-002997,Traction,C03,2026-08-25,18:00,20:00,2.0,Pending
REQ-01191,M-010262,Traction,C20,2026-09-02,05:00,06:00,1.0,Pending
REQ-01192,M-004195,Traction,C10,2026-08-26,14:00,17:00,3.0,Pending
REQ-01193,M-001635,Engineering,C03,2026-08-25,14:00,15:00,1.0,Pending
REQ-01194,M-005647,S&T,C04,2026-09-01,14:00,16:00,1.5,Pending
REQ-01195,M-007300,Traction,C12,2026-09-05,15:00,18:00,3.0,Pending
REQ-01196,M-007376,Traction,C18,2026-08-28,02:00,04:00,1.5,Pending
REQ-01197,M-000036,Engineering,C09,2026-09-05,05:00,08:00,3.0,Pending
REQ-01198,M-002056,S&T,C11,2026-09-06,08:00,09:00,1.0,Pending
REQ-01199,M-005007,Engineering,C14,2026-09-04,21:00,23:00,1.5,Pending
REQ-01200,M-003772,Traction,C01,2026-08-29,15:00,19:00,4.0,Pending
REQ-01201,M-001745,Traction,C05,2026-08-29,14:00,15:00,1.0,Pending
REQ-01202,M-004078,Traction,C17,2026-09-05,02:00,06:00,4.0,Pending
REQ-01203,M-004516,Engineering,C20,2026-08-26,10:00,13:00,3.0,Pending
REQ-01204,M-006979,S&T,C12,2026-08-29,02:00,05:00,3.0,Pending
REQ-01205,M-000429,S&T,C18,2026-09-01,11:00,14:00,3.0,Pending
REQ-01206,M-011593,S&T,C04,2026-08-26,08:00,09:00,0.5,Pending
REQ-01207,M-003017,S&T,C12,2026-09-03,04:00,05:00,1.0,Pending
REQ-01208,M-005546,S&T,C12,2026-08-25,02:00,04:00,2.0,Pending
REQ-01209,M-007637,Traction,C07,2026-09-06,14:00,16:00,1.5,Pending
REQ-01210,M-010005,Engineering,C02,2026-09-04,08:00,10:00,1.5,Pending
REQ-01211,M-004130,Traction,C20,2026-09-02,14:00,16:00,1.5,Pending
REQ-01212,M-004120,Engineering,C12,2026-09-07,04:00,07:00,3.0,Pending
REQ-01213,M-002612,Engineering,C01,2026-09-01,16:00,20:00,4.0,Pending
REQ-01214,M-004029,Traction,C06,2026-08-27,21:00,23:00,1.5,Pending
REQ-01215,M-001627,S&T,C19,2026-08-27,05:00,08:00,3.0,Pending
REQ-01216,M-008502,S&T,C16,2026-09-05,04:00,06:00,2.0,Pending
REQ-01217,M-001394,S&T,C15,2026-09-05,05:00,09:00,4.0,Pending
REQ-01218,M-004464,Traction,C11,2026-09-01,16:00,18:00,2.0,Pending
REQ-01219,M-010755,Engineering,C02,2026-08-25,12:00,13:00,1.0,Pending
REQ-01220,M-002202,Traction,C06,2026-09-01,21:00,00:00,3.0,Pending
REQ-01221,M-004148,Traction,C10,2026-08-29,00:00,01:00,1.0,Pending
REQ-01222,M-000705,Traction,C17,2026-08-31,08:00,11:00,3.0,Pending
REQ-01223,M-009011,Engineering,C20,2026-08-29,05:00,06:00,0.5,Pending
REQ-01224,M-007679,S&T,C07,2026-09-03,01:00,03:00,2.0,Pending
REQ-01225,M-001356,Engineering,C06,2026-08-27,20:00,21:00,1.0,Pending
REQ-01226,M-002686,Traction,C18,2026-08-26,18:00,21:00,3.0,Pending
REQ-01227,M-009898,Engineering,C03,2026-08-25,07:00,10:00,3.0,Pending
REQ-01228,M-000609,S&T,C12,2026-08-27,10:00,12:00,1.5,Pending
REQ-01229,M-011527,Engineering,C12,2026-08-29,15:00,18:00,3.0,Pending
REQ-01230,M-010820,Traction,C08,2026-08-25,06:00,09:00,3.0,Pending
REQ-01231,M-010518,Engineering,C09,2026-09-05,12:00,14:00,1.5,Pending
REQ-01232,M-010196,Traction,C02,2026-09-04,11:00,13:00,1.5,Pending
REQ-01233,M-007795,S&T,C04,2026-09-06,17:00,19:00,1.5,Pending
REQ-01234,M-001324,Traction,C17,2026-08-25,08:00,09:00,0.5,Pending
REQ-01235,M-009490,Engineering,C05,2026-08-25,17:00,19:00,2.0,Pending
REQ-01236,M-001596,S&T,C17,2026-08-27,05:00,06:00,1.0,Pending
REQ-01237,M-001517,Engineering,C09,2026-09-07,13:00,14:00,0.5,Pending
REQ-01238,M-000759,Traction,C07,2026-09-03,03:00,04:00,0.5,Pending
REQ-01239,M-010645,Traction,C10,2026-08-31,11:00,12:00,0.5,Pending
REQ-01240,M-003903,Traction,C08,2026-09-02,20:00,00:00,4.0,Pending
REQ-01241,M-008797,Engineering,C03,2026-09-06,07:00,10:00,3.0,Pending
REQ-01242,M-011904,Traction,C09,2026-08-27,11:00,13:00,1.5,Pending
REQ-01243,M-006019,Traction,C11,2026-09-07,08:00,09:00,0.5,Pending
REQ-01244,M-004739,Traction,C19,2026-08-29,22:00,23:00,0.5,Pending
REQ-01245,M-004861,Engineering,C09,2026-08-25,07:00,10:00,3.0,Pending
REQ-01246,M-000400,Traction,C17,2026-09-07,07:00,10:00,3.0,Pending
REQ-01247,M-000931,Traction,C13,2026-08-31,15:00,17:00,2.0,Pending
REQ-01248,M-004004,Traction,C05,2026-08-30,04:00,06:00,2.0,Pending
REQ-01249,M-000543,S&T,C15,2026-09-05,01:00,03:00,2.0,Pending
REQ-01250,M-011337,Engineering,C12,2026-08-30,09:00,10:00,0.5,Pending
REQ-01251,M-008638,Engineering,C15,2026-09-02,02:00,05:00,3.0,Pending
REQ-01252,M-011712,Engineering,C04,2026-08-27,18:00,22:00,4.0,Pending
REQ-01253,M-006132,S&T,C17,2026-08-25,19:00,21:00,2.0,Pending
REQ-01254,M-004036,Engineering,C14,2026-09-03,13:00,15:00,2.0,Pending
REQ-01255,M-001689,S&T,C01,2026-08-28,04:00,06:00,2.0,Pending
REQ-01256,M-002129,Engineering,C15,2026-09-05,10:00,14:00,4.0,Pending
REQ-01257,M-002289,Traction,C17,2026-08-27,18:00,21:00,3.0,Pending
REQ-01258,M-004689,S&T,C13,2026-08-29,11:00,12:00,1.0,Pending
REQ-01259,M-001748,S&T,C12,2026-09-02,15:00,16:00,0.5,Pending
REQ-01260,M-000368,S&T,C02,2026-09-01,14:00,16:00,2.0,Pending
REQ-01261,M-009434,S&T,C07,2026-08-27,03:00,04:00,1.0,Pending
REQ-01262,M-011467,S&T,C15,2026-09-01,02:00,03:00,0.5,Pending
REQ-01263,M-008482,S&T,C15,2026-09-04,14:00,18:00,4.0,Pending
REQ-01264,M-003265,S&T,C05,2026-09-07,13:00,14:00,1.0,Pending
REQ-01265,M-005951,Traction,C12,2026-09-06,07:00,09:00,1.5,Pending
REQ-01266,M-002710,Engineering,C03,2026-09-07,01:00,02:00,0.5,Pending
REQ-01267,M-009682,Traction,C18,2026-09-01,19:00,23:00,4.0,Pending
REQ-01268,M-000064,S&T,C04,2026-08-28,18:00,19:00,0.5,Pending
REQ-01269,M-002190,Traction,C17,2026-09-01,10:00,11:00,1.0,Pending
REQ-01270,M-010451,Traction,C14,2026-08-26,10:00,11:00,1.0,Pending
REQ-01271,M-004773,Engineering,C13,2026-09-02,09:00,11:00,1.5,Pending
REQ-01272,M-004881,Engineering,C14,2026-08-25,01:00,03:00,1.5,Pending
REQ-01273,M-010093,S&T,C20,2026-08-31,06:00,07:00,0.5,Pending
REQ-01274,M-008060,Engineering,C07,2026-08-29,01:00,03:00,2.0,Pending
REQ-01275,M-010237,Traction,C13,2026-08-25,00:00,01:00,0.5,Pending
REQ-01276,M-007733,Engineering,C06,2026-09-03,03:00,07:00,4.0,Pending
REQ-01277,M-007665,S&T,C16,2026-08-25,16:00,20:00,4.0,Pending
REQ-01278,M-006249,Traction,C20,2026-08-28,12:00,15:00,3.0,Pending
REQ-01279,M-002819,Traction,C19,2026-09-06,19:00,22:00,3.0,Pending
REQ-01280,M-003976,S&T,C19,2026-09-04,10:00,11:00,1.0,Pending
REQ-01281,M-000428,Traction,C13,2026-08-29,19:00,20:00,1.0,Pending
REQ-01282,M-009247,Traction,C03,2026-09-03,14:00,17:00,3.0,Pending
REQ-01283,M-009336,Traction,C18,2026-08-26,04:00,08:00,4.0,Pending
REQ-01284,M-006352,Engineering,C01,2026-08-30,00:00,02:00,1.5,Pending
REQ-01285,M-009732,S&T,C09,2026-09-03,06:00,08:00,2.0,Pending
REQ-01286,M-004708,S&T,C04,2026-09-02,13:00,14:00,1.0,Pending
REQ-01287,M-005771,Traction,C20,2026-08-26,18:00,19:00,1.0,Pending
REQ-01288,M-004338,S&T,C01,2026-09-03,20:00,00:00,4.0,Pending
REQ-01289,M-011610,Engineering,C13,2026-08-30,03:00,05:00,1.5,Pending
REQ-01290,M-007678,Engineering,C06,2026-09-02,00:00,01:00,1.0,Pending
REQ-01291,M-000677,Engineering,C20,2026-08-30,20:00,22:00,2.0,Pending
REQ-01292,M-011885,Engineering,C14,2026-08-30,14:00,15:00,1.0,Pending
REQ-01293,M-006867,S&T,C13,2026-08-25,06:00,07:00,1.0,Pending
REQ-01294,M-011150,S&T,C20,2026-08-28,21:00,01:00,4.0,Pending
REQ-01295,M-007076,Traction,C02,2026-09-04,13:00,14:00,1.0,Pending
REQ-01296,M-010478,Traction,C01,2026-08-28,22:00,23:00,1.0,Pending
REQ-01297,M-010860,S&T,C04,2026-08-31,15:00,19:00,4.0,Pending
REQ-01298,M-006176,S&T,C04,2026-08-30,02:00,03:00,1.0,Pending
REQ-01299,M-002003,Traction,C11,2026-09-07,16:00,17:00,0.5,Pending
REQ-01300,M-007128,Engineering,C14,2026-08-26,08:00,10:00,1.5,Pending
REQ-01301,M-006837,Engineering,C07,2026-09-02,07:00,08:00,1.0,Pending
REQ-01302,M-005569,Engineering,C11,2026-09-03,04:00,05:00,1.0,Pending
REQ-01303,M-009098,Engineering,C01,2026-08-29,07:00,08:00,0.5,Pending
REQ-01304,M-008982,S&T,C07,2026-08-25,19:00,20:00,1.0,Pending
REQ-01305,M-008884,Engineering,C01,2026-09-03,03:00,04:00,1.0,Pending
REQ-01306,M-002291,Traction,C03,2026-09-01,02:00,03:00,1.0,Pending
REQ-01307,M-008445,Traction,C17,2026-09-01,19:00,20:00,1.0,Pending
REQ-01308,M-003014,Engineering,C19,2026-08-30,05:00,09:00,4.0,Pending
REQ-01309,M-000741,Traction,C15,2026-09-05,07:00,09:00,1.5,Pending
REQ-01310,M-000001,S&T,C05,2026-09-03,21:00,00:00,3.0,Pending
REQ-01311,M-004615,Engineering,C16,2026-08-26,16:00,19:00,3.0,Pending
REQ-01312,M-002518,Engineering,C07,2026-09-06,10:00,12:00,2.0,Pending
REQ-01313,M-004330,S&T,C02,2026-08-25,08:00,10:00,2.0,Pending
REQ-01314,M-010482,S&T,C08,2026-09-01,01:00,04:00,3.0,Pending
REQ-01315,M-005762,S&T,C17,2026-08-27,12:00,14:00,1.5,Pending
REQ-01316,M-005381,S&T,C17,2026-08-27,08:00,12:00,4.0,Pending
REQ-01317,M-004686,Engineering,C05,2026-09-04,01:00,04:00,3.0,Pending
REQ-01318,M-006533,Traction,C09,2026-08-28,01:00,03:00,1.5,Pending
REQ-01319,M-008731,Traction,C20,2026-09-01,02:00,04:00,1.5,Pending
REQ-01320,M-005059,Engineering,C09,2026-08-27,06:00,07:00,0.5,Pending
REQ-01321,M-005126,S&T,C16,2026-08-27,16:00,17:00,1.0,Pending
REQ-01322,M-006102,S&T,C19,2026-09-06,18:00,19:00,0.5,Pending
REQ-01323,M-008669,S&T,C20,2026-08-28,19:00,20:00,0.5,Pending
REQ-01324,M-004336,Engineering,C14,2026-08-30,22:00,02:00,4.0,Pending
REQ-01325,M-005217,Engineering,C13,2026-08-28,14:00,17:00,3.0,Pending
REQ-01326,M-006356,Traction,C02,2026-08-31,17:00,18:00,1.0,Pending
REQ-01327,M-005400,Traction,C13,2026-09-04,14:00,15:00,0.5,Pending
REQ-01328,M-003474,S&T,C03,2026-09-03,05:00,07:00,1.5,Pending
REQ-01329,M-009424,Traction,C18,2026-08-29,07:00,08:00,0.5,Pending
REQ-01330,M-009585,Engineering,C06,2026-09-03,06:00,09:00,3.0,Pending
REQ-01331,M-002448,Traction,C09,2026-08-26,19:00,20:00,0.5,Pending
REQ-01332,M-004606,Traction,C18,2026-08-25,15:00,18:00,3.0,Pending
REQ-01333,M-010347,Traction,C04,2026-08-30,02:00,04:00,1.5,Pending
REQ-01334,M-011238,S&T,C12,2026-09-05,14:00,16:00,2.0,Pending
REQ-01335,M-003207,Engineering,C03,2026-08-31,16:00,17:00,0.5,Pending
REQ-01336,M-001531,Traction,C05,2026-08-25,18:00,19:00,1.0,Pending
REQ-01337,M-006376,S&T,C16,2026-09-05,01:00,05:00,4.0,Pending
REQ-01338,M-004027,Traction,C18,2026-09-01,15:00,17:00,1.5,Pending
REQ-01339,M-000217,Traction,C13,2026-09-05,00:00,04:00,4.0,Pending
REQ-01340,M-003621,Engineering,C03,2026-08-25,10:00,14:00,4.0,Pending
REQ-01341,M-006424,Engineering,C19,2026-09-03,17:00,20:00,3.0,Pending
REQ-01342,M-000922,Engineering,C08,2026-08-30,06:00,07:00,1.0,Pending
REQ-01343,M-000867,Engineering,C03,2026-08-26,20:00,22:00,1.5,Pending
REQ-01344,M-006144,S&T,C07,2026-09-06,21:00,01:00,4.0,Pending
REQ-01345,M-009563,Traction,C03,2026-09-05,01:00,05:00,4.0,Pending
REQ-01346,M-000018,Traction,C06,2026-09-05,19:00,23:00,4.0,Pending
REQ-01347,M-004227,Engineering,C09,2026-08-29,13:00,16:00,3.0,Pending
REQ-01348,M-011758,Traction,C07,2026-09-01,06:00,08:00,2.0,Pending
REQ-01349,M-011229,Engineering,C05,2026-09-05,04:00,06:00,1.5,Pending
REQ-01350,M-006465,Engineering,C04,2026-09-05,11:00,12:00,0.5,Pending
REQ-01351,M-002508,S&T,C19,2026-09-04,18:00,22:00,4.0,Pending
REQ-01352,M-011480,S&T,C12,2026-08-26,11:00,15:00,4.0,Pending
REQ-01353,M-004809,Engineering,C16,2026-08-27,00:00,01:00,1.0,Pending
REQ-01354,M-009055,Engineering,C03,2026-09-01,15:00,19:00,4.0,Pending
REQ-01355,M-010804,Traction,C11,2026-08-31,12:00,15:00,3.0,Pending
REQ-01356,M-006686,S&T,C20,2026-08-30,03:00,07:00,4.0,Pending
REQ-01357,M-002169,S&T,C20,2026-08-29,06:00,10:00,4.0,Pending
REQ-01358,M-000796,S&T,C20,2026-09-06,14:00,16:00,2.0,Pending
REQ-01359,M-011291,S&T,C01,2026-08-29,09:00,13:00,4.0,Pending
REQ-01360,M-011154,Traction,C14,2026-09-07,02:00,03:00,0.5,Pending
REQ-01361,M-002317,S&T,C03,2026-09-03,19:00,23:00,4.0,Pending
REQ-01362,M-001563,Traction,C18,2026-09-05,13:00,17:00,4.0,Pending
REQ-01363,M-006762,S&T,C18,2026-09-06,06:00,08:00,2.0,Pending
REQ-01364,M-010306,Engineering,C10,2026-08-27,14:00,18:00,4.0,Pending
REQ-01365,M-002343,Engineering,C12,2026-08-29,12:00,15:00,3.0,Pending
REQ-01366,M-007250,Engineering,C06,2026-08-26,01:00,02:00,0.5,Pending
REQ-01367,M-010088,Engineering,C09,2026-08-26,08:00,10:00,2.0,Pending
REQ-01368,M-002914,S&T,C04,2026-08-27,13:00,14:00,1.0,Pending
REQ-01369,M-007771,S&T,C02,2026-09-01,00:00,01:00,1.0,Pending
REQ-01370,M-003782,Traction,C02,2026-08-25,17:00,19:00,1.5,Pending
REQ-01371,M-011002,Engineering,C09,2026-08-25,11:00,15:00,4.0,Pending
REQ-01372,M-010963,Engineering,C03,2026-09-01,20:00,21:00,1.0,Pending
REQ-01373,M-003483,Traction,C14,2026-09-06,03:00,04:00,1.0,Pending
REQ-01374,M-000684,Engineering,C03,2026-08-27,01:00,02:00,1.0,Pending
REQ-01375,M-007008,Traction,C13,2026-08-25,05:00,06:00,1.0,Pending
REQ-01376,M-006487,S&T,C14,2026-08-31,15:00,19:00,4.0,Pending
REQ-01377,M-010866,Engineering,C09,2026-09-06,17:00,20:00,3.0,Pending
REQ-01378,M-000578,Engineering,C04,2026-08-30,07:00,09:00,2.0,Pending
REQ-01379,M-011141,S&T,C01,2026-08-31,13:00,16:00,3.0,Pending
REQ-01380,M-002969,Engineering,C01,2026-09-04,08:00,10:00,2.0,Pending
REQ-01381,M-011473,Engineering,C09,2026-08-31,00:00,04:00,4.0,Pending
REQ-01382,M-007664,S&T,C16,2026-09-02,02:00,05:00,3.0,Pending
REQ-01383,M-006754,S&T,C14,2026-09-04,22:00,23:00,1.0,Pending
REQ-01384,M-006521,Traction,C08,2026-08-28,02:00,03:00,1.0,Pending
REQ-01385,M-000762,Engineering,C09,2026-08-27,21:00,22:00,0.5,Pending
REQ-01386,M-005268,Traction,C11,2026-08-28,08:00,09:00,0.5,Pending
REQ-01387,M-008991,Traction,C05,2026-08-31,21:00,00:00,3.0,Pending
REQ-01388,M-010794,Engineering,C20,2026-09-01,10:00,14:00,4.0,Pending
REQ-01389,M-001458,Engineering,C09,2026-08-29,01:00,03:00,2.0,Pending
REQ-01390,M-001618,Traction,C20,2026-08-26,14:00,17:00,3.0,Pending
REQ-01391,M-004450,Traction,C10,2026-08-25,14:00,17:00,3.0,Pending
REQ-01392,M-006570,Engineering,C17,2026-08-26,02:00,03:00,0.5,Pending
REQ-01393,M-002251,Traction,C19,2026-08-27,18:00,19:00,0.5,Pending
REQ-01394,M-010011,Traction,C14,2026-08-31,03:00,04:00,0.5,Pending
REQ-01395,M-002577,Engineering,C03,2026-08-28,00:00,02:00,1.5,Pending
REQ-01396,M-006522,S&T,C03,2026-09-06,19:00,23:00,4.0,Pending
REQ-01397,M-002615,S&T,C04,2026-09-05,22:00,00:00,1.5,Pending
REQ-01398,M-005590,S&T,C02,2026-08-30,21:00,23:00,2.0,Pending
REQ-01399,M-004399,Engineering,C10,2026-09-02,02:00,03:00,0.5,Pending
REQ-01400,M-006591,Traction,C11,2026-08-31,07:00,08:00,1.0,Pending
REQ-01401,M-008772,Engineering,C15,2026-08-25,22:00,00:00,1.5,Pending
REQ-01402,M-009776,S&T,C05,2026-09-01,22:00,23:00,1.0,Pending
REQ-01403,M-008116,S&T,C03,2026-08-29,16:00,20:00,4.0,Pending
REQ-01404,M-001808,Engineering,C09,2026-09-01,11:00,13:00,1.5,Pending
REQ-01405,M-006585,S&T,C15,2026-08-28,09:00,10:00,0.5,Pending
REQ-01406,M-010904,Traction,C16,2026-08-31,11:00,12:00,1.0,Pending
REQ-01407,M-010280,Engineering,C10,2026-08-28,12:00,15:00,3.0,Pending
REQ-01408,M-005715,Engineering,C10,2026-08-25,19:00,23:00,4.0,Pending
REQ-01409,M-003533,Engineering,C16,2026-08-30,14:00,17:00,3.0,Pending
REQ-01410,M-001042,Engineering,C16,2026-08-28,02:00,05:00,3.0,Pending
REQ-01411,M-003854,S&T,C01,2026-08-28,06:00,10:00,4.0,Pending
REQ-01412,M-004975,S&T,C08,2026-09-05,17:00,21:00,4.0,Pending
REQ-01413,M-005008,Traction,C15,2026-09-05,08:00,12:00,4.0,Pending
REQ-01414,M-000174,S&T,C12,2026-09-07,17:00,18:00,0.5,Pending
REQ-01415,M-007021,Engineering,C15,2026-08-28,01:00,03:00,2.0,Pending
REQ-01416,M-000170,Traction,C18,2026-09-03,14:00,15:00,0.5,Pending
REQ-01417,M-008862,Engineering,C18,2026-09-02,20:00,21:00,0.5,Pending
REQ-01418,M-007901,Engineering,C11,2026-09-04,03:00,05:00,2.0,Pending
REQ-01419,M-008551,Traction,C17,2026-09-06,10:00,14:00,4.0,Pending
REQ-01420,M-003942,Traction,C15,2026-08-26,06:00,07:00,0.5,Pending
REQ-01421,M-001273,Engineering,C18,2026-09-07,01:00,02:00,0.5,Pending
REQ-01422,M-007154,S&T,C04,2026-08-25,20:00,22:00,2.0,Pending
REQ-01423,M-000961,S&T,C14,2026-09-02,11:00,12:00,1.0,Pending
REQ-01424,M-002544,S&T,C02,2026-09-03,19:00,23:00,4.0,Pending
REQ-01425,M-004719,Traction,C20,2026-08-30,00:00,01:00,1.0,Pending
REQ-01426,M-007945,S&T,C06,2026-09-02,10:00,14:00,4.0,Pending
REQ-01427,M-000884,S&T,C02,2026-09-03,16:00,17:00,1.0,Pending
REQ-01428,M-010438,Engineering,C06,2026-08-29,04:00,05:00,0.5,Pending
REQ-01429,M-002523,Engineering,C13,2026-08-26,04:00,05:00,0.5,Pending
REQ-01430,M-000800,Engineering,C03,2026-08-30,05:00,07:00,2.0,Pending
REQ-01431,M-011846,S&T,C15,2026-08-26,04:00,07:00,3.0,Pending
REQ-01432,M-008331,Engineering,C15,2026-09-03,19:00,20:00,1.0,Pending
REQ-01433,M-004031,S&T,C19,2026-08-29,22:00,00:00,2.0,Pending
REQ-01434,M-001594,S&T,C18,2026-08-30,22:00,23:00,0.5,Pending
REQ-01435,M-002537,Engineering,C19,2026-08-27,04:00,07:00,3.0,Pending
REQ-01436,M-002883,S&T,C06,2026-08-31,06:00,08:00,2.0,Pending
REQ-01437,M-006497,Traction,C16,2026-08-26,09:00,11:00,2.0,Pending
REQ-01438,M-006766,Traction,C06,2026-08-29,04:00,06:00,2.0,Pending
REQ-01439,M-003602,S&T,C08,2026-09-03,05:00,09:00,4.0,Pending
REQ-01440,M-004419,S&T,C13,2026-09-07,09:00,13:00,4.0,Pending
REQ-01441,M-004783,Traction,C10,2026-09-07,17:00,19:00,2.0,Pending
REQ-01442,M-004221,S&T,C06,2026-08-30,07:00,09:00,2.0,Pending
REQ-01443,M-006552,Engineering,C10,2026-09-01,12:00,13:00,0.5,Pending
REQ-01444,M-003679,S&T,C04,2026-09-04,17:00,18:00,0.5,Pending
REQ-01445,M-001161,Traction,C05,2026-09-01,19:00,22:00,3.0,Pending
REQ-01446,M-003885,Traction,C02,2026-09-04,18:00,20:00,2.0,Pending
REQ-01447,M-009625,Engineering,C18,2026-08-25,06:00,07:00,0.5,Pending
REQ-01448,M-004481,Engineering,C06,2026-08-27,14:00,17:00,3.0,Pending
REQ-01449,M-010372,Engineering,C16,2026-08-31,02:00,05:00,3.0,Pending
REQ-01450,M-008453,Traction,C14,2026-08-25,03:00,04:00,0.5,Pending
REQ-01451,M-007996,Traction,C09,2026-09-03,01:00,03:00,2.0,Pending
REQ-01452,M-000587,S&T,C12,2026-08-25,22:00,01:00,3.0,Pending
REQ-01453,M-001580,Engineering,C07,2026-09-04,05:00,06:00,0.5,Pending
REQ-01454,M-005397,Engineering,C07,2026-08-25,19:00,21:00,2.0,Pending
REQ-01455,M-006998,Traction,C18,2026-09-03,13:00,16:00,3.0,Pending
REQ-01456,M-010668,Traction,C10,2026-08-27,20:00,00:00,4.0,Pending
REQ-01457,M-011049,Traction,C05,2026-09-04,20:00,21:00,1.0,Pending
REQ-01458,M-002958,S&T,C15,2026-08-31,02:00,05:00,3.0,Pending
REQ-01459,M-007517,S&T,C09,2026-08-29,13:00,17:00,4.0,Pending
REQ-01460,M-008683,Engineering,C18,2026-08-31,21:00,22:00,1.0,Pending
REQ-01461,M-002586,Engineering,C03,2026-08-31,07:00,09:00,2.0,Pending
REQ-01462,M-001148,Traction,C19,2026-08-30,11:00,13:00,1.5,Pending
REQ-01463,M-008716,Engineering,C08,2026-08-31,00:00,03:00,3.0,Pending
REQ-01464,M-009620,Engineering,C18,2026-09-04,02:00,05:00,3.0,Pending
REQ-01465,M-009503,Engineering,C09,2026-09-07,20:00,23:00,3.0,Pending
REQ-01466,M-004563,Engineering,C18,2026-08-31,04:00,06:00,2.0,Pending
REQ-01467,M-011489,Traction,C17,2026-09-02,01:00,02:00,0.5,Pending
REQ-01468,M-005020,S&T,C17,2026-09-04,12:00,14:00,1.5,Pending
REQ-01469,M-011109,S&T,C20,2026-08-29,15:00,19:00,4.0,Pending
REQ-01470,M-002535,S&T,C12,2026-09-06,07:00,08:00,0.5,Pending
REQ-01471,M-009303,Engineering,C18,2026-09-02,11:00,13:00,2.0,Pending
REQ-01472,M-008349,Engineering,C02,2026-09-07,05:00,08:00,3.0,Pending
REQ-01473,M-003266,Traction,C03,2026-08-31,02:00,03:00,1.0,Pending
REQ-01474,M-008986,Engineering,C15,2026-08-26,16:00,18:00,2.0,Pending
REQ-01475,M-005107,Engineering,C19,2026-09-02,16:00,17:00,1.0,Pending
REQ-01476,M-009728,S&T,C18,2026-09-03,17:00,20:00,3.0,Pending
REQ-01477,M-007872,S&T,C04,2026-09-05,06:00,07:00,1.0,Pending
REQ-01478,M-002677,Engineering,C09,2026-09-01,19:00,20:00,1.0,Pending
REQ-01479,M-011181,Traction,C11,2026-08-28,11:00,12:00,0.5,Pending
REQ-01480,M-010265,Traction,C02,2026-09-07,18:00,19:00,0.5,Pending
REQ-01481,M-011393,S&T,C06,2026-09-07,09:00,12:00,3.0,Pending
REQ-01482,M-010472,Traction,C16,2026-08-30,22:00,23:00,1.0,Pending
REQ-01483,M-000104,Engineering,C04,2026-08-30,02:00,04:00,1.5,Pending
REQ-01484,M-011211,Traction,C06,2026-08-25,14:00,17:00,3.0,Pending
REQ-01485,M-009239,Traction,C11,2026-08-28,21:00,23:00,2.0,Pending
REQ-01486,M-009529,Traction,C12,2026-08-29,14:00,15:00,0.5,Pending
REQ-01487,M-005419,Traction,C11,2026-08-25,13:00,15:00,2.0,Pending
REQ-01488,M-003232,Traction,C03,2026-08-25,00:00,03:00,3.0,Pending
REQ-01489,M-005710,Traction,C20,2026-08-31,20:00,21:00,0.5,Pending
REQ-01490,M-005269,Engineering,C17,2026-09-05,04:00,05:00,1.0,Pending
REQ-01491,M-010992,Traction,C10,2026-09-06,02:00,04:00,1.5,Pending
REQ-01492,M-006046,Traction,C02,2026-08-29,06:00,08:00,2.0,Pending
REQ-01493,M-003353,Traction,C20,2026-09-03,20:00,21:00,0.5,Pending
REQ-01494,M-009996,Engineering,C02,2026-08-30,03:00,06:00,3.0,Pending
REQ-01495,M-006307,Engineering,C12,2026-09-04,04:00,06:00,2.0,Pending
REQ-01496,M-008224,Engineering,C06,2026-08-29,01:00,05:00,4.0,Pending
REQ-01497,M-008512,Engineering,C05,2026-08-27,00:00,01:00,1.0,Pending
REQ-01498,M-000292,Engineering,C12,2026-08-25,04:00,06:00,2.0,Pending
REQ-01499,M-008164,Engineering,C03,2026-09-07,20:00,21:00,0.5,Pending
REQ-01500,M-009241,Traction,C07,2026-09-01,00:00,01:00,0.5,Pending
REQ-01501,M-010649,Engineering,C08,2026-08-28,06:00,08:00,2.0,Pending
REQ-01502,M-005147,Traction,C10,2026-09-07,11:00,15:00,4.0,Pending
REQ-01503,M-002610,Engineering,C19,2026-09-04,04:00,08:00,4.0,Pending
REQ-01504,M-003725,S&T,C19,2026-09-02,14:00,15:00,1.0,Pending
REQ-01505,M-008277,Engineering,C13,2026-09-02,00:00,03:00,3.0,Pending
REQ-01506,M-007676,Traction,C11,2026-09-02,10:00,12:00,1.5,Pending
REQ-01507,M-008450,Traction,C01,2026-08-28,05:00,09:00,4.0,Pending
REQ-01508,M-003791,Traction,C03,2026-09-07,21:00,23:00,1.5,Pending
REQ-01509,M-003648,Engineering,C14,2026-08-30,15:00,16:00,0.5,Pending
REQ-01510,M-005770,S&T,C19,2026-08-29,14:00,17:00,3.0,Pending
REQ-01511,M-003746,S&T,C16,2026-08-30,06:00,09:00,3.0,Pending
REQ-01512,M-002240,Traction,C06,2026-08-28,08:00,10:00,1.5,Pending
REQ-01513,M-002517,Traction,C16,2026-08-31,18:00,21:00,3.0,Pending
REQ-01514,M-006897,S&T,C02,2026-09-01,00:00,01:00,1.0,Pending
REQ-01515,M-011910,Traction,C19,2026-08-26,10:00,14:00,4.0,Pending
REQ-01516,M-009765,Traction,C10,2026-09-06,13:00,17:00,4.0,Pending
REQ-01517,M-006955,Traction,C20,2026-09-07,21:00,22:00,1.0,Pending
REQ-01518,M-001714,Engineering,C14,2026-08-30,02:00,04:00,2.0,Pending
REQ-01519,M-004707,S&T,C14,2026-08-29,09:00,10:00,1.0,Pending
REQ-01520,M-000579,Engineering,C01,2026-08-29,21:00,23:00,1.5,Pending
REQ-01521,M-010186,Traction,C18,2026-08-26,03:00,05:00,2.0,Pending
REQ-01522,M-001512,Engineering,C02,2026-09-03,10:00,14:00,4.0,Pending
REQ-01523,M-006138,Engineering,C13,2026-08-25,13:00,14:00,1.0,Pending
REQ-01524,M-011407,S&T,C12,2026-09-07,04:00,08:00,4.0,Pending
REQ-01525,M-006160,Engineering,C03,2026-08-30,16:00,18:00,1.5,Pending
REQ-01526,M-002233,S&T,C03,2026-09-06,02:00,06:00,4.0,Pending
REQ-01527,M-005652,Traction,C19,2026-08-26,13:00,17:00,4.0,Pending
REQ-01528,M-009532,S&T,C01,2026-09-03,11:00,13:00,2.0,Pending
REQ-01529,M-003752,Engineering,C20,2026-09-01,15:00,17:00,1.5,Pending
REQ-01530,M-009822,S&T,C10,2026-09-02,19:00,21:00,1.5,Pending
REQ-01531,M-010684,S&T,C17,2026-09-06,01:00,04:00,3.0,Pending
REQ-01532,M-004455,Traction,C18,2026-08-26,16:00,20:00,4.0,Pending
REQ-01533,M-006419,Traction,C06,2026-09-05,08:00,10:00,1.5,Pending
REQ-01534,M-001769,Engineering,C20,2026-09-06,09:00,10:00,0.5,Pending
REQ-01535,M-004863,Engineering,C10,2026-09-02,00:00,02:00,1.5,Pending
REQ-01536,M-000622,S&T,C02,2026-09-06,10:00,12:00,1.5,Pending
REQ-01537,M-008488,Engineering,C06,2026-08-30,08:00,09:00,1.0,Pending
REQ-01538,M-007653,S&T,C04,2026-09-05,10:00,12:00,1.5,Pending
REQ-01539,M-003834,Traction,C07,2026-09-01,13:00,14:00,1.0,Pending
REQ-01540,M-011210,Traction,C14,2026-08-25,09:00,10:00,0.5,Pending
REQ-01541,M-005613,Engineering,C14,2026-09-02,14:00,15:00,0.5,Pending
REQ-01542,M-004537,Engineering,C08,2026-08-28,02:00,06:00,4.0,Pending
REQ-01543,M-007364,Engineering,C02,2026-08-27,01:00,02:00,1.0,Pending
REQ-01544,M-005226,Engineering,C11,2026-08-25,05:00,07:00,2.0,Pending
REQ-01545,M-000266,Engineering,C03,2026-09-05,14:00,18:00,4.0,Pending
REQ-01546,M-000834,Engineering,C14,2026-09-02,05:00,06:00,1.0,Pending
REQ-01547,M-008286,Engineering,C14,2026-09-06,13:00,14:00,1.0,Pending
REQ-01548,M-002920,S&T,C05,2026-08-26,22:00,01:00,3.0,Pending
REQ-01549,M-011320,S&T,C01,2026-09-05,01:00,04:00,3.0,Pending
REQ-01550,M-001286,S&T,C19,2026-08-30,13:00,15:00,2.0,Pending
REQ-01551,M-010008,Engineering,C12,2026-08-31,00:00,01:00,0.5,Pending
REQ-01552,M-011498,Engineering,C12,2026-08-31,06:00,08:00,2.0,Pending
REQ-01553,M-004191,Engineering,C19,2026-09-07,14:00,15:00,1.0,Pending
REQ-01554,M-006342,Traction,C13,2026-08-30,14:00,15:00,0.5,Pending
REQ-01555,M-010329,Engineering,C11,2026-08-30,15:00,16:00,0.5,Pending
REQ-01556,M-011960,Engineering,C02,2026-08-29,08:00,10:00,2.0,Pending
REQ-01557,M-009472,Traction,C09,2026-08-28,06:00,08:00,2.0,Pending
REQ-01558,M-009900,Engineering,C15,2026-09-05,18:00,19:00,1.0,Pending
REQ-01559,M-005435,S&T,C16,2026-08-27,12:00,13:00,1.0,Pending
REQ-01560,M-011566,Engineering,C02,2026-08-31,02:00,04:00,1.5,Pending
REQ-01561,M-010858,S&T,C17,2026-08-30,14:00,18:00,4.0,Pending
REQ-01562,M-001397,Traction,C04,2026-09-02,16:00,20:00,4.0,Pending
REQ-01563,M-000260,Engineering,C10,2026-09-06,14:00,16:00,1.5,Pending
REQ-01564,M-010324,Traction,C02,2026-09-07,11:00,14:00,3.0,Pending
REQ-01565,M-001672,S&T,C08,2026-09-04,21:00,23:00,1.5,Pending
REQ-01566,M-007924,Traction,C17,2026-09-04,18:00,20:00,2.0,Pending
REQ-01567,M-006974,Traction,C13,2026-08-25,20:00,22:00,2.0,Pending
REQ-01568,M-008264,S&T,C20,2026-09-01,12:00,14:00,1.5,Pending
REQ-01569,M-000757,Traction,C01,2026-09-06,03:00,05:00,2.0,Pending
REQ-01570,M-004755,S&T,C18,2026-09-01,10:00,14:00,4.0,Pending
REQ-01571,M-008242,S&T,C17,2026-08-25,20:00,21:00,1.0,Pending
REQ-01572,M-011538,Engineering,C13,2026-08-25,16:00,17:00,0.5,Pending
REQ-01573,M-008383,Engineering,C03,2026-08-29,21:00,22:00,0.5,Pending
REQ-01574,M-009508,Engineering,C09,2026-09-02,20:00,23:00,3.0,Pending
REQ-01575,M-004220,Traction,C18,2026-09-04,21:00,01:00,4.0,Pending
REQ-01576,M-004891,S&T,C08,2026-08-28,01:00,04:00,3.0,Pending
REQ-01577,M-010236,S&T,C11,2026-08-30,00:00,04:00,4.0,Pending
REQ-01578,M-010453,S&T,C01,2026-09-04,14:00,15:00,1.0,Pending
REQ-01579,M-008672,Traction,C07,2026-08-31,02:00,03:00,1.0,Pending
REQ-01580,M-000695,Traction,C10,2026-08-28,10:00,14:00,4.0,Pending
REQ-01581,M-010188,S&T,C05,2026-08-29,21:00,00:00,3.0,Pending
REQ-01582,M-008072,Engineering,C03,2026-08-28,16:00,17:00,0.5,Pending
REQ-01583,M-008177,Traction,C07,2026-08-31,05:00,07:00,2.0,Pending
REQ-01584,M-009879,Traction,C13,2026-08-29,10:00,11:00,1.0,Pending
REQ-01585,M-003577,Traction,C03,2026-09-03,20:00,00:00,4.0,Pending
REQ-01586,M-006099,Engineering,C16,2026-08-28,14:00,18:00,4.0,Pending
REQ-01587,M-009074,Engineering,C15,2026-08-31,10:00,12:00,1.5,Pending
REQ-01588,M-008883,Traction,C03,2026-09-05,00:00,01:00,1.0,Pending
REQ-01589,M-007703,Engineering,C14,2026-09-01,11:00,12:00,1.0,Pending
REQ-01590,M-005732,Engineering,C14,2026-09-05,17:00,20:00,3.0,Pending
REQ-01591,M-002010,Engineering,C04,2026-09-03,02:00,06:00,4.0,Pending
REQ-01592,M-006320,S&T,C01,2026-08-31,14:00,18:00,4.0,Pending
REQ-01593,M-011543,Engineering,C04,2026-09-01,15:00,17:00,2.0,Pending
REQ-01594,M-005378,S&T,C20,2026-08-29,18:00,19:00,1.0,Pending
REQ-01595,M-011722,Engineering,C18,2026-09-01,11:00,14:00,3.0,Pending
REQ-01596,M-004116,Traction,C05,2026-09-01,21:00,22:00,0.5,Pending
REQ-01597,M-006367,Traction,C02,2026-08-29,16:00,17:00,1.0,Pending
REQ-01598,M-010467,Traction,C06,2026-08-27,12:00,13:00,1.0,Pending
REQ-01599,M-011521,Engineering,C08,2026-09-05,08:00,11:00,3.0,Pending
REQ-01600,M-007204,Traction,C01,2026-08-28,04:00,06:00,1.5,Pending
REQ-01601,M-003170,Engineering,C04,2026-09-03,22:00,01:00,3.0,Pending
REQ-01602,M-004827,Traction,C10,2026-09-07,18:00,20:00,2.0,Pending
REQ-01603,M-006115,Traction,C04,2026-08-27,05:00,06:00,0.5,Pending
REQ-01604,M-003888,Traction,C10,2026-08-28,01:00,03:00,1.5,Pending
REQ-01605,M-003947,S&T,C06,2026-08-29,03:00,05:00,2.0,Pending
REQ-01606,M-001238,Traction,C20,2026-08-26,06:00,08:00,1.5,Pending
REQ-01607,M-002999,Engineering,C16,2026-09-03,17:00,19:00,2.0,Pending
REQ-01608,M-007677,Engineering,C16,2026-09-03,06:00,07:00,1.0,Pending
REQ-01609,M-002755,Traction,C06,2026-09-02,04:00,06:00,2.0,Pending
REQ-01610,M-010838,Traction,C08,2026-09-06,21:00,23:00,1.5,Pending
REQ-01611,M-008803,Traction,C04,2026-08-30,16:00,18:00,1.5,Pending
REQ-01612,M-007140,Traction,C05,2026-09-04,07:00,08:00,1.0,Pending
REQ-01613,M-011250,Engineering,C15,2026-09-07,07:00,10:00,3.0,Pending
REQ-01614,M-011385,Traction,C18,2026-08-25,05:00,06:00,1.0,Pending
REQ-01615,M-001965,S&T,C20,2026-08-31,03:00,07:00,4.0,Pending
REQ-01616,M-008508,S&T,C02,2026-09-04,11:00,12:00,0.5,Pending
REQ-01617,M-010828,Traction,C02,2026-08-28,06:00,09:00,3.0,Pending
REQ-01618,M-010722,Engineering,C06,2026-08-27,06:00,07:00,0.5,Pending
REQ-01619,M-000820,Traction,C12,2026-08-26,11:00,14:00,3.0,Pending
REQ-01620,M-011366,Engineering,C11,2026-08-28,16:00,20:00,4.0,Pending
REQ-01621,M-011447,Engineering,C09,2026-09-03,08:00,09:00,1.0,Pending
REQ-01622,M-007749,S&T,C01,2026-08-30,13:00,16:00,3.0,Pending
REQ-01623,M-002541,S&T,C12,2026-08-25,07:00,08:00,0.5,Pending
REQ-01624,M-005722,Engineering,C20,2026-09-03,22:00,00:00,1.5,Pending
REQ-01625,M-006086,Engineering,C13,2026-08-29,05:00,06:00,0.5,Pending
REQ-01626,M-007550,Engineering,C03,2026-09-04,10:00,11:00,0.5,Pending
REQ-01627,M-001062,Traction,C12,2026-09-04,12:00,13:00,0.5,Pending
REQ-01628,M-005925,Engineering,C19,2026-08-28,05:00,07:00,1.5,Pending
REQ-01629,M-008284,S&T,C04,2026-09-03,10:00,14:00,4.0,Pending
REQ-01630,M-001255,Traction,C02,2026-08-30,22:00,23:00,0.5,Pending
REQ-01631,M-000953,Engineering,C15,2026-08-29,13:00,15:00,2.0,Pending
REQ-01632,M-009134,Engineering,C03,2026-09-06,15:00,18:00,3.0,Pending
REQ-01633,M-010100,Engineering,C04,2026-08-30,16:00,18:00,1.5,Pending
REQ-01634,M-004793,Traction,C06,2026-08-31,16:00,19:00,3.0,Pending
REQ-01635,M-007857,Traction,C16,2026-08-30,22:00,23:00,1.0,Pending
REQ-01636,M-001119,Traction,C17,2026-09-05,03:00,06:00,3.0,Pending
REQ-01637,M-007453,Traction,C15,2026-09-05,14:00,16:00,1.5,Pending
REQ-01638,M-009576,S&T,C04,2026-08-27,06:00,09:00,3.0,Pending
REQ-01639,M-001955,Traction,C17,2026-08-29,15:00,16:00,1.0,Pending
REQ-01640,M-004059,S&T,C05,2026-08-29,13:00,14:00,0.5,Pending
REQ-01641,M-010429,Engineering,C08,2026-09-05,10:00,13:00,3.0,Pending
REQ-01642,M-004090,Traction,C02,2026-09-02,14:00,15:00,1.0,Pending
REQ-01643,M-006682,Engineering,C11,2026-08-30,10:00,11:00,0.5,Pending
REQ-01644,M-001719,Engineering,C04,2026-09-03,15:00,18:00,3.0,Pending
REQ-01645,M-004402,Engineering,C06,2026-09-05,05:00,07:00,1.5,Pending
REQ-01646,M-004239,Engineering,C20,2026-09-02,01:00,03:00,1.5,Pending
REQ-01647,M-008646,Engineering,C15,2026-09-04,03:00,06:00,3.0,Pending
REQ-01648,M-010563,S&T,C13,2026-09-02,11:00,15:00,4.0,Pending
REQ-01649,M-002338,S&T,C20,2026-09-04,03:00,04:00,0.5,Pending
REQ-01650,M-003028,Engineering,C02,2026-08-29,06:00,07:00,0.5,Pending
REQ-01651,M-008909,Traction,C07,2026-08-30,20:00,00:00,4.0,Pending
REQ-01652,M-003644,Engineering,C01,2026-09-07,22:00,23:00,1.0,Pending
REQ-01653,M-002413,Traction,C17,2026-08-28,22:00,00:00,2.0,Pending
REQ-01654,M-009565,Traction,C01,2026-08-29,07:00,09:00,2.0,Pending
REQ-01655,M-004443,S&T,C02,2026-08-25,04:00,06:00,2.0,Pending
REQ-01656,M-011774,Traction,C19,2026-08-28,22:00,23:00,1.0,Pending
REQ-01657,M-002715,Engineering,C04,2026-08-25,18:00,19:00,1.0,Pending
REQ-01658,M-001057,S&T,C15,2026-09-06,06:00,08:00,1.5,Pending
REQ-01659,M-001147,S&T,C02,2026-09-04,12:00,13:00,1.0,Pending
REQ-01660,M-004454,Engineering,C20,2026-09-04,02:00,05:00,3.0,Pending
REQ-01661,M-003448,Engineering,C16,2026-09-03,19:00,23:00,4.0,Pending
REQ-01662,M-003659,Engineering,C19,2026-09-01,19:00,20:00,0.5,Pending
REQ-01663,M-006245,Engineering,C15,2026-09-07,10:00,11:00,1.0,Pending
REQ-01664,M-003899,Engineering,C02,2026-08-30,18:00,19:00,1.0,Pending
REQ-01665,M-000009,S&T,C02,2026-08-31,05:00,06:00,1.0,Pending
REQ-01666,M-007160,Traction,C06,2026-08-27,20:00,22:00,1.5,Pending
REQ-01667,M-003450,Traction,C06,2026-08-27,02:00,03:00,1.0,Pending
REQ-01668,M-003681,Engineering,C10,2026-09-06,18:00,19:00,0.5,Pending
REQ-01669,M-006381,S&T,C17,2026-08-31,00:00,02:00,1.5,Pending
REQ-01670,M-000097,S&T,C07,2026-08-30,03:00,07:00,4.0,Pending
REQ-01671,M-001460,S&T,C13,2026-09-06,05:00,07:00,2.0,Pending
REQ-01672,M-001972,S&T,C13,2026-08-28,15:00,18:00,3.0,Pending
REQ-01673,M-000427,Engineering,C19,2026-09-05,00:00,02:00,1.5,Pending
REQ-01674,M-002955,Traction,C06,2026-09-04,22:00,23:00,0.5,Pending
REQ-01675,M-003897,Traction,C20,2026-09-01,10:00,12:00,2.0,Pending
REQ-01676,M-010672,Engineering,C09,2026-09-03,17:00,20:00,3.0,Pending
REQ-01677,M-003774,S&T,C06,2026-09-01,17:00,18:00,0.5,Pending
REQ-01678,M-010581,Traction,C09,2026-09-04,21:00,23:00,1.5,Pending
REQ-01679,M-010742,Traction,C04,2026-09-01,22:00,23:00,0.5,Pending
REQ-01680,M-005385,S&T,C04,2026-09-05,15:00,19:00,4.0,Pending
REQ-01681,M-010710,S&T,C02,2026-08-31,21:00,01:00,4.0,Pending
REQ-01682,M-005639,Engineering,C08,2026-08-25,12:00,15:00,3.0,Pending
REQ-01683,M-000980,Engineering,C20,2026-09-02,06:00,07:00,1.0,Pending
REQ-01684,M-005854,Engineering,C03,2026-09-07,07:00,08:00,0.5,Pending
REQ-01685,M-001043,S&T,C17,2026-08-31,11:00,13:00,1.5,Pending
REQ-01686,M-007218,Engineering,C14,2026-09-03,18:00,20:00,2.0,Pending
REQ-01687,M-010643,Engineering,C06,2026-09-05,09:00,13:00,4.0,Pending
REQ-01688,M-010397,Engineering,C15,2026-08-30,21:00,22:00,0.5,Pending
REQ-01689,M-003273,Traction,C05,2026-09-01,14:00,16:00,2.0,Pending
REQ-01690,M-001966,Traction,C02,2026-08-30,17:00,21:00,4.0,Pending
REQ-01691,M-002679,S&T,C11,2026-08-30,04:00,06:00,1.5,Pending
REQ-01692,M-003711,Traction,C16,2026-08-29,05:00,07:00,2.0,Pending
REQ-01693,M-002895,Engineering,C02,2026-09-01,15:00,16:00,0.5,Pending
REQ-01694,M-006706,S&T,C07,2026-08-26,04:00,06:00,1.5,Pending
REQ-01695,M-005744,Engineering,C09,2026-08-27,12:00,15:00,3.0,Pending
REQ-01696,M-011682,Engineering,C18,2026-08-30,20:00,21:00,1.0,Pending
REQ-01697,M-000583,S&T,C17,2026-08-28,05:00,06:00,0.5,Pending
REQ-01698,M-011800,S&T,C14,2026-09-03,15:00,18:00,3.0,Pending
REQ-01699,M-010230,S&T,C07,2026-09-04,21:00,23:00,2.0,Pending
REQ-01700,M-003317,S&T,C02,2026-08-29,17:00,21:00,4.0,Pending
REQ-01701,M-006859,S&T,C05,2026-08-28,22:00,23:00,0.5,Pending
REQ-01702,M-011821,S&T,C01,2026-08-30,22:00,02:00,4.0,Pending
REQ-01703,M-007064,Engineering,C12,2026-08-31,08:00,10:00,1.5,Pending
REQ-01704,M-000004,Engineering,C03,2026-09-04,11:00,14:00,3.0,Pending
REQ-01705,M-005791,S&T,C04,2026-08-31,11:00,13:00,1.5,Pending
REQ-01706,M-000411,S&T,C19,2026-09-03,18:00,21:00,3.0,Pending
REQ-01707,M-001733,Traction,C20,2026-09-03,02:00,06:00,4.0,Pending
REQ-01708,M-009808,S&T,C05,2026-09-01,15:00,17:00,2.0,Pending
REQ-01709,M-008261,Traction,C05,2026-08-25,06:00,07:00,0.5,Pending
REQ-01710,M-010342,Traction,C17,2026-08-31,16:00,17:00,0.5,Pending
REQ-01711,M-010845,Traction,C10,2026-09-07,22:00,01:00,3.0,Pending
REQ-01712,M-006026,Engineering,C14,2026-09-01,02:00,03:00,1.0,Pending
REQ-01713,M-000264,Engineering,C19,2026-09-03,06:00,08:00,1.5,Pending
REQ-01714,M-005099,Traction,C10,2026-08-28,02:00,03:00,0.5,Pending
REQ-01715,M-000440,Engineering,C20,2026-09-01,10:00,11:00,1.0,Pending
REQ-01716,M-011705,Traction,C07,2026-09-06,10:00,11:00,1.0,Pending
REQ-01717,M-011728,S&T,C19,2026-08-26,02:00,04:00,1.5,Pending
REQ-01718,M-004542,Traction,C18,2026-09-01,14:00,17:00,3.0,Pending
REQ-01719,M-005788,Engineering,C20,2026-08-25,17:00,18:00,1.0,Pending
REQ-01720,M-001108,Traction,C18,2026-08-29,18:00,21:00,3.0,Pending
REQ-01721,M-011404,S&T,C17,2026-09-03,01:00,02:00,1.0,Pending
REQ-01722,M-005889,S&T,C05,2026-09-02,17:00,18:00,1.0,Pending
REQ-01723,M-006785,S&T,C18,2026-09-05,15:00,19:00,4.0,Pending
REQ-01724,M-000089,S&T,C12,2026-09-06,10:00,12:00,2.0,Pending
REQ-01725,M-002974,S&T,C09,2026-09-01,08:00,10:00,1.5,Pending
REQ-01726,M-005130,S&T,C19,2026-09-07,13:00,15:00,2.0,Pending
REQ-01727,M-007961,S&T,C17,2026-09-07,01:00,03:00,1.5,Pending
REQ-01728,M-002125,Engineering,C07,2026-09-01,22:00,02:00,4.0,Pending
REQ-01729,M-003575,Engineering,C19,2026-08-29,13:00,15:00,1.5,Pending
REQ-01730,M-007878,Traction,C08,2026-08-31,14:00,18:00,4.0,Pending
REQ-01731,M-000275,Engineering,C04,2026-09-01,00:00,04:00,4.0,Pending
REQ-01732,M-001282,Traction,C13,2026-09-04,16:00,19:00,3.0,Pending
REQ-01733,M-003753,Traction,C10,2026-09-02,03:00,07:00,4.0,Pending
REQ-01734,M-002076,S&T,C14,2026-09-02,20:00,23:00,3.0,Pending
REQ-01735,M-011739,Engineering,C07,2026-08-26,04:00,05:00,0.5,Pending
REQ-01736,M-007825,Traction,C03,2026-09-05,22:00,23:00,0.5,Pending
REQ-01737,M-010925,Traction,C16,2026-09-03,18:00,20:00,1.5,Pending
REQ-01738,M-006436,S&T,C01,2026-08-27,03:00,07:00,4.0,Pending
REQ-01739,M-003316,Traction,C06,2026-09-01,15:00,18:00,3.0,Pending
REQ-01740,M-006110,Engineering,C19,2026-08-31,21:00,23:00,2.0,Pending
REQ-01741,M-008375,Engineering,C08,2026-08-28,21:00,22:00,1.0,Pending
REQ-01742,M-006194,Engineering,C01,2026-08-27,03:00,04:00,1.0,Pending
REQ-01743,M-010988,Traction,C18,2026-09-05,21:00,00:00,3.0,Pending
REQ-01744,M-004439,Traction,C16,2026-08-30,06:00,08:00,2.0,Pending
REQ-01745,M-000416,Engineering,C11,2026-09-01,20:00,21:00,1.0,Pending
REQ-01746,M-007412,Engineering,C19,2026-09-03,09:00,11:00,2.0,Pending
REQ-01747,M-002217,Traction,C09,2026-08-25,13:00,17:00,4.0,Pending
REQ-01748,M-011429,Traction,C04,2026-08-31,03:00,06:00,3.0,Pending
REQ-01749,M-010848,S&T,C15,2026-08-26,14:00,16:00,2.0,Pending
REQ-01750,M-002128,S&T,C14,2026-09-01,10:00,12:00,2.0,Pending
REQ-01751,M-006348,Engineering,C15,2026-09-03,01:00,03:00,1.5,Pending
REQ-01752,M-004316,Engineering,C06,2026-08-29,09:00,11:00,2.0,Pending
REQ-01753,M-011077,Traction,C16,2026-09-02,07:00,09:00,1.5,Pending
REQ-01754,M-007188,Engineering,C11,2026-08-26,06:00,09:00,3.0,Pending
REQ-01755,M-000711,Engineering,C05,2026-09-07,07:00,09:00,2.0,Pending
REQ-01756,M-007403,Engineering,C08,2026-09-07,00:00,02:00,2.0,Pending
REQ-01757,M-003412,Engineering,C03,2026-09-01,14:00,18:00,4.0,Pending
REQ-01758,M-005468,Traction,C13,2026-09-04,06:00,08:00,2.0,Pending
REQ-01759,M-000408,S&T,C02,2026-09-01,12:00,14:00,1.5,Pending
REQ-01760,M-003060,S&T,C04,2026-09-01,07:00,09:00,1.5,Pending
REQ-01761,M-009871,Traction,C17,2026-09-02,19:00,21:00,1.5,Pending
REQ-01762,M-008937,Engineering,C16,2026-09-03,07:00,09:00,2.0,Pending
REQ-01763,M-006761,Traction,C17,2026-08-27,04:00,06:00,2.0,Pending
REQ-01764,M-004598,S&T,C02,2026-08-30,07:00,11:00,4.0,Pending
REQ-01765,M-004413,Engineering,C05,2026-08-29,22:00,00:00,1.5,Pending
REQ-01766,M-003853,Traction,C02,2026-08-28,07:00,08:00,0.5,Pending
REQ-01767,M-008162,S&T,C17,2026-09-01,10:00,13:00,3.0,Pending
REQ-01768,M-011769,Engineering,C07,2026-09-07,22:00,00:00,2.0,Pending
REQ-01769,M-005881,S&T,C07,2026-09-07,22:00,00:00,1.5,Pending
REQ-01770,M-003208,Engineering,C12,2026-09-07,03:00,04:00,0.5,Pending
REQ-01771,M-002656,Traction,C05,2026-08-28,04:00,05:00,1.0,Pending
REQ-01772,M-005240,Traction,C04,2026-09-06,18:00,21:00,3.0,Pending
REQ-01773,M-001984,Engineering,C02,2026-08-31,21:00,22:00,0.5,Pending
REQ-01774,M-007840,S&T,C19,2026-08-29,18:00,19:00,1.0,Pending
REQ-01775,M-003871,Engineering,C03,2026-09-06,00:00,04:00,4.0,Pending
REQ-01776,M-008274,S&T,C08,2026-08-27,03:00,04:00,1.0,Pending
REQ-01777,M-007402,Engineering,C15,2026-09-05,17:00,21:00,4.0,Pending
REQ-01778,M-001524,S&T,C12,2026-09-04,13:00,17:00,4.0,Pending
REQ-01779,M-011555,Engineering,C08,2026-09-02,02:00,03:00,1.0,Pending
REQ-01780,M-009081,Engineering,C19,2026-08-25,10:00,12:00,2.0,Pending
REQ-01781,M-005677,Engineering,C09,2026-08-30,15:00,16:00,0.5,Pending
REQ-01782,M-001111,Engineering,C12,2026-09-04,15:00,17:00,2.0,Pending
REQ-01783,M-010071,S&T,C19,2026-09-05,03:00,06:00,3.0,Pending
REQ-01784,M-001407,Engineering,C01,2026-08-28,05:00,06:00,1.0,Pending
REQ-01785,M-008236,Traction,C11,2026-08-27,05:00,09:00,4.0,Pending
REQ-01786,M-003039,Engineering,C14,2026-08-26,15:00,19:00,4.0,Pending
REQ-01787,M-009408,S&T,C08,2026-08-31,13:00,15:00,1.5,Pending
REQ-01788,M-011889,Traction,C16,2026-08-28,06:00,08:00,2.0,Pending
REQ-01789,M-003913,S&T,C11,2026-09-01,20:00,21:00,0.5,Pending
REQ-01790,M-008269,S&T,C14,2026-09-06,17:00,19:00,2.0,Pending
REQ-01791,M-004561,S&T,C20,2026-08-29,14:00,17:00,3.0,Pending
REQ-01792,M-006087,Engineering,C11,2026-08-29,11:00,12:00,0.5,Pending
REQ-01793,M-010654,S&T,C11,2026-09-05,04:00,08:00,4.0,Pending
REQ-01794,M-010839,Engineering,C03,2026-09-06,07:00,08:00,0.5,Pending
REQ-01795,M-011580,Engineering,C17,2026-08-31,05:00,09:00,4.0,Pending
REQ-01796,M-011050,S&T,C02,2026-08-28,04:00,08:00,4.0,Pending
REQ-01797,M-004899,Engineering,C02,2026-08-27,01:00,05:00,4.0,Pending
REQ-01798,M-011745,S&T,C19,2026-08-27,05:00,07:00,2.0,Pending
REQ-01799,M-000634,S&T,C20,2026-09-02,07:00,11:00,4.0,Pending
REQ-01800,M-011136,Engineering,C15,2026-08-27,17:00,18:00,1.0,Pending
REQ-01801,M-008934,S&T,C15,2026-08-30,19:00,21:00,2.0,Pending
REQ-01802,M-004123,Traction,C10,2026-08-26,14:00,17:00,3.0,Pending
REQ-01803,M-004808,S&T,C07,2026-09-02,06:00,09:00,3.0,Pending
REQ-01804,M-006212,S&T,C17,2026-08-27,18:00,19:00,1.0,Pending
REQ-01805,M-007929,Engineering,C10,2026-09-06,11:00,14:00,3.0,Pending
REQ-01806,M-000132,Traction,C10,2026-09-03,11:00,13:00,2.0,Pending
REQ-01807,M-010696,Engineering,C11,2026-09-01,20:00,21:00,1.0,Pending
REQ-01808,M-000456,Traction,C09,2026-09-04,14:00,15:00,0.5,Pending
REQ-01809,M-007526,Engineering,C20,2026-08-27,10:00,14:00,4.0,Pending
REQ-01810,M-009442,Engineering,C03,2026-09-05,11:00,12:00,0.5,Pending
REQ-01811,M-009389,S&T,C06,2026-09-03,04:00,07:00,3.0,Pending
REQ-01812,M-010878,Engineering,C06,2026-09-03,08:00,12:00,4.0,Pending
REQ-01813,M-000775,S&T,C04,2026-09-03,19:00,20:00,1.0,Pending
REQ-01814,M-005036,Engineering,C10,2026-08-28,01:00,03:00,1.5,Pending
REQ-01815,M-000312,Engineering,C07,2026-08-25,02:00,03:00,1.0,Pending
REQ-01816,M-005166,S&T,C13,2026-09-07,19:00,20:00,1.0,Pending
REQ-01817,M-003596,Engineering,C02,2026-09-04,07:00,08:00,1.0,Pending
REQ-01818,M-003839,Traction,C10,2026-08-30,08:00,10:00,1.5,Pending
REQ-01819,M-003694,Engineering,C18,2026-09-06,19:00,21:00,2.0,Pending
REQ-01820,M-002070,Traction,C05,2026-08-27,22:00,01:00,3.0,Pending
REQ-01821,M-000470,Traction,C03,2026-09-01,13:00,14:00,0.5,Pending
REQ-01822,M-003847,Engineering,C18,2026-09-02,17:00,19:00,2.0,Pending
REQ-01823,M-001351,S&T,C04,2026-09-05,17:00,18:00,1.0,Pending
REQ-01824,M-008656,Traction,C02,2026-08-25,19:00,23:00,4.0,Pending
REQ-01825,M-004396,Traction,C14,2026-08-26,19:00,21:00,1.5,Pending
REQ-01826,M-006957,Engineering,C15,2026-09-05,06:00,07:00,0.5,Pending
REQ-01827,M-010947,Traction,C18,2026-09-01,19:00,23:00,4.0,Pending
REQ-01828,M-000248,Traction,C05,2026-08-31,14:00,16:00,1.5,Pending
REQ-01829,M-000994,S&T,C05,2026-09-01,05:00,08:00,3.0,Pending
REQ-01830,M-000737,Traction,C08,2026-08-30,00:00,02:00,2.0,Pending
REQ-01831,M-010528,S&T,C14,2026-08-30,00:00,02:00,2.0,Pending
REQ-01832,M-002953,Engineering,C06,2026-09-03,09:00,10:00,1.0,Pending
REQ-01833,M-003350,Engineering,C07,2026-08-25,04:00,07:00,3.0,Pending
REQ-01834,M-004990,S&T,C12,2026-09-05,04:00,05:00,1.0,Pending
REQ-01835,M-003706,Engineering,C01,2026-08-31,18:00,21:00,3.0,Pending
REQ-01836,M-009583,S&T,C09,2026-09-05,11:00,13:00,2.0,Pending
REQ-01837,M-000564,Traction,C03,2026-09-04,21:00,22:00,0.5,Pending
REQ-01838,M-001723,Engineering,C09,2026-09-02,18:00,19:00,1.0,Pending
REQ-01839,M-004780,Traction,C05,2026-09-02,01:00,02:00,1.0,Pending
REQ-01840,M-003001,Engineering,C01,2026-09-07,22:00,00:00,2.0,Pending
REQ-01841,M-005254,S&T,C20,2026-09-02,03:00,07:00,4.0,Pending
REQ-01842,M-001577,Engineering,C14,2026-08-31,11:00,13:00,1.5,Pending
REQ-01843,M-000074,Engineering,C14,2026-09-07,16:00,19:00,3.0,Pending
REQ-01844,M-010908,Traction,C05,2026-08-27,10:00,12:00,1.5,Pending
REQ-01845,M-002239,Engineering,C03,2026-09-05,19:00,22:00,3.0,Pending
REQ-01846,M-003524,S&T,C04,2026-09-04,21:00,22:00,0.5,Pending
REQ-01847,M-005665,S&T,C01,2026-09-03,10:00,13:00,3.0,Pending
REQ-01848,M-002885,S&T,C19,2026-09-06,03:00,06:00,3.0,Pending
REQ-01849,M-006852,Engineering,C09,2026-09-03,19:00,20:00,0.5,Pending
REQ-01850,M-006502,Engineering,C09,2026-08-28,10:00,11:00,1.0,Pending
REQ-01851,M-005891,Engineering,C14,2026-08-26,03:00,06:00,3.0,Pending
REQ-01852,M-008447,Traction,C01,2026-09-02,17:00,18:00,1.0,Pending
REQ-01853,M-000080,Engineering,C07,2026-09-01,22:00,01:00,3.0,Pending
REQ-01854,M-006428,S&T,C18,2026-09-02,16:00,18:00,2.0,Pending
REQ-01855,M-010435,Engineering,C18,2026-08-31,13:00,16:00,3.0,Pending
REQ-01856,M-002155,Traction,C14,2026-08-26,11:00,14:00,3.0,Pending
REQ-01857,M-000797,Engineering,C08,2026-09-05,00:00,02:00,2.0,Pending
REQ-01858,M-008553,S&T,C16,2026-08-27,09:00,11:00,2.0,Pending
REQ-01859,M-007081,Traction,C20,2026-08-26,00:00,04:00,4.0,Pending
REQ-01860,M-003091,Engineering,C15,2026-08-25,01:00,05:00,4.0,Pending
REQ-01861,M-010606,S&T,C04,2026-09-01,16:00,18:00,1.5,Pending
REQ-01862,M-002520,Engineering,C16,2026-09-02,06:00,10:00,4.0,Pending
REQ-01863,M-011604,Traction,C14,2026-09-03,07:00,08:00,0.5,Pending
REQ-01864,M-005693,Engineering,C05,2026-08-31,11:00,13:00,2.0,Pending
REQ-01865,M-007212,S&T,C17,2026-09-07,11:00,13:00,1.5,Pending
REQ-01866,M-009857,Engineering,C16,2026-09-01,02:00,03:00,0.5,Pending
REQ-01867,M-002716,Engineering,C10,2026-09-05,01:00,04:00,3.0,Pending
REQ-01868,M-005228,Engineering,C09,2026-09-03,22:00,00:00,2.0,Pending
REQ-01869,M-007786,Traction,C09,2026-09-01,00:00,01:00,1.0,Pending
REQ-01870,M-010481,Traction,C01,2026-08-29,00:00,02:00,2.0,Pending
REQ-01871,M-006068,Engineering,C19,2026-08-26,15:00,17:00,2.0,Pending
REQ-01872,M-000334,Traction,C07,2026-08-29,00:00,01:00,1.0,Pending
REQ-01873,M-004412,S&T,C16,2026-09-03,14:00,18:00,4.0,Pending
REQ-01874,M-010203,S&T,C15,2026-08-25,06:00,07:00,1.0,Pending
REQ-01875,M-008418,S&T,C19,2026-09-01,05:00,08:00,3.0,Pending
REQ-01876,M-010111,Traction,C01,2026-08-28,18:00,21:00,3.0,Pending
REQ-01877,M-001085,Traction,C10,2026-09-03,00:00,02:00,2.0,Pending
REQ-01878,M-005981,S&T,C16,2026-08-30,19:00,20:00,1.0,Pending
REQ-01879,M-001473,S&T,C19,2026-09-05,16:00,17:00,1.0,Pending
REQ-01880,M-000451,Engineering,C18,2026-09-07,10:00,11:00,1.0,Pending
REQ-01881,M-001852,Engineering,C11,2026-09-03,16:00,19:00,3.0,Pending
REQ-01882,M-010187,S&T,C06,2026-08-26,16:00,18:00,2.0,Pending
REQ-01883,M-003747,Traction,C12,2026-09-03,01:00,02:00,0.5,Pending
REQ-01884,M-010420,S&T,C13,2026-09-01,14:00,18:00,4.0,Pending
REQ-01885,M-003324,Traction,C05,2026-08-27,20:00,21:00,1.0,Pending
REQ-01886,M-000294,Traction,C09,2026-08-29,01:00,04:00,3.0,Pending
REQ-01887,M-001251,S&T,C12,2026-09-04,01:00,05:00,4.0,Pending
REQ-01888,M-001146,Engineering,C08,2026-08-28,01:00,03:00,1.5,Pending
REQ-01889,M-002456,Traction,C20,2026-08-28,22:00,00:00,2.0,Pending
REQ-01890,M-006179,Engineering,C05,2026-09-07,07:00,08:00,1.0,Pending
REQ-01891,M-003520,Traction,C04,2026-09-07,03:00,06:00,3.0,Pending
REQ-01892,M-007018,Engineering,C04,2026-09-01,05:00,08:00,3.0,Pending
REQ-01893,M-001954,S&T,C17,2026-08-25,09:00,10:00,0.5,Pending
REQ-01894,M-010401,Engineering,C03,2026-09-03,14:00,18:00,4.0,Pending
REQ-01895,M-011509,Engineering,C08,2026-08-30,03:00,06:00,3.0,Pending
REQ-01896,M-008318,Engineering,C10,2026-08-27,18:00,19:00,1.0,Pending
REQ-01897,M-006392,Traction,C19,2026-08-26,08:00,10:00,1.5,Pending
REQ-01898,M-010557,Traction,C05,2026-09-04,06:00,08:00,1.5,Pending
REQ-01899,M-000853,Engineering,C14,2026-09-07,13:00,14:00,1.0,Pending
REQ-01900,M-001495,Engineering,C19,2026-08-26,15:00,19:00,4.0,Pending
REQ-01901,M-002860,S&T,C14,2026-09-04,16:00,19:00,3.0,Pending
REQ-01902,M-004346,S&T,C18,2026-08-30,20:00,22:00,1.5,Pending
REQ-01903,M-007415,Engineering,C14,2026-08-27,14:00,15:00,1.0,Pending
REQ-01904,M-010520,Engineering,C10,2026-09-07,19:00,21:00,2.0,Pending
REQ-01905,M-001806,Engineering,C03,2026-08-31,01:00,03:00,1.5,Pending
REQ-01906,M-008531,S&T,C14,2026-09-03,18:00,20:00,2.0,Pending
REQ-01907,M-006740,Engineering,C20,2026-09-06,09:00,12:00,3.0,Pending
REQ-01908,M-010380,S&T,C19,2026-09-04,09:00,11:00,1.5,Pending
REQ-01909,M-007088,Traction,C08,2026-08-29,18:00,21:00,3.0,Pending
REQ-01910,M-010835,Engineering,C19,2026-08-28,06:00,08:00,1.5,Pending
REQ-01911,M-000189,Engineering,C06,2026-08-29,19:00,20:00,0.5,Pending
REQ-01912,M-001124,Traction,C16,2026-08-26,18:00,21:00,3.0,Pending
REQ-01913,M-011363,Engineering,C09,2026-08-29,05:00,07:00,1.5,Pending
REQ-01914,M-011929,S&T,C07,2026-09-01,20:00,00:00,4.0,Pending
REQ-01915,M-006587,Engineering,C15,2026-08-28,08:00,10:00,1.5,Pending
REQ-01916,M-011992,Engineering,C14,2026-09-04,02:00,04:00,1.5,Pending
REQ-01917,M-009406,Traction,C18,2026-08-29,13:00,17:00,4.0,Pending
REQ-01918,M-006758,Engineering,C08,2026-08-27,18:00,20:00,1.5,Pending
REQ-01919,M-003707,Traction,C03,2026-09-01,10:00,12:00,1.5,Pending
REQ-01920,M-006770,S&T,C08,2026-08-26,18:00,20:00,2.0,Pending
REQ-01921,M-005293,Engineering,C18,2026-08-26,06:00,08:00,1.5,Pending
REQ-01922,M-001595,Engineering,C19,2026-08-26,21:00,22:00,0.5,Pending
REQ-01923,M-011732,Traction,C13,2026-09-07,02:00,03:00,0.5,Pending
REQ-01924,M-002590,Traction,C11,2026-09-06,18:00,19:00,0.5,Pending
REQ-01925,M-000501,S&T,C17,2026-08-30,15:00,17:00,2.0,Pending
REQ-01926,M-003600,S&T,C20,2026-08-25,02:00,05:00,3.0,Pending
REQ-01927,M-000291,S&T,C06,2026-08-28,09:00,13:00,4.0,Pending
REQ-01928,M-005377,Traction,C16,2026-09-05,05:00,08:00,3.0,Pending
REQ-01929,M-011711,Traction,C07,2026-09-04,21:00,00:00,3.0,Pending
REQ-01930,M-010792,Traction,C03,2026-09-07,17:00,18:00,0.5,Pending
REQ-01931,M-002933,Engineering,C04,2026-09-02,06:00,08:00,2.0,Pending
REQ-01932,M-003563,Engineering,C06,2026-09-02,15:00,17:00,1.5,Pending
REQ-01933,M-004973,S&T,C02,2026-08-26,07:00,09:00,2.0,Pending
REQ-01934,M-005273,S&T,C20,2026-09-01,09:00,11:00,2.0,Pending
REQ-01935,M-008527,Traction,C02,2026-08-30,04:00,07:00,3.0,Pending
REQ-01936,M-003469,Traction,C19,2026-08-28,19:00,22:00,3.0,Pending
REQ-01937,M-000591,Engineering,C09,2026-09-06,06:00,09:00,3.0,Pending
REQ-01938,M-003689,S&T,C01,2026-09-02,20:00,21:00,1.0,Pending
REQ-01939,M-008601,Traction,C08,2026-08-27,22:00,23:00,1.0,Pending
REQ-01940,M-002272,Engineering,C05,2026-09-01,15:00,17:00,1.5,Pending
REQ-01941,M-007443,Engineering,C03,2026-08-25,04:00,06:00,1.5,Pending
REQ-01942,M-005823,Engineering,C01,2026-09-05,12:00,16:00,4.0,Pending
REQ-01943,M-002770,S&T,C06,2026-08-30,21:00,00:00,3.0,Pending
REQ-01944,M-001092,S&T,C16,2026-08-30,18:00,22:00,4.0,Pending
REQ-01945,M-002772,S&T,C12,2026-09-07,14:00,16:00,1.5,Pending
REQ-01946,M-003255,Traction,C08,2026-09-02,10:00,12:00,1.5,Pending
REQ-01947,M-005054,Traction,C03,2026-08-30,21:00,00:00,3.0,Pending
REQ-01948,M-008006,Traction,C08,2026-08-26,07:00,11:00,4.0,Pending
REQ-01949,M-000778,Engineering,C07,2026-09-03,12:00,14:00,2.0,Pending
REQ-01950,M-009432,Engineering,C02,2026-09-05,14:00,16:00,1.5,Pending
REQ-01951,M-000300,Engineering,C19,2026-08-26,08:00,10:00,2.0,Pending
REQ-01952,M-009884,S&T,C09,2026-09-04,21:00,23:00,2.0,Pending
REQ-01953,M-001091,S&T,C19,2026-09-03,17:00,21:00,4.0,Pending
REQ-01954,M-001195,Traction,C19,2026-08-30,22:00,02:00,4.0,Pending
REQ-01955,M-008181,Engineering,C12,2026-09-04,20:00,22:00,2.0,Pending
REQ-01956,M-005466,S&T,C17,2026-09-02,06:00,07:00,1.0,Pending
REQ-01957,M-008742,S&T,C01,2026-08-27,21:00,22:00,0.5,Pending
REQ-01958,M-000533,Engineering,C07,2026-08-25,09:00,11:00,1.5,Pending
REQ-01959,M-003264,Engineering,C01,2026-08-25,22:00,01:00,3.0,Pending
REQ-01960,M-000972,Engineering,C17,2026-09-07,11:00,13:00,2.0,Pending
REQ-01961,M-011381,Engineering,C08,2026-09-02,16:00,19:00,3.0,Pending
REQ-01962,M-004085,Traction,C14,2026-09-02,14:00,18:00,4.0,Pending
REQ-01963,M-001114,Engineering,C11,2026-08-30,08:00,09:00,0.5,Pending
REQ-01964,M-003709,S&T,C01,2026-08-30,11:00,15:00,4.0,Pending
REQ-01965,M-006713,Traction,C11,2026-09-06,03:00,06:00,3.0,Pending
REQ-01966,M-001593,S&T,C16,2026-08-26,03:00,05:00,1.5,Pending
REQ-01967,M-002392,S&T,C03,2026-09-05,18:00,22:00,4.0,Pending
REQ-01968,M-007925,Engineering,C10,2026-08-30,10:00,12:00,2.0,Pending
REQ-01969,M-005886,Engineering,C04,2026-09-02,20:00,00:00,4.0,Pending
REQ-01970,M-007308,Engineering,C07,2026-09-05,15:00,16:00,1.0,Pending
REQ-01971,M-005728,Engineering,C02,2026-09-02,06:00,08:00,1.5,Pending
REQ-01972,M-001083,S&T,C02,2026-09-06,09:00,13:00,4.0,Pending
REQ-01973,M-005642,Engineering,C02,2026-08-30,20:00,21:00,0.5,Pending
REQ-01974,M-003446,Engineering,C04,2026-08-26,19:00,21:00,2.0,Pending
REQ-01975,M-011689,Traction,C06,2026-09-04,09:00,11:00,1.5,Pending
REQ-01976,M-008178,Traction,C04,2026-08-30,19:00,22:00,3.0,Pending
REQ-01977,M-008864,Engineering,C06,2026-09-03,18:00,20:00,2.0,Pending
REQ-01978,M-002021,Traction,C02,2026-09-06,09:00,13:00,4.0,Pending
REQ-01979,M-009737,Engineering,C19,2026-08-26,18:00,20:00,2.0,Pending
REQ-01980,M-001804,Engineering,C12,2026-08-27,03:00,07:00,4.0,Pending
REQ-01981,M-011634,Traction,C03,2026-09-03,07:00,10:00,3.0,Pending
REQ-01982,M-004099,Traction,C10,2026-08-30,14:00,17:00,3.0,Pending
REQ-01983,M-004890,Engineering,C10,2026-09-04,14:00,15:00,1.0,Pending
REQ-01984,M-008564,Engineering,C03,2026-09-05,13:00,14:00,1.0,Pending
REQ-01985,M-002760,Engineering,C02,2026-09-03,10:00,13:00,3.0,Pending
REQ-01986,M-001643,Engineering,C11,2026-08-28,00:00,02:00,2.0,Pending
REQ-01987,M-010364,Engineering,C03,2026-08-28,15:00,16:00,1.0,Pending
REQ-01988,M-008758,Engineering,C05,2026-09-03,05:00,07:00,2.0,Pending
REQ-01989,M-008662,S&T,C13,2026-08-27,21:00,01:00,4.0,Pending
REQ-01990,M-007482,Engineering,C02,2026-08-28,18:00,21:00,3.0,Pending
REQ-01991,M-004644,S&T,C02,2026-08-28,11:00,12:00,0.5,Pending
REQ-01992,M-008262,Engineering,C02,2026-09-07,19:00,21:00,2.0,Pending
REQ-01993,M-005387,S&T,C17,2026-09-01,16:00,17:00,0.5,Pending
REQ-01994,M-009361,Traction,C20,2026-08-30,22:00,01:00,3.0,Pending
REQ-01995,M-002089,S&T,C14,2026-08-30,08:00,10:00,2.0,Pending
REQ-01996,M-004008,S&T,C04,2026-08-25,07:00,10:00,3.0,Pending
REQ-01997,M-000047,Traction,C20,2026-09-06,16:00,17:00,0.5,Pending
REQ-01998,M-010782,S&T,C07,2026-09-04,14:00,16:00,1.5,Pending
REQ-01999,M-001150,Engineering,C08,2026-09-06,20:00,22:00,2.0,Pending
REQ-02000,M-009187,S&T,C09,2026-09-03,07:00,08:00,1.0,Pending
REQ-02001,M-009335,Traction,C18,2026-08-25,13:00,15:00,2.0,Pending
REQ-02002,M-000896,S&T,C19,2026-08-27,17:00,18:00,1.0,Pending
REQ-02003,M-011265,Traction,C17,2026-08-28,18:00,20:00,2.0,Pending
REQ-02004,M-007725,S&T,C18,2026-08-29,06:00,07:00,0.5,Pending
REQ-02005,M-000766,Engineering,C14,2026-08-31,03:00,04:00,1.0,Pending
REQ-02006,M-009403,Engineering,C06,2026-08-29,03:00,04:00,1.0,Pending
REQ-02007,M-011145,Engineering,C18,2026-09-06,01:00,03:00,2.0,Pending
REQ-02008,M-007956,S&T,C06,2026-08-27,14:00,18:00,4.0,Pending
REQ-02009,M-003579,Traction,C05,2026-09-05,18:00,21:00,3.0,Pending
REQ-02010,M-002936,Engineering,C10,2026-09-01,04:00,07:00,3.0,Pending
REQ-02011,M-001567,Traction,C04,2026-08-30,03:00,05:00,2.0,Pending
REQ-02012,M-011857,S&T,C15,2026-08-29,04:00,08:00,4.0,Pending
REQ-02013,M-009519,Engineering,C18,2026-08-28,03:00,06:00,3.0,Pending
REQ-02014,M-001202,S&T,C07,2026-08-29,14:00,16:00,2.0,Pending
REQ-02015,M-005262,Engineering,C03,2026-08-27,05:00,06:00,0.5,Pending
REQ-02016,M-003756,S&T,C01,2026-09-04,05:00,09:00,4.0,Pending
REQ-02017,M-005334,Engineering,C14,2026-09-04,22:00,23:00,1.0,Pending
REQ-02018,M-011029,Engineering,C14,2026-08-31,19:00,22:00,3.0,Pending
REQ-02019,M-003038,Traction,C03,2026-08-29,17:00,19:00,2.0,Pending
REQ-02020,M-010582,Engineering,C20,2026-09-01,19:00,20:00,0.5,Pending
REQ-02021,M-000566,Traction,C09,2026-09-07,19:00,23:00,4.0,Pending
REQ-02022,M-008392,Traction,C10,2026-08-31,01:00,03:00,2.0,Pending
REQ-02023,M-002620,Traction,C20,2026-09-06,17:00,21:00,4.0,Pending
REQ-02024,M-008956,Engineering,C08,2026-08-27,06:00,07:00,0.5,Pending
REQ-02025,M-004192,Engineering,C04,2026-08-28,15:00,19:00,4.0,Pending
REQ-02026,M-004924,Engineering,C15,2026-09-04,13:00,16:00,3.0,Pending
REQ-02027,M-001012,Traction,C11,2026-08-31,00:00,01:00,1.0,Pending
REQ-02028,M-011540,Traction,C03,2026-08-29,19:00,23:00,4.0,Pending
REQ-02029,M-006393,Engineering,C14,2026-09-06,01:00,02:00,0.5,Pending
REQ-02030,M-011799,Engineering,C04,2026-09-01,03:00,06:00,3.0,Pending
REQ-02031,M-003425,S&T,C08,2026-08-30,14:00,16:00,2.0,Pending
REQ-02032,M-007541,S&T,C08,2026-08-27,08:00,12:00,4.0,Pending
REQ-02033,M-008733,Engineering,C15,2026-08-31,22:00,02:00,4.0,Pending
REQ-02034,M-010607,S&T,C13,2026-08-26,21:00,22:00,1.0,Pending
REQ-02035,M-002109,Engineering,C15,2026-08-31,09:00,11:00,2.0,Pending
REQ-02036,M-002817,S&T,C20,2026-09-07,18:00,22:00,4.0,Pending
REQ-02037,M-009206,S&T,C16,2026-09-07,20:00,22:00,2.0,Pending
REQ-02038,M-002391,S&T,C09,2026-08-31,15:00,16:00,1.0,Pending
REQ-02039,M-011855,Traction,C12,2026-09-03,00:00,02:00,2.0,Pending
REQ-02040,M-005588,Engineering,C07,2026-09-06,20:00,22:00,2.0,Pending
REQ-02041,M-002120,Traction,C03,2026-09-06,15:00,18:00,3.0,Pending
REQ-02042,M-009945,Traction,C11,2026-09-02,10:00,12:00,2.0,Pending
REQ-02043,M-006378,Engineering,C16,2026-08-30,03:00,04:00,1.0,Pending
REQ-02044,M-005838,Engineering,C03,2026-09-06,09:00,10:00,1.0,Pending
REQ-02045,M-008630,Traction,C15,2026-08-30,07:00,09:00,1.5,Pending
REQ-02046,M-010179,Engineering,C15,2026-08-28,04:00,06:00,1.5,Pending
REQ-02047,M-010379,Engineering,C01,2026-08-27,10:00,12:00,1.5,Pending
REQ-02048,M-006006,Traction,C08,2026-09-06,06:00,08:00,2.0,Pending
REQ-02049,M-010652,Engineering,C05,2026-09-01,13:00,15:00,2.0,Pending
REQ-02050,M-004914,Traction,C09,2026-09-07,17:00,18:00,1.0,Pending
REQ-02051,M-007821,S&T,C17,2026-09-01,06:00,07:00,0.5,Pending
REQ-02052,M-001346,S&T,C11,2026-08-27,08:00,10:00,2.0,Pending
REQ-02053,M-001445,Engineering,C04,2026-09-05,09:00,10:00,1.0,Pending
REQ-02054,M-002626,Traction,C07,2026-08-31,02:00,03:00,0.5,Pending
REQ-02055,M-008856,Engineering,C09,2026-09-06,18:00,19:00,1.0,Pending
REQ-02056,M-000081,Traction,C15,2026-09-07,19:00,23:00,4.0,Pending
REQ-02057,M-005428,Engineering,C01,2026-09-01,05:00,07:00,2.0,Pending
REQ-02058,M-002408,Engineering,C18,2026-09-05,11:00,13:00,1.5,Pending
REQ-02059,M-000336,Engineering,C03,2026-08-26,18:00,21:00,3.0,Pending
REQ-02060,M-002875,Engineering,C09,2026-09-07,16:00,20:00,4.0,Pending
REQ-02061,M-006158,S&T,C15,2026-08-28,11:00,12:00,0.5,Pending
REQ-02062,M-003892,Traction,C15,2026-08-29,10:00,13:00,3.0,Pending
REQ-02063,M-001573,S&T,C02,2026-08-30,01:00,02:00,0.5,Pending
REQ-02064,M-008218,Traction,C09,2026-08-31,07:00,09:00,1.5,Pending
REQ-02065,M-003945,Engineering,C16,2026-09-06,12:00,14:00,2.0,Pending
REQ-02066,M-002110,Engineering,C09,2026-09-04,05:00,08:00,3.0,Pending
REQ-02067,M-010243,Traction,C04,2026-08-26,22:00,23:00,1.0,Pending
REQ-02068,M-001510,S&T,C11,2026-08-25,01:00,05:00,4.0,Pending
REQ-02069,M-001897,Engineering,C13,2026-08-28,19:00,20:00,1.0,Pending
REQ-02070,M-009659,Engineering,C06,2026-09-06,06:00,09:00,3.0,Pending
REQ-02071,M-007822,S&T,C20,2026-08-25,14:00,18:00,4.0,Pending
REQ-02072,M-009920,S&T,C20,2026-09-02,10:00,11:00,0.5,Pending
REQ-02073,M-006045,Traction,C06,2026-09-05,21:00,23:00,1.5,Pending
REQ-02074,M-001846,Traction,C14,2026-09-01,10:00,12:00,2.0,Pending
REQ-02075,M-000112,Engineering,C10,2026-09-02,19:00,20:00,0.5,Pending
REQ-02076,M-000473,Engineering,C03,2026-08-28,22:00,23:00,1.0,Pending
REQ-02077,M-009546,Engineering,C17,2026-09-06,08:00,11:00,3.0,Pending
REQ-02078,M-007326,Traction,C11,2026-08-26,07:00,11:00,4.0,Pending
REQ-02079,M-006776,Traction,C19,2026-09-02,05:00,06:00,0.5,Pending
REQ-02080,M-008799,S&T,C19,2026-08-25,04:00,06:00,2.0,Pending
REQ-02081,M-009015,Traction,C10,2026-08-25,16:00,18:00,2.0,Pending
REQ-02082,M-009982,Engineering,C12,2026-09-04,12:00,13:00,0.5,Pending
REQ-02083,M-001184,Engineering,C11,2026-09-01,12:00,14:00,1.5,Pending
REQ-02084,M-006598,S&T,C20,2026-09-01,22:00,23:00,0.5,Pending
REQ-02085,M-007079,Engineering,C15,2026-09-05,21:00,23:00,2.0,Pending
REQ-02086,M-003438,Traction,C05,2026-08-26,09:00,10:00,1.0,Pending
REQ-02087,M-002311,Engineering,C01,2026-09-03,14:00,16:00,2.0,Pending
REQ-02088,M-009062,S&T,C13,2026-09-05,11:00,15:00,4.0,Pending
REQ-02089,M-011043,Engineering,C15,2026-09-04,03:00,05:00,1.5,Pending
REQ-02090,M-007320,Traction,C17,2026-09-05,05:00,07:00,2.0,Pending
REQ-02091,M-004342,S&T,C08,2026-08-27,10:00,11:00,1.0,Pending
REQ-02092,M-002693,Traction,C16,2026-09-07,20:00,22:00,2.0,Pending
REQ-02093,M-008806,Engineering,C03,2026-09-01,22:00,23:00,1.0,Pending
REQ-02094,M-008597,Engineering,C20,2026-08-26,08:00,10:00,2.0,Pending
REQ-02095,M-005529,Engineering,C03,2026-08-27,00:00,01:00,1.0,Pending
REQ-02096,M-002890,Engineering,C09,2026-09-07,05:00,06:00,0.5,Pending
REQ-02097,M-002185,Traction,C11,2026-09-07,16:00,17:00,1.0,Pending
REQ-02098,M-005779,Engineering,C06,2026-09-01,21:00,01:00,4.0,Pending
REQ-02099,M-004395,Traction,C05,2026-08-27,06:00,10:00,4.0,Pending
REQ-02100,M-010278,S&T,C19,2026-09-01,05:00,08:00,3.0,Pending
REQ-02101,M-010388,Traction,C01,2026-08-30,09:00,10:00,0.5,Pending
REQ-02102,M-006024,Engineering,C04,2026-09-05,07:00,09:00,1.5,Pending
REQ-02103,M-009036,Engineering,C01,2026-09-03,16:00,18:00,2.0,Pending
REQ-02104,M-009422,Traction,C05,2026-08-30,01:00,05:00,4.0,Pending
REQ-02105,M-001194,S&T,C16,2026-09-07,12:00,14:00,1.5,Pending
REQ-02106,M-000046,Engineering,C18,2026-08-29,16:00,20:00,4.0,Pending
REQ-02107,M-003650,Traction,C12,2026-09-05,02:00,06:00,4.0,Pending
REQ-02108,M-009731,S&T,C03,2026-09-05,05:00,09:00,4.0,Pending
REQ-02109,M-009476,Engineering,C15,2026-09-05,00:00,02:00,2.0,Pending
REQ-02110,M-001579,S&T,C17,2026-09-07,22:00,02:00,4.0,Pending
REQ-02111,M-003140,Engineering,C02,2026-08-26,20:00,23:00,3.0,Pending
REQ-02112,M-008289,Engineering,C15,2026-09-04,18:00,22:00,4.0,Pending
REQ-02113,M-003430,S&T,C18,2026-08-28,16:00,18:00,2.0,Pending
REQ-02114,M-001585,S&T,C17,2026-08-27,12:00,14:00,1.5,Pending
REQ-02115,M-004190,Engineering,C03,2026-08-28,17:00,18:00,1.0,Pending
REQ-02116,M-005973,Engineering,C16,2026-09-02,12:00,13:00,0.5,Pending
REQ-02117,M-010465,Traction,C11,2026-09-02,07:00,08:00,1.0,Pending
REQ-02118,M-003335,S&T,C04,2026-08-25,05:00,09:00,4.0,Pending
REQ-02119,M-006763,Engineering,C09,2026-09-01,05:00,09:00,4.0,Pending
REQ-02120,M-011228,Engineering,C09,2026-08-28,08:00,09:00,0.5,Pending
REQ-02121,M-010122,Engineering,C20,2026-09-02,02:00,05:00,3.0,Pending
REQ-02122,M-000316,Traction,C02,2026-08-26,19:00,22:00,3.0,Pending
REQ-02123,M-010287,Traction,C12,2026-09-03,21:00,23:00,1.5,Pending
REQ-02124,M-006622,Engineering,C10,2026-09-07,00:00,02:00,1.5,Pending
REQ-02125,M-006534,S&T,C07,2026-08-25,15:00,18:00,3.0,Pending
REQ-02126,M-009370,S&T,C06,2026-08-25,05:00,06:00,0.5,Pending
REQ-02127,M-002145,Traction,C10,2026-09-02,14:00,16:00,2.0,Pending
REQ-02128,M-006501,Engineering,C14,2026-08-28,17:00,18:00,1.0,Pending
REQ-02129,M-010043,Engineering,C03,2026-08-26,17:00,18:00,0.5,Pending
REQ-02130,M-005863,Traction,C01,2026-08-25,09:00,10:00,1.0,Pending
REQ-02131,M-005197,S&T,C02,2026-08-27,21:00,23:00,2.0,Pending
REQ-02132,M-006663,Engineering,C06,2026-09-07,04:00,05:00,1.0,Pending
REQ-02133,M-005171,Engineering,C02,2026-09-03,11:00,13:00,1.5,Pending
REQ-02134,M-009027,Traction,C03,2026-09-04,14:00,17:00,3.0,Pending
REQ-02135,M-001072,S&T,C17,2026-09-06,09:00,12:00,3.0,Pending
REQ-02136,M-009213,Engineering,C01,2026-09-05,00:00,02:00,1.5,Pending
REQ-02137,M-007629,S&T,C01,2026-09-07,19:00,20:00,1.0,Pending
REQ-02138,M-005606,Engineering,C09,2026-09-02,20:00,23:00,3.0,Pending
REQ-02139,M-009964,Traction,C07,2026-09-01,15:00,18:00,3.0,Pending
REQ-02140,M-010436,S&T,C05,2026-08-26,08:00,10:00,2.0,Pending
REQ-02141,M-000410,Traction,C10,2026-09-02,06:00,07:00,0.5,Pending
REQ-02142,M-003785,Traction,C17,2026-08-29,00:00,03:00,3.0,Pending
REQ-02143,M-003442,Engineering,C09,2026-08-26,11:00,15:00,4.0,Pending
REQ-02144,M-000577,Traction,C08,2026-09-06,00:00,02:00,2.0,Pending
REQ-02145,M-008609,Engineering,C09,2026-09-06,01:00,03:00,1.5,Pending
REQ-02146,M-005577,S&T,C02,2026-08-31,11:00,15:00,4.0,Pending
REQ-02147,M-007198,Engineering,C05,2026-09-01,10:00,11:00,0.5,Pending
REQ-02148,M-000714,S&T,C12,2026-08-29,14:00,18:00,4.0,Pending
REQ-02149,M-009467,Engineering,C02,2026-09-03,18:00,20:00,2.0,Pending
REQ-02150,M-005872,Engineering,C12,2026-09-06,12:00,14:00,2.0,Pending
REQ-02151,M-001088,S&T,C13,2026-09-03,14:00,16:00,2.0,Pending
REQ-02152,M-003248,S&T,C07,2026-08-28,13:00,17:00,4.0,Pending
REQ-02153,M-008474,S&T,C17,2026-08-28,21:00,23:00,2.0,Pending
REQ-02154,M-008761,S&T,C07,2026-08-26,14:00,18:00,4.0,Pending
REQ-02155,M-002216,Engineering,C19,2026-08-30,14:00,15:00,0.5,Pending
REQ-02156,M-001455,Engineering,C20,2026-09-07,12:00,13:00,1.0,Pending
REQ-02157,M-004588,Engineering,C20,2026-08-26,18:00,19:00,1.0,Pending
REQ-02158,M-002421,Traction,C07,2026-09-02,21:00,01:00,4.0,Pending
REQ-02159,M-002859,Engineering,C01,2026-08-28,07:00,09:00,2.0,Pending
REQ-02160,M-000882,S&T,C03,2026-09-05,06:00,09:00,3.0,Pending
REQ-02161,M-001711,Traction,C05,2026-09-05,18:00,21:00,3.0,Pending
REQ-02162,M-003990,Traction,C16,2026-09-07,22:00,00:00,2.0,Pending
REQ-02163,M-011917,Engineering,C03,2026-09-04,05:00,09:00,4.0,Pending
REQ-02164,M-009104,Engineering,C09,2026-08-26,03:00,04:00,0.5,Pending
REQ-02165,M-004717,Traction,C06,2026-09-05,16:00,20:00,4.0,Pending
REQ-02166,M-011694,S&T,C16,2026-08-26,04:00,06:00,1.5,Pending
REQ-02167,M-002406,Traction,C17,2026-09-03,14:00,15:00,0.5,Pending
REQ-02168,M-003882,Engineering,C09,2026-09-02,17:00,18:00,0.5,Pending
REQ-02169,M-011835,Engineering,C09,2026-08-29,07:00,09:00,2.0,Pending
REQ-02170,M-003061,S&T,C07,2026-09-02,18:00,20:00,1.5,Pending
REQ-02171,M-011620,S&T,C04,2026-09-07,01:00,05:00,4.0,Pending
REQ-02172,M-003354,Engineering,C01,2026-08-29,14:00,18:00,4.0,Pending
REQ-02173,M-009129,S&T,C12,2026-08-31,16:00,17:00,1.0,Pending
REQ-02174,M-010996,Engineering,C03,2026-09-02,14:00,15:00,1.0,Pending
REQ-02175,M-001598,S&T,C15,2026-08-28,00:00,04:00,4.0,Pending
REQ-02176,M-006651,Engineering,C10,2026-08-31,12:00,15:00,3.0,Pending
REQ-02177,M-003527,Engineering,C03,2026-09-05,14:00,15:00,1.0,Pending
REQ-02178,M-007385,Engineering,C09,2026-09-03,13:00,16:00,3.0,Pending
REQ-02179,M-009660,Traction,C10,2026-09-03,12:00,14:00,1.5,Pending
REQ-02180,M-004654,Traction,C04,2026-09-05,15:00,19:00,4.0,Pending
REQ-02181,M-010822,S&T,C07,2026-09-03,21:00,01:00,4.0,Pending
REQ-02182,M-001181,Engineering,C16,2026-08-28,18:00,22:00,4.0,Pending
REQ-02183,M-008510,Engineering,C07,2026-09-07,01:00,02:00,1.0,Pending
REQ-02184,M-008166,S&T,C07,2026-08-31,06:00,09:00,3.0,Pending
REQ-02185,M-005628,S&T,C18,2026-09-07,02:00,03:00,0.5,Pending
REQ-02186,M-007519,S&T,C18,2026-09-05,05:00,06:00,1.0,Pending
REQ-02187,M-008822,Traction,C06,2026-09-03,05:00,09:00,4.0,Pending
REQ-02188,M-004772,Traction,C10,2026-08-27,15:00,19:00,4.0,Pending
REQ-02189,M-007149,S&T,C14,2026-08-27,22:00,01:00,3.0,Pending
REQ-02190,M-004722,S&T,C06,2026-09-02,06:00,10:00,4.0,Pending
REQ-02191,M-002639,Engineering,C09,2026-08-25,11:00,13:00,1.5,Pending
REQ-02192,M-008818,S&T,C07,2026-08-27,16:00,17:00,1.0,Pending
REQ-02193,M-008472,S&T,C16,2026-09-05,06:00,10:00,4.0,Pending
REQ-02194,M-004388,Traction,C20,2026-09-03,00:00,01:00,0.5,Pending
REQ-02195,M-002910,Traction,C04,2026-08-25,04:00,05:00,0.5,Pending
REQ-02196,M-010589,S&T,C07,2026-09-03,00:00,03:00,3.0,Pending
REQ-02197,M-002329,Engineering,C15,2026-09-07,17:00,18:00,1.0,Pending
REQ-02198,M-002761,S&T,C04,2026-08-31,05:00,09:00,4.0,Pending
REQ-02199,M-001692,Traction,C16,2026-08-29,15:00,16:00,0.5,Pending
REQ-02200,M-004193,Traction,C13,2026-09-02,00:00,01:00,0.5,Pending
REQ-02201,M-000124,Engineering,C03,2026-08-29,20:00,23:00,3.0,Pending
REQ-02202,M-010554,Traction,C08,2026-09-03,00:00,03:00,3.0,Pending
REQ-02203,M-001953,Engineering,C09,2026-09-05,11:00,12:00,0.5,Pending
REQ-02204,M-008641,S&T,C18,2026-08-26,17:00,20:00,3.0,Pending
REQ-02205,M-005490,Traction,C01,2026-09-01,07:00,08:00,0.5,Pending
REQ-02206,M-006109,S&T,C08,2026-08-31,21:00,22:00,1.0,Pending
REQ-02207,M-008823,Traction,C11,2026-08-25,09:00,12:00,3.0,Pending
REQ-02208,M-002393,S&T,C11,2026-08-28,18:00,19:00,0.5,Pending
REQ-02209,M-007810,Engineering,C20,2026-09-03,21:00,01:00,4.0,Pending
REQ-02210,M-006698,Engineering,C19,2026-08-28,18:00,22:00,4.0,Pending
REQ-02211,M-003401,Engineering,C08,2026-08-29,01:00,02:00,0.5,Pending
REQ-02212,M-008310,Traction,C13,2026-08-26,03:00,04:00,0.5,Pending
REQ-02213,M-004075,Engineering,C03,2026-09-05,18:00,20:00,2.0,Pending
REQ-02214,M-010010,S&T,C12,2026-08-28,22:00,23:00,0.5,Pending
REQ-02215,M-007090,S&T,C18,2026-09-06,04:00,06:00,1.5,Pending
REQ-02216,M-004642,Engineering,C05,2026-09-07,10:00,11:00,1.0,Pending
REQ-02217,M-004830,Engineering,C08,2026-08-27,20:00,21:00,1.0,Pending
REQ-02218,M-011744,Traction,C04,2026-08-28,13:00,15:00,1.5,Pending
REQ-02219,M-001892,Engineering,C15,2026-08-31,18:00,20:00,2.0,Pending
REQ-02220,M-005050,S&T,C16,2026-08-28,06:00,07:00,1.0,Pending
REQ-02221,M-006757,Engineering,C02,2026-09-02,11:00,13:00,1.5,Pending
REQ-02222,M-000296,Traction,C03,2026-08-29,05:00,09:00,4.0,Pending
REQ-02223,M-011457,Engineering,C19,2026-08-30,21:00,01:00,4.0,Pending
REQ-02224,M-002255,Engineering,C07,2026-09-04,02:00,03:00,0.5,Pending
REQ-02225,M-010281,Engineering,C08,2026-09-03,20:00,23:00,3.0,Pending
REQ-02226,M-002358,S&T,C05,2026-09-01,09:00,10:00,1.0,Pending
REQ-02227,M-001786,S&T,C14,2026-09-06,07:00,11:00,4.0,Pending
REQ-02228,M-009957,S&T,C01,2026-08-30,20:00,00:00,4.0,Pending
REQ-02229,M-000287,Engineering,C19,2026-08-27,00:00,02:00,2.0,Pending
REQ-02230,M-005740,Engineering,C13,2026-09-01,17:00,21:00,4.0,Pending
REQ-02231,M-001759,S&T,C06,2026-08-29,18:00,21:00,3.0,Pending
REQ-02232,M-004263,Engineering,C09,2026-09-05,05:00,07:00,2.0,Pending
REQ-02233,M-001285,S&T,C14,2026-09-03,04:00,06:00,2.0,Pending
REQ-02234,M-011850,S&T,C13,2026-09-03,07:00,09:00,2.0,Pending
REQ-02235,M-005009,S&T,C03,2026-08-30,08:00,10:00,2.0,Pending
REQ-02236,M-010134,S&T,C16,2026-09-02,06:00,08:00,1.5,Pending
REQ-02237,M-007365,Engineering,C18,2026-08-26,04:00,07:00,3.0,Pending
REQ-02238,M-005994,Traction,C07,2026-09-02,04:00,07:00,3.0,Pending
REQ-02239,M-011544,Engineering,C08,2026-09-01,10:00,12:00,1.5,Pending
REQ-02240,M-008361,S&T,C07,2026-08-25,14:00,16:00,2.0,Pending
REQ-02241,M-006561,Engineering,C14,2026-08-27,17:00,19:00,1.5,Pending
REQ-02242,M-008817,Engineering,C02,2026-09-05,15:00,17:00,1.5,Pending
REQ-02243,M-000550,Traction,C04,2026-08-31,14:00,15:00,1.0,Pending
REQ-02244,M-002609,Traction,C08,2026-08-26,06:00,07:00,0.5,Pending
REQ-02245,M-002621,Engineering,C14,2026-08-31,03:00,07:00,4.0,Pending
REQ-02246,M-004238,S&T,C19,2026-08-27,04:00,05:00,1.0,Pending
REQ-02247,M-005796,S&T,C06,2026-08-30,19:00,21:00,1.5,Pending
REQ-02248,M-008204,Engineering,C02,2026-09-02,12:00,13:00,1.0,Pending
REQ-02249,M-005231,S&T,C16,2026-09-02,12:00,14:00,2.0,Pending
REQ-02250,M-006323,Engineering,C20,2026-09-01,22:00,01:00,3.0,Pending
REQ-02251,M-010512,Engineering,C04,2026-09-06,00:00,02:00,2.0,Pending
REQ-02252,M-003488,S&T,C02,2026-08-29,19:00,20:00,1.0,Pending
REQ-02253,M-010854,Traction,C20,2026-09-07,22:00,23:00,1.0,Pending
REQ-02254,M-008144,Traction,C14,2026-08-31,04:00,07:00,3.0,Pending
REQ-02255,M-004334,Traction,C20,2026-09-03,10:00,13:00,3.0,Pending
REQ-02256,M-005633,Traction,C09,2026-09-02,15:00,17:00,1.5,Pending
REQ-02257,M-011601,Traction,C03,2026-08-29,21:00,01:00,4.0,Pending
REQ-02258,M-009672,Engineering,C08,2026-08-28,16:00,17:00,1.0,Pending
REQ-02259,M-003071,Engineering,C01,2026-08-29,09:00,10:00,0.5,Pending
REQ-02260,M-009854,S&T,C06,2026-08-31,13:00,17:00,4.0,Pending
REQ-02261,M-009963,S&T,C05,2026-09-02,08:00,09:00,1.0,Pending
REQ-02262,M-005956,Engineering,C05,2026-09-07,12:00,15:00,3.0,Pending
REQ-02263,M-005654,Traction,C16,2026-09-05,10:00,12:00,2.0,Pending
REQ-02264,M-006799,Traction,C19,2026-08-26,00:00,01:00,0.5,Pending
REQ-02265,M-006741,Traction,C01,2026-09-06,12:00,15:00,3.0,Pending
REQ-02266,M-003089,Engineering,C04,2026-09-01,00:00,04:00,4.0,Pending
REQ-02267,M-001304,Engineering,C06,2026-09-03,13:00,14:00,0.5,Pending
REQ-02268,M-003571,S&T,C02,2026-08-27,07:00,11:00,4.0,Pending
REQ-02269,M-005617,Engineering,C19,2026-09-01,22:00,02:00,4.0,Pending
REQ-02270,M-003022,Traction,C13,2026-08-26,20:00,22:00,1.5,Pending
REQ-02271,M-006780,S&T,C01,2026-08-26,12:00,13:00,0.5,Pending
REQ-02272,M-007826,Traction,C07,2026-09-06,18:00,19:00,0.5,Pending
REQ-02273,M-009223,Engineering,C15,2026-08-28,13:00,14:00,0.5,Pending
REQ-02274,M-009626,Engineering,C12,2026-08-31,13:00,14:00,1.0,Pending
REQ-02275,M-011952,Engineering,C02,2026-09-06,18:00,21:00,3.0,Pending
REQ-02276,M-007388,Traction,C11,2026-08-25,03:00,04:00,1.0,Pending
REQ-02277,M-008207,Engineering,C02,2026-09-05,12:00,16:00,4.0,Pending
REQ-02278,M-011779,Engineering,C02,2026-09-07,06:00,10:00,4.0,Pending
REQ-02279,M-009433,Traction,C05,2026-09-07,18:00,19:00,0.5,Pending
REQ-02280,M-003209,S&T,C17,2026-08-26,20:00,21:00,1.0,Pending
REQ-02281,M-010669,Engineering,C15,2026-09-01,14:00,17:00,3.0,Pending
REQ-02282,M-007723,Engineering,C19,2026-09-05,08:00,10:00,1.5,Pending
REQ-02283,M-002528,Engineering,C17,2026-08-26,13:00,14:00,1.0,Pending
REQ-02284,M-007707,Engineering,C03,2026-09-01,14:00,18:00,4.0,Pending
REQ-02285,M-002589,S&T,C04,2026-09-06,04:00,06:00,1.5,Pending
REQ-02286,M-002634,Engineering,C06,2026-08-28,18:00,22:00,4.0,Pending
REQ-02287,M-007074,Engineering,C03,2026-08-25,09:00,10:00,1.0,Pending
REQ-02288,M-000468,Engineering,C07,2026-09-03,00:00,01:00,1.0,Pending
REQ-02289,M-006183,S&T,C14,2026-09-04,16:00,18:00,1.5,Pending
REQ-02290,M-007311,Engineering,C18,2026-09-01,20:00,23:00,3.0,Pending
REQ-02291,M-009013,Traction,C03,2026-08-29,02:00,06:00,4.0,Pending
REQ-02292,M-000107,Traction,C07,2026-09-01,05:00,07:00,2.0,Pending
REQ-02293,M-007205,S&T,C09,2026-09-04,01:00,02:00,0.5,Pending
REQ-02294,M-010597,Engineering,C01,2026-09-05,16:00,17:00,1.0,Pending
REQ-02295,M-006779,Engineering,C07,2026-08-31,09:00,10:00,1.0,Pending
REQ-02296,M-005260,Engineering,C11,2026-08-29,13:00,15:00,2.0,Pending
REQ-02297,M-000412,S&T,C08,2026-08-27,08:00,12:00,4.0,Pending
REQ-02298,M-005805,S&T,C10,2026-09-01,11:00,15:00,4.0,Pending
REQ-02299,M-010309,Traction,C19,2026-08-31,01:00,04:00,3.0,Pending
REQ-02300,M-010146,Engineering,C01,2026-08-28,09:00,10:00,1.0,Pending
REQ-02301,M-003468,S&T,C10,2026-09-02,01:00,02:00,0.5,Pending
REQ-02302,M-009194,Engineering,C10,2026-09-05,07:00,09:00,2.0,Pending
REQ-02303,M-005667,Engineering,C02,2026-09-04,19:00,21:00,1.5,Pending
REQ-02304,M-010170,S&T,C12,2026-09-01,13:00,17:00,4.0,Pending
REQ-02305,M-009961,S&T,C03,2026-08-29,06:00,08:00,2.0,Pending
REQ-02306,M-004094,S&T,C17,2026-08-29,11:00,15:00,4.0,Pending
REQ-02307,M-006734,Engineering,C15,2026-08-30,12:00,13:00,0.5,Pending
REQ-02308,M-005145,S&T,C08,2026-09-04,16:00,18:00,2.0,Pending
REQ-02309,M-005713,Engineering,C17,2026-08-30,02:00,03:00,1.0,Pending
REQ-02310,M-006649,Engineering,C02,2026-08-31,21:00,22:00,0.5,Pending
REQ-02311,M-009483,Traction,C14,2026-09-02,22:00,23:00,1.0,Pending
REQ-02312,M-009775,S&T,C15,2026-09-02,07:00,09:00,1.5,Pending
REQ-02313,M-001863,Traction,C15,2026-08-28,16:00,17:00,0.5,Pending
REQ-02314,M-011135,S&T,C06,2026-09-06,12:00,14:00,1.5,Pending
REQ-02315,M-009057,Traction,C06,2026-08-28,15:00,18:00,3.0,Pending
REQ-02316,M-004834,Engineering,C15,2026-08-30,22:00,01:00,3.0,Pending
REQ-02317,M-009628,Traction,C12,2026-09-07,11:00,13:00,1.5,Pending
REQ-02318,M-009022,Traction,C15,2026-09-04,02:00,04:00,1.5,Pending
REQ-02319,M-008505,Traction,C20,2026-08-26,19:00,21:00,2.0,Pending
REQ-02320,M-000030,S&T,C12,2026-08-27,20:00,21:00,0.5,Pending
REQ-02321,M-010155,Engineering,C12,2026-08-29,15:00,16:00,0.5,Pending
REQ-02322,M-011330,S&T,C19,2026-08-27,00:00,01:00,1.0,Pending
REQ-02323,M-003932,Engineering,C14,2026-08-29,11:00,15:00,4.0,Pending
REQ-02324,M-000569,Traction,C19,2026-08-29,20:00,23:00,3.0,Pending
REQ-02325,M-005172,Traction,C04,2026-08-25,14:00,18:00,4.0,Pending
REQ-02326,M-005408,Traction,C06,2026-08-29,02:00,03:00,1.0,Pending
REQ-02327,M-001246,Traction,C16,2026-08-25,20:00,22:00,1.5,Pending
REQ-02328,M-005681,S&T,C13,2026-08-28,13:00,15:00,1.5,Pending
REQ-02329,M-011458,Traction,C08,2026-08-30,02:00,04:00,1.5,Pending
REQ-02330,M-001459,Traction,C13,2026-08-27,08:00,09:00,0.5,Pending
REQ-02331,M-007371,Traction,C18,2026-08-31,04:00,06:00,1.5,Pending
REQ-02332,M-001836,Engineering,C19,2026-08-29,09:00,11:00,2.0,Pending
REQ-02333,M-000317,Engineering,C05,2026-08-30,22:00,02:00,4.0,Pending
REQ-02334,M-000109,Engineering,C07,2026-09-07,08:00,10:00,1.5,Pending
REQ-02335,M-003119,S&T,C02,2026-08-29,08:00,11:00,3.0,Pending
REQ-02336,M-009265,S&T,C18,2026-09-07,22:00,23:00,0.5,Pending
REQ-02337,M-006881,Engineering,C01,2026-08-28,21:00,22:00,1.0,Pending
REQ-02338,M-009017,Engineering,C10,2026-09-02,16:00,17:00,1.0,Pending
REQ-02339,M-011679,Engineering,C11,2026-08-28,18:00,19:00,1.0,Pending
REQ-02340,M-011736,Traction,C07,2026-08-26,17:00,20:00,3.0,Pending
REQ-02341,M-007714,Engineering,C05,2026-08-28,05:00,08:00,3.0,Pending
REQ-02342,M-002665,Traction,C10,2026-09-04,18:00,20:00,1.5,Pending
REQ-02343,M-002681,Traction,C03,2026-09-05,10:00,14:00,4.0,Pending
REQ-02344,M-008188,Engineering,C01,2026-09-03,11:00,13:00,2.0,Pending
REQ-02345,M-003651,Engineering,C13,2026-08-28,15:00,16:00,1.0,Pending
REQ-02346,M-009955,S&T,C17,2026-09-03,16:00,17:00,0.5,Pending
REQ-02347,M-002587,S&T,C20,2026-09-05,20:00,21:00,1.0,Pending
REQ-02348,M-008094,S&T,C09,2026-09-06,16:00,19:00,3.0,Pending
REQ-02349,M-008841,Traction,C16,2026-09-07,14:00,16:00,2.0,Pending
REQ-02350,M-004851,Engineering,C03,2026-08-29,17:00,18:00,1.0,Pending
REQ-02351,M-004953,Traction,C10,2026-09-06,18:00,20:00,1.5,Pending
REQ-02352,M-007513,Engineering,C04,2026-09-01,09:00,12:00,3.0,Pending
REQ-02353,M-003345,Traction,C02,2026-09-04,11:00,12:00,0.5,Pending
REQ-02354,M-000974,Engineering,C07,2026-08-27,12:00,13:00,0.5,Pending
REQ-02355,M-004919,S&T,C02,2026-08-30,18:00,20:00,1.5,Pending
REQ-02356,M-009175,Engineering,C03,2026-08-29,17:00,20:00,3.0,Pending
REQ-02357,M-008340,Traction,C17,2026-08-31,10:00,13:00,3.0,Pending
REQ-02358,M-003287,Traction,C14,2026-08-31,17:00,21:00,4.0,Pending
REQ-02359,M-004699,S&T,C13,2026-08-27,17:00,18:00,0.5,Pending
REQ-02360,M-009377,Engineering,C03,2026-08-31,16:00,17:00,0.5,Pending
REQ-02361,M-005913,Traction,C08,2026-09-02,04:00,05:00,0.5,Pending
REQ-02362,M-001375,Traction,C16,2026-08-27,07:00,08:00,0.5,Pending
REQ-02363,M-010715,Engineering,C09,2026-09-07,14:00,17:00,3.0,Pending
REQ-02364,M-008877,Traction,C06,2026-09-04,07:00,08:00,1.0,Pending
REQ-02365,M-010428,Traction,C14,2026-08-25,14:00,16:00,1.5,Pending
REQ-02366,M-011852,S&T,C06,2026-09-02,17:00,18:00,0.5,Pending
REQ-02367,M-000011,S&T,C04,2026-08-30,19:00,20:00,1.0,Pending
REQ-02368,M-004794,S&T,C16,2026-09-01,12:00,13:00,0.5,Pending
REQ-02369,M-002440,Traction,C17,2026-08-31,11:00,15:00,4.0,Pending
REQ-02370,M-001427,Engineering,C12,2026-08-31,09:00,10:00,1.0,Pending
REQ-02371,M-009694,Traction,C09,2026-09-01,16:00,19:00,3.0,Pending
REQ-02372,M-006054,Engineering,C02,2026-08-28,16:00,19:00,3.0,Pending
REQ-02373,M-009574,S&T,C18,2026-09-03,02:00,04:00,2.0,Pending
REQ-02374,M-000719,Engineering,C15,2026-09-04,22:00,01:00,3.0,Pending
REQ-02375,M-004534,Traction,C04,2026-08-31,12:00,13:00,0.5,Pending
REQ-02376,M-010658,Engineering,C19,2026-09-03,18:00,22:00,4.0,Pending
REQ-02377,M-005688,S&T,C12,2026-09-02,04:00,07:00,3.0,Pending
REQ-02378,M-000736,Engineering,C01,2026-09-07,13:00,14:00,1.0,Pending
REQ-02379,M-006476,Engineering,C12,2026-09-01,06:00,08:00,1.5,Pending
REQ-02380,M-003525,Engineering,C03,2026-09-05,22:00,00:00,2.0,Pending
REQ-02381,M-007890,Traction,C20,2026-09-05,20:00,22:00,2.0,Pending
REQ-02382,M-002141,Engineering,C11,2026-09-02,10:00,12:00,2.0,Pending
REQ-02383,M-005158,Engineering,C20,2026-09-02,01:00,02:00,0.5,Pending
REQ-02384,M-004767,S&T,C12,2026-08-29,15:00,16:00,0.5,Pending
REQ-02385,M-000910,S&T,C02,2026-08-31,19:00,20:00,0.5,Pending
REQ-02386,M-004521,S&T,C03,2026-09-02,05:00,06:00,0.5,Pending
REQ-02387,M-000497,Engineering,C18,2026-08-29,09:00,13:00,4.0,Pending
REQ-02388,M-009587,Traction,C05,2026-08-31,08:00,12:00,4.0,Pending
REQ-02389,M-005305,Traction,C04,2026-08-31,11:00,13:00,2.0,Pending
REQ-02390,M-011831,S&T,C20,2026-09-04,00:00,01:00,0.5,Pending
REQ-02391,M-006877,Traction,C15,2026-09-01,22:00,23:00,0.5,Pending
REQ-02392,M-001207,Engineering,C02,2026-08-29,15:00,16:00,0.5,Pending
REQ-02393,M-007177,S&T,C16,2026-09-04,19:00,21:00,1.5,Pending
REQ-02394,M-004296,Traction,C17,2026-09-07,12:00,14:00,1.5,Pending
REQ-02395,M-007654,S&T,C18,2026-09-07,13:00,17:00,4.0,Pending
REQ-02396,M-001196,Engineering,C03,2026-08-28,02:00,03:00,0.5,Pending
REQ-02397,M-011878,Traction,C14,2026-08-30,13:00,17:00,4.0,Pending
REQ-02398,M-005422,Traction,C11,2026-08-29,15:00,16:00,1.0,Pending
REQ-02399,M-003856,Traction,C06,2026-08-30,06:00,09:00,3.0,Pending
REQ-02400,M-004415,Traction,C06,2026-09-02,06:00,09:00,3.0,Pending
REQ-02401,M-009183,S&T,C05,2026-09-03,05:00,09:00,4.0,Pending
REQ-02402,M-011092,Engineering,C05,2026-09-07,15:00,16:00,0.5,Pending
REQ-02403,M-006429,S&T,C18,2026-08-29,14:00,17:00,3.0,Pending
REQ-02404,M-000289,Engineering,C09,2026-08-31,02:00,04:00,2.0,Pending
REQ-02405,M-002627,Traction,C09,2026-08-28,09:00,12:00,3.0,Pending
REQ-02406,M-008863,Engineering,C03,2026-09-05,19:00,23:00,4.0,Pending
REQ-02407,M-003685,Traction,C15,2026-09-07,14:00,15:00,0.5,Pending
REQ-02408,M-007972,Traction,C06,2026-09-05,18:00,22:00,4.0,Pending
REQ-02409,M-006951,S&T,C14,2026-08-31,10:00,11:00,0.5,Pending
REQ-02410,M-000389,S&T,C19,2026-08-30,16:00,17:00,1.0,Pending
REQ-02411,M-000837,Traction,C20,2026-08-31,07:00,09:00,2.0,Pending
REQ-02412,M-009024,Engineering,C09,2026-09-03,10:00,13:00,3.0,Pending
REQ-02413,M-003182,Engineering,C06,2026-09-07,01:00,02:00,0.5,Pending
REQ-02414,M-000281,S&T,C01,2026-09-01,22:00,02:00,4.0,Pending
REQ-02415,M-008114,S&T,C03,2026-08-29,07:00,09:00,2.0,Pending
REQ-02416,M-004460,Engineering,C18,2026-09-07,18:00,20:00,1.5,Pending
REQ-02417,M-006299,S&T,C09,2026-08-27,04:00,06:00,1.5,Pending
REQ-02418,M-005861,Traction,C05,2026-09-06,12:00,13:00,1.0,Pending
REQ-02419,M-001113,Traction,C19,2026-09-07,14:00,16:00,2.0,Pending
REQ-02420,M-003799,Engineering,C16,2026-08-26,21:00,23:00,2.0,Pending
REQ-02421,M-011184,Traction,C07,2026-09-03,06:00,07:00,1.0,Pending
REQ-02422,M-010042,S&T,C02,2026-09-07,13:00,17:00,4.0,Pending
REQ-02423,M-009855,S&T,C18,2026-09-07,13:00,15:00,2.0,Pending
REQ-02424,M-004769,S&T,C12,2026-09-06,17:00,21:00,4.0,Pending
REQ-02425,M-003422,Engineering,C09,2026-08-29,07:00,10:00,3.0,Pending
REQ-02426,M-008694,Engineering,C04,2026-09-03,15:00,17:00,2.0,Pending
REQ-02427,M-000268,Traction,C16,2026-09-04,13:00,14:00,0.5,Pending
REQ-02428,M-001599,S&T,C11,2026-09-03,18:00,21:00,3.0,Pending
REQ-02429,M-004930,Engineering,C08,2026-08-25,00:00,01:00,1.0,Pending
REQ-02430,M-009564,Traction,C17,2026-09-05,18:00,20:00,2.0,Pending
REQ-02431,M-007170,S&T,C01,2026-09-02,12:00,13:00,1.0,Pending
REQ-02432,M-011563,Engineering,C03,2026-08-30,15:00,16:00,0.5,Pending
REQ-02433,M-002499,Traction,C10,2026-08-28,21:00,00:00,3.0,Pending
REQ-02434,M-007434,Traction,C20,2026-08-25,01:00,04:00,3.0,Pending
REQ-02435,M-011222,Traction,C14,2026-08-28,09:00,11:00,1.5,Pending
REQ-02436,M-003843,Traction,C04,2026-08-28,18:00,20:00,2.0,Pending
REQ-02437,M-008730,Engineering,C07,2026-09-07,21:00,22:00,1.0,Pending
REQ-02438,M-001380,Engineering,C20,2026-09-03,19:00,23:00,4.0,Pending
REQ-02439,M-009489,Traction,C05,2026-09-04,19:00,20:00,0.5,Pending
REQ-02440,M-010490,Engineering,C05,2026-08-26,00:00,01:00,1.0,Pending
REQ-02441,M-000417,Engineering,C14,2026-09-05,05:00,08:00,3.0,Pending
REQ-02442,M-005968,Traction,C15,2026-08-27,20:00,22:00,1.5,Pending
REQ-02443,M-006796,S&T,C20,2026-09-05,22:00,02:00,4.0,Pending
REQ-02444,M-001963,S&T,C12,2026-09-01,06:00,07:00,1.0,Pending
REQ-02445,M-000621,S&T,C12,2026-08-30,19:00,23:00,4.0,Pending
REQ-02446,M-001704,Engineering,C11,2026-09-04,02:00,04:00,1.5,Pending
REQ-02447,M-006293,Traction,C09,2026-08-26,03:00,04:00,0.5,Pending
REQ-02448,M-011314,Traction,C05,2026-08-30,17:00,20:00,3.0,Pending
REQ-02449,M-003129,Traction,C09,2026-09-06,19:00,20:00,1.0,Pending
REQ-02450,M-004976,Traction,C13,2026-08-25,21:00,23:00,2.0,Pending
REQ-02451,M-006274,Traction,C02,2026-08-27,02:00,04:00,2.0,Pending
REQ-02452,M-005953,Traction,C16,2026-08-28,14:00,17:00,3.0,Pending
REQ-02453,M-005999,S&T,C07,2026-09-02,10:00,11:00,1.0,Pending
REQ-02454,M-009214,Engineering,C19,2026-09-01,10:00,11:00,1.0,Pending
REQ-02455,M-001191,Traction,C15,2026-09-02,13:00,14:00,0.5,Pending
REQ-02456,M-009133,Engineering,C03,2026-08-25,20:00,21:00,0.5,Pending
REQ-02457,M-006361,Engineering,C10,2026-08-26,21:00,01:00,4.0,Pending
REQ-02458,M-004124,S&T,C13,2026-09-06,12:00,14:00,2.0,Pending
REQ-02459,M-003195,S&T,C11,2026-08-30,13:00,15:00,2.0,Pending
REQ-02460,M-009076,Traction,C06,2026-08-26,17:00,21:00,4.0,Pending
REQ-02461,M-006349,Engineering,C06,2026-08-29,16:00,17:00,1.0,Pending
REQ-02462,M-006287,Traction,C05,2026-09-01,18:00,22:00,4.0,Pending
REQ-02463,M-001507,Traction,C07,2026-08-28,02:00,03:00,1.0,Pending
REQ-02464,M-005517,S&T,C05,2026-09-06,13:00,15:00,2.0,Pending
REQ-02465,M-010392,Engineering,C17,2026-08-30,17:00,20:00,3.0,Pending
REQ-02466,M-006612,Traction,C04,2026-08-25,05:00,09:00,4.0,Pending
REQ-02467,M-004111,Traction,C15,2026-08-31,15:00,16:00,1.0,Pending
REQ-02468,M-008769,Traction,C03,2026-08-28,01:00,03:00,2.0,Pending
REQ-02469,M-011528,Traction,C18,2026-08-30,16:00,17:00,1.0,Pending
REQ-02470,M-011700,S&T,C04,2026-09-02,10:00,12:00,2.0,Pending
REQ-02471,M-000795,Traction,C08,2026-08-25,15:00,17:00,1.5,Pending
REQ-02472,M-000731,Engineering,C20,2026-08-26,06:00,08:00,1.5,Pending
REQ-02473,M-007147,S&T,C13,2026-08-29,08:00,12:00,4.0,Pending
REQ-02474,M-006422,S&T,C12,2026-09-02,04:00,06:00,1.5,Pending
REQ-02475,M-006014,Engineering,C01,2026-09-06,07:00,10:00,3.0,Pending
REQ-02476,M-009893,S&T,C02,2026-09-04,03:00,05:00,1.5,Pending
REQ-02477,M-003781,Engineering,C12,2026-08-27,19:00,23:00,4.0,Pending
REQ-02478,M-001746,Engineering,C11,2026-09-06,10:00,14:00,4.0,Pending
REQ-02479,M-010705,Engineering,C12,2026-09-04,02:00,06:00,4.0,Pending
REQ-02480,M-007515,S&T,C17,2026-08-25,19:00,20:00,0.5,Pending
REQ-02481,M-006261,Engineering,C11,2026-09-04,21:00,23:00,2.0,Pending
REQ-02482,M-011706,S&T,C05,2026-08-26,13:00,17:00,4.0,Pending
REQ-02483,M-004895,Traction,C19,2026-08-28,06:00,07:00,0.5,Pending
REQ-02484,M-001200,S&T,C18,2026-08-26,17:00,18:00,1.0,Pending
REQ-02485,M-009676,Engineering,C01,2026-09-04,19:00,20:00,1.0,Pending
REQ-02486,M-005752,Traction,C11,2026-09-06,14:00,18:00,4.0,Pending
REQ-02487,M-011200,S&T,C04,2026-09-05,11:00,12:00,1.0,Pending
REQ-02488,M-005406,Traction,C11,2026-08-27,15:00,16:00,0.5,Pending
REQ-02489,M-009278,Traction,C06,2026-09-03,06:00,07:00,0.5,Pending
REQ-02490,M-001890,Engineering,C18,2026-09-01,17:00,18:00,1.0,Pending
REQ-02491,M-011261,Engineering,C09,2026-08-31,17:00,19:00,1.5,Pending
REQ-02492,M-011619,Traction,C18,2026-08-28,02:00,03:00,1.0,Pending
REQ-02493,M-000033,Traction,C16,2026-09-01,08:00,09:00,0.5,Pending
REQ-02494,M-008036,S&T,C02,2026-08-30,21:00,01:00,4.0,Pending
REQ-02495,M-007109,Traction,C13,2026-09-04,00:00,01:00,0.5,Pending
REQ-02496,M-004964,Engineering,C03,2026-09-03,11:00,14:00,3.0,Pending
REQ-02497,M-006988,S&T,C05,2026-08-30,13:00,17:00,4.0,Pending
REQ-02498,M-010657,Engineering,C10,2026-08-28,12:00,13:00,0.5,Pending
REQ-02499,M-006085,Engineering,C06,2026-09-06,08:00,09:00,1.0,Pending
REQ-02500,M-010239,Traction,C08,2026-08-26,02:00,06:00,4.0,Pending
