corridor_id,date,start_time,end_time,expected_goods_trains,forecast_confidence
C01,2026-08-25,00:00,02:00,3,0.84
C01,2026-08-25,02:00,04:00,0,0.78
C01,2026-08-25,04:00,06:00,1,0.76
C01,2026-08-25,06:00,08:00,3,0.85
C01,2026-08-25,08:00,10:00,0,0.83
C01,2026-08-25,10:00,12:00,3,0.77
C01,2026-08-25,12:00,14:00,1,0.89
C01,2026-08-25,14:00,16:00,1,0.83
C01,2026-08-25,16:00,18:00,3,0.77
C01,2026-08-25,18:00,20:00,2,0.79
C01,2026-08-25,20:00,22:00,4,0.86
C01,2026-08-25,22:00,00:00,3,0.87
C02,2026-08-25,00:00,02:00,1,0.95
C02,2026-08-25,02:00,04:00,1,0.9
C02,2026-08-25,04:00,06:00,0,0.78
C02,2026-08-25,06:00,08:00,7,0.78
C02,2026-08-25,08:00,10:00,7,0.9
C02,2026-08-25,10:00,12:00,1,0.78
C02,2026-08-25,12:00,14:00,3,0.8
C02,2026-08-25,14:00,16:00,0,0.78
C02,2026-08-25,16:00,18:00,1,0.88
C02,2026-08-25,18:00,20:00,3,0.91
C02,2026-08-25,20:00,22:00,2,0.84
C02,2026-08-25,22:00,00:00,2,0.74
C03,2026-08-25,00:00,02:00,3,0.96
C03,2026-08-25,02:00,04:00,3,0.8
C03,2026-08-25,04:00,06:00,1,0.86
C03,2026-08-25,06:00,08:00,5,0.86
C03,2026-08-25,08:00,10:00,4,0.78
C03,2026-08-25,10:00,12:00,1,0.78
C03,2026-08-25,12:00,14:00,5,0.78
C03,2026-08-25,14:00,16:00,1,0.9
C03,2026-08-25,16:00,18:00,0,0.86
C03,2026-08-25,18:00,20:00,4,0.78
C03,2026-08-25,20:00,22:00,4,0.89
C03,2026-08-25,22:00,00:00,2,0.77
C04,2026-08-25,00:00,02:00,1,0.96
C04,2026-08-25,02:00,04:00,3,0.75
C04,2026-08-25,04:00,06:00,1,0.91
C04,2026-08-25,06:00,08:00,7,0.72
C04,2026-08-25,08:00,10:00,3,0.74
C04,2026-08-25,10:00,12:00,1,0.73
C04,2026-08-25,12:00,14:00,1,0.97
C04,2026-08-25,14:00,16:00,0,0.95
C04,2026-08-25,16:00,18:00,4,0.82
C04,2026-08-25,18:00,20:00,4,0.88
C04,2026-08-25,20:00,22:00,4,0.91
C04,2026-08-25,22:00,00:00,2,0.87
C05,2026-08-25,00:00,02:00,4,0.76
C05,2026-08-25,02:00,04:00,2,0.91
C05,2026-08-25,04:00,06:00,1,0.89
C05,2026-08-25,06:00,08:00,6,0.88
C05,2026-08-25,08:00,10:00,4,0.91
C05,2026-08-25,10:00,12:00,1,0.78
C05,2026-08-25,12:00,14:00,5,0.96
C05,2026-08-25,14:00,16:00,3,0.87
C05,2026-08-25,16:00,18:00,2,0.94
C05,2026-08-25,18:00,20:00,1,0.82
C05,2026-08-25,20:00,22:00,4,0.89
C05,2026-08-25,22:00,00:00,2,0.79
C06,2026-08-25,00:00,02:00,2,0.77
C06,2026-08-25,02:00,04:00,1,0.93
C06,2026-08-25,04:00,06:00,2,0.78
C06,2026-08-25,06:00,08:00,11,0.8
C06,2026-08-25,08:00,10:00,7,0.88
C06,2026-08-25,10:00,12:00,1,0.84
C06,2026-08-25,12:00,14:00,4,0.92
C06,2026-08-25,14:00,16:00,0,0.85
C06,2026-08-25,16:00,18:00,2,0.94
C06,2026-08-25,18:00,20:00,3,0.74
C06,2026-08-25,20:00,22:00,5,0.87
C06,2026-08-25,22:00,00:00,0,0.76
C07,2026-08-25,00:00,02:00,2,0.8
C07,2026-08-25,02:00,04:00,2,0.88
C07,2026-08-25,04:00,06:00,2,0.75
C07,2026-08-25,06:00,08:00,4,0.92
C07,2026-08-25,08:00,10:00,2,0.95
C07,2026-08-25,10:00,12:00,4,0.86
C07,2026-08-25,12:00,14:00,0,0.82
C07,2026-08-25,14:00,16:00,3,0.86
C07,2026-08-25,16:00,18:00,1,0.78
C07,2026-08-25,18:00,20:00,5,0.89
C07,2026-08-25,20:00,22:00,4,0.8
C07,2026-08-25,22:00,00:00,0,0.88
C08,2026-08-25,00:00,02:00,1,0.87
C08,2026-08-25,02:00,04:00,4,0.86
C08,2026-08-25,04:00,06:00,5,0.84
C08,2026-08-25,06:00,08:00,8,0.8
C08,2026-08-25,08:00,10:00,6,0.75
C08,2026-08-25,10:00,12:00,3,0.83
C08,2026-08-25,12:00,14:00,1,0.86
C08,2026-08-25,14:00,16:00,0,0.91
C08,2026-08-25,16:00,18:00,1,0.92
C08,2026-08-25,18:00,20:00,4,0.88
C08,2026-08-25,20:00,22:00,4,0.81
C08,2026-08-25,22:00,00:00,2,0.76
C09,2026-08-25,00:00,02:00,1,0.91
C09,2026-08-25,02:00,04:00,2,0.89
C09,2026-08-25,04:00,06:00,0,0.97
C09,2026-08-25,06:00,08:00,1,0.91
C09,2026-08-25,08:00,10:00,6,0.94
C09,2026-08-25,10:00,12:00,1,0.85
C09,2026-08-25,12:00,14:00,1,0.94
C09,2026-08-25,14:00,16:00,2,0.9
C09,2026-08-25,16:00,18:00,2,0.72
C09,2026-08-25,18:00,20:00,7,0.97
C09,2026-08-25,20:00,22:00,4,0.89
C09,2026-08-25,22:00,00:00,2,0.84
C10,2026-08-25,00:00,02:00,4,0.93
C10,2026-08-25,02:00,04:00,0,0.92
C10,2026-08-25,04:00,06:00,3,0.8
C10,2026-08-25,06:00,08:00,2,0.87
C10,2026-08-25,08:00,10:00,5,0.78
C10,2026-08-25,10:00,12:00,1,0.76
C10,2026-08-25,12:00,14:00,0,0.81
C10,2026-08-25,14:00,16:00,0,0.78
C10,2026-08-25,16:00,18:00,1,0.82
C10,2026-08-25,18:00,20:00,2,0.91
C10,2026-08-25,20:00,22:00,5,0.9
C10,2026-08-25,22:00,00:00,0,0.73
C11,2026-08-25,00:00,02:00,3,0.93
C11,2026-08-25,02:00,04:00,3,0.82
C11,2026-08-25,04:00,06:00,2,0.84
C11,2026-08-25,06:00,08:00,7,0.79
C11,2026-08-25,08:00,10:00,4,0.77
C11,2026-08-25,10:00,12:00,1,0.84
C11,2026-08-25,12:00,14:00,3,0.94
C11,2026-08-25,14:00,16:00,4,0.73
C11,2026-08-25,16:00,18:00,5,0.96
C11,2026-08-25,18:00,20:00,6,0.84
C11,2026-08-25,20:00,22:00,4,0.9
C11,2026-08-25,22:00,00:00,3,0.78
C12,2026-08-25,00:00,02:00,2,0.84
C12,2026-08-25,02:00,04:00,2,0.76
C12,2026-08-25,04:00,06:00,1,0.92
C12,2026-08-25,06:00,08:00,4,0.73
C12,2026-08-25,08:00,10:00,5,0.77
C12,2026-08-25,10:00,12:00,0,0.78
C12,2026-08-25,12:00,14:00,6,0.76
C12,2026-08-25,14:00,16:00,1,0.88
C12,2026-08-25,16:00,18:00,1,0.91
C12,2026-08-25,18:00,20:00,6,0.85
C12,2026-08-25,20:00,22:00,2,0.8
C12,2026-08-25,22:00,00:00,1,0.9
C13,2026-08-25,00:00,02:00,2,0.93
C13,2026-08-25,02:00,04:00,1,0.93
C13,2026-08-25,04:00,06:00,2,0.84
C13,2026-08-25,06:00,08:00,2,0.93
C13,2026-08-25,08:00,10:00,4,0.87
C13,2026-08-25,10:00,12:00,0,0.97
C13,2026-08-25,12:00,14:00,0,0.79
C13,2026-08-25,14:00,16:00,0,0.79
C13,2026-08-25,16:00,18:00,4,0.95
C13,2026-08-25,18:00,20:00,6,0.73
C13,2026-08-25,20:00,22:00,3,0.88
C13,2026-08-25,22:00,00:00,4,0.87
C14,2026-08-25,00:00,02:00,1,0.87
C14,2026-08-25,02:00,04:00,2,0.75
C14,2026-08-25,04:00,06:00,2,0.93
C14,2026-08-25,06:00,08:00,3,0.97
C14,2026-08-25,08:00,10:00,3,0.73
C14,2026-08-25,10:00,12:00,1,0.86
C14,2026-08-25,12:00,14:00,2,0.86
C14,2026-08-25,14:00,16:00,3,0.82
C14,2026-08-25,16:00,18:00,0,0.87
C14,2026-08-25,18:00,20:00,4,0.85
C14,2026-08-25,20:00,22:00,4,0.73
C14,2026-08-25,22:00,00:00,2,0.78
C15,2026-08-25,00:00,02:00,2,0.93
C15,2026-08-25,02:00,04:00,1,0.77
C15,2026-08-25,04:00,06:00,2,0.76
C15,2026-08-25,06:00,08:00,2,0.93
C15,2026-08-25,08:00,10:00,2,0.82
C15,2026-08-25,10:00,12:00,1,0.73
C15,2026-08-25,12:00,14:00,0,0.9
C15,2026-08-25,14:00,16:00,3,0.88
C15,2026-08-25,16:00,18:00,2,0.82
C15,2026-08-25,18:00,20:00,2,0.97
C15,2026-08-25,20:00,22:00,3,0.85
C15,2026-08-25,22:00,00:00,4,0.93
C16,2026-08-25,00:00,02:00,1,0.95
C16,2026-08-25,02:00,04:00,4,0.82
C16,2026-08-25,04:00,06:00,2,0.79
C16,2026-08-25,06:00,08:00,1,0.93
C16,2026-08-25,08:00,10:00,3,0.77
C16,2026-08-25,10:00,12:00,2,0.87
C16,2026-08-25,12:00,14:00,2,0.86
C16,2026-08-25,14:00,16:00,0,0.84
C16,2026-08-25,16:00,18:00,2,0.91
C16,2026-08-25,18:00,20:00,3,0.82
C16,2026-08-25,20:00,22:00,3,0.74
C16,2026-08-25,22:00,00:00,0,0.84
C17,2026-08-25,00:00,02:00,3,0.82
C17,2026-08-25,02:00,04:00,1,0.9
C17,2026-08-25,04:00,06:00,3,0.93
C17,2026-08-25,06:00,08:00,6,0.84
C17,2026-08-25,08:00,10:00,0,0.76
C17,2026-08-25,10:00,12:00,2,0.86
C17,2026-08-25,12:00,14:00,1,0.88
C17,2026-08-25,14:00,16:00,2,0.8
C17,2026-08-25,16:00,18:00,4,0.77
C17,2026-08-25,18:00,20:00,8,0.85
C17,2026-08-25,20:00,22:00,0,0.93
C17,2026-08-25,22:00,00:00,1,0.75
C18,2026-08-25,00:00,02:00,2,0.88
C18,2026-08-25,02:00,04:00,1,0.88
C18,2026-08-25,04:00,06:00,5,0.74
C18,2026-08-25,06:00,08:00,3,0.87
C18,2026-08-25,08:00,10:00,3,0.9
C18,2026-08-25,10:00,12:00,3,0.91
C18,2026-08-25,12:00,14:00,2,0.87
C18,2026-08-25,14:00,16:00,0,0.92
C18,2026-08-25,16:00,18:00,5,0.81
C18,2026-08-25,18:00,20:00,5,0.92
C18,2026-08-25,20:00,22:00,5,0.74
C18,2026-08-25,22:00,00:00,1,0.76
C19,2026-08-25,00:00,02:00,1,0.73
C19,2026-08-25,02:00,04:00,1,0.83
C19,2026-08-25,04:00,06:00,2,0.81
C19,2026-08-25,06:00,08:00,1,0.82
C19,2026-08-25,08:00,10:00,4,0.73
C19,2026-08-25,10:00,12:00,0,0.91
C19,2026-08-25,12:00,14:00,3,0.78
C19,2026-08-25,14:00,16:00,1,0.74
C19,2026-08-25,16:00,18:00,2,0.91
C19,2026-08-25,18:00,20:00,1,0.8
C19,2026-08-25,20:00,22:00,4,0.73
C19,2026-08-25,22:00,00:00,1,0.82
C20,2026-08-25,00:00,02:00,1,0.82
C20,2026-08-25,02:00,04:00,3,0.96
C20,2026-08-25,04:00,06:00,1,0.94
C20,2026-08-25,06:00,08:00,2,0.79
C20,2026-08-25,08:00,10:00,3,0.81
C20,2026-08-25,10:00,12:00,4,0.86
C20,2026-08-25,12:00,14:00,2,0.88
C20,2026-08-25,14:00,16:00,6,0.91
C20,2026-08-25,16:00,18:00,1,0.87
C20,2026-08-25,18:00,20:00,1,0.88
C20,2026-08-25,20:00,22:00,3,0.82
C20,2026-08-25,22:00,00:00,3,0.79
C01,2026-08-26,00:00,02:00,1,0.81
C01,2026-08-26,02:00,04:00,2,0.76
C01,2026-08-26,04:00,06:00,4,0.76
C01,2026-08-26,06:00,08:00,3,0.95
C01,2026-08-26,08:00,10:00,3,0.78
C01,2026-08-26,10:00,12:00,2,0.95
C01,2026-08-26,12:00,14:00,0,0.78
C01,2026-08-26,14:00,16:00,4,0.95
C01,2026-08-26,16:00,18:00,6,0.82
C01,2026-08-26,18:00,20:00,4,0.82
C01,2026-08-26,20:00,22:00,6,0.88
C01,2026-08-26,22:00,00:00,0,0.75
C02,2026-08-26,00:00,02:00,2,0.8
C02,2026-08-26,02:00,04:00,3,0.82
C02,2026-08-26,04:00,06:00,1,0.93
C02,2026-08-26,06:00,08:00,2,0.75
C02,2026-08-26,08:00,10:00,2,0.89
C02,2026-08-26,10:00,12:00,0,0.8
C02,2026-08-26,12:00,14:00,0,0.94
C02,2026-08-26,14:00,16:00,1,0.85
C02,2026-08-26,16:00,18:00,1,0.89
C02,2026-08-26,18:00,20:00,5,0.78
C02,2026-08-26,20:00,22:00,5,0.93
C02,2026-08-26,22:00,00:00,2,0.93
C03,2026-08-26,00:00,02:00,2,0.86
C03,2026-08-26,02:00,04:00,4,0.85
C03,2026-08-26,04:00,06:00,4,0.79
C03,2026-08-26,06:00,08:00,2,0.95
C03,2026-08-26,08:00,10:00,5,0.87
C03,2026-08-26,10:00,12:00,1,0.89
C03,2026-08-26,12:00,14:00,2,0.83
C03,2026-08-26,14:00,16:00,0,0.77
C03,2026-08-26,16:00,18:00,2,0.93
C03,2026-08-26,18:00,20:00,5,0.95
C03,2026-08-26,20:00,22:00,3,0.84
C03,2026-08-26,22:00,00:00,5,0.78
C04,2026-08-26,00:00,02:00,1,0.89
C04,2026-08-26,02:00,04:00,1,0.92
C04,2026-08-26,04:00,06:00,0,0.76
C04,2026-08-26,06:00,08:00,4,0.95
C04,2026-08-26,08:00,10:00,7,0.93
C04,2026-08-26,10:00,12:00,2,0.77
C04,2026-08-26,12:00,14:00,1,0.91
C04,2026-08-26,14:00,16:00,2,0.96
C04,2026-08-26,16:00,18:00,1,0.84
C04,2026-08-26,18:00,20:00,1,0.85
C04,2026-08-26,20:00,22:00,3,0.95
C04,2026-08-26,22:00,00:00,1,0.84
C05,2026-08-26,00:00,02:00,3,0.87
C05,2026-08-26,02:00,04:00,1,0.76
C05,2026-08-26,04:00,06:00,3,0.74
C05,2026-08-26,06:00,08:00,7,0.91
C05,2026-08-26,08:00,10:00,2,0.75
C05,2026-08-26,10:00,12:00,0,0.84
C05,2026-08-26,12:00,14:00,1,0.92
C05,2026-08-26,14:00,16:00,1,0.92
C05,2026-08-26,16:00,18:00,1,0.75
C05,2026-08-26,18:00,20:00,6,0.81
C05,2026-08-26,20:00,22:00,6,0.78
C05,2026-08-26,22:00,00:00,4,0.92
C06,2026-08-26,00:00,02:00,1,0.93
C06,2026-08-26,02:00,04:00,2,0.8
C06,2026-08-26,04:00,06:00,2,0.95
C06,2026-08-26,06:00,08:00,6,0.84
C06,2026-08-26,08:00,10:00,3,0.87
C06,2026-08-26,10:00,12:00,3,0.94
C06,2026-08-26,12:00,14:00,4,0.83
C06,2026-08-26,14:00,16:00,1,0.94
C06,2026-08-26,16:00,18:00,2,0.89
C06,2026-08-26,18:00,20:00,2,0.85
C06,2026-08-26,20:00,22:00,3,0.81
C06,2026-08-26,22:00,00:00,0,0.97
C07,2026-08-26,00:00,02:00,2,0.73
C07,2026-08-26,02:00,04:00,2,0.82
C07,2026-08-26,04:00,06:00,0,0.96
C07,2026-08-26,06:00,08:00,7,0.81
C07,2026-08-26,08:00,10:00,2,0.78
C07,2026-08-26,10:00,12:00,0,0.75
C07,2026-08-26,12:00,14:00,0,0.87
C07,2026-08-26,14:00,16:00,2,0.87
C07,2026-08-26,16:00,18:00,4,0.76
C07,2026-08-26,18:00,20:00,5,0.82
C07,2026-08-26,20:00,22:00,4,0.9
C07,2026-08-26,22:00,00:00,2,0.93
C08,2026-08-26,00:00,02:00,0,0.92
C08,2026-08-26,02:00,04:00,0,0.82
C08,2026-08-26,04:00,06:00,2,0.75
C08,2026-08-26,06:00,08:00,7,0.95
C08,2026-08-26,08:00,10:00,5,0.8
C08,2026-08-26,10:00,12:00,1,0.75
C08,2026-08-26,12:00,14:00,3,0.89
C08,2026-08-26,14:00,16:00,1,0.81
C08,2026-08-26,16:00,18:00,0,0.89
C08,2026-08-26,18:00,20:00,3,0.89
C08,2026-08-26,20:00,22:00,4,0.87
C08,2026-08-26,22:00,00:00,3,0.8
C09,2026-08-26,00:00,02:00,3,0.81
C09,2026-08-26,02:00,04:00,2,0.92
C09,2026-08-26,04:00,06:00,2,0.84
C09,2026-08-26,06:00,08:00,3,0.76
C09,2026-08-26,08:00,10:00,2,0.79
C09,2026-08-26,10:00,12:00,2,0.84
C09,2026-08-26,12:00,14:00,5,0.74
C09,2026-08-26,14:00,16:00,0,0.85
C09,2026-08-26,16:00,18:00,2,0.88
C09,2026-08-26,18:00,20:00,2,0.73
C09,2026-08-26,20:00,22:00,2,0.79
C09,2026-08-26,22:00,00:00,4,0.81
C10,2026-08-26,00:00,02:00,1,0.82
C10,2026-08-26,02:00,04:00,1,0.91
C10,2026-08-26,04:00,06:00,2,0.86
C10,2026-08-26,06:00,08:00,7,0.86
C10,2026-08-26,08:00,10:00,5,0.94
C10,2026-08-26,10:00,12:00,1,0.85
C10,2026-08-26,12:00,14:00,1,0.96
C10,2026-08-26,14:00,16:00,1,0.94
C10,2026-08-26,16:00,18:00,0,0.85
C10,2026-08-26,18:00,20:00,4,0.92
C10,2026-08-26,20:00,22:00,2,0.89
C10,2026-08-26,22:00,00:00,3,0.81
C11,2026-08-26,00:00,02:00,4,0.97
C11,2026-08-26,02:00,04:00,1,0.76
C11,2026-08-26,04:00,06:00,2,0.91
C11,2026-08-26,06:00,08:00,3,0.79
C11,2026-08-26,08:00,10:00,4,0.78
C11,2026-08-26,10:00,12:00,1,0.79
C11,2026-08-26,12:00,14:00,2,0.94
C11,2026-08-26,14:00,16:00,0,0.92
C11,2026-08-26,16:00,18:00,2,0.91
C11,2026-08-26,18:00,20:00,3,0.76
C11,2026-08-26,20:00,22:00,4,0.85
C11,2026-08-26,22:00,00:00,2,0.73
C12,2026-08-26,00:00,02:00,1,0.8
C12,2026-08-26,02:00,04:00,2,0.83
C12,2026-08-26,04:00,06:00,2,0.84
C12,2026-08-26,06:00,08:00,6,0.95
C12,2026-08-26,08:00,10:00,2,0.86
C12,2026-08-26,10:00,12:00,5,0.9
C12,2026-08-26,12:00,14:00,2,0.79
C12,2026-08-26,14:00,16:00,2,0.93
C12,2026-08-26,16:00,18:00,0,0.74
C12,2026-08-26,18:00,20:00,3,0.73
C12,2026-08-26,20:00,22:00,2,0.93
C12,2026-08-26,22:00,00:00,0,0.75
C13,2026-08-26,00:00,02:00,1,0.88
C13,2026-08-26,02:00,04:00,5,0.81
C13,2026-08-26,04:00,06:00,1,0.78
C13,2026-08-26,06:00,08:00,4,0.95
C13,2026-08-26,08:00,10:00,5,0.94
C13,2026-08-26,10:00,12:00,2,0.75
C13,2026-08-26,12:00,14:00,2,0.84
C13,2026-08-26,14:00,16:00,2,0.79
C13,2026-08-26,16:00,18:00,6,0.79
C13,2026-08-26,18:00,20:00,4,0.87
C13,2026-08-26,20:00,22:00,0,0.75
C13,2026-08-26,22:00,00:00,0,0.77
C14,2026-08-26,00:00,02:00,2,0.73
C14,2026-08-26,02:00,04:00,2,0.95
C14,2026-08-26,04:00,06:00,1,0.93
C14,2026-08-26,06:00,08:00,6,0.9
C14,2026-08-26,08:00,10:00,5,0.75
C14,2026-08-26,10:00,12:00,3,0.87
C14,2026-08-26,12:00,14:00,2,0.9
C14,2026-08-26,14:00,16:00,1,0.76
C14,2026-08-26,16:00,18:00,2,0.81
C14,2026-08-26,18:00,20:00,3,0.82
C14,2026-08-26,20:00,22:00,7,0.83
C14,2026-08-26,22:00,00:00,4,0.93
C15,2026-08-26,00:00,02:00,2,0.94
C15,2026-08-26,02:00,04:00,2,0.81
C15,2026-08-26,04:00,06:00,2,0.93
C15,2026-08-26,06:00,08:00,6,0.85
C15,2026-08-26,08:00,10:00,4,0.74
C15,2026-08-26,10:00,12:00,1,0.73
C15,2026-08-26,12:00,14:00,0,0.76
C15,2026-08-26,14:00,16:00,2,0.78
C15,2026-08-26,16:00,18:00,2,0.8
C15,2026-08-26,18:00,20:00,2,0.84
C15,2026-08-26,20:00,22:00,2,0.95
C15,2026-08-26,22:00,00:00,2,0.83
C16,2026-08-26,00:00,02:00,0,0.76
C16,2026-08-26,02:00,04:00,2,0.79
C16,2026-08-26,04:00,06:00,1,0.89
C16,2026-08-26,06:00,08:00,6,0.78
C16,2026-08-26,08:00,10:00,2,0.79
C16,2026-08-26,10:00,12:00,5,0.86
C16,2026-08-26,12:00,14:00,1,0.86
C16,2026-08-26,14:00,16:00,3,0.96
C16,2026-08-26,16:00,18:00,1,0.91
C16,2026-08-26,18:00,20:00,4,0.96
C16,2026-08-26,20:00,22:00,2,0.84
C16,2026-08-26,22:00,00:00,0,0.74
C17,2026-08-26,00:00,02:00,3,0.91
C17,2026-08-26,02:00,04:00,0,0.75
C17,2026-08-26,04:00,06:00,3,0.76
C17,2026-08-26,06:00,08:00,5,0.76
C17,2026-08-26,08:00,10:00,2,0.96
C17,2026-08-26,10:00,12:00,1,0.89
C17,2026-08-26,12:00,14:00,1,0.94
C17,2026-08-26,14:00,16:00,1,0.92
C17,2026-08-26,16:00,18:00,1,0.9
C17,2026-08-26,18:00,20:00,2,0.91
C17,2026-08-26,20:00,22:00,6,0.89
C17,2026-08-26,22:00,00:00,3,0.79
C18,2026-08-26,00:00,02:00,2,0.81
C18,2026-08-26,02:00,04:00,0,0.84
C18,2026-08-26,04:00,06:00,3,0.96
C18,2026-08-26,06:00,08:00,1,0.97
C18,2026-08-26,08:00,10:00,1,0.79
C18,2026-08-26,10:00,12:00,1,0.96
C18,2026-08-26,12:00,14:00,2,0.74
C18,2026-08-26,14:00,16:00,1,0.78
C18,2026-08-26,16:00,18:00,4,0.94
C18,2026-08-26,18:00,20:00,6,0.79
C18,2026-08-26,20:00,22:00,2,0.84
C18,2026-08-26,22:00,00:00,2,0.84
C19,2026-08-26,00:00,02:00,0,0.91
C19,2026-08-26,02:00,04:00,3,0.96
C19,2026-08-26,04:00,06:00,1,0.83
C19,2026-08-26,06:00,08:00,3,0.76
C19,2026-08-26,08:00,10:00,3,0.74
C19,2026-08-26,10:00,12:00,1,0.9
C19,2026-08-26,12:00,14:00,3,0.88
C19,2026-08-26,14:00,16:00,1,0.93
C19,2026-08-26,16:00,18:00,0,0.79
C19,2026-08-26,18:00,20:00,3,0.81
C19,2026-08-26,20:00,22:00,3,0.86
C19,2026-08-26,22:00,00:00,2,0.91
C20,2026-08-26,00:00,02:00,1,0.88
C20,2026-08-26,02:00,04:00,1,0.82
C20,2026-08-26,04:00,06:00,2,0.94
C20,2026-08-26,06:00,08:00,6,0.9
C20,2026-08-26,08:00,10:00,6,0.73
C20,2026-08-26,10:00,12:00,3,0.74
C20,2026-08-26,12:00,14:00,4,0.91
C20,2026-08-26,14:00,16:00,0,0.92
C20,2026-08-26,16:00,18:00,1,0.97
C20,2026-08-26,18:00,20:00,2,0.76
C20,2026-08-26,20:00,22:00,4,0.79
C20,2026-08-26,22:00,00:00,4,0.76
C01,2026-08-27,00:00,02:00,2,0.87
C01,2026-08-27,02:00,04:00,2,0.78
C01,2026-08-27,04:00,06:00,1,0.91
C01,2026-08-27,06:00,08:00,1,0.74
C01,2026-08-27,08:00,10:00,0,0.94
C01,2026-08-27,10:00,12:00,0,0.87
C01,2026-08-27,12:00,14:00,2,0.72
C01,2026-08-27,14:00,16:00,5,0.93
C01,2026-08-27,16:00,18:00,4,0.84
C01,2026-08-27,18:00,20:00,4,0.96
C01,2026-08-27,20:00,22:00,3,0.74
C01,2026-08-27,22:00,00:00,1,0.81
C02,2026-08-27,00:00,02:00,0,0.76
C02,2026-08-27,02:00,04:00,1,0.96
C02,2026-08-27,04:00,06:00,3,0.87
C02,2026-08-27,06:00,08:00,9,0.72
C02,2026-08-27,08:00,10:00,9,0.95
C02,2026-08-27,10:00,12:00,3,0.75
C02,2026-08-27,12:00,14:00,3,0.83
C02,2026-08-27,14:00,16:00,3,0.87
C02,2026-08-27,16:00,18:00,1,0.83
C02,2026-08-27,18:00,20:00,2,0.8
C02,2026-08-27,20:00,22:00,6,0.92
C02,2026-08-27,22:00,00:00,3,0.94
C03,2026-08-27,00:00,02:00,2,0.89
C03,2026-08-27,02:00,04:00,2,0.88
C03,2026-08-27,04:00,06:00,1,0.82
C03,2026-08-27,06:00,08:00,3,0.82
C03,2026-08-27,08:00,10:00,3,0.92
C03,2026-08-27,10:00,12:00,0,0.74
C03,2026-08-27,12:00,14:00,2,0.76
C03,2026-08-27,14:00,16:00,4,0.83
C03,2026-08-27,16:00,18:00,5,0.94
C03,2026-08-27,18:00,20:00,7,0.94
C03,2026-08-27,20:00,22:00,5,0.76
C03,2026-08-27,22:00,00:00,1,0.9
C04,2026-08-27,00:00,02:00,2,0.91
C04,2026-08-27,02:00,04:00,3,0.93
C04,2026-08-27,04:00,06:00,0,0.75
C04,2026-08-27,06:00,08:00,3,0.84
C04,2026-08-27,08:00,10:00,5,0.86
C04,2026-08-27,10:00,12:00,4,0.74
C04,2026-08-27,12:00,14:00,5,0.84
C04,2026-08-27,14:00,16:00,1,0.86
C04,2026-08-27,16:00,18:00,2,0.76
C04,2026-08-27,18:00,20:00,3,0.88
C04,2026-08-27,20:00,22:00,5,0.93
C04,2026-08-27,22:00,00:00,1,0.92
C05,2026-08-27,00:00,02:00,2,0.88
C05,2026-08-27,02:00,04:00,1,0.87
C05,2026-08-27,04:00,06:00,2,0.84
C05,2026-08-27,06:00,08:00,2,0.78
C05,2026-08-27,08:00,10:00,4,0.73
C05,2026-08-27,10:00,12:00,0,0.76
C05,2026-08-27,12:00,14:00,3,0.73
C05,2026-08-27,14:00,16:00,2,0.95
C05,2026-08-27,16:00,18:00,3,0.96
C05,2026-08-27,18:00,20:00,8,0.89
C05,2026-08-27,20:00,22:00,5,0.82
C05,2026-08-27,22:00,00:00,2,0.93
C06,2026-08-27,00:00,02:00,1,0.72
C06,2026-08-27,02:00,04:00,2,0.88
C06,2026-08-27,04:00,06:00,1,0.93
C06,2026-08-27,06:00,08:00,6,0.78
C06,2026-08-27,08:00,10:00,5,0.9
C06,2026-08-27,10:00,12:00,5,0.84
C06,2026-08-27,12:00,14:00,3,0.95
C06,2026-08-27,14:00,16:00,3,0.89
C06,2026-08-27,16:00,18:00,2,0.94
C06,2026-08-27,18:00,20:00,5,0.86
C06,2026-08-27,20:00,22:00,2,0.82
C06,2026-08-27,22:00,00:00,1,0.88
C07,2026-08-27,00:00,02:00,1,0.92
C07,2026-08-27,02:00,04:00,4,0.86
C07,2026-08-27,04:00,06:00,0,0.79
C07,2026-08-27,06:00,08:00,5,0.84
C07,2026-08-27,08:00,10:00,4,0.9
C07,2026-08-27,10:00,12:00,2,0.78
C07,2026-08-27,12:00,14:00,2,0.93
C07,2026-08-27,14:00,16:00,1,0.91
C07,2026-08-27,16:00,18:00,1,0.86
C07,2026-08-27,18:00,20:00,2,0.9
C07,2026-08-27,20:00,22:00,3,0.78
C07,2026-08-27,22:00,00:00,2,0.84
C08,2026-08-27,00:00,02:00,1,0.81
C08,2026-08-27,02:00,04:00,0,0.89
C08,2026-08-27,04:00,06:00,1,0.95
C08,2026-08-27,06:00,08:00,3,0.95
C08,2026-08-27,08:00,10:00,4,0.88
C08,2026-08-27,10:00,12:00,2,0.95
C08,2026-08-27,12:00,14:00,1,0.82
C08,2026-08-27,14:00,16:00,0,0.93
C08,2026-08-27,16:00,18:00,1,0.76
C08,2026-08-27,18:00,20:00,2,0.85
C08,2026-08-27,20:00,22:00,2,0.97
C08,2026-08-27,22:00,00:00,2,0.87
C09,2026-08-27,00:00,02:00,1,0.87
C09,2026-08-27,02:00,04:00,1,0.92
C09,2026-08-27,04:00,06:00,2,0.82
C09,2026-08-27,06:00,08:00,7,0.75
C09,2026-08-27,08:00,10:00,7,0.91
C09,2026-08-27,10:00,12:00,3,0.83
C09,2026-08-27,12:00,14:00,1,0.76
C09,2026-08-27,14:00,16:00,2,0.77
C09,2026-08-27,16:00,18:00,4,0.75
C09,2026-08-27,18:00,20:00,2,0.91
C09,2026-08-27,20:00,22:00,2,0.79
C09,2026-08-27,22:00,00:00,0,0.82
C10,2026-08-27,00:00,02:00,0,0.84
C10,2026-08-27,02:00,04:00,2,0.83
C10,2026-08-27,04:00,06:00,2,0.86
C10,2026-08-27,06:00,08:00,6,0.86
C10,2026-08-27,08:00,10:00,3,0.89
C10,2026-08-27,10:00,12:00,0,0.81
C10,2026-08-27,12:00,14:00,2,0.92
C10,2026-08-27,14:00,16:00,1,0.75
C10,2026-08-27,16:00,18:00,2,0.9
C10,2026-08-27,18:00,20:00,2,0.96
C10,2026-08-27,20:00,22:00,6,0.91
C10,2026-08-27,22:00,00:00,1,0.85
C11,2026-08-27,00:00,02:00,0,0.9
C11,2026-08-27,02:00,04:00,0,0.96
C11,2026-08-27,04:00,06:00,4,0.97
C11,2026-08-27,06:00,08:00,3,0.86
C11,2026-08-27,08:00,10:00,4,0.79
C11,2026-08-27,10:00,12:00,1,0.85
C11,2026-08-27,12:00,14:00,3,0.96
C11,2026-08-27,14:00,16:00,5,0.82
C11,2026-08-27,16:00,18:00,5,0.88
C11,2026-08-27,18:00,20:00,3,0.83
C11,2026-08-27,20:00,22:00,3,0.73
C11,2026-08-27,22:00,00:00,3,0.76
C12,2026-08-27,00:00,02:00,0,0.82
C12,2026-08-27,02:00,04:00,0,0.96
C12,2026-08-27,04:00,06:00,4,0.75
C12,2026-08-27,06:00,08:00,2,0.85
C12,2026-08-27,08:00,10:00,3,0.92
C12,2026-08-27,10:00,12:00,4,0.91
C12,2026-08-27,12:00,14:00,2,0.72
C12,2026-08-27,14:00,16:00,5,0.88
C12,2026-08-27,16:00,18:00,2,0.84
C12,2026-08-27,18:00,20:00,1,0.75
C12,2026-08-27,20:00,22:00,5,0.87
C12,2026-08-27,22:00,00:00,1,0.84
C13,2026-08-27,00:00,02:00,2,0.96
C13,2026-08-27,02:00,04:00,0,0.82
C13,2026-08-27,04:00,06:00,1,0.75
C13,2026-08-27,06:00,08:00,5,0.82
C13,2026-08-27,08:00,10:00,5,0.91
C13,2026-08-27,10:00,12:00,3,0.74
C13,2026-08-27,12:00,14:00,3,0.95
C13,2026-08-27,14:00,16:00,3,0.97
C13,2026-08-27,16:00,18:00,0,0.85
C13,2026-08-27,18:00,20:00,1,0.9
C13,2026-08-27,20:00,22:00,5,0.9
C13,2026-08-27,22:00,00:00,0,0.91
C14,2026-08-27,00:00,02:00,3,0.81
C14,2026-08-27,02:00,04:00,2,0.94
C14,2026-08-27,04:00,06:00,3,0.83
C14,2026-08-27,06:00,08:00,3,0.95
C14,2026-08-27,08:00,10:00,4,0.87
C14,2026-08-27,10:00,12:00,1,0.92
C14,2026-08-27,12:00,14:00,3,0.93
C14,2026-08-27,14:00,16:00,2,0.87
C14,2026-08-27,16:00,18:00,4,0.79
C14,2026-08-27,18:00,20:00,3,0.85
C14,2026-08-27,20:00,22:00,7,0.78
C14,2026-08-27,22:00,00:00,2,0.9
C15,2026-08-27,00:00,02:00,1,0.84
C15,2026-08-27,02:00,04:00,1,0.89
C15,2026-08-27,04:00,06:00,1,0.87
C15,2026-08-27,06:00,08:00,4,0.83
C15,2026-08-27,08:00,10:00,7,0.73
C15,2026-08-27,10:00,12:00,1,0.9
C15,2026-08-27,12:00,14:00,0,0.84
C15,2026-08-27,14:00,16:00,5,0.94
C15,2026-08-27,16:00,18:00,1,0.9
C15,2026-08-27,18:00,20:00,4,0.76
C15,2026-08-27,20:00,22:00,6,0.92
C15,2026-08-27,22:00,00:00,1,0.75
C16,2026-08-27,00:00,02:00,6,0.82
C16,2026-08-27,02:00,04:00,0,0.78
C16,2026-08-27,04:00,06:00,3,0.97
C16,2026-08-27,06:00,08:00,2,0.84
C16,2026-08-27,08:00,10:00,3,0.75
C16,2026-08-27,10:00,12:00,4,0.85
C16,2026-08-27,12:00,14:00,3,0.77
C16,2026-08-27,14:00,16:00,4,0.74
C16,2026-08-27,16:00,18:00,2,0.84
C16,2026-08-27,18:00,20:00,3,0.87
C16,2026-08-27,20:00,22:00,7,0.78
C16,2026-08-27,22:00,00:00,3,0.75
C17,2026-08-27,00:00,02:00,3,0.76
C17,2026-08-27,02:00,04:00,0,0.9
C17,2026-08-27,04:00,06:00,4,0.96
C17,2026-08-27,06:00,08:00,5,0.74
C17,2026-08-27,08:00,10:00,10,0.83
C17,2026-08-27,10:00,12:00,0,0.78
C17,2026-08-27,12:00,14:00,2,0.9
C17,2026-08-27,14:00,16:00,1,0.81
C17,2026-08-27,16:00,18:00,0,0.81
C17,2026-08-27,18:00,20:00,1,0.93
C17,2026-08-27,20:00,22:00,5,0.79
C17,2026-08-27,22:00,00:00,1,0.9
C18,2026-08-27,00:00,02:00,5,0.83
C18,2026-08-27,02:00,04:00,1,0.77
C18,2026-08-27,04:00,06:00,4,0.96
C18,2026-08-27,06:00,08:00,5,0.96
C18,2026-08-27,08:00,10:00,3,0.76
C18,2026-08-27,10:00,12:00,1,0.76
C18,2026-08-27,12:00,14:00,3,0.72
C18,2026-08-27,14:00,16:00,1,0.79
C18,2026-08-27,16:00,18:00,1,0.74
C18,2026-08-27,18:00,20:00,2,0.75
C18,2026-08-27,20:00,22:00,5,0.86
C18,2026-08-27,22:00,00:00,1,0.83
C19,2026-08-27,00:00,02:00,1,0.75
C19,2026-08-27,02:00,04:00,1,0.76
C19,2026-08-27,04:00,06:00,0,0.92
C19,2026-08-27,06:00,08:00,2,0.89
C19,2026-08-27,08:00,10:00,4,0.85
C19,2026-08-27,10:00,12:00,3,0.75
C19,2026-08-27,12:00,14:00,0,0.85
C19,2026-08-27,14:00,16:00,0,0.9
C19,2026-08-27,16:00,18:00,3,0.95
C19,2026-08-27,18:00,20:00,2,0.79
C19,2026-08-27,20:00,22:00,6,0.93
C19,2026-08-27,22:00,00:00,2,0.79
C20,2026-08-27,00:00,02:00,0,0.81
C20,2026-08-27,02:00,04:00,1,0.84
C20,2026-08-27,04:00,06:00,0,0.95
C20,2026-08-27,06:00,08:00,4,0.9
C20,2026-08-27,08:00,10:00,1,0.75
C20,2026-08-27,10:00,12:00,3,0.84
C20,2026-08-27,12:00,14:00,2,0.83
C20,2026-08-27,14:00,16:00,1,0.92
C20,2026-08-27,16:00,18:00,2,0.79
C20,2026-08-27,18:00,20:00,2,0.77
C20,2026-08-27,20:00,22:00,3,0.83
C20,2026-08-27,22:00,00:00,1,0.8
C01,2026-08-28,00:00,02:00,3,0.84
C01,2026-08-28,02:00,04:00,2,0.79
C01,2026-08-28,04:00,06:00,5,0.77
C01,2026-08-28,06:00,08:00,8,0.85
C01,2026-08-28,08:00,10:00,6,0.88
C01,2026-08-28,10:00,12:00,4,0.72
C01,2026-08-28,12:00,14:00,1,0.94
C01,2026-08-28,14:00,16:00,3,0.79
C01,2026-08-28,16:00,18:00,2,0.93
C01,2026-08-28,18:00,20:00,2,0.72
C01,2026-08-28,20:00,22:00,5,0.79
C01,2026-08-28,22:00,00:00,1,0.88
C02,2026-08-28,00:00,02:00,5,0.81
C02,2026-08-28,02:00,04:00,5,0.9
C02,2026-08-28,04:00,06:00,1,0.82
C02,2026-08-28,06:00,08:00,4,0.78
C02,2026-08-28,08:00,10:00,5,0.79
C02,2026-08-28,10:00,12:00,2,0.93
C02,2026-08-28,12:00,14:00,1,0.76
C02,2026-08-28,14:00,16:00,4,0.89
C02,2026-08-28,16:00,18:00,5,0.81
C02,2026-08-28,18:00,20:00,3,0.9
C02,2026-08-28,20:00,22:00,6,0.87
C02,2026-08-28,22:00,00:00,1,0.93
C03,2026-08-28,00:00,02:00,3,0.76
C03,2026-08-28,02:00,04:00,1,0.96
C03,2026-08-28,04:00,06:00,3,0.92
C03,2026-08-28,06:00,08:00,2,0.85
C03,2026-08-28,08:00,10:00,4,0.82
C03,2026-08-28,10:00,12:00,2,0.9
C03,2026-08-28,12:00,14:00,4,0.96
C03,2026-08-28,14:00,16:00,2,0.82
C03,2026-08-28,16:00,18:00,0,0.93
C03,2026-08-28,18:00,20:00,6,0.82
C03,2026-08-28,20:00,22:00,3,0.87
C03,2026-08-28,22:00,00:00,2,0.89
C04,2026-08-28,00:00,02:00,3,0.78
C04,2026-08-28,02:00,04:00,1,0.72
C04,2026-08-28,04:00,06:00,3,0.82
C04,2026-08-28,06:00,08:00,4,0.79
C04,2026-08-28,08:00,10:00,3,0.8
C04,2026-08-28,10:00,12:00,0,0.78
C04,2026-08-28,12:00,14:00,2,0.95
C04,2026-08-28,14:00,16:00,1,0.91
C04,2026-08-28,16:00,18:00,2,0.79
C04,2026-08-28,18:00,20:00,3,0.9
C04,2026-08-28,20:00,22:00,4,0.76
C04,2026-08-28,22:00,00:00,3,0.84
C05,2026-08-28,00:00,02:00,1,0.88
C05,2026-08-28,02:00,04:00,3,0.74
C05,2026-08-28,04:00,06:00,2,0.89
C05,2026-08-28,06:00,08:00,6,0.92
C05,2026-08-28,08:00,10:00,2,0.91
C05,2026-08-28,10:00,12:00,2,0.87
C05,2026-08-28,12:00,14:00,0,0.89
C05,2026-08-28,14:00,16:00,0,0.95
C05,2026-08-28,16:00,18:00,0,0.87
C05,2026-08-28,18:00,20:00,1,0.91
C05,2026-08-28,20:00,22:00,7,0.86
C05,2026-08-28,22:00,00:00,0,0.88
C06,2026-08-28,00:00,02:00,2,0.81
C06,2026-08-28,02:00,04:00,1,0.83
C06,2026-08-28,04:00,06:00,0,0.77
C06,2026-08-28,06:00,08:00,5,0.74
C06,2026-08-28,08:00,10:00,2,0.94
C06,2026-08-28,10:00,12:00,4,0.75
C06,2026-08-28,12:00,14:00,3,0.83
C06,2026-08-28,14:00,16:00,2,0.86
C06,2026-08-28,16:00,18:00,1,0.8
C06,2026-08-28,18:00,20:00,3,0.96
C06,2026-08-28,20:00,22:00,4,0.84
C06,2026-08-28,22:00,00:00,0,0.79
C07,2026-08-28,00:00,02:00,4,0.76
C07,2026-08-28,02:00,04:00,2,0.78
C07,2026-08-28,04:00,06:00,3,0.77
C07,2026-08-28,06:00,08:00,2,0.79
C07,2026-08-28,08:00,10:00,4,0.93
C07,2026-08-28,10:00,12:00,1,0.9
C07,2026-08-28,12:00,14:00,2,0.95
C07,2026-08-28,14:00,16:00,1,0.96
C07,2026-08-28,16:00,18:00,2,0.81
C07,2026-08-28,18:00,20:00,3,0.81
C07,2026-08-28,20:00,22:00,3,0.85
C07,2026-08-28,22:00,00:00,0,0.97
C08,2026-08-28,00:00,02:00,2,0.9
C08,2026-08-28,02:00,04:00,0,0.92
C08,2026-08-28,04:00,06:00,3,0.91
C08,2026-08-28,06:00,08:00,4,0.9
C08,2026-08-28,08:00,10:00,5,0.83
C08,2026-08-28,10:00,12:00,1,0.89
C08,2026-08-28,12:00,14:00,1,0.72
C08,2026-08-28,14:00,16:00,1,0.88
C08,2026-08-28,16:00,18:00,3,0.74
C08,2026-08-28,18:00,20:00,4,0.95
C08,2026-08-28,20:00,22:00,5,0.84
C08,2026-08-28,22:00,00:00,2,0.83
C09,2026-08-28,00:00,02:00,2,0.76
C09,2026-08-28,02:00,04:00,1,0.73
C09,2026-08-28,04:00,06:00,1,0.8
C09,2026-08-28,06:00,08:00,4,0.84
C09,2026-08-28,08:00,10:00,5,0.79
C09,2026-08-28,10:00,12:00,2,0.8
C09,2026-08-28,12:00,14:00,2,0.8
C09,2026-08-28,14:00,16:00,2,0.84
C09,2026-08-28,16:00,18:00,1,0.74
C09,2026-08-28,18:00,20:00,4,0.78
C09,2026-08-28,20:00,22:00,5,0.76
C09,2026-08-28,22:00,00:00,2,0.93
C10,2026-08-28,00:00,02:00,3,0.94
C10,2026-08-28,02:00,04:00,2,0.76
C10,2026-08-28,04:00,06:00,0,0.89
C10,2026-08-28,06:00,08:00,5,0.75
C10,2026-08-28,08:00,10:00,2,0.76
C10,2026-08-28,10:00,12:00,4,0.83
C10,2026-08-28,12:00,14:00,1,0.74
C10,2026-08-28,14:00,16:00,8,0.84
C10,2026-08-28,16:00,18:00,2,0.93
C10,2026-08-28,18:00,20:00,5,0.79
C10,2026-08-28,20:00,22:00,0,0.78
C10,2026-08-28,22:00,00:00,1,0.78
C11,2026-08-28,00:00,02:00,3,0.9
C11,2026-08-28,02:00,04:00,0,0.81
C11,2026-08-28,04:00,06:00,1,0.74
C11,2026-08-28,06:00,08:00,4,0.93
C11,2026-08-28,08:00,10:00,3,0.85
C11,2026-08-28,10:00,12:00,4,0.94
C11,2026-08-28,12:00,14:00,4,0.75
C11,2026-08-28,14:00,16:00,1,0.82
C11,2026-08-28,16:00,18:00,2,0.75
C11,2026-08-28,18:00,20:00,4,0.73
C11,2026-08-28,20:00,22:00,4,0.93
C11,2026-08-28,22:00,00:00,1,0.81
C12,2026-08-28,00:00,02:00,1,0.85
C12,2026-08-28,02:00,04:00,6,0.76
C12,2026-08-28,04:00,06:00,2,0.87
C12,2026-08-28,06:00,08:00,3,0.86
C12,2026-08-28,08:00,10:00,8,0.73
C12,2026-08-28,10:00,12:00,1,0.88
C12,2026-08-28,12:00,14:00,2,0.9
C12,2026-08-28,14:00,16:00,4,0.96
C12,2026-08-28,16:00,18:00,2,0.82
C12,2026-08-28,18:00,20:00,4,0.94
C12,2026-08-28,20:00,22:00,4,0.94
C12,2026-08-28,22:00,00:00,1,0.84
C13,2026-08-28,00:00,02:00,2,0.72
C13,2026-08-28,02:00,04:00,1,0.94
C13,2026-08-28,04:00,06:00,3,0.74
C13,2026-08-28,06:00,08:00,4,0.77
C13,2026-08-28,08:00,10:00,4,0.95
C13,2026-08-28,10:00,12:00,5,0.82
C13,2026-08-28,12:00,14:00,2,0.87
C13,2026-08-28,14:00,16:00,2,0.83
C13,2026-08-28,16:00,18:00,6,0.92
C13,2026-08-28,18:00,20:00,2,0.85
C13,2026-08-28,20:00,22:00,3,0.91
C13,2026-08-28,22:00,00:00,1,0.86
C14,2026-08-28,00:00,02:00,2,0.8
C14,2026-08-28,02:00,04:00,0,0.96
C14,2026-08-28,04:00,06:00,4,0.84
C14,2026-08-28,06:00,08:00,3,0.82
C14,2026-08-28,08:00,10:00,1,0.95
C14,2026-08-28,10:00,12:00,2,0.8
C14,2026-08-28,12:00,14:00,3,0.95
C14,2026-08-28,14:00,16:00,0,0.73
C14,2026-08-28,16:00,18:00,2,0.89
C14,2026-08-28,18:00,20:00,4,0.92
C14,2026-08-28,20:00,22:00,0,0.88
C14,2026-08-28,22:00,00:00,2,0.83
C15,2026-08-28,00:00,02:00,4,0.96
C15,2026-08-28,02:00,04:00,1,0.75
C15,2026-08-28,04:00,06:00,2,0.77
C15,2026-08-28,06:00,08:00,5,0.74
C15,2026-08-28,08:00,10:00,2,0.8
C15,2026-08-28,10:00,12:00,4,0.93
C15,2026-08-28,12:00,14:00,3,0.86
C15,2026-08-28,14:00,16:00,1,0.93
C15,2026-08-28,16:00,18:00,0,0.73
C15,2026-08-28,18:00,20:00,2,0.75
C15,2026-08-28,20:00,22:00,3,0.8
C15,2026-08-28,22:00,00:00,1,0.96
C16,2026-08-28,00:00,02:00,2,0.78
C16,2026-08-28,02:00,04:00,5,0.88
C16,2026-08-28,04:00,06:00,3,0.83
C16,2026-08-28,06:00,08:00,4,0.91
C16,2026-08-28,08:00,10:00,3,0.9
C16,2026-08-28,10:00,12:00,1,0.87
C16,2026-08-28,12:00,14:00,3,0.91
C16,2026-08-28,14:00,16:00,2,0.93
C16,2026-08-28,16:00,18:00,2,0.78
C16,2026-08-28,18:00,20:00,6,0.87
C16,2026-08-28,20:00,22:00,8,0.73
C16,2026-08-28,22:00,00:00,0,0.79
C17,2026-08-28,00:00,02:00,2,0.94
C17,2026-08-28,02:00,04:00,2,0.83
C17,2026-08-28,04:00,06:00,0,0.95
C17,2026-08-28,06:00,08:00,2,0.75
C17,2026-08-28,08:00,10:00,1,0.91
C17,2026-08-28,10:00,12:00,3,0.96
C17,2026-08-28,12:00,14:00,4,0.81
C17,2026-08-28,14:00,16:00,1,0.88
C17,2026-08-28,16:00,18:00,2,0.84
C17,2026-08-28,18:00,20:00,4,0.83
C17,2026-08-28,20:00,22:00,4,0.92
C17,2026-08-28,22:00,00:00,2,0.73
C18,2026-08-28,00:00,02:00,0,0.93
C18,2026-08-28,02:00,04:00,4,0.9
C18,2026-08-28,04:00,06:00,0,0.77
C18,2026-08-28,06:00,08:00,4,0.9
C18,2026-08-28,08:00,10:00,1,0.9
C18,2026-08-28,10:00,12:00,3,0.77
C18,2026-08-28,12:00,14:00,0,0.84
C18,2026-08-28,14:00,16:00,1,0.93
C18,2026-08-28,16:00,18:00,1,0.89
C18,2026-08-28,18:00,20:00,2,0.88
C18,2026-08-28,20:00,22:00,3,0.84
C18,2026-08-28,22:00,00:00,1,0.88
C19,2026-08-28,00:00,02:00,1,0.91
C19,2026-08-28,02:00,04:00,1,0.8
C19,2026-08-28,04:00,06:00,1,0.79
C19,2026-08-28,06:00,08:00,7,0.78
C19,2026-08-28,08:00,10:00,2,0.83
C19,2026-08-28,10:00,12:00,2,0.87
C19,2026-08-28,12:00,14:00,2,0.84
C19,2026-08-28,14:00,16:00,4,0.73
C19,2026-08-28,16:00,18:00,1,0.96
C19,2026-08-28,18:00,20:00,3,0.82
C19,2026-08-28,20:00,22:00,2,0.83
C19,2026-08-28,22:00,00:00,4,0.9
C20,2026-08-28,00:00,02:00,1,0.88
C20,2026-08-28,02:00,04:00,1,0.93
C20,2026-08-28,04:00,06:00,0,0.9
C20,2026-08-28,06:00,08:00,8,0.83
C20,2026-08-28,08:00,10:00,7,0.78
C20,2026-08-28,10:00,12:00,0,0.73
C20,2026-08-28,12:00,14:00,2,0.96
C20,2026-08-28,14:00,16:00,2,0.77
C20,2026-08-28,16:00,18:00,2,0.81
C20,2026-08-28,18:00,20:00,2,0.84
C20,2026-08-28,20:00,22:00,3,0.89
C20,2026-08-28,22:00,00:00,3,0.75
C01,2026-08-29,00:00,02:00,1,0.95
C01,2026-08-29,02:00,04:00,1,0.91
C01,2026-08-29,04:00,06:00,3,0.8
C01,2026-08-29,06:00,08:00,6,0.88
C01,2026-08-29,08:00,10:00,3,0.73
C01,2026-08-29,10:00,12:00,6,0.88
C01,2026-08-29,12:00,14:00,1,0.96
C01,2026-08-29,14:00,16:00,2,0.9
C01,2026-08-29,16:00,18:00,3,0.88
C01,2026-08-29,18:00,20:00,3,0.77
C01,2026-08-29,20:00,22:00,2,0.95
C01,2026-08-29,22:00,00:00,2,0.91
C02,2026-08-29,00:00,02:00,2,0.76
C02,2026-08-29,02:00,04:00,1,0.88
C02,2026-08-29,04:00,06:00,3,0.77
C02,2026-08-29,06:00,08:00,4,0.79
C02,2026-08-29,08:00,10:00,3,0.73
C02,2026-08-29,10:00,12:00,5,0.86
C02,2026-08-29,12:00,14:00,2,0.82
C02,2026-08-29,14:00,16:00,2,0.77
C02,2026-08-29,16:00,18:00,4,0.75
C02,2026-08-29,18:00,20:00,5,0.96
C02,2026-08-29,20:00,22:00,6,0.82
C02,2026-08-29,22:00,00:00,2,0.93
C03,2026-08-29,00:00,02:00,2,0.72
C03,2026-08-29,02:00,04:00,3,0.92
C03,2026-08-29,04:00,06:00,4,0.96
C03,2026-08-29,06:00,08:00,7,0.8
C03,2026-08-29,08:00,10:00,5,0.79
C03,2026-08-29,10:00,12:00,0,0.74
C03,2026-08-29,12:00,14:00,4,0.9
C03,2026-08-29,14:00,16:00,2,0.76
C03,2026-08-29,16:00,18:00,2,0.83
C03,2026-08-29,18:00,20:00,3,0.79
C03,2026-08-29,20:00,22:00,2,0.74
C03,2026-08-29,22:00,00:00,2,0.79
C04,2026-08-29,00:00,02:00,5,0.84
C04,2026-08-29,02:00,04:00,2,0.94
C04,2026-08-29,04:00,06:00,2,0.76
C04,2026-08-29,06:00,08:00,1,0.73
C04,2026-08-29,08:00,10:00,4,0.95
C04,2026-08-29,10:00,12:00,2,0.84
C04,2026-08-29,12:00,14:00,3,0.81
C04,2026-08-29,14:00,16:00,1,0.91
C04,2026-08-29,16:00,18:00,1,0.84
C04,2026-08-29,18:00,20:00,2,0.72
C04,2026-08-29,20:00,22:00,3,0.8
C04,2026-08-29,22:00,00:00,3,0.88
C05,2026-08-29,00:00,02:00,5,0.76
C05,2026-08-29,02:00,04:00,1,0.87
C05,2026-08-29,04:00,06:00,2,0.78
C05,2026-08-29,06:00,08:00,5,0.78
C05,2026-08-29,08:00,10:00,7,0.93
C05,2026-08-29,10:00,12:00,2,0.82
C05,2026-08-29,12:00,14:00,1,0.86
C05,2026-08-29,14:00,16:00,1,0.93
C05,2026-08-29,16:00,18:00,3,0.91
C05,2026-08-29,18:00,20:00,5,0.91
C05,2026-08-29,20:00,22:00,2,0.73
C05,2026-08-29,22:00,00:00,3,0.81
C06,2026-08-29,00:00,02:00,3,0.72
C06,2026-08-29,02:00,04:00,1,0.85
C06,2026-08-29,04:00,06:00,2,0.87
C06,2026-08-29,06:00,08:00,3,0.89
C06,2026-08-29,08:00,10:00,3,0.72
C06,2026-08-29,10:00,12:00,1,0.92
C06,2026-08-29,12:00,14:00,2,0.85
C06,2026-08-29,14:00,16:00,4,0.92
C06,2026-08-29,16:00,18:00,1,0.96
C06,2026-08-29,18:00,20:00,3,0.73
C06,2026-08-29,20:00,22:00,2,0.89
C06,2026-08-29,22:00,00:00,1,0.93
C07,2026-08-29,00:00,02:00,2,0.87
C07,2026-08-29,02:00,04:00,2,0.86
C07,2026-08-29,04:00,06:00,2,0.85
C07,2026-08-29,06:00,08:00,2,0.83
C07,2026-08-29,08:00,10:00,5,0.8
C07,2026-08-29,10:00,12:00,0,0.83
C07,2026-08-29,12:00,14:00,3,0.91
C07,2026-08-29,14:00,16:00,1,0.77
C07,2026-08-29,16:00,18:00,1,0.94
C07,2026-08-29,18:00,20:00,6,0.8
C07,2026-08-29,20:00,22:00,2,0.81
C07,2026-08-29,22:00,00:00,2,0.84
C08,2026-08-29,00:00,02:00,1,0.8
C08,2026-08-29,02:00,04:00,2,0.82
C08,2026-08-29,04:00,06:00,2,0.85
C08,2026-08-29,06:00,08:00,4,0.9
C08,2026-08-29,08:00,10:00,5,0.96
C08,2026-08-29,10:00,12:00,0,0.93
C08,2026-08-29,12:00,14:00,3,0.85
C08,2026-08-29,14:00,16:00,1,0.84
C08,2026-08-29,16:00,18:00,0,0.84
C08,2026-08-29,18:00,20:00,3,0.92
C08,2026-08-29,20:00,22:00,2,0.79
C08,2026-08-29,22:00,00:00,4,0.93
C09,2026-08-29,00:00,02:00,2,0.95
C09,2026-08-29,02:00,04:00,1,0.87
C09,2026-08-29,04:00,06:00,1,0.86
C09,2026-08-29,06:00,08:00,2,0.9
C09,2026-08-29,08:00,10:00,4,0.93
C09,2026-08-29,10:00,12:00,2,0.77
C09,2026-08-29,12:00,14:00,1,0.85
C09,2026-08-29,14:00,16:00,2,0.72
C09,2026-08-29,16:00,18:00,1,0.81
C09,2026-08-29,18:00,20:00,5,0.87
C09,2026-08-29,20:00,22:00,5,0.86
C09,2026-08-29,22:00,00:00,2,0.89
C10,2026-08-29,00:00,02:00,3,0.8
C10,2026-08-29,02:00,04:00,3,0.94
C10,2026-08-29,04:00,06:00,0,0.86
C10,2026-08-29,06:00,08:00,4,0.75
C10,2026-08-29,08:00,10:00,7,0.84
C10,2026-08-29,10:00,12:00,3,0.82
C10,2026-08-29,12:00,14:00,2,0.75
C10,2026-08-29,14:00,16:00,3,0.94
C10,2026-08-29,16:00,18:00,1,0.76
C10,2026-08-29,18:00,20:00,3,0.93
C10,2026-08-29,20:00,22:00,3,0.83
C10,2026-08-29,22:00,00:00,1,0.93
C11,2026-08-29,00:00,02:00,1,0.94
C11,2026-08-29,02:00,04:00,1,0.92
C11,2026-08-29,04:00,06:00,0,0.92
C11,2026-08-29,06:00,08:00,5,0.85
C11,2026-08-29,08:00,10:00,3,0.88
C11,2026-08-29,10:00,12:00,2,0.9
C11,2026-08-29,12:00,14:00,3,0.82
C11,2026-08-29,14:00,16:00,2,0.73
C11,2026-08-29,16:00,18:00,0,0.89
C11,2026-08-29,18:00,20:00,4,0.88
C11,2026-08-29,20:00,22:00,11,0.92
C11,2026-08-29,22:00,00:00,1,0.81
C12,2026-08-29,00:00,02:00,0,0.8
C12,2026-08-29,02:00,04:00,2,0.89
C12,2026-08-29,04:00,06:00,3,0.72
C12,2026-08-29,06:00,08:00,3,0.77
C12,2026-08-29,08:00,10:00,5,0.95
C12,2026-08-29,10:00,12:00,3,0.91
C12,2026-08-29,12:00,14:00,2,0.74
C12,2026-08-29,14:00,16:00,0,0.85
C12,2026-08-29,16:00,18:00,1,0.9
C12,2026-08-29,18:00,20:00,0,0.74
C12,2026-08-29,20:00,22:00,2,0.88
C12,2026-08-29,22:00,00:00,2,0.8
C13,2026-08-29,00:00,02:00,1,0.95
C13,2026-08-29,02:00,04:00,2,0.91
C13,2026-08-29,04:00,06:00,2,0.95
C13,2026-08-29,06:00,08:00,4,0.79
C13,2026-08-29,08:00,10:00,3,0.95
C13,2026-08-29,10:00,12:00,4,0.96
C13,2026-08-29,12:00,14:00,1,0.85
C13,2026-08-29,14:00,16:00,2,0.96
C13,2026-08-29,16:00,18:00,0,0.8
C13,2026-08-29,18:00,20:00,5,0.79
C13,2026-08-29,20:00,22:00,4,0.78
C13,2026-08-29,22:00,00:00,2,0.77
C14,2026-08-29,00:00,02:00,6,0.96
C14,2026-08-29,02:00,04:00,0,0.95
C14,2026-08-29,04:00,06:00,1,0.91
C14,2026-08-29,06:00,08:00,2,0.78
C14,2026-08-29,08:00,10:00,3,0.86
C14,2026-08-29,10:00,12:00,0,0.84
C14,2026-08-29,12:00,14:00,1,0.77
C14,2026-08-29,14:00,16:00,3,0.73
C14,2026-08-29,16:00,18:00,3,0.75
C14,2026-08-29,18:00,20:00,6,0.74
C14,2026-08-29,20:00,22:00,2,0.87
C14,2026-08-29,22:00,00:00,1,0.75
C15,2026-08-29,00:00,02:00,1,0.84
C15,2026-08-29,02:00,04:00,3,0.9
C15,2026-08-29,04:00,06:00,4,0.79
C15,2026-08-29,06:00,08:00,8,0.89
C15,2026-08-29,08:00,10:00,4,0.79
C15,2026-08-29,10:00,12:00,4,0.92
C15,2026-08-29,12:00,14:00,2,0.9
C15,2026-08-29,14:00,16:00,3,0.92
C15,2026-08-29,16:00,18:00,4,0.95
C15,2026-08-29,18:00,20:00,3,0.73
C15,2026-08-29,20:00,22:00,4,0.95
C15,2026-08-29,22:00,00:00,2,0.86
C16,2026-08-29,00:00,02:00,2,0.84
C16,2026-08-29,02:00,04:00,0,0.77
C16,2026-08-29,04:00,06:00,0,0.89
C16,2026-08-29,06:00,08:00,4,0.87
C16,2026-08-29,08:00,10:00,1,0.95
C16,2026-08-29,10:00,12:00,2,0.94
C16,2026-08-29,12:00,14:00,1,0.96
C16,2026-08-29,14:00,16:00,2,0.83
C16,2026-08-29,16:00,18:00,0,0.73
C16,2026-08-29,18:00,20:00,7,0.75
C16,2026-08-29,20:00,22:00,2,0.95
C16,2026-08-29,22:00,00:00,3,0.92
C17,2026-08-29,00:00,02:00,2,0.88
C17,2026-08-29,02:00,04:00,2,0.83
C17,2026-08-29,04:00,06:00,3,0.93
C17,2026-08-29,06:00,08:00,3,0.75
C17,2026-08-29,08:00,10:00,5,0.9
C17,2026-08-29,10:00,12:00,2,0.83
C17,2026-08-29,12:00,14:00,2,0.77
C17,2026-08-29,14:00,16:00,3,0.96
C17,2026-08-29,16:00,18:00,3,0.87
C17,2026-08-29,18:00,20:00,4,0.89
C17,2026-08-29,20:00,22:00,5,0.96
C17,2026-08-29,22:00,00:00,0,0.92
C18,2026-08-29,00:00,02:00,3,0.87
C18,2026-08-29,02:00,04:00,1,0.8
C18,2026-08-29,04:00,06:00,2,0.72
C18,2026-08-29,06:00,08:00,5,0.9
C18,2026-08-29,08:00,10:00,5,0.82
C18,2026-08-29,10:00,12:00,2,0.92
C18,2026-08-29,12:00,14:00,2,0.74
C18,2026-08-29,14:00,16:00,4,0.92
C18,2026-08-29,16:00,18:00,0,0.75
C18,2026-08-29,18:00,20:00,6,0.93
C18,2026-08-29,20:00,22:00,2,0.76
C18,2026-08-29,22:00,00:00,3,0.94
C19,2026-08-29,00:00,02:00,1,0.77
C19,2026-08-29,02:00,04:00,1,0.84
C19,2026-08-29,04:00,06:00,1,0.77
C19,2026-08-29,06:00,08:00,4,0.96
C19,2026-08-29,08:00,10:00,5,0.72
C19,2026-08-29,10:00,12:00,3,0.76
C19,2026-08-29,12:00,14:00,3,0.87
C19,2026-08-29,14:00,16:00,2,0.73
C19,2026-08-29,16:00,18:00,1,0.77
C19,2026-08-29,18:00,20:00,3,0.84
C19,2026-08-29,20:00,22:00,3,0.83
C19,2026-08-29,22:00,00:00,2,0.81
C20,2026-08-29,00:00,02:00,2,0.87
C20,2026-08-29,02:00,04:00,0,0.87
C20,2026-08-29,04:00,06:00,4,0.93
C20,2026-08-29,06:00,08:00,5,0.81
C20,2026-08-29,08:00,10:00,3,0.97
C20,2026-08-29,10:00,12:00,1,0.96
C20,2026-08-29,12:00,14:00,2,0.81
C20,2026-08-29,14:00,16:00,1,0.74
C20,2026-08-29,16:00,18:00,3,0.77
C20,2026-08-29,18:00,20:00,6,0.82
C20,2026-08-29,20:00,22:00,2,0.87
C20,2026-08-29,22:00,00:00,6,0.95
C01,2026-08-30,00:00,02:00,3,0.79
C01,2026-08-30,02:00,04:00,0,0.76
C01,2026-08-30,04:00,06:00,4,0.72
C01,2026-08-30,06:00,08:00,2,0.92
C01,2026-08-30,08:00,10:00,5,0.87
C01,2026-08-30,10:00,12:00,4,0.84
C01,2026-08-30,12:00,14:00,2,0.88
C01,2026-08-30,14:00,16:00,2,0.91
C01,2026-08-30,16:00,18:00,3,0.83
C01,2026-08-30,18:00,20:00,5,0.82
C01,2026-08-30,20:00,22:00,4,0.86
C01,2026-08-30,22:00,00:00,2,0.74
C02,2026-08-30,00:00,02:00,3,0.76
C02,2026-08-30,02:00,04:00,2,0.78
C02,2026-08-30,04:00,06:00,2,0.82
C02,2026-08-30,06:00,08:00,4,0.81
C02,2026-08-30,08:00,10:00,4,0.74
C02,2026-08-30,10:00,12:00,3,0.84
C02,2026-08-30,12:00,14:00,2,0.75
C02,2026-08-30,14:00,16:00,0,0.8
C02,2026-08-30,16:00,18:00,3,0.9
C02,2026-08-30,18:00,20:00,5,0.85
C02,2026-08-30,20:00,22:00,7,0.86
C02,2026-08-30,22:00,00:00,2,0.74
C03,2026-08-30,00:00,02:00,4,0.89
C03,2026-08-30,02:00,04:00,6,0.8
C03,2026-08-30,04:00,06:00,2,0.84
C03,2026-08-30,06:00,08:00,5,0.88
C03,2026-08-30,08:00,10:00,5,0.88
C03,2026-08-30,10:00,12:00,2,0.87
C03,2026-08-30,12:00,14:00,3,0.83
C03,2026-08-30,14:00,16:00,1,0.86
C03,2026-08-30,16:00,18:00,2,0.73
C03,2026-08-30,18:00,20:00,4,0.91
C03,2026-08-30,20:00,22:00,0,0.95
C03,2026-08-30,22:00,00:00,4,0.73
C04,2026-08-30,00:00,02:00,1,0.92
C04,2026-08-30,02:00,04:00,3,0.75
C04,2026-08-30,04:00,06:00,1,0.79
C04,2026-08-30,06:00,08:00,5,0.77
C04,2026-08-30,08:00,10:00,4,0.75
C04,2026-08-30,10:00,12:00,1,0.96
C04,2026-08-30,12:00,14:00,1,0.9
C04,2026-08-30,14:00,16:00,0,0.88
C04,2026-08-30,16:00,18:00,2,0.92
C04,2026-08-30,18:00,20:00,3,0.84
C04,2026-08-30,20:00,22:00,1,0.97
C04,2026-08-30,22:00,00:00,1,0.88
C05,2026-08-30,00:00,02:00,3,0.76
C05,2026-08-30,02:00,04:00,1,0.74
C05,2026-08-30,04:00,06:00,0,0.76
C05,2026-08-30,06:00,08:00,4,0.78
C05,2026-08-30,08:00,10:00,1,0.89
C05,2026-08-30,10:00,12:00,1,0.83
C05,2026-08-30,12:00,14:00,5,0.83
C05,2026-08-30,14:00,16:00,1,0.76
C05,2026-08-30,16:00,18:00,1,0.74
C05,2026-08-30,18:00,20:00,5,0.77
C05,2026-08-30,20:00,22:00,5,0.82
C05,2026-08-30,22:00,00:00,1,0.81
C06,2026-08-30,00:00,02:00,2,0.75
C06,2026-08-30,02:00,04:00,0,0.95
C06,2026-08-30,04:00,06:00,5,0.89
C06,2026-08-30,06:00,08:00,3,0.95
C06,2026-08-30,08:00,10:00,3,0.92
C06,2026-08-30,10:00,12:00,2,0.92
C06,2026-08-30,12:00,14:00,1,0.94
C06,2026-08-30,14:00,16:00,1,0.78
C06,2026-08-30,16:00,18:00,1,0.92
C06,2026-08-30,18:00,20:00,1,0.78
C06,2026-08-30,20:00,22:00,3,0.76
C06,2026-08-30,22:00,00:00,2,0.78
C07,2026-08-30,00:00,02:00,1,0.91
C07,2026-08-30,02:00,04:00,1,0.75
C07,2026-08-30,04:00,06:00,2,0.92
C07,2026-08-30,06:00,08:00,3,0.76
C07,2026-08-30,08:00,10:00,7,0.84
C07,2026-08-30,10:00,12:00,4,0.76
C07,2026-08-30,12:00,14:00,1,0.83
C07,2026-08-30,14:00,16:00,4,0.93
C07,2026-08-30,16:00,18:00,0,0.86
C07,2026-08-30,18:00,20:00,3,0.78
C07,2026-08-30,20:00,22:00,4,0.86
C07,2026-08-30,22:00,00:00,1,0.85
C08,2026-08-30,00:00,02:00,3,0.94
C08,2026-08-30,02:00,04:00,3,0.97
C08,2026-08-30,04:00,06:00,2,0.96
C08,2026-08-30,06:00,08:00,3,0.87
C08,2026-08-30,08:00,10:00,9,0.77
C08,2026-08-30,10:00,12:00,1,0.95
C08,2026-08-30,12:00,14:00,2,0.89
C08,2026-08-30,14:00,16:00,2,0.8
C08,2026-08-30,16:00,18:00,3,0.83
C08,2026-08-30,18:00,20:00,4,0.86
C08,2026-08-30,20:00,22:00,6,0.96
C08,2026-08-30,22:00,00:00,2,0.91
C09,2026-08-30,00:00,02:00,2,0.74
C09,2026-08-30,02:00,04:00,0,0.93
C09,2026-08-30,04:00,06:00,2,0.95
C09,2026-08-30,06:00,08:00,6,0.96
C09,2026-08-30,08:00,10:00,5,0.96
C09,2026-08-30,10:00,12:00,2,0.77
C09,2026-08-30,12:00,14:00,3,0.84
C09,2026-08-30,14:00,16:00,4,0.76
C09,2026-08-30,16:00,18:00,4,0.92
C09,2026-08-30,18:00,20:00,3,0.95
C09,2026-08-30,20:00,22:00,5,0.96
C09,2026-08-30,22:00,00:00,2,0.77
C10,2026-08-30,00:00,02:00,1,0.94
C10,2026-08-30,02:00,04:00,1,0.86
C10,2026-08-30,04:00,06:00,1,0.95
C10,2026-08-30,06:00,08:00,5,0.95
C10,2026-08-30,08:00,10:00,3,0.96
C10,2026-08-30,10:00,12:00,2,0.82
C10,2026-08-30,12:00,14:00,1,0.8
C10,2026-08-30,14:00,16:00,2,0.81
C10,2026-08-30,16:00,18:00,2,0.81
C10,2026-08-30,18:00,20:00,3,0.73
C10,2026-08-30,20:00,22:00,5,0.76
C10,2026-08-30,22:00,00:00,2,0.89
C11,2026-08-30,00:00,02:00,1,0.9
C11,2026-08-30,02:00,04:00,1,0.88
C11,2026-08-30,04:00,06:00,2,0.91
C11,2026-08-30,06:00,08:00,6,0.96
C11,2026-08-30,08:00,10:00,6,0.86
C11,2026-08-30,10:00,12:00,2,0.88
C11,2026-08-30,12:00,14:00,1,0.83
C11,2026-08-30,14:00,16:00,3,0.93
C11,2026-08-30,16:00,18:00,3,0.94
C11,2026-08-30,18:00,20:00,4,0.94
C11,2026-08-30,20:00,22:00,8,0.75
C11,2026-08-30,22:00,00:00,3,0.91
C12,2026-08-30,00:00,02:00,0,0.84
C12,2026-08-30,02:00,04:00,3,0.8
C12,2026-08-30,04:00,06:00,1,0.84
C12,2026-08-30,06:00,08:00,3,0.83
C12,2026-08-30,08:00,10:00,6,0.81
C12,2026-08-30,10:00,12:00,3,0.97
C12,2026-08-30,12:00,14:00,1,0.76
C12,2026-08-30,14:00,16:00,7,0.86
C12,2026-08-30,16:00,18:00,1,0.79
C12,2026-08-30,18:00,20:00,4,0.87
C12,2026-08-30,20:00,22:00,0,0.86
C12,2026-08-30,22:00,00:00,0,0.96
C13,2026-08-30,00:00,02:00,1,0.85
C13,2026-08-30,02:00,04:00,0,0.9
C13,2026-08-30,04:00,06:00,2,0.82
C13,2026-08-30,06:00,08:00,4,0.96
C13,2026-08-30,08:00,10:00,3,0.89
C13,2026-08-30,10:00,12:00,3,0.76
C13,2026-08-30,12:00,14:00,2,0.77
C13,2026-08-30,14:00,16:00,1,0.86
C13,2026-08-30,16:00,18:00,4,0.9
C13,2026-08-30,18:00,20:00,4,0.93
C13,2026-08-30,20:00,22:00,1,0.91
C13,2026-08-30,22:00,00:00,4,0.94
C14,2026-08-30,00:00,02:00,2,0.89
C14,2026-08-30,02:00,04:00,5,0.76
C14,2026-08-30,04:00,06:00,2,0.92
C14,2026-08-30,06:00,08:00,3,0.74
C14,2026-08-30,08:00,10:00,2,0.85
C14,2026-08-30,10:00,12:00,2,0.95
C14,2026-08-30,12:00,14:00,1,0.95
C14,2026-08-30,14:00,16:00,4,0.8
C14,2026-08-30,16:00,18:00,0,0.92
C14,2026-08-30,18:00,20:00,4,0.95
C14,2026-08-30,20:00,22:00,2,0.76
C14,2026-08-30,22:00,00:00,1,0.86
C15,2026-08-30,00:00,02:00,3,0.72
C15,2026-08-30,02:00,04:00,3,0.86
C15,2026-08-30,04:00,06:00,2,0.73
C15,2026-08-30,06:00,08:00,4,0.92
C15,2026-08-30,08:00,10:00,2,0.82
C15,2026-08-30,10:00,12:00,2,0.77
C15,2026-08-30,12:00,14:00,3,0.77
C15,2026-08-30,14:00,16:00,4,0.86
C15,2026-08-30,16:00,18:00,1,0.76
C15,2026-08-30,18:00,20:00,8,0.75
C15,2026-08-30,20:00,22:00,5,0.88
C15,2026-08-30,22:00,00:00,0,0.86
C16,2026-08-30,00:00,02:00,0,0.83
C16,2026-08-30,02:00,04:00,2,0.79
C16,2026-08-30,04:00,06:00,3,0.74
C16,2026-08-30,06:00,08:00,4,0.82
C16,2026-08-30,08:00,10:00,2,0.94
C16,2026-08-30,10:00,12:00,1,0.94
C16,2026-08-30,12:00,14:00,3,0.8
C16,2026-08-30,14:00,16:00,2,0.74
C16,2026-08-30,16:00,18:00,1,0.78
C16,2026-08-30,18:00,20:00,4,0.88
C16,2026-08-30,20:00,22:00,4,0.82
C16,2026-08-30,22:00,00:00,4,0.83
C17,2026-08-30,00:00,02:00,2,0.9
C17,2026-08-30,02:00,04:00,1,0.84
C17,2026-08-30,04:00,06:00,3,0.96
C17,2026-08-30,06:00,08:00,4,0.78
C17,2026-08-30,08:00,10:00,1,0.92
C17,2026-08-30,10:00,12:00,0,0.75
C17,2026-08-30,12:00,14:00,2,0.8
C17,2026-08-30,14:00,16:00,2,0.97
C17,2026-08-30,16:00,18:00,3,0.76
C17,2026-08-30,18:00,20:00,4,0.94
C17,2026-08-30,20:00,22:00,6,0.93
C17,2026-08-30,22:00,00:00,4,0.84
C18,2026-08-30,00:00,02:00,1,0.95
C18,2026-08-30,02:00,04:00,1,0.84
C18,2026-08-30,04:00,06:00,2,0.94
C18,2026-08-30,06:00,08:00,9,0.95
C18,2026-08-30,08:00,10:00,2,0.75
C18,2026-08-30,10:00,12:00,0,0.87
C18,2026-08-30,12:00,14:00,2,0.76
C18,2026-08-30,14:00,16:00,2,0.93
C18,2026-08-30,16:00,18:00,1,0.86
C18,2026-08-30,18:00,20:00,2,0.89
C18,2026-08-30,20:00,22:00,4,0.78
C18,2026-08-30,22:00,00:00,2,0.77
C19,2026-08-30,00:00,02:00,2,0.8
C19,2026-08-30,02:00,04:00,4,0.87
C19,2026-08-30,04:00,06:00,1,0.74
C19,2026-08-30,06:00,08:00,3,0.96
C19,2026-08-30,08:00,10:00,2,0.83
C19,2026-08-30,10:00,12:00,2,0.92
C19,2026-08-30,12:00,14:00,3,0.77
C19,2026-08-30,14:00,16:00,3,0.8
C19,2026-08-30,16:00,18:00,4,0.79
C19,2026-08-30,18:00,20:00,4,0.97
C19,2026-08-30,20:00,22:00,7,0.93
C19,2026-08-30,22:00,00:00,0,0.95
C20,2026-08-30,00:00,02:00,3,0.87
C20,2026-08-30,02:00,04:00,1,0.9
C20,2026-08-30,04:00,06:00,2,0.78
C20,2026-08-30,06:00,08:00,3,0.72
C20,2026-08-30,08:00,10:00,7,0.72
C20,2026-08-30,10:00,12:00,2,0.9
C20,2026-08-30,12:00,14:00,3,0.72
C20,2026-08-30,14:00,16:00,1,0.86
C20,2026-08-30,16:00,18:00,1,0.9
C20,2026-08-30,18:00,20:00,7,0.88
C20,2026-08-30,20:00,22:00,6,0.83
C20,2026-08-30,22:00,00:00,1,0.79
C01,2026-08-31,00:00,02:00,1,0.8
C01,2026-08-31,02:00,04:00,2,0.83
C01,2026-08-31,04:00,06:00,2,0.94
C01,2026-08-31,06:00,08:00,5,0.84
C01,2026-08-31,08:00,10:00,4,0.94
C01,2026-08-31,10:00,12:00,2,0.93
C01,2026-08-31,12:00,14:00,2,0.72
C01,2026-08-31,14:00,16:00,2,0.9
C01,2026-08-31,16:00,18:00,1,0.81
C01,2026-08-31,18:00,20:00,6,0.95
C01,2026-08-31,20:00,22:00,3,0.95
C01,2026-08-31,22:00,00:00,1,0.79
C02,2026-08-31,00:00,02:00,2,0.73
C02,2026-08-31,02:00,04:00,0,0.77
C02,2026-08-31,04:00,06:00,2,0.91
C02,2026-08-31,06:00,08:00,9,0.75
C02,2026-08-31,08:00,10:00,6,0.73
C02,2026-08-31,10:00,12:00,3,0.94
C02,2026-08-31,12:00,14:00,1,0.76
C02,2026-08-31,14:00,16:00,2,0.85
C02,2026-08-31,16:00,18:00,1,0.76
C02,2026-08-31,18:00,20:00,4,0.82
C02,2026-08-31,20:00,22:00,3,0.74
C02,2026-08-31,22:00,00:00,3,0.84
C03,2026-08-31,00:00,02:00,1,0.83
C03,2026-08-31,02:00,04:00,1,0.85
C03,2026-08-31,04:00,06:00,2,0.81
C03,2026-08-31,06:00,08:00,4,0.73
C03,2026-08-31,08:00,10:00,4,0.87
C03,2026-08-31,10:00,12:00,1,0.83
C03,2026-08-31,12:00,14:00,2,0.82
C03,2026-08-31,14:00,16:00,1,0.91
C03,2026-08-31,16:00,18:00,1,0.74
C03,2026-08-31,18:00,20:00,5,0.95
C03,2026-08-31,20:00,22:00,3,0.93
C03,2026-08-31,22:00,00:00,2,0.92
C04,2026-08-31,00:00,02:00,3,0.81
C04,2026-08-31,02:00,04:00,3,0.95
C04,2026-08-31,04:00,06:00,3,0.85
C04,2026-08-31,06:00,08:00,5,0.78
C04,2026-08-31,08:00,10:00,3,0.77
C04,2026-08-31,10:00,12:00,2,0.89
C04,2026-08-31,12:00,14:00,0,0.83
C04,2026-08-31,14:00,16:00,2,0.89
C04,2026-08-31,16:00,18:00,2,0.95
C04,2026-08-31,18:00,20:00,4,0.79
C04,2026-08-31,20:00,22:00,4,0.75
C04,2026-08-31,22:00,00:00,1,0.82
C05,2026-08-31,00:00,02:00,0,0.88
C05,2026-08-31,02:00,04:00,0,0.97
C05,2026-08-31,04:00,06:00,2,0.82
C05,2026-08-31,06:00,08:00,2,0.75
C05,2026-08-31,08:00,10:00,5,0.72
C05,2026-08-31,10:00,12:00,2,0.86
C05,2026-08-31,12:00,14:00,1,0.84
C05,2026-08-31,14:00,16:00,2,0.73
C05,2026-08-31,16:00,18:00,3,0.93
C05,2026-08-31,18:00,20:00,1,0.78
C05,2026-08-31,20:00,22:00,3,0.91
C05,2026-08-31,22:00,00:00,2,0.87
C06,2026-08-31,00:00,02:00,3,0.87
C06,2026-08-31,02:00,04:00,5,0.94
C06,2026-08-31,04:00,06:00,3,0.96
C06,2026-08-31,06:00,08:00,7,0.78
C06,2026-08-31,08:00,10:00,4,0.76
C06,2026-08-31,10:00,12:00,1,0.81
C06,2026-08-31,12:00,14:00,1,0.79
C06,2026-08-31,14:00,16:00,1,0.84
C06,2026-08-31,16:00,18:00,0,0.77
C06,2026-08-31,18:00,20:00,5,0.9
C06,2026-08-31,20:00,22:00,4,0.84
C06,2026-08-31,22:00,00:00,1,0.93
C07,2026-08-31,00:00,02:00,6,0.84
C07,2026-08-31,02:00,04:00,2,0.8
C07,2026-08-31,04:00,06:00,4,0.75
C07,2026-08-31,06:00,08:00,3,0.87
C07,2026-08-31,08:00,10:00,2,0.77
C07,2026-08-31,10:00,12:00,3,0.88
C07,2026-08-31,12:00,14:00,3,0.75
C07,2026-08-31,14:00,16:00,0,0.91
C07,2026-08-31,16:00,18:00,1,0.86
C07,2026-08-31,18:00,20:00,4,0.89
C07,2026-08-31,20:00,22:00,2,0.72
C07,2026-08-31,22:00,00:00,0,0.74
C08,2026-08-31,00:00,02:00,0,0.73
C08,2026-08-31,02:00,04:00,3,0.95
C08,2026-08-31,04:00,06:00,3,0.95
C08,2026-08-31,06:00,08:00,4,0.87
C08,2026-08-31,08:00,10:00,5,0.91
C08,2026-08-31,10:00,12:00,3,0.93
C08,2026-08-31,12:00,14:00,2,0.76
C08,2026-08-31,14:00,16:00,3,0.81
C08,2026-08-31,16:00,18:00,2,0.82
C08,2026-08-31,18:00,20:00,5,0.73
C08,2026-08-31,20:00,22:00,2,0.95
C08,2026-08-31,22:00,00:00,2,0.92
C09,2026-08-31,00:00,02:00,0,0.91
C09,2026-08-31,02:00,04:00,0,0.96
C09,2026-08-31,04:00,06:00,1,0.78
C09,2026-08-31,06:00,08:00,1,0.93
C09,2026-08-31,08:00,10:00,6,0.76
C09,2026-08-31,10:00,12:00,1,0.91
C09,2026-08-31,12:00,14:00,1,0.73
C09,2026-08-31,14:00,16:00,2,0.85
C09,2026-08-31,16:00,18:00,2,0.93
C09,2026-08-31,18:00,20:00,7,0.92
C09,2026-08-31,20:00,22:00,6,0.79
C09,2026-08-31,22:00,00:00,3,0.85
C10,2026-08-31,00:00,02:00,2,0.74
C10,2026-08-31,02:00,04:00,2,0.75
C10,2026-08-31,04:00,06:00,1,0.81
C10,2026-08-31,06:00,08:00,10,0.95
C10,2026-08-31,08:00,10:00,6,0.93
C10,2026-08-31,10:00,12:00,0,0.91
C10,2026-08-31,12:00,14:00,3,0.81
C10,2026-08-31,14:00,16:00,0,0.87
C10,2026-08-31,16:00,18:00,0,0.9
C10,2026-08-31,18:00,20:00,0,0.86
C10,2026-08-31,20:00,22:00,4,0.96
C10,2026-08-31,22:00,00:00,1,0.77
C11,2026-08-31,00:00,02:00,2,0.96
C11,2026-08-31,02:00,04:00,1,0.78
C11,2026-08-31,04:00,06:00,2,0.91
C11,2026-08-31,06:00,08:00,6,0.85
C11,2026-08-31,08:00,10:00,3,0.74
C11,2026-08-31,10:00,12:00,1,0.92
C11,2026-08-31,12:00,14:00,2,0.82
C11,2026-08-31,14:00,16:00,3,0.89
C11,2026-08-31,16:00,18:00,0,0.78
C11,2026-08-31,18:00,20:00,5,0.85
C11,2026-08-31,20:00,22:00,5,0.8
C11,2026-08-31,22:00,00:00,3,0.81
C12,2026-08-31,00:00,02:00,0,0.94
C12,2026-08-31,02:00,04:00,3,0.91
C12,2026-08-31,04:00,06:00,5,0.84
C12,2026-08-31,06:00,08:00,6,0.83
C12,2026-08-31,08:00,10:00,5,0.83
C12,2026-08-31,10:00,12:00,3,0.79
C12,2026-08-31,12:00,14:00,1,0.95
C12,2026-08-31,14:00,16:00,2,0.86
C12,2026-08-31,16:00,18:00,0,0.82
C12,2026-08-31,18:00,20:00,4,0.77
C12,2026-08-31,20:00,22:00,2,0.83
C12,2026-08-31,22:00,00:00,1,0.91
C13,2026-08-31,00:00,02:00,4,0.85
C13,2026-08-31,02:00,04:00,2,0.94
C13,2026-08-31,04:00,06:00,2,0.77
C13,2026-08-31,06:00,08:00,3,0.81
C13,2026-08-31,08:00,10:00,3,0.84
C13,2026-08-31,10:00,12:00,1,0.85
C13,2026-08-31,12:00,14:00,3,0.73
C13,2026-08-31,14:00,16:00,1,0.84
C13,2026-08-31,16:00,18:00,4,0.92
C13,2026-08-31,18:00,20:00,8,0.75
C13,2026-08-31,20:00,22:00,3,0.81
C13,2026-08-31,22:00,00:00,3,0.86
C14,2026-08-31,00:00,02:00,4,0.94
C14,2026-08-31,02:00,04:00,2,0.91
C14,2026-08-31,04:00,06:00,1,0.74
C14,2026-08-31,06:00,08:00,7,0.94
C14,2026-08-31,08:00,10:00,2,0.91
C14,2026-08-31,10:00,12:00,2,0.88
C14,2026-08-31,12:00,14:00,1,0.86
C14,2026-08-31,14:00,16:00,1,0.97
C14,2026-08-31,16:00,18:00,2,0.91
C14,2026-08-31,18:00,20:00,5,0.79
C14,2026-08-31,20:00,22:00,9,0.77
C14,2026-08-31,22:00,00:00,2,0.87
C15,2026-08-31,00:00,02:00,0,0.93
C15,2026-08-31,02:00,04:00,1,0.79
C15,2026-08-31,04:00,06:00,2,0.83
C15,2026-08-31,06:00,08:00,3,0.74
C15,2026-08-31,08:00,10:00,4,0.87
C15,2026-08-31,10:00,12:00,1,0.88
C15,2026-08-31,12:00,14:00,3,0.82
C15,2026-08-31,14:00,16:00,2,0.78
C15,2026-08-31,16:00,18:00,3,0.9
C15,2026-08-31,18:00,20:00,5,0.92
C15,2026-08-31,20:00,22:00,5,0.82
C15,2026-08-31,22:00,00:00,1,0.91
C16,2026-08-31,00:00,02:00,3,0.73
C16,2026-08-31,02:00,04:00,3,0.72
C16,2026-08-31,04:00,06:00,2,0.92
C16,2026-08-31,06:00,08:00,6,0.72
C16,2026-08-31,08:00,10:00,1,0.76
C16,2026-08-31,10:00,12:00,1,0.91
C16,2026-08-31,12:00,14:00,0,0.78
C16,2026-08-31,14:00,16:00,5,0.83
C16,2026-08-31,16:00,18:00,1,0.96
C16,2026-08-31,18:00,20:00,4,0.76
C16,2026-08-31,20:00,22:00,4,0.86
C16,2026-08-31,22:00,00:00,2,0.83
C17,2026-08-31,00:00,02:00,2,0.82
C17,2026-08-31,02:00,04:00,4,0.82
C17,2026-08-31,04:00,06:00,2,0.95
C17,2026-08-31,06:00,08:00,2,0.87
C17,2026-08-31,08:00,10:00,3,0.77
C17,2026-08-31,10:00,12:00,4,0.82
C17,2026-08-31,12:00,14:00,2,0.74
C17,2026-08-31,14:00,16:00,3,0.74
C17,2026-08-31,16:00,18:00,0,0.76
C17,2026-08-31,18:00,20:00,3,0.96
C17,2026-08-31,20:00,22:00,5,0.96
C17,2026-08-31,22:00,00:00,1,0.92
C18,2026-08-31,00:00,02:00,1,0.84
C18,2026-08-31,02:00,04:00,0,0.81
C18,2026-08-31,04:00,06:00,2,0.79
C18,2026-08-31,06:00,08:00,6,0.74
C18,2026-08-31,08:00,10:00,5,0.95
C18,2026-08-31,10:00,12:00,5,0.95
C18,2026-08-31,12:00,14:00,2,0.91
C18,2026-08-31,14:00,16:00,0,0.83
C18,2026-08-31,16:00,18:00,3,0.78
C18,2026-08-31,18:00,20:00,2,0.95
C18,2026-08-31,20:00,22:00,4,0.77
C18,2026-08-31,22:00,00:00,1,0.77
C19,2026-08-31,00:00,02:00,2,0.87
C19,2026-08-31,02:00,04:00,1,0.8
C19,2026-08-31,04:00,06:00,3,0.92
C19,2026-08-31,06:00,08:00,4,0.82
C19,2026-08-31,08:00,10:00,2,0.92
C19,2026-08-31,10:00,12:00,3,0.85
C19,2026-08-31,12:00,14:00,2,0.73
C19,2026-08-31,14:00,16:00,0,0.97
C19,2026-08-31,16:00,18:00,4,0.89
C19,2026-08-31,18:00,20:00,2,0.86
C19,2026-08-31,20:00,22:00,6,0.86
C19,2026-08-31,22:00,00:00,0,0.78
C20,2026-08-31,00:00,02:00,3,0.81
C20,2026-08-31,02:00,04:00,3,0.89
C20,2026-08-31,04:00,06:00,3,0.73
C20,2026-08-31,06:00,08:00,5,0.92
C20,2026-08-31,08:00,10:00,2,0.95
C20,2026-08-31,10:00,12:00,0,0.93
C20,2026-08-31,12:00,14:00,2,0.95
C20,2026-08-31,14:00,16:00,2,0.82
C20,2026-08-31,16:00,18:00,1,0.78
C20,2026-08-31,18:00,20:00,3,0.73
C20,2026-08-31,20:00,22:00,3,0.97
C20,2026-08-31,22:00,00:00,0,0.84
C01,2026-09-01,00:00,02:00,4,0.94
C01,2026-09-01,02:00,04:00,1,0.85
C01,2026-09-01,04:00,06:00,1,0.86
C01,2026-09-01,06:00,08:00,3,0.74
C01,2026-09-01,08:00,10:00,4,0.96
C01,2026-09-01,10:00,12:00,2,0.85
C01,2026-09-01,12:00,14:00,2,0.77
C01,2026-09-01,14:00,16:00,3,0.82
C01,2026-09-01,16:00,18:00,3,0.74
C01,2026-09-01,18:00,20:00,2,0.94
C01,2026-09-01,20:00,22:00,9,0.86
C01,2026-09-01,22:00,00:00,2,0.81
C02,2026-09-01,00:00,02:00,1,0.89
C02,2026-09-01,02:00,04:00,2,0.74
C02,2026-09-01,04:00,06:00,4,0.94
C02,2026-09-01,06:00,08:00,3,0.77
C02,2026-09-01,08:00,10:00,3,0.93
C02,2026-09-01,10:00,12:00,0,0.84
C02,2026-09-01,12:00,14:00,2,0.88
C02,2026-09-01,14:00,16:00,1,0.91
C02,2026-09-01,16:00,18:00,1,0.86
C02,2026-09-01,18:00,20:00,8,0.77
C02,2026-09-01,20:00,22:00,4,0.89
C02,2026-09-01,22:00,00:00,0,0.72
C03,2026-09-01,00:00,02:00,2,0.76
C03,2026-09-01,02:00,04:00,2,0.72
C03,2026-09-01,04:00,06:00,1,0.9
C03,2026-09-01,06:00,08:00,2,0.81
C03,2026-09-01,08:00,10:00,4,0.75
C03,2026-09-01,10:00,12:00,2,0.88
C03,2026-09-01,12:00,14:00,0,0.96
C03,2026-09-01,14:00,16:00,0,0.83
C03,2026-09-01,16:00,18:00,3,0.95
C03,2026-09-01,18:00,20:00,5,0.76
C03,2026-09-01,20:00,22:00,2,0.9
C03,2026-09-01,22:00,00:00,3,0.88
C04,2026-09-01,00:00,02:00,1,0.88
C04,2026-09-01,02:00,04:00,5,0.9
C04,2026-09-01,04:00,06:00,3,0.89
C04,2026-09-01,06:00,08:00,0,0.73
C04,2026-09-01,08:00,10:00,2,0.8
C04,2026-09-01,10:00,12:00,3,0.86
C04,2026-09-01,12:00,14:00,1,0.83
C04,2026-09-01,14:00,16:00,1,0.92
C04,2026-09-01,16:00,18:00,1,0.83
C04,2026-09-01,18:00,20:00,2,0.89
C04,2026-09-01,20:00,22:00,3,0.78
C04,2026-09-01,22:00,00:00,4,0.96
C05,2026-09-01,00:00,02:00,0,0.88
C05,2026-09-01,02:00,04:00,2,0.82
C05,2026-09-01,04:00,06:00,3,0.82
C05,2026-09-01,06:00,08:00,3,0.78
C05,2026-09-01,08:00,10:00,4,0.96
C05,2026-09-01,10:00,12:00,3,0.92
C05,2026-09-01,12:00,14:00,2,0.8
C05,2026-09-01,14:00,16:00,2,0.74
C05,2026-09-01,16:00,18:00,1,0.86
C05,2026-09-01,18:00,20:00,4,0.96
C05,2026-09-01,20:00,22:00,1,0.91
C05,2026-09-01,22:00,00:00,4,0.79
C06,2026-09-01,00:00,02:00,2,0.92
C06,2026-09-01,02:00,04:00,1,0.94
C06,2026-09-01,04:00,06:00,2,0.87
C06,2026-09-01,06:00,08:00,7,0.82
C06,2026-09-01,08:00,10:00,3,0.96
C06,2026-09-01,10:00,12:00,5,0.86
C06,2026-09-01,12:00,14:00,1,0.8
C06,2026-09-01,14:00,16:00,5,0.74
C06,2026-09-01,16:00,18:00,3,0.8
C06,2026-09-01,18:00,20:00,0,0.81
C06,2026-09-01,20:00,22:00,6,0.72
C06,2026-09-01,22:00,00:00,3,0.79
C07,2026-09-01,00:00,02:00,0,0.73
C07,2026-09-01,02:00,04:00,2,0.9
C07,2026-09-01,04:00,06:00,1,0.8
C07,2026-09-01,06:00,08:00,3,0.76
C07,2026-09-01,08:00,10:00,3,0.84
C07,2026-09-01,10:00,12:00,1,0.83
C07,2026-09-01,12:00,14:00,3,0.81
C07,2026-09-01,14:00,16:00,0,0.89
C07,2026-09-01,16:00,18:00,1,0.89
C07,2026-09-01,18:00,20:00,6,0.72
C07,2026-09-01,20:00,22:00,5,0.82
C07,2026-09-01,22:00,00:00,1,0.81
C08,2026-09-01,00:00,02:00,0,0.74
C08,2026-09-01,02:00,04:00,3,0.82
C08,2026-09-01,04:00,06:00,0,0.9
C08,2026-09-01,06:00,08:00,4,0.84
C08,2026-09-01,08:00,10:00,5,0.75
C08,2026-09-01,10:00,12:00,5,0.89
C08,2026-09-01,12:00,14:00,5,0.77
C08,2026-09-01,14:00,16:00,2,0.9
C08,2026-09-01,16:00,18:00,4,0.9
C08,2026-09-01,18:00,20:00,6,0.9
C08,2026-09-01,20:00,22:00,4,0.84
C08,2026-09-01,22:00,00:00,2,0.82
C09,2026-09-01,00:00,02:00,3,0.83
C09,2026-09-01,02:00,04:00,4,0.84
C09,2026-09-01,04:00,06:00,4,0.81
C09,2026-09-01,06:00,08:00,4,0.91
C09,2026-09-01,08:00,10:00,3,0.77
C09,2026-09-01,10:00,12:00,0,0.86
C09,2026-09-01,12:00,14:00,2,0.73
C09,2026-09-01,14:00,16:00,3,0.75
C09,2026-09-01,16:00,18:00,2,0.92
C09,2026-09-01,18:00,20:00,3,0.88
C09,2026-09-01,20:00,22:00,4,0.74
C09,2026-09-01,22:00,00:00,4,0.79
C10,2026-09-01,00:00,02:00,1,0.73
C10,2026-09-01,02:00,04:00,3,0.84
C10,2026-09-01,04:00,06:00,2,0.94
C10,2026-09-01,06:00,08:00,2,0.84
C10,2026-09-01,08:00,10:00,2,0.89
C10,2026-09-01,10:00,12:00,3,0.73
C10,2026-09-01,12:00,14:00,4,0.76
C10,2026-09-01,14:00,16:00,1,0.75
C10,2026-09-01,16:00,18:00,2,0.74
C10,2026-09-01,18:00,20:00,2,0.76
C10,2026-09-01,20:00,22:00,3,0.78
C10,2026-09-01,22:00,00:00,3,0.77
C11,2026-09-01,00:00,02:00,3,0.85
C11,2026-09-01,02:00,04:00,3,0.86
C11,2026-09-01,04:00,06:00,2,0.82
C11,2026-09-01,06:00,08:00,2,0.76
C11,2026-09-01,08:00,10:00,7,0.79
C11,2026-09-01,10:00,12:00,2,0.83
C11,2026-09-01,12:00,14:00,2,0.89
C11,2026-09-01,14:00,16:00,1,0.77
C11,2026-09-01,16:00,18:00,3,0.89
C11,2026-09-01,18:00,20:00,6,0.93
C11,2026-09-01,20:00,22:00,4,0.82
C11,2026-09-01,22:00,00:00,3,0.8
C12,2026-09-01,00:00,02:00,2,0.94
C12,2026-09-01,02:00,04:00,1,0.76
C12,2026-09-01,04:00,06:00,1,0.94
C12,2026-09-01,06:00,08:00,6,0.74
C12,2026-09-01,08:00,10:00,5,0.83
C12,2026-09-01,10:00,12:00,0,0.75
C12,2026-09-01,12:00,14:00,4,0.73
C12,2026-09-01,14:00,16:00,3,0.81
C12,2026-09-01,16:00,18:00,5,0.84
C12,2026-09-01,18:00,20:00,3,0.84
C12,2026-09-01,20:00,22:00,1,0.81
C12,2026-09-01,22:00,00:00,2,0.85
C13,2026-09-01,00:00,02:00,4,0.94
C13,2026-09-01,02:00,04:00,1,0.75
C13,2026-09-01,04:00,06:00,4,0.9
C13,2026-09-01,06:00,08:00,4,0.73
C13,2026-09-01,08:00,10:00,2,0.75
C13,2026-09-01,10:00,12:00,2,0.82
C13,2026-09-01,12:00,14:00,1,0.77
C13,2026-09-01,14:00,16:00,4,0.94
C13,2026-09-01,16:00,18:00,2,0.85
C13,2026-09-01,18:00,20:00,6,0.73
C13,2026-09-01,20:00,22:00,2,0.78
C13,2026-09-01,22:00,00:00,3,0.86
C14,2026-09-01,00:00,02:00,2,0.77
C14,2026-09-01,02:00,04:00,1,0.78
C14,2026-09-01,04:00,06:00,2,0.74
C14,2026-09-01,06:00,08:00,2,0.82
C14,2026-09-01,08:00,10:00,6,0.93
C14,2026-09-01,10:00,12:00,2,0.73
C14,2026-09-01,12:00,14:00,3,0.93
C14,2026-09-01,14:00,16:00,1,0.93
C14,2026-09-01,16:00,18:00,2,0.74
C14,2026-09-01,18:00,20:00,5,0.93
C14,2026-09-01,20:00,22:00,1,0.93
C14,2026-09-01,22:00,00:00,1,0.93
C15,2026-09-01,00:00,02:00,3,0.95
C15,2026-09-01,02:00,04:00,4,0.89
C15,2026-09-01,04:00,06:00,1,0.92
C15,2026-09-01,06:00,08:00,2,0.78
C15,2026-09-01,08:00,10:00,5,0.74
C15,2026-09-01,10:00,12:00,2,0.95
C15,2026-09-01,12:00,14:00,5,0.83
C15,2026-09-01,14:00,16:00,1,0.85
C15,2026-09-01,16:00,18:00,2,0.88
C15,2026-09-01,18:00,20:00,1,0.85
C15,2026-09-01,20:00,22:00,2,0.84
C15,2026-09-01,22:00,00:00,1,0.87
C16,2026-09-01,00:00,02:00,2,0.84
C16,2026-09-01,02:00,04:00,2,0.72
C16,2026-09-01,04:00,06:00,1,0.93
C16,2026-09-01,06:00,08:00,6,0.8
C16,2026-09-01,08:00,10:00,6,0.95
C16,2026-09-01,10:00,12:00,0,0.77
C16,2026-09-01,12:00,14:00,1,0.89
C16,2026-09-01,14:00,16:00,1,0.83
C16,2026-09-01,16:00,18:00,2,0.77
C16,2026-09-01,18:00,20:00,4,0.74
C16,2026-09-01,20:00,22:00,2,0.76
C16,2026-09-01,22:00,00:00,2,0.94
C17,2026-09-01,00:00,02:00,3,0.74
C17,2026-09-01,02:00,04:00,6,0.94
C17,2026-09-01,04:00,06:00,1,0.88
C17,2026-09-01,06:00,08:00,2,0.93
C17,2026-09-01,08:00,10:00,3,0.75
C17,2026-09-01,10:00,12:00,1,0.88
C17,2026-09-01,12:00,14:00,2,0.77
C17,2026-09-01,14:00,16:00,4,0.92
C17,2026-09-01,16:00,18:00,1,0.83
C17,2026-09-01,18:00,20:00,5,0.91
C17,2026-09-01,20:00,22:00,2,0.96
C17,2026-09-01,22:00,00:00,1,0.73
C18,2026-09-01,00:00,02:00,0,0.74
C18,2026-09-01,02:00,04:00,1,0.91
C18,2026-09-01,04:00,06:00,1,0.85
C18,2026-09-01,06:00,08:00,4,0.8
C18,2026-09-01,08:00,10:00,6,0.78
C18,2026-09-01,10:00,12:00,5,0.72
C18,2026-09-01,12:00,14:00,2,0.83
C18,2026-09-01,14:00,16:00,4,0.89
C18,2026-09-01,16:00,18:00,1,0.82
C18,2026-09-01,18:00,20:00,6,0.84
C18,2026-09-01,20:00,22:00,5,0.81
C18,2026-09-01,22:00,00:00,4,0.77
C19,2026-09-01,00:00,02:00,2,0.76
C19,2026-09-01,02:00,04:00,4,0.91
C19,2026-09-01,04:00,06:00,1,0.88
C19,2026-09-01,06:00,08:00,5,0.83
C19,2026-09-01,08:00,10:00,3,0.94
C19,2026-09-01,10:00,12:00,1,0.92
C19,2026-09-01,12:00,14:00,1,0.87
C19,2026-09-01,14:00,16:00,2,0.77
C19,2026-09-01,16:00,18:00,1,0.81
C19,2026-09-01,18:00,20:00,5,0.79
C19,2026-09-01,20:00,22:00,4,0.72
C19,2026-09-01,22:00,00:00,3,0.96
C20,2026-09-01,00:00,02:00,4,0.9
C20,2026-09-01,02:00,04:00,3,0.72
C20,2026-09-01,04:00,06:00,5,0.76
C20,2026-09-01,06:00,08:00,6,0.78
C20,2026-09-01,08:00,10:00,3,0.72
C20,2026-09-01,10:00,12:00,3,0.94
C20,2026-09-01,12:00,14:00,2,0.94
C20,2026-09-01,14:00,16:00,1,0.73
C20,2026-09-01,16:00,18:00,4,0.82
C20,2026-09-01,18:00,20:00,4,0.75
C20,2026-09-01,20:00,22:00,2,0.78
C20,2026-09-01,22:00,00:00,4,0.79
C01,2026-09-02,00:00,02:00,3,0.89
C01,2026-09-02,02:00,04:00,2,0.74
C01,2026-09-02,04:00,06:00,1,0.86
C01,2026-09-02,06:00,08:00,5,0.85
C01,2026-09-02,08:00,10:00,3,0.88
C01,2026-09-02,10:00,12:00,1,0.83
C01,2026-09-02,12:00,14:00,1,0.97
C01,2026-09-02,14:00,16:00,1,0.92
C01,2026-09-02,16:00,18:00,2,0.82
C01,2026-09-02,18:00,20:00,2,0.82
C01,2026-09-02,20:00,22:00,5,0.87
C01,2026-09-02,22:00,00:00,1,0.95
C02,2026-09-02,00:00,02:00,2,0.77
C02,2026-09-02,02:00,04:00,1,0.88
C02,2026-09-02,04:00,06:00,5,0.84
C02,2026-09-02,06:00,08:00,4,0.95
C02,2026-09-02,08:00,10:00,6,0.83
C02,2026-09-02,10:00,12:00,2,0.93
C02,2026-09-02,12:00,14:00,5,0.92
C02,2026-09-02,14:00,16:00,3,0.8
C02,2026-09-02,16:00,18:00,1,0.93
C02,2026-09-02,18:00,20:00,4,0.76
C02,2026-09-02,20:00,22:00,7,0.93
C02,2026-09-02,22:00,00:00,2,0.89
C03,2026-09-02,00:00,02:00,2,0.94
C03,2026-09-02,02:00,04:00,1,0.74
C03,2026-09-02,04:00,06:00,1,0.78
C03,2026-09-02,06:00,08:00,5,0.75
C03,2026-09-02,08:00,10:00,4,0.84
C03,2026-09-02,10:00,12:00,1,0.83
C03,2026-09-02,12:00,14:00,2,0.89
C03,2026-09-02,14:00,16:00,1,0.89
C03,2026-09-02,16:00,18:00,2,0.8
C03,2026-09-02,18:00,20:00,4,0.73
C03,2026-09-02,20:00,22:00,3,0.86
C03,2026-09-02,22:00,00:00,3,0.92
C04,2026-09-02,00:00,02:00,3,0.96
C04,2026-09-02,02:00,04:00,2,0.81
C04,2026-09-02,04:00,06:00,4,0.78
C04,2026-09-02,06:00,08:00,6,0.94
C04,2026-09-02,08:00,10:00,3,0.74
C04,2026-09-02,10:00,12:00,2,0.95
C04,2026-09-02,12:00,14:00,0,0.91
C04,2026-09-02,14:00,16:00,0,0.75
C04,2026-09-02,16:00,18:00,0,0.96
C04,2026-09-02,18:00,20:00,2,0.83
C04,2026-09-02,20:00,22:00,5,0.96
C04,2026-09-02,22:00,00:00,2,0.86
C05,2026-09-02,00:00,02:00,1,0.96
C05,2026-09-02,02:00,04:00,3,0.75
C05,2026-09-02,04:00,06:00,3,0.8
C05,2026-09-02,06:00,08:00,10,0.78
C05,2026-09-02,08:00,10:00,1,0.85
C05,2026-09-02,10:00,12:00,3,0.72
C05,2026-09-02,12:00,14:00,2,0.77
C05,2026-09-02,14:00,16:00,1,0.91
C05,2026-09-02,16:00,18:00,0,0.84
C05,2026-09-02,18:00,20:00,4,0.95
C05,2026-09-02,20:00,22:00,5,0.74
C05,2026-09-02,22:00,00:00,2,0.79
C06,2026-09-02,00:00,02:00,1,0.84
C06,2026-09-02,02:00,04:00,1,0.82
C06,2026-09-02,04:00,06:00,0,0.84
C06,2026-09-02,06:00,08:00,6,0.95
C06,2026-09-02,08:00,10:00,7,0.89
C06,2026-09-02,10:00,12:00,1,0.77
C06,2026-09-02,12:00,14:00,3,0.76
C06,2026-09-02,14:00,16:00,4,0.97
C06,2026-09-02,16:00,18:00,2,0.85
C06,2026-09-02,18:00,20:00,3,0.75
C06,2026-09-02,20:00,22:00,6,0.84
C06,2026-09-02,22:00,00:00,0,0.85
C07,2026-09-02,00:00,02:00,0,0.77
C07,2026-09-02,02:00,04:00,0,0.74
C07,2026-09-02,04:00,06:00,2,0.86
C07,2026-09-02,06:00,08:00,8,0.87
C07,2026-09-02,08:00,10:00,3,0.87
C07,2026-09-02,10:00,12:00,1,0.75
C07,2026-09-02,12:00,14:00,1,0.84
C07,2026-09-02,14:00,16:00,1,0.73
C07,2026-09-02,16:00,18:00,2,0.87
C07,2026-09-02,18:00,20:00,6,0.92
C07,2026-09-02,20:00,22:00,3,0.91
C07,2026-09-02,22:00,00:00,0,0.94
C08,2026-09-02,00:00,02:00,1,0.93
C08,2026-09-02,02:00,04:00,2,0.73
C08,2026-09-02,04:00,06:00,4,0.84
C08,2026-09-02,06:00,08:00,4,0.95
C08,2026-09-02,08:00,10:00,9,0.79
C08,2026-09-02,10:00,12:00,2,0.83
C08,2026-09-02,12:00,14:00,1,0.89
C08,2026-09-02,14:00,16:00,1,0.94
C08,2026-09-02,16:00,18:00,4,0.9
C08,2026-09-02,18:00,20:00,3,0.84
C08,2026-09-02,20:00,22:00,5,0.84
C08,2026-09-02,22:00,00:00,3,0.82
C09,2026-09-02,00:00,02:00,0,0.81
C09,2026-09-02,02:00,04:00,2,0.79
C09,2026-09-02,04:00,06:00,2,0.85
C09,2026-09-02,06:00,08:00,5,0.92
C09,2026-09-02,08:00,10:00,4,0.87
C09,2026-09-02,10:00,12:00,4,0.95
C09,2026-09-02,12:00,14:00,6,0.91
C09,2026-09-02,14:00,16:00,3,0.95
C09,2026-09-02,16:00,18:00,6,0.8
C09,2026-09-02,18:00,20:00,1,0.88
C09,2026-09-02,20:00,22:00,2,0.77
C09,2026-09-02,22:00,00:00,2,0.95
C10,2026-09-02,00:00,02:00,2,0.89
C10,2026-09-02,02:00,04:00,2,0.76
C10,2026-09-02,04:00,06:00,1,0.76
C10,2026-09-02,06:00,08:00,7,0.74
C10,2026-09-02,08:00,10:00,4,0.96
C10,2026-09-02,10:00,12:00,2,0.95
C10,2026-09-02,12:00,14:00,0,0.86
C10,2026-09-02,14:00,16:00,2,0.81
C10,2026-09-02,16:00,18:00,1,0.96
C10,2026-09-02,18:00,20:00,1,0.83
C10,2026-09-02,20:00,22:00,5,0.78
C10,2026-09-02,22:00,00:00,3,0.9
C11,2026-09-02,00:00,02:00,0,0.79
C11,2026-09-02,02:00,04:00,1,0.93
C11,2026-09-02,04:00,06:00,4,0.79
C11,2026-09-02,06:00,08:00,4,0.93
C11,2026-09-02,08:00,10:00,1,0.8
C11,2026-09-02,10:00,12:00,0,0.93
C11,2026-09-02,12:00,14:00,3,0.81
C11,2026-09-02,14:00,16:00,2,0.81
C11,2026-09-02,16:00,18:00,1,0.94
C11,2026-09-02,18:00,20:00,2,0.88
C11,2026-09-02,20:00,22:00,2,0.91
C11,2026-09-02,22:00,00:00,0,0.86
C12,2026-09-02,00:00,02:00,2,0.88
C12,2026-09-02,02:00,04:00,0,0.93
C12,2026-09-02,04:00,06:00,0,0.94
C12,2026-09-02,06:00,08:00,2,0.8
C12,2026-09-02,08:00,10:00,3,0.72
C12,2026-09-02,10:00,12:00,3,0.86
C12,2026-09-02,12:00,14:00,2,0.85
C12,2026-09-02,14:00,16:00,1,0.94
C12,2026-09-02,16:00,18:00,3,0.88
C12,2026-09-02,18:00,20:00,2,0.77
C12,2026-09-02,20:00,22:00,6,0.81
C12,2026-09-02,22:00,00:00,2,0.83
C13,2026-09-02,00:00,02:00,0,0.8
C13,2026-09-02,02:00,04:00,3,0.85
C13,2026-09-02,04:00,06:00,0,0.88
C13,2026-09-02,06:00,08:00,3,0.73
C13,2026-09-02,08:00,10:00,3,0.83
C13,2026-09-02,10:00,12:00,2,0.76
C13,2026-09-02,12:00,14:00,2,0.77
C13,2026-09-02,14:00,16:00,2,0.84
C13,2026-09-02,16:00,18:00,3,0.73
C13,2026-09-02,18:00,20:00,8,0.85
C13,2026-09-02,20:00,22:00,3,0.96
C13,2026-09-02,22:00,00:00,1,0.92
C14,2026-09-02,00:00,02:00,2,0.95
C14,2026-09-02,02:00,04:00,3,0.85
C14,2026-09-02,04:00,06:00,2,0.77
C14,2026-09-02,06:00,08:00,4,0.85
C14,2026-09-02,08:00,10:00,5,0.93
C14,2026-09-02,10:00,12:00,1,0.88
C14,2026-09-02,12:00,14:00,4,0.76
C14,2026-09-02,14:00,16:00,2,0.73
C14,2026-09-02,16:00,18:00,2,0.93
C14,2026-09-02,18:00,20:00,8,0.88
C14,2026-09-02,20:00,22:00,5,0.79
C14,2026-09-02,22:00,00:00,2,0.77
C15,2026-09-02,00:00,02:00,2,0.92
C15,2026-09-02,02:00,04:00,1,0.87
C15,2026-09-02,04:00,06:00,4,0.75
C15,2026-09-02,06:00,08:00,5,0.86
C15,2026-09-02,08:00,10:00,5,0.85
C15,2026-09-02,10:00,12:00,2,0.85
C15,2026-09-02,12:00,14:00,2,0.91
C15,2026-09-02,14:00,16:00,0,0.8
C15,2026-09-02,16:00,18:00,2,0.86
C15,2026-09-02,18:00,20:00,3,0.85
C15,2026-09-02,20:00,22:00,4,0.89
C15,2026-09-02,22:00,00:00,2,0.75
C16,2026-09-02,00:00,02:00,2,0.77
C16,2026-09-02,02:00,04:00,5,0.95
C16,2026-09-02,04:00,06:00,0,0.76
C16,2026-09-02,06:00,08:00,8,0.8
C16,2026-09-02,08:00,10:00,6,0.81
C16,2026-09-02,10:00,12:00,1,0.95
C16,2026-09-02,12:00,14:00,4,0.78
C16,2026-09-02,14:00,16:00,2,0.9
C16,2026-09-02,16:00,18:00,2,0.84
C16,2026-09-02,18:00,20:00,6,0.84
C16,2026-09-02,20:00,22:00,4,0.93
C16,2026-09-02,22:00,00:00,1,0.76
C17,2026-09-02,00:00,02:00,2,0.78
C17,2026-09-02,02:00,04:00,2,0.8
C17,2026-09-02,04:00,06:00,3,0.83
C17,2026-09-02,06:00,08:00,1,0.96
C17,2026-09-02,08:00,10:00,0,0.84
C17,2026-09-02,10:00,12:00,1,0.91
C17,2026-09-02,12:00,14:00,1,0.94
C17,2026-09-02,14:00,16:00,4,0.88
C17,2026-09-02,16:00,18:00,3,0.81
C17,2026-09-02,18:00,20:00,4,0.74
C17,2026-09-02,20:00,22:00,4,0.75
C17,2026-09-02,22:00,00:00,1,0.89
C18,2026-09-02,00:00,02:00,1,0.72
C18,2026-09-02,02:00,04:00,3,0.94
C18,2026-09-02,04:00,06:00,3,0.93
C18,2026-09-02,06:00,08:00,3,0.74
C18,2026-09-02,08:00,10:00,2,0.74
C18,2026-09-02,10:00,12:00,4,0.76
C18,2026-09-02,12:00,14:00,1,0.93
C18,2026-09-02,14:00,16:00,3,0.96
C18,2026-09-02,16:00,18:00,1,0.92
C18,2026-09-02,18:00,20:00,5,0.74
C18,2026-09-02,20:00,22:00,4,0.86
C18,2026-09-02,22:00,00:00,1,0.96
C19,2026-09-02,00:00,02:00,2,0.97
C19,2026-09-02,02:00,04:00,3,0.95
C19,2026-09-02,04:00,06:00,3,0.97
C19,2026-09-02,06:00,08:00,4,0.91
C19,2026-09-02,08:00,10:00,3,0.74
C19,2026-09-02,10:00,12:00,0,0.94
C19,2026-09-02,12:00,14:00,3,0.94
C19,2026-09-02,14:00,16:00,3,0.76
C19,2026-09-02,16:00,18:00,1,0.75
C19,2026-09-02,18:00,20:00,2,0.89
C19,2026-09-02,20:00,22:00,2,0.95
C19,2026-09-02,22:00,00:00,1,0.88
C20,2026-09-02,00:00,02:00,1,0.72
C20,2026-09-02,02:00,04:00,1,0.96
C20,2026-09-02,04:00,06:00,1,0.76
C20,2026-09-02,06:00,08:00,2,0.92
C20,2026-09-02,08:00,10:00,3,0.72
C20,2026-09-02,10:00,12:00,1,0.92
C20,2026-09-02,12:00,14:00,0,0.77
C20,2026-09-02,14:00,16:00,2,0.75
C20,2026-09-02,16:00,18:00,2,0.82
C20,2026-09-02,18:00,20:00,5,0.97
C20,2026-09-02,20:00,22:00,3,0.93
C20,2026-09-02,22:00,00:00,0,0.83
C01,2026-09-03,00:00,02:00,0,0.77
C01,2026-09-03,02:00,04:00,5,0.94
C01,2026-09-03,04:00,06:00,8,0.82
C01,2026-09-03,06:00,08:00,4,0.91
C01,2026-09-03,08:00,10:00,5,0.85
C01,2026-09-03,10:00,12:00,2,0.94
C01,2026-09-03,12:00,14:00,4,0.85
C01,2026-09-03,14:00,16:00,2,0.79
C01,2026-09-03,16:00,18:00,3,0.91
C01,2026-09-03,18:00,20:00,4,0.9
C01,2026-09-03,20:00,22:00,6,0.94
C01,2026-09-03,22:00,00:00,0,0.85
C02,2026-09-03,00:00,02:00,4,0.85
C02,2026-09-03,02:00,04:00,2,0.82
C02,2026-09-03,04:00,06:00,1,0.84
C02,2026-09-03,06:00,08:00,1,0.82
C02,2026-09-03,08:00,10:00,7,0.79
C02,2026-09-03,10:00,12:00,2,0.79
C02,2026-09-03,12:00,14:00,2,0.78
C02,2026-09-03,14:00,16:00,3,0.9
C02,2026-09-03,16:00,18:00,1,0.95
C02,2026-09-03,18:00,20:00,1,0.95
C02,2026-09-03,20:00,22:00,3,0.9
C02,2026-09-03,22:00,00:00,3,0.79
C03,2026-09-03,00:00,02:00,2,0.73
C03,2026-09-03,02:00,04:00,4,0.72
C03,2026-09-03,04:00,06:00,0,0.82
C03,2026-09-03,06:00,08:00,1,0.87
C03,2026-09-03,08:00,10:00,5,0.93
C03,2026-09-03,10:00,12:00,0,0.96
C03,2026-09-03,12:00,14:00,2,0.72
C03,2026-09-03,14:00,16:00,2,0.94
C03,2026-09-03,16:00,18:00,2,0.93
C03,2026-09-03,18:00,20:00,5,0.94
C03,2026-09-03,20:00,22:00,3,0.87
C03,2026-09-03,22:00,00:00,3,0.83
C04,2026-09-03,00:00,02:00,2,0.77
C04,2026-09-03,02:00,04:00,2,0.81
C04,2026-09-03,04:00,06:00,1,0.89
C04,2026-09-03,06:00,08:00,0,0.82
C04,2026-09-03,08:00,10:00,2,0.9
C04,2026-09-03,10:00,12:00,0,0.78
C04,2026-09-03,12:00,14:00,2,0.92
C04,2026-09-03,14:00,16:00,0,0.88
C04,2026-09-03,16:00,18:00,3,0.88
C04,2026-09-03,18:00,20:00,4,0.73
C04,2026-09-03,20:00,22:00,1,0.74
C04,2026-09-03,22:00,00:00,2,0.78
C05,2026-09-03,00:00,02:00,2,0.87
C05,2026-09-03,02:00,04:00,1,0.77
C05,2026-09-03,04:00,06:00,1,0.84
C05,2026-09-03,06:00,08:00,4,0.94
C05,2026-09-03,08:00,10:00,6,0.78
C05,2026-09-03,10:00,12:00,1,0.78
C05,2026-09-03,12:00,14:00,0,0.96
C05,2026-09-03,14:00,16:00,2,0.94
C05,2026-09-03,16:00,18:00,4,0.89
C05,2026-09-03,18:00,20:00,4,0.84
C05,2026-09-03,20:00,22:00,6,0.75
C05,2026-09-03,22:00,00:00,2,0.88
C06,2026-09-03,00:00,02:00,0,0.72
C06,2026-09-03,02:00,04:00,4,0.96
C06,2026-09-03,04:00,06:00,7,0.86
C06,2026-09-03,06:00,08:00,2,0.76
C06,2026-09-03,08:00,10:00,3,0.85
C06,2026-09-03,10:00,12:00,4,0.8
C06,2026-09-03,12:00,14:00,4,0.94
C06,2026-09-03,14:00,16:00,3,0.96
C06,2026-09-03,16:00,18:00,0,0.81
C06,2026-09-03,18:00,20:00,7,0.73
C06,2026-09-03,20:00,22:00,8,0.89
C06,2026-09-03,22:00,00:00,2,0.93
C07,2026-09-03,00:00,02:00,1,0.92
C07,2026-09-03,02:00,04:00,1,0.86
C07,2026-09-03,04:00,06:00,2,0.89
C07,2026-09-03,06:00,08:00,3,0.8
C07,2026-09-03,08:00,10:00,2,0.88
C07,2026-09-03,10:00,12:00,3,0.72
C07,2026-09-03,12:00,14:00,4,0.79
C07,2026-09-03,14:00,16:00,1,0.89
C07,2026-09-03,16:00,18:00,3,0.75
C07,2026-09-03,18:00,20:00,5,0.9
C07,2026-09-03,20:00,22:00,3,0.73
C07,2026-09-03,22:00,00:00,1,0.78
C08,2026-09-03,00:00,02:00,1,0.89
C08,2026-09-03,02:00,04:00,2,0.92
C08,2026-09-03,04:00,06:00,5,0.86
C08,2026-09-03,06:00,08:00,7,0.88
C08,2026-09-03,08:00,10:00,2,0.84
C08,2026-09-03,10:00,12:00,2,0.76
C08,2026-09-03,12:00,14:00,2,0.8
C08,2026-09-03,14:00,16:00,2,0.81
C08,2026-09-03,16:00,18:00,1,0.87
C08,2026-09-03,18:00,20:00,3,0.94
C08,2026-09-03,20:00,22:00,4,0.75
C08,2026-09-03,22:00,00:00,2,0.86
C09,2026-09-03,00:00,02:00,6,0.79
C09,2026-09-03,02:00,04:00,3,0.89
C09,2026-09-03,04:00,06:00,1,0.87
C09,2026-09-03,06:00,08:00,6,0.78
C09,2026-09-03,08:00,10:00,3,0.83
C09,2026-09-03,10:00,12:00,3,0.97
C09,2026-09-03,12:00,14:00,1,0.78
C09,2026-09-03,14:00,16:00,0,0.83
C09,2026-09-03,16:00,18:00,1,0.78
C09,2026-09-03,18:00,20:00,5,0.76
C09,2026-09-03,20:00,22:00,1,0.74
C09,2026-09-03,22:00,00:00,4,0.73
C10,2026-09-03,00:00,02:00,1,0.79
C10,2026-09-03,02:00,04:00,2,0.85
C10,2026-09-03,04:00,06:00,5,0.82
C10,2026-09-03,06:00,08:00,5,0.84
C10,2026-09-03,08:00,10:00,4,0.88
C10,2026-09-03,10:00,12:00,3,0.75
C10,2026-09-03,12:00,14:00,1,0.91
C10,2026-09-03,14:00,16:00,2,0.93
C10,2026-09-03,16:00,18:00,2,0.84
C10,2026-09-03,18:00,20:00,4,0.79
C10,2026-09-03,20:00,22:00,4,0.92
C10,2026-09-03,22:00,00:00,2,0.93
C11,2026-09-03,00:00,02:00,1,0.82
C11,2026-09-03,02:00,04:00,5,0.85
C11,2026-09-03,04:00,06:00,5,0.96
C11,2026-09-03,06:00,08:00,5,0.81
C11,2026-09-03,08:00,10:00,4,0.73
C11,2026-09-03,10:00,12:00,2,0.95
C11,2026-09-03,12:00,14:00,5,0.88
C11,2026-09-03,14:00,16:00,4,0.89
C11,2026-09-03,16:00,18:00,5,0.8
C11,2026-09-03,18:00,20:00,4,0.9
C11,2026-09-03,20:00,22:00,1,0.81
C11,2026-09-03,22:00,00:00,2,0.87
C12,2026-09-03,00:00,02:00,5,0.93
C12,2026-09-03,02:00,04:00,4,0.76
C12,2026-09-03,04:00,06:00,2,0.83
C12,2026-09-03,06:00,08:00,4,0.86
C12,2026-09-03,08:00,10:00,4,0.75
C12,2026-09-03,10:00,12:00,2,0.82
C12,2026-09-03,12:00,14:00,2,0.91
C12,2026-09-03,14:00,16:00,2,0.9
C12,2026-09-03,16:00,18:00,1,0.89
C12,2026-09-03,18:00,20:00,4,0.77
C12,2026-09-03,20:00,22:00,2,0.78
C12,2026-09-03,22:00,00:00,3,0.75
C13,2026-09-03,00:00,02:00,3,0.84
C13,2026-09-03,02:00,04:00,3,0.96
C13,2026-09-03,04:00,06:00,5,0.77
C13,2026-09-03,06:00,08:00,3,0.74
C13,2026-09-03,08:00,10:00,3,0.89
C13,2026-09-03,10:00,12:00,0,0.92
C13,2026-09-03,12:00,14:00,2,0.73
C13,2026-09-03,14:00,16:00,2,0.73
C13,2026-09-03,16:00,18:00,4,0.81
C13,2026-09-03,18:00,20:00,3,0.78
C13,2026-09-03,20:00,22:00,4,0.77
C13,2026-09-03,22:00,00:00,4,0.76
C14,2026-09-03,00:00,02:00,0,0.84
C14,2026-09-03,02:00,04:00,2,0.94
C14,2026-09-03,04:00,06:00,1,0.77
C14,2026-09-03,06:00,08:00,9,0.77
C14,2026-09-03,08:00,10:00,4,0.83
C14,2026-09-03,10:00,12:00,4,0.93
C14,2026-09-03,12:00,14:00,4,0.87
C14,2026-09-03,14:00,16:00,1,0.83
C14,2026-09-03,16:00,18:00,4,0.93
C14,2026-09-03,18:00,20:00,7,0.74
C14,2026-09-03,20:00,22:00,4,0.94
C14,2026-09-03,22:00,00:00,4,0.78
C15,2026-09-03,00:00,02:00,5,0.97
C15,2026-09-03,02:00,04:00,2,0.8
C15,2026-09-03,04:00,06:00,1,0.9
C15,2026-09-03,06:00,08:00,4,0.75
C15,2026-09-03,08:00,10:00,8,0.74
C15,2026-09-03,10:00,12:00,4,0.93
C15,2026-09-03,12:00,14:00,3,0.73
C15,2026-09-03,14:00,16:00,7,0.75
C15,2026-09-03,16:00,18:00,1,0.78
C15,2026-09-03,18:00,20:00,1,0.84
C15,2026-09-03,20:00,22:00,5,0.76
C15,2026-09-03,22:00,00:00,1,0.95
C16,2026-09-03,00:00,02:00,1,0.91
C16,2026-09-03,02:00,04:00,1,0.72
C16,2026-09-03,04:00,06:00,0,0.76
C16,2026-09-03,06:00,08:00,7,0.73
C16,2026-09-03,08:00,10:00,5,0.9
C16,2026-09-03,10:00,12:00,3,0.91
C16,2026-09-03,12:00,14:00,2,0.9
C16,2026-09-03,14:00,16:00,4,0.83
C16,2026-09-03,16:00,18:00,2,0.76
C16,2026-09-03,18:00,20:00,4,0.89
C16,2026-09-03,20:00,22:00,3,0.88
C16,2026-09-03,22:00,00:00,0,0.74
C17,2026-09-03,00:00,02:00,0,0.88
C17,2026-09-03,02:00,04:00,4,0.8
C17,2026-09-03,04:00,06:00,7,0.79
C17,2026-09-03,06:00,08:00,4,0.86
C17,2026-09-03,08:00,10:00,4,0.83
C17,2026-09-03,10:00,12:00,1,0.76
C17,2026-09-03,12:00,14:00,2,0.83
C17,2026-09-03,14:00,16:00,2,0.89
C17,2026-09-03,16:00,18:00,2,0.96
C17,2026-09-03,18:00,20:00,1,0.8
C17,2026-09-03,20:00,22:00,3,0.75
C17,2026-09-03,22:00,00:00,4,0.73
C18,2026-09-03,00:00,02:00,2,0.73
C18,2026-09-03,02:00,04:00,1,0.91
C18,2026-09-03,04:00,06:00,1,0.86
C18,2026-09-03,06:00,08:00,1,0.9
C18,2026-09-03,08:00,10:00,2,0.81
C18,2026-09-03,10:00,12:00,4,0.82
C18,2026-09-03,12:00,14:00,1,0.8
C18,2026-09-03,14:00,16:00,2,0.93
C18,2026-09-03,16:00,18:00,1,0.81
C18,2026-09-03,18:00,20:00,3,0.93
C18,2026-09-03,20:00,22:00,4,0.89
C18,2026-09-03,22:00,00:00,3,0.96
C19,2026-09-03,00:00,02:00,3,0.74
C19,2026-09-03,02:00,04:00,1,0.89
C19,2026-09-03,04:00,06:00,1,0.72
C19,2026-09-03,06:00,08:00,5,0.73
C19,2026-09-03,08:00,10:00,2,0.77
C19,2026-09-03,10:00,12:00,2,0.84
C19,2026-09-03,12:00,14:00,1,0.91
C19,2026-09-03,14:00,16:00,1,0.92
C19,2026-09-03,16:00,18:00,1,0.88
C19,2026-09-03,18:00,20:00,5,0.76
C19,2026-09-03,20:00,22:00,4,0.72
C19,2026-09-03,22:00,00:00,6,0.85
C20,2026-09-03,00:00,02:00,0,0.76
C20,2026-09-03,02:00,04:00,1,0.72
C20,2026-09-03,04:00,06:00,1,0.77
C20,2026-09-03,06:00,08:00,2,0.77
C20,2026-09-03,08:00,10:00,4,0.82
C20,2026-09-03,10:00,12:00,1,0.84
C20,2026-09-03,12:00,14:00,1,0.94
C20,2026-09-03,14:00,16:00,0,0.74
C20,2026-09-03,16:00,18:00,1,0.79
C20,2026-09-03,18:00,20:00,9,0.75
C20,2026-09-03,20:00,22:00,4,0.84
C20,2026-09-03,22:00,00:00,5,0.86
C01,2026-09-04,00:00,02:00,3,0.74
C01,2026-09-04,02:00,04:00,2,0.94
C01,2026-09-04,04:00,06:00,2,0.95
C01,2026-09-04,06:00,08:00,4,0.87
C01,2026-09-04,08:00,10:00,2,0.86
C01,2026-09-04,10:00,12:00,2,0.74
C01,2026-09-04,12:00,14:00,1,0.86
C01,2026-09-04,14:00,16:00,6,0.76
C01,2026-09-04,16:00,18:00,0,0.96
C01,2026-09-04,18:00,20:00,2,0.88
C01,2026-09-04,20:00,22:00,4,0.8
C01,2026-09-04,22:00,00:00,3,0.79
C02,2026-09-04,00:00,02:00,2,0.89
C02,2026-09-04,02:00,04:00,2,0.8
C02,2026-09-04,04:00,06:00,3,0.78
C02,2026-09-04,06:00,08:00,4,0.81
C02,2026-09-04,08:00,10:00,2,0.96
C02,2026-09-04,10:00,12:00,3,0.85
C02,2026-09-04,12:00,14:00,1,0.87
C02,2026-09-04,14:00,16:00,4,0.87
C02,2026-09-04,16:00,18:00,1,0.81
C02,2026-09-04,18:00,20:00,4,0.93
C02,2026-09-04,20:00,22:00,3,0.86
C02,2026-09-04,22:00,00:00,2,0.94
C03,2026-09-04,00:00,02:00,1,0.74
C03,2026-09-04,02:00,04:00,1,0.93
C03,2026-09-04,04:00,06:00,1,0.8
C03,2026-09-04,06:00,08:00,4,0.84
C03,2026-09-04,08:00,10:00,1,0.79
C03,2026-09-04,10:00,12:00,3,0.8
C03,2026-09-04,12:00,14:00,1,0.86
C03,2026-09-04,14:00,16:00,0,0.75
C03,2026-09-04,16:00,18:00,2,0.79
C03,2026-09-04,18:00,20:00,4,0.84
C03,2026-09-04,20:00,22:00,4,0.84
C03,2026-09-04,22:00,00:00,1,0.82
C04,2026-09-04,00:00,02:00,1,0.75
C04,2026-09-04,02:00,04:00,2,0.8
C04,2026-09-04,04:00,06:00,2,0.75
C04,2026-09-04,06:00,08:00,2,0.93
C04,2026-09-04,08:00,10:00,2,0.78
C04,2026-09-04,10:00,12:00,1,0.91
C04,2026-09-04,12:00,14:00,4,0.81
C04,2026-09-04,14:00,16:00,2,0.88
C04,2026-09-04,16:00,18:00,2,0.83
C04,2026-09-04,18:00,20:00,3,0.92
C04,2026-09-04,20:00,22:00,9,0.88
C04,2026-09-04,22:00,00:00,0,0.81
C05,2026-09-04,00:00,02:00,4,0.82
C05,2026-09-04,02:00,04:00,2,0.86
C05,2026-09-04,04:00,06:00,3,0.89
C05,2026-09-04,06:00,08:00,3,0.79
C05,2026-09-04,08:00,10:00,5,0.79
C05,2026-09-04,10:00,12:00,0,0.74
C05,2026-09-04,12:00,14:00,1,0.91
C05,2026-09-04,14:00,16:00,5,0.78
C05,2026-09-04,16:00,18:00,0,0.81
C05,2026-09-04,18:00,20:00,3,0.77
C05,2026-09-04,20:00,22:00,5,0.77
C05,2026-09-04,22:00,00:00,0,0.87
C06,2026-09-04,00:00,02:00,3,0.8
C06,2026-09-04,02:00,04:00,3,0.88
C06,2026-09-04,04:00,06:00,2,0.95
C06,2026-09-04,06:00,08:00,3,0.86
C06,2026-09-04,08:00,10:00,7,0.72
C06,2026-09-04,10:00,12:00,0,0.87
C06,2026-09-04,12:00,14:00,3,0.74
C06,2026-09-04,14:00,16:00,3,0.73
C06,2026-09-04,16:00,18:00,3,0.74
C06,2026-09-04,18:00,20:00,5,0.76
C06,2026-09-04,20:00,22:00,4,0.92
C06,2026-09-04,22:00,00:00,3,0.92
C07,2026-09-04,00:00,02:00,2,0.92
C07,2026-09-04,02:00,04:00,1,0.78
C07,2026-09-04,04:00,06:00,1,0.84
C07,2026-09-04,06:00,08:00,6,0.88
C07,2026-09-04,08:00,10:00,1,0.89
C07,2026-09-04,10:00,12:00,2,0.84
C07,2026-09-04,12:00,14:00,1,0.82
C07,2026-09-04,14:00,16:00,1,0.79
C07,2026-09-04,16:00,18:00,3,0.87
C07,2026-09-04,18:00,20:00,5,0.88
C07,2026-09-04,20:00,22:00,4,0.96
C07,2026-09-04,22:00,00:00,3,0.81
C08,2026-09-04,00:00,02:00,1,0.92
C08,2026-09-04,02:00,04:00,1,0.92
C08,2026-09-04,04:00,06:00,0,0.82
C08,2026-09-04,06:00,08:00,4,0.82
C08,2026-09-04,08:00,10:00,3,0.96
C08,2026-09-04,10:00,12:00,0,0.85
C08,2026-09-04,12:00,14:00,3,0.92
C08,2026-09-04,14:00,16:00,3,0.94
C08,2026-09-04,16:00,18:00,2,0.72
C08,2026-09-04,18:00,20:00,2,0.85
C08,2026-09-04,20:00,22:00,4,0.95
C08,2026-09-04,22:00,00:00,4,0.81
C09,2026-09-04,00:00,02:00,1,0.75
C09,2026-09-04,02:00,04:00,3,0.87
C09,2026-09-04,04:00,06:00,3,0.86
C09,2026-09-04,06:00,08:00,4,0.77
C09,2026-09-04,08:00,10:00,4,0.97
C09,2026-09-04,10:00,12:00,3,0.9
C09,2026-09-04,12:00,14:00,2,0.77
C09,2026-09-04,14:00,16:00,3,0.96
C09,2026-09-04,16:00,18:00,4,0.9
C09,2026-09-04,18:00,20:00,4,0.79
C09,2026-09-04,20:00,22:00,8,0.92
C09,2026-09-04,22:00,00:00,1,0.85
C10,2026-09-04,00:00,02:00,3,0.79
C10,2026-09-04,02:00,04:00,5,0.91
C10,2026-09-04,04:00,06:00,0,0.79
C10,2026-09-04,06:00,08:00,4,0.96
C10,2026-09-04,08:00,10:00,3,0.81
C10,2026-09-04,10:00,12:00,1,0.81
C10,2026-09-04,12:00,14:00,1,0.78
C10,2026-09-04,14:00,16:00,0,0.75
C10,2026-09-04,16:00,18:00,2,0.93
C10,2026-09-04,18:00,20:00,1,0.77
C10,2026-09-04,20:00,22:00,1,0.87
C10,2026-09-04,22:00,00:00,1,0.84
C11,2026-09-04,00:00,02:00,2,0.81
C11,2026-09-04,02:00,04:00,1,0.84
C11,2026-09-04,04:00,06:00,2,0.86
C11,2026-09-04,06:00,08:00,6,0.92
C11,2026-09-04,08:00,10:00,2,0.93
C11,2026-09-04,10:00,12:00,1,0.89
C11,2026-09-04,12:00,14:00,3,0.97
C11,2026-09-04,14:00,16:00,2,0.76
C11,2026-09-04,16:00,18:00,2,0.85
C11,2026-09-04,18:00,20:00,6,0.96
C11,2026-09-04,20:00,22:00,4,0.93
C11,2026-09-04,22:00,00:00,1,0.87
C12,2026-09-04,00:00,02:00,3,0.72
C12,2026-09-04,02:00,04:00,0,0.87
C12,2026-09-04,04:00,06:00,3,0.74
C12,2026-09-04,06:00,08:00,7,0.82
C12,2026-09-04,08:00,10:00,3,0.91
C12,2026-09-04,10:00,12:00,1,0.83
C12,2026-09-04,12:00,14:00,0,0.87
C12,2026-09-04,14:00,16:00,2,0.78
C12,2026-09-04,16:00,18:00,1,0.73
C12,2026-09-04,18:00,20:00,7,0.89
C12,2026-09-04,20:00,22:00,3,0.9
C12,2026-09-04,22:00,00:00,0,0.89
C13,2026-09-04,00:00,02:00,2,0.97
C13,2026-09-04,02:00,04:00,1,0.8
C13,2026-09-04,04:00,06:00,4,0.91
C13,2026-09-04,06:00,08:00,3,0.94
C13,2026-09-04,08:00,10:00,6,0.95
C13,2026-09-04,10:00,12:00,0,0.73
C13,2026-09-04,12:00,14:00,4,0.75
C13,2026-09-04,14:00,16:00,1,0.95
C13,2026-09-04,16:00,18:00,5,0.75
C13,2026-09-04,18:00,20:00,9,0.75
C13,2026-09-04,20:00,22:00,3,0.79
C13,2026-09-04,22:00,00:00,3,0.82
C14,2026-09-04,00:00,02:00,0,0.78
C14,2026-09-04,02:00,04:00,2,0.74
C14,2026-09-04,04:00,06:00,4,0.84
C14,2026-09-04,06:00,08:00,5,0.93
C14,2026-09-04,08:00,10:00,3,0.86
C14,2026-09-04,10:00,12:00,2,0.9
C14,2026-09-04,12:00,14:00,2,0.96
C14,2026-09-04,14:00,16:00,2,0.85
C14,2026-09-04,16:00,18:00,2,0.88
C14,2026-09-04,18:00,20:00,6,0.91
C14,2026-09-04,20:00,22:00,3,0.84
C14,2026-09-04,22:00,00:00,3,0.72
C15,2026-09-04,00:00,02:00,1,0.91
C15,2026-09-04,02:00,04:00,2,0.83
C15,2026-09-04,04:00,06:00,0,0.8
C15,2026-09-04,06:00,08:00,0,0.78
C15,2026-09-04,08:00,10:00,5,0.84
C15,2026-09-04,10:00,12:00,2,0.79
C15,2026-09-04,12:00,14:00,3,0.82
C15,2026-09-04,14:00,16:00,4,0.96
C15,2026-09-04,16:00,18:00,1,0.83
C15,2026-09-04,18:00,20:00,6,0.77
C15,2026-09-04,20:00,22:00,1,0.91
C15,2026-09-04,22:00,00:00,1,0.88
C16,2026-09-04,00:00,02:00,1,0.93
C16,2026-09-04,02:00,04:00,1,0.81
C16,2026-09-04,04:00,06:00,1,0.78
C16,2026-09-04,06:00,08:00,3,0.79
C16,2026-09-04,08:00,10:00,4,0.94
C16,2026-09-04,10:00,12:00,6,0.73
C16,2026-09-04,12:00,14:00,4,0.94
C16,2026-09-04,14:00,16:00,1,0.88
C16,2026-09-04,16:00,18:00,3,0.82
C16,2026-09-04,18:00,20:00,4,0.83
C16,2026-09-04,20:00,22:00,2,0.78
C16,2026-09-04,22:00,00:00,1,0.88
C17,2026-09-04,00:00,02:00,0,0.9
C17,2026-09-04,02:00,04:00,0,0.78
C17,2026-09-04,04:00,06:00,1,0.76
C17,2026-09-04,06:00,08:00,7,0.9
C17,2026-09-04,08:00,10:00,4,0.84
C17,2026-09-04,10:00,12:00,1,0.95
C17,2026-09-04,12:00,14:00,3,0.76
C17,2026-09-04,14:00,16:00,2,0.87
C17,2026-09-04,16:00,18:00,2,0.8
C17,2026-09-04,18:00,20:00,7,0.83
C17,2026-09-04,20:00,22:00,3,0.74
C17,2026-09-04,22:00,00:00,3,0.83
C18,2026-09-04,00:00,02:00,4,0.83
C18,2026-09-04,02:00,04:00,2,0.74
C18,2026-09-04,04:00,06:00,0,0.79
C18,2026-09-04,06:00,08:00,1,0.75
C18,2026-09-04,08:00,10:00,7,0.75
C18,2026-09-04,10:00,12:00,1,0.82
C18,2026-09-04,12:00,14:00,0,0.83
C18,2026-09-04,14:00,16:00,4,0.84
C18,2026-09-04,16:00,18:00,2,0.81
C18,2026-09-04,18:00,20:00,6,0.8
C18,2026-09-04,20:00,22:00,2,0.81
C18,2026-09-04,22:00,00:00,1,0.89
C19,2026-09-04,00:00,02:00,2,0.9
C19,2026-09-04,02:00,04:00,2,0.94
C19,2026-09-04,04:00,06:00,1,0.95
C19,2026-09-04,06:00,08:00,4,0.95
C19,2026-09-04,08:00,10:00,5,0.96
C19,2026-09-04,10:00,12:00,3,0.78
C19,2026-09-04,12:00,14:00,2,0.89
C19,2026-09-04,14:00,16:00,3,0.73
C19,2026-09-04,16:00,18:00,2,0.96
C19,2026-09-04,18:00,20:00,5,0.86
C19,2026-09-04,20:00,22:00,3,0.78
C19,2026-09-04,22:00,00:00,5,0.85
C20,2026-09-04,00:00,02:00,1,0.77
C20,2026-09-04,02:00,04:00,3,0.81
C20,2026-09-04,04:00,06:00,6,0.95
C20,2026-09-04,06:00,08:00,5,0.76
C20,2026-09-04,08:00,10:00,3,0.86
C20,2026-09-04,10:00,12:00,3,0.97
C20,2026-09-04,12:00,14:00,8,0.95
C20,2026-09-04,14:00,16:00,2,0.81
C20,2026-09-04,16:00,18:00,1,0.89
C20,2026-09-04,18:00,20:00,2,0.92
C20,2026-09-04,20:00,22:00,4,0.89
C20,2026-09-04,22:00,00:00,2,0.92
C01,2026-09-05,00:00,02:00,1,0.78
C01,2026-09-05,02:00,04:00,1,0.92
C01,2026-09-05,04:00,06:00,2,0.89
C01,2026-09-05,06:00,08:00,2,0.91
C01,2026-09-05,08:00,10:00,8,0.91
C01,2026-09-05,10:00,12:00,3,0.77
C01,2026-09-05,12:00,14:00,5,0.87
C01,2026-09-05,14:00,16:00,2,0.88
C01,2026-09-05,16:00,18:00,4,0.78
C01,2026-09-05,18:00,20:00,7,0.73
C01,2026-09-05,20:00,22:00,4,0.91
C01,2026-09-05,22:00,00:00,1,0.86
C02,2026-09-05,00:00,02:00,4,0.87
C02,2026-09-05,02:00,04:00,2,0.75
C02,2026-09-05,04:00,06:00,2,0.83
C02,2026-09-05,06:00,08:00,5,0.76
C02,2026-09-05,08:00,10:00,2,0.83
C02,2026-09-05,10:00,12:00,1,0.94
C02,2026-09-05,12:00,14:00,3,0.83
C02,2026-09-05,14:00,16:00,2,0.82
C02,2026-09-05,16:00,18:00,0,0.74
C02,2026-09-05,18:00,20:00,1,0.84
C02,2026-09-05,20:00,22:00,5,0.93
C02,2026-09-05,22:00,00:00,1,0.92
C03,2026-09-05,00:00,02:00,5,0.88
C03,2026-09-05,02:00,04:00,1,0.83
C03,2026-09-05,04:00,06:00,1,0.93
C03,2026-09-05,06:00,08:00,1,0.72
C03,2026-09-05,08:00,10:00,1,0.79
C03,2026-09-05,10:00,12:00,3,0.91
C03,2026-09-05,12:00,14:00,6,0.94
C03,2026-09-05,14:00,16:00,1,0.95
C03,2026-09-05,16:00,18:00,0,0.75
C03,2026-09-05,18:00,20:00,6,0.72
C03,2026-09-05,20:00,22:00,2,0.95
C03,2026-09-05,22:00,00:00,2,0.95
C04,2026-09-05,00:00,02:00,1,0.74
C04,2026-09-05,02:00,04:00,2,0.9
C04,2026-09-05,04:00,06:00,2,0.89
C04,2026-09-05,06:00,08:00,3,0.89
C04,2026-09-05,08:00,10:00,3,0.85
C04,2026-09-05,10:00,12:00,2,0.76
C04,2026-09-05,12:00,14:00,5,0.84
C04,2026-09-05,14:00,16:00,1,0.87
C04,2026-09-05,16:00,18:00,1,0.75
C04,2026-09-05,18:00,20:00,2,0.81
C04,2026-09-05,20:00,22:00,6,0.95
C04,2026-09-05,22:00,00:00,3,0.79
C05,2026-09-05,00:00,02:00,0,0.72
C05,2026-09-05,02:00,04:00,1,0.74
C05,2026-09-05,04:00,06:00,1,0.88
C05,2026-09-05,06:00,08:00,3,0.87
C05,2026-09-05,08:00,10:00,3,0.72
C05,2026-09-05,10:00,12:00,3,0.88
C05,2026-09-05,12:00,14:00,2,0.83
C05,2026-09-05,14:00,16:00,1,0.75
C05,2026-09-05,16:00,18:00,4,0.96
C05,2026-09-05,18:00,20:00,2,0.76
C05,2026-09-05,20:00,22:00,5,0.93
C05,2026-09-05,22:00,00:00,2,0.75
C06,2026-09-05,00:00,02:00,3,0.92
C06,2026-09-05,02:00,04:00,4,0.97
C06,2026-09-05,04:00,06:00,2,0.87
C06,2026-09-05,06:00,08:00,7,0.91
C06,2026-09-05,08:00,10:00,4,0.93
C06,2026-09-05,10:00,12:00,2,0.85
C06,2026-09-05,12:00,14:00,2,0.81
C06,2026-09-05,14:00,16:00,4,0.93
C06,2026-09-05,16:00,18:00,4,0.9
C06,2026-09-05,18:00,20:00,1,0.93
C06,2026-09-05,20:00,22:00,9,0.73
C06,2026-09-05,22:00,00:00,3,0.76
C07,2026-09-05,00:00,02:00,1,0.72
C07,2026-09-05,02:00,04:00,1,0.95
C07,2026-09-05,04:00,06:00,2,0.8
C07,2026-09-05,06:00,08:00,6,0.74
C07,2026-09-05,08:00,10:00,3,0.74
C07,2026-09-05,10:00,12:00,2,0.85
C07,2026-09-05,12:00,14:00,2,0.89
C07,2026-09-05,14:00,16:00,3,0.94
C07,2026-09-05,16:00,18:00,2,0.73
C07,2026-09-05,18:00,20:00,10,0.96
C07,2026-09-05,20:00,22:00,6,0.81
C07,2026-09-05,22:00,00:00,1,0.73
C08,2026-09-05,00:00,02:00,1,0.8
C08,2026-09-05,02:00,04:00,1,0.72
C08,2026-09-05,04:00,06:00,0,0.8
C08,2026-09-05,06:00,08:00,4,0.77
C08,2026-09-05,08:00,10:00,5,0.8
C08,2026-09-05,10:00,12:00,2,0.94
C08,2026-09-05,12:00,14:00,3,0.75
C08,2026-09-05,14:00,16:00,2,0.86
C08,2026-09-05,16:00,18:00,4,0.77
C08,2026-09-05,18:00,20:00,5,0.8
C08,2026-09-05,20:00,22:00,2,0.78
C08,2026-09-05,22:00,00:00,0,0.87
C09,2026-09-05,00:00,02:00,0,0.79
C09,2026-09-05,02:00,04:00,1,0.86
C09,2026-09-05,04:00,06:00,1,0.75
C09,2026-09-05,06:00,08:00,4,0.9
C09,2026-09-05,08:00,10:00,3,0.94
C09,2026-09-05,10:00,12:00,1,0.93
C09,2026-09-05,12:00,14:00,1,0.93
C09,2026-09-05,14:00,16:00,3,0.81
C09,2026-09-05,16:00,18:00,1,0.87
C09,2026-09-05,18:00,20:00,2,0.9
C09,2026-09-05,20:00,22:00,4,0.81
C09,2026-09-05,22:00,00:00,2,0.83
C10,2026-09-05,00:00,02:00,1,0.77
C10,2026-09-05,02:00,04:00,2,0.81
C10,2026-09-05,04:00,06:00,3,0.9
C10,2026-09-05,06:00,08:00,4,0.75
C10,2026-09-05,08:00,10:00,1,0.84
C10,2026-09-05,10:00,12:00,4,0.93
C10,2026-09-05,12:00,14:00,2,0.82
C10,2026-09-05,14:00,16:00,0,0.93
C10,2026-09-05,16:00,18:00,2,0.83
C10,2026-09-05,18:00,20:00,1,0.73
C10,2026-09-05,20:00,22:00,3,0.87
C10,2026-09-05,22:00,00:00,2,0.92
C11,2026-09-05,00:00,02:00,0,0.74
C11,2026-09-05,02:00,04:00,0,0.83
C11,2026-09-05,04:00,06:00,3,0.91
C11,2026-09-05,06:00,08:00,2,0.78
C11,2026-09-05,08:00,10:00,2,0.79
C11,2026-09-05,10:00,12:00,4,0.85
C11,2026-09-05,12:00,14:00,2,0.79
C11,2026-09-05,14:00,16:00,3,0.8
C11,2026-09-05,16:00,18:00,2,0.82
C11,2026-09-05,18:00,20:00,4,0.94
C11,2026-09-05,20:00,22:00,4,0.96
C11,2026-09-05,22:00,00:00,1,0.92
C12,2026-09-05,00:00,02:00,2,0.95
C12,2026-09-05,02:00,04:00,1,0.84
C12,2026-09-05,04:00,06:00,1,0.82
C12,2026-09-05,06:00,08:00,2,0.78
C12,2026-09-05,08:00,10:00,6,0.92
C12,2026-09-05,10:00,12:00,1,0.75
C12,2026-09-05,12:00,14:00,2,0.93
C12,2026-09-05,14:00,16:00,2,0.79
C12,2026-09-05,16:00,18:00,4,0.87
C12,2026-09-05,18:00,20:00,5,0.75
C12,2026-09-05,20:00,22:00,6,0.83
C12,2026-09-05,22:00,00:00,1,0.95
C13,2026-09-05,00:00,02:00,6,0.93
C13,2026-09-05,02:00,04:00,1,0.84
C13,2026-09-05,04:00,06:00,5,0.74
C13,2026-09-05,06:00,08:00,11,0.78
C13,2026-09-05,08:00,10:00,3,0.81
C13,2026-09-05,10:00,12:00,5,0.95
C13,2026-09-05,12:00,14:00,3,0.85
C13,2026-09-05,14:00,16:00,2,0.85
C13,2026-09-05,16:00,18:00,2,0.78
C13,2026-09-05,18:00,20:00,6,0.87
C13,2026-09-05,20:00,22:00,1,0.96
C13,2026-09-05,22:00,00:00,0,0.91
C14,2026-09-05,00:00,02:00,3,0.89
C14,2026-09-05,02:00,04:00,2,0.75
C14,2026-09-05,04:00,06:00,2,0.91
C14,2026-09-05,06:00,08:00,1,0.77
C14,2026-09-05,08:00,10:00,5,0.79
C14,2026-09-05,10:00,12:00,1,0.78
C14,2026-09-05,12:00,14:00,2,0.91
C14,2026-09-05,14:00,16:00,1,0.93
C14,2026-09-05,16:00,18:00,2,0.74
C14,2026-09-05,18:00,20:00,2,0.75
C14,2026-09-05,20:00,22:00,3,0.75
C14,2026-09-05,22:00,00:00,1,0.85
C15,2026-09-05,00:00,02:00,3,0.96
C15,2026-09-05,02:00,04:00,0,0.83
C15,2026-09-05,04:00,06:00,2,0.76
C15,2026-09-05,06:00,08:00,5,0.79
C15,2026-09-05,08:00,10:00,4,0.95
C15,2026-09-05,10:00,12:00,4,0.86
C15,2026-09-05,12:00,14:00,3,0.83
C15,2026-09-05,14:00,16:00,0,0.86
C15,2026-09-05,16:00,18:00,2,0.77
C15,2026-09-05,18:00,20:00,3,0.73
C15,2026-09-05,20:00,22:00,2,0.78
C15,2026-09-05,22:00,00:00,1,0.92
C16,2026-09-05,00:00,02:00,2,0.83
C16,2026-09-05,02:00,04:00,2,0.86
C16,2026-09-05,04:00,06:00,0,0.83
C16,2026-09-05,06:00,08:00,0,0.72
C16,2026-09-05,08:00,10:00,1,0.93
C16,2026-09-05,10:00,12:00,2,0.84
C16,2026-09-05,12:00,14:00,0,0.88
C16,2026-09-05,14:00,16:00,1,0.75
C16,2026-09-05,16:00,18:00,2,0.74
C16,2026-09-05,18:00,20:00,6,0.93
C16,2026-09-05,20:00,22:00,4,0.84
C16,2026-09-05,22:00,00:00,3,0.85
C17,2026-09-05,00:00,02:00,2,0.75
C17,2026-09-05,02:00,04:00,3,0.76
C17,2026-09-05,04:00,06:00,4,0.8
C17,2026-09-05,06:00,08:00,3,0.77
C17,2026-09-05,08:00,10:00,6,0.91
C17,2026-09-05,10:00,12:00,2,0.81
C17,2026-09-05,12:00,14:00,1,0.8
C17,2026-09-05,14:00,16:00,1,0.92
C17,2026-09-05,16:00,18:00,1,0.85
C17,2026-09-05,18:00,20:00,7,0.94
C17,2026-09-05,20:00,22:00,2,0.85
C17,2026-09-05,22:00,00:00,3,0.87
C18,2026-09-05,00:00,02:00,1,0.77
C18,2026-09-05,02:00,04:00,1,0.92
C18,2026-09-05,04:00,06:00,1,0.79
C18,2026-09-05,06:00,08:00,5,0.74
C18,2026-09-05,08:00,10:00,6,0.77
C18,2026-09-05,10:00,12:00,2,0.78
C18,2026-09-05,12:00,14:00,1,0.8
C18,2026-09-05,14:00,16:00,3,0.86
C18,2026-09-05,16:00,18:00,2,0.77
C18,2026-09-05,18:00,20:00,7,0.91
C18,2026-09-05,20:00,22:00,6,0.89
C18,2026-09-05,22:00,00:00,1,0.85
C19,2026-09-05,00:00,02:00,2,0.88
C19,2026-09-05,02:00,04:00,1,0.8
C19,2026-09-05,04:00,06:00,1,0.87
C19,2026-09-05,06:00,08:00,3,0.93
C19,2026-09-05,08:00,10:00,7,0.78
C19,2026-09-05,10:00,12:00,0,0.84
C19,2026-09-05,12:00,14:00,3,0.94
C19,2026-09-05,14:00,16:00,1,0.84
C19,2026-09-05,16:00,18:00,3,0.93
C19,2026-09-05,18:00,20:00,6,0.8
C19,2026-09-05,20:00,22:00,4,0.89
C19,2026-09-05,22:00,00:00,1,0.79
C20,2026-09-05,00:00,02:00,1,0.93
C20,2026-09-05,02:00,04:00,3,0.8
C20,2026-09-05,04:00,06:00,3,0.73
C20,2026-09-05,06:00,08:00,4,0.84
C20,2026-09-05,08:00,10:00,0,0.8
C20,2026-09-05,10:00,12:00,4,0.77
C20,2026-09-05,12:00,14:00,1,0.96
C20,2026-09-05,14:00,16:00,3,0.79
C20,2026-09-05,16:00,18:00,1,0.81
C20,2026-09-05,18:00,20:00,5,0.91
C20,2026-09-05,20:00,22:00,4,0.96
C20,2026-09-05,22:00,00:00,2,0.9
C01,2026-09-06,00:00,02:00,1,0.85
C01,2026-09-06,02:00,04:00,4,0.74
C01,2026-09-06,04:00,06:00,5,0.9
C01,2026-09-06,06:00,08:00,1,0.79
C01,2026-09-06,08:00,10:00,2,0.94
C01,2026-09-06,10:00,12:00,6,0.84
C01,2026-09-06,12:00,14:00,1,0.95
C01,2026-09-06,14:00,16:00,3,0.97
C01,2026-09-06,16:00,18:00,0,0.81
C01,2026-09-06,18:00,20:00,5,0.8
C01,2026-09-06,20:00,22:00,1,0.84
C01,2026-09-06,22:00,00:00,2,0.88
C02,2026-09-06,00:00,02:00,2,0.79
C02,2026-09-06,02:00,04:00,1,0.93
C02,2026-09-06,04:00,06:00,1,0.81
C02,2026-09-06,06:00,08:00,2,0.97
C02,2026-09-06,08:00,10:00,3,0.87
C02,2026-09-06,10:00,12:00,2,0.87
C02,2026-09-06,12:00,14:00,1,0.86
C02,2026-09-06,14:00,16:00,3,0.75
C02,2026-09-06,16:00,18:00,2,0.85
C02,2026-09-06,18:00,20:00,4,0.87
C02,2026-09-06,20:00,22:00,3,0.85
C02,2026-09-06,22:00,00:00,0,0.72
C03,2026-09-06,00:00,02:00,2,0.87
C03,2026-09-06,02:00,04:00,1,0.85
C03,2026-09-06,04:00,06:00,0,0.96
C03,2026-09-06,06:00,08:00,4,0.87
C03,2026-09-06,08:00,10:00,6,0.92
C03,2026-09-06,10:00,12:00,2,0.96
C03,2026-09-06,12:00,14:00,0,0.81
C03,2026-09-06,14:00,16:00,2,0.88
C03,2026-09-06,16:00,18:00,2,0.75
C03,2026-09-06,18:00,20:00,3,0.8
C03,2026-09-06,20:00,22:00,4,0.74
C03,2026-09-06,22:00,00:00,2,0.83
C04,2026-09-06,00:00,02:00,4,0.81
C04,2026-09-06,02:00,04:00,1,0.75
C04,2026-09-06,04:00,06:00,2,0.78
C04,2026-09-06,06:00,08:00,2,0.86
C04,2026-09-06,08:00,10:00,2,0.93
C04,2026-09-06,10:00,12:00,0,0.93
C04,2026-09-06,12:00,14:00,0,0.94
C04,2026-09-06,14:00,16:00,2,0.95
C04,2026-09-06,16:00,18:00,2,0.82
C04,2026-09-06,18:00,20:00,3,0.75
C04,2026-09-06,20:00,22:00,6,0.95
C04,2026-09-06,22:00,00:00,0,0.74
C05,2026-09-06,00:00,02:00,1,0.75
C05,2026-09-06,02:00,04:00,3,0.87
C05,2026-09-06,04:00,06:00,0,0.79
C05,2026-09-06,06:00,08:00,7,0.73
C05,2026-09-06,08:00,10:00,1,0.86
C05,2026-09-06,10:00,12:00,1,0.94
C05,2026-09-06,12:00,14:00,2,0.73
C05,2026-09-06,14:00,16:00,2,0.77
C05,2026-09-06,16:00,18:00,1,0.92
C05,2026-09-06,18:00,20:00,4,0.85
C05,2026-09-06,20:00,22:00,4,0.93
C05,2026-09-06,22:00,00:00,0,0.77
C06,2026-09-06,00:00,02:00,3,0.86
C06,2026-09-06,02:00,04:00,4,0.79
C06,2026-09-06,04:00,06:00,3,0.97
C06,2026-09-06,06:00,08:00,9,0.93
C06,2026-09-06,08:00,10:00,7,0.94
C06,2026-09-06,10:00,12:00,4,0.96
C06,2026-09-06,12:00,14:00,2,0.73
C06,2026-09-06,14:00,16:00,1,0.89
C06,2026-09-06,16:00,18:00,0,0.92
C06,2026-09-06,18:00,20:00,1,0.79
C06,2026-09-06,20:00,22:00,6,0.96
C06,2026-09-06,22:00,00:00,0,0.72
C07,2026-09-06,00:00,02:00,2,0.88
C07,2026-09-06,02:00,04:00,1,0.87
C07,2026-09-06,04:00,06:00,3,0.92
C07,2026-09-06,06:00,08:00,4,0.93
C07,2026-09-06,08:00,10:00,6,0.78
C07,2026-09-06,10:00,12:00,1,0.79
C07,2026-09-06,12:00,14:00,1,0.89
C07,2026-09-06,14:00,16:00,3,0.94
C07,2026-09-06,16:00,18:00,5,0.97
C07,2026-09-06,18:00,20:00,5,0.97
C07,2026-09-06,20:00,22:00,7,0.94
C07,2026-09-06,22:00,00:00,4,0.74
C08,2026-09-06,00:00,02:00,3,0.94
C08,2026-09-06,02:00,04:00,3,0.76
C08,2026-09-06,04:00,06:00,2,0.72
C08,2026-09-06,06:00,08:00,9,0.95
C08,2026-09-06,08:00,10:00,3,0.95
C08,2026-09-06,10:00,12:00,2,0.82
C08,2026-09-06,12:00,14:00,0,0.79
C08,2026-09-06,14:00,16:00,4,0.96
C08,2026-09-06,16:00,18:00,0,0.84
C08,2026-09-06,18:00,20:00,1,0.72
C08,2026-09-06,20:00,22:00,5,0.93
C08,2026-09-06,22:00,00:00,2,0.73
C09,2026-09-06,00:00,02:00,1,0.89
C09,2026-09-06,02:00,04:00,1,0.83
C09,2026-09-06,04:00,06:00,5,0.96
C09,2026-09-06,06:00,08:00,8,0.74
C09,2026-09-06,08:00,10:00,3,0.94
C09,2026-09-06,10:00,12:00,4,0.82
C09,2026-09-06,12:00,14:00,3,0.92
C09,2026-09-06,14:00,16:00,1,0.83
C09,2026-09-06,16:00,18:00,0,0.79
C09,2026-09-06,18:00,20:00,7,0.74
C09,2026-09-06,20:00,22:00,3,0.76
C09,2026-09-06,22:00,00:00,1,0.91
C10,2026-09-06,00:00,02:00,1,0.91
C10,2026-09-06,02:00,04:00,2,0.89
C10,2026-09-06,04:00,06:00,0,0.74
C10,2026-09-06,06:00,08:00,4,0.83
C10,2026-09-06,08:00,10:00,6,0.78
C10,2026-09-06,10:00,12:00,2,0.72
C10,2026-09-06,12:00,14:00,4,0.84
C10,2026-09-06,14:00,16:00,3,0.9
C10,2026-09-06,16:00,18:00,2,0.83
C10,2026-09-06,18:00,20:00,4,0.84
C10,2026-09-06,20:00,22:00,7,0.78
C10,2026-09-06,22:00,00:00,2,0.78
C11,2026-09-06,00:00,02:00,1,0.74
C11,2026-09-06,02:00,04:00,2,0.77
C11,2026-09-06,04:00,06:00,4,0.91
C11,2026-09-06,06:00,08:00,3,0.93
C11,2026-09-06,08:00,10:00,2,0.76
C11,2026-09-06,10:00,12:00,0,0.81
C11,2026-09-06,12:00,14:00,2,0.75
C11,2026-09-06,14:00,16:00,0,0.82
C11,2026-09-06,16:00,18:00,2,0.81
C11,2026-09-06,18:00,20:00,5,0.86
C11,2026-09-06,20:00,22:00,2,0.86
C11,2026-09-06,22:00,00:00,1,0.79
C12,2026-09-06,00:00,02:00,0,0.9
C12,2026-09-06,02:00,04:00,2,0.92
C12,2026-09-06,04:00,06:00,1,0.84
C12,2026-09-06,06:00,08:00,4,0.96
C12,2026-09-06,08:00,10:00,2,0.8
C12,2026-09-06,10:00,12:00,3,0.8
C12,2026-09-06,12:00,14:00,3,0.9
C12,2026-09-06,14:00,16:00,4,0.92
C12,2026-09-06,16:00,18:00,1,0.96
C12,2026-09-06,18:00,20:00,6,0.85
C12,2026-09-06,20:00,22:00,3,0.75
C12,2026-09-06,22:00,00:00,2,0.75
C13,2026-09-06,00:00,02:00,1,0.92
C13,2026-09-06,02:00,04:00,4,0.81
C13,2026-09-06,04:00,06:00,2,0.83
C13,2026-09-06,06:00,08:00,3,0.84
C13,2026-09-06,08:00,10:00,1,0.74
C13,2026-09-06,10:00,12:00,2,0.9
C13,2026-09-06,12:00,14:00,3,0.91
C13,2026-09-06,14:00,16:00,3,0.78
C13,2026-09-06,16:00,18:00,1,0.9
C13,2026-09-06,18:00,20:00,2,0.73
C13,2026-09-06,20:00,22:00,5,0.94
C13,2026-09-06,22:00,00:00,1,0.77
C14,2026-09-06,00:00,02:00,4,0.91
C14,2026-09-06,02:00,04:00,1,0.96
C14,2026-09-06,04:00,06:00,0,0.81
C14,2026-09-06,06:00,08:00,1,0.73
C14,2026-09-06,08:00,10:00,3,0.94
C14,2026-09-06,10:00,12:00,2,0.89
C14,2026-09-06,12:00,14:00,1,0.83
C14,2026-09-06,14:00,16:00,0,0.73
C14,2026-09-06,16:00,18:00,2,0.75
C14,2026-09-06,18:00,20:00,2,0.81
C14,2026-09-06,20:00,22:00,4,0.83
C14,2026-09-06,22:00,00:00,0,0.83
C15,2026-09-06,00:00,02:00,4,0.93
C15,2026-09-06,02:00,04:00,2,0.85
C15,2026-09-06,04:00,06:00,4,0.75
C15,2026-09-06,06:00,08:00,2,0.82
C15,2026-09-06,08:00,10:00,6,0.75
C15,2026-09-06,10:00,12:00,1,0.77
C15,2026-09-06,12:00,14:00,0,0.97
C15,2026-09-06,14:00,16:00,0,0.82
C15,2026-09-06,16:00,18:00,2,0.82
C15,2026-09-06,18:00,20:00,4,0.97
C15,2026-09-06,20:00,22:00,4,0.83
C15,2026-09-06,22:00,00:00,1,0.77
C16,2026-09-06,00:00,02:00,1,0.96
C16,2026-09-06,02:00,04:00,1,0.93
C16,2026-09-06,04:00,06:00,2,0.79
C16,2026-09-06,06:00,08:00,4,0.83
C16,2026-09-06,08:00,10:00,2,0.93
C16,2026-09-06,10:00,12:00,2,0.74
C16,2026-09-06,12:00,14:00,0,0.76
C16,2026-09-06,14:00,16:00,1,0.83
C16,2026-09-06,16:00,18:00,3,0.92
C16,2026-09-06,18:00,20:00,2,0.76
C16,2026-09-06,20:00,22:00,6,0.8
C16,2026-09-06,22:00,00:00,1,0.89
C17,2026-09-06,00:00,02:00,2,0.87
C17,2026-09-06,02:00,04:00,1,0.86
C17,2026-09-06,04:00,06:00,3,0.9
C17,2026-09-06,06:00,08:00,2,0.9
C17,2026-09-06,08:00,10:00,8,0.9
C17,2026-09-06,10:00,12:00,1,0.77
C17,2026-09-06,12:00,14:00,3,0.83
C17,2026-09-06,14:00,16:00,3,0.72
C17,2026-09-06,16:00,18:00,3,0.76
C17,2026-09-06,18:00,20:00,7,0.8
C17,2026-09-06,20:00,22:00,4,0.74
C17,2026-09-06,22:00,00:00,2,0.76
C18,2026-09-06,00:00,02:00,4,0.81
C18,2026-09-06,02:00,04:00,1,0.83
C18,2026-09-06,04:00,06:00,1,0.79
C18,2026-09-06,06:00,08:00,2,0.78
C18,2026-09-06,08:00,10:00,4,0.77
C18,2026-09-06,10:00,12:00,3,0.93
C18,2026-09-06,12:00,14:00,3,0.76
C18,2026-09-06,14:00,16:00,3,0.84
C18,2026-09-06,16:00,18:00,2,0.74
C18,2026-09-06,18:00,20:00,2,0.79
C18,2026-09-06,20:00,22:00,5,0.91
C18,2026-09-06,22:00,00:00,1,0.93
C19,2026-09-06,00:00,02:00,1,0.73
C19,2026-09-06,02:00,04:00,2,0.83
C19,2026-09-06,04:00,06:00,0,0.72
C19,2026-09-06,06:00,08:00,4,0.95
C19,2026-09-06,08:00,10:00,2,0.9
C19,2026-09-06,10:00,12:00,1,0.96
C19,2026-09-06,12:00,14:00,4,0.87
C19,2026-09-06,14:00,16:00,1,0.72
C19,2026-09-06,16:00,18:00,6,0.76
C19,2026-09-06,18:00,20:00,9,0.83
C19,2026-09-06,20:00,22:00,3,0.87
C19,2026-09-06,22:00,00:00,5,0.79
C20,2026-09-06,00:00,02:00,2,0.93
C20,2026-09-06,02:00,04:00,2,0.84
C20,2026-09-06,04:00,06:00,1,0.96
C20,2026-09-06,06:00,08:00,4,0.75
C20,2026-09-06,08:00,10:00,3,0.89
C20,2026-09-06,10:00,12:00,0,0.76
C20,2026-09-06,12:00,14:00,0,0.83
C20,2026-09-06,14:00,16:00,2,0.76
C20,2026-09-06,16:00,18:00,1,0.75
C20,2026-09-06,18:00,20:00,4,0.81
C20,2026-09-06,20:00,22:00,5,0.79
C20,2026-09-06,22:00,00:00,3,0.85
C01,2026-09-07,00:00,02:00,2,0.83
C01,2026-09-07,02:00,04:00,3,0.8
C01,2026-09-07,04:00,06:00,4,0.88
C01,2026-09-07,06:00,08:00,4,0.89
C01,2026-09-07,08:00,10:00,8,0.81
C01,2026-09-07,10:00,12:00,1,0.84
C01,2026-09-07,12:00,14:00,2,0.76
C01,2026-09-07,14:00,16:00,1,0.72
C01,2026-09-07,16:00,18:00,0,0.93
C01,2026-09-07,18:00,20:00,6,0.86
C01,2026-09-07,20:00,22:00,6,0.75
C01,2026-09-07,22:00,00:00,3,0.84
C02,2026-09-07,00:00,02:00,1,0.76
C02,2026-09-07,02:00,04:00,0,0.74
C02,2026-09-07,04:00,06:00,3,0.87
C02,2026-09-07,06:00,08:00,3,0.73
C02,2026-09-07,08:00,10:00,6,0.83
C02,2026-09-07,10:00,12:00,1,0.76
C02,2026-09-07,12:00,14:00,1,0.95
C02,2026-09-07,14:00,16:00,1,0.93
C02,2026-09-07,16:00,18:00,1,0.95
C02,2026-09-07,18:00,20:00,2,0.94
C02,2026-09-07,20:00,22:00,7,0.86
C02,2026-09-07,22:00,00:00,3,0.91
C03,2026-09-07,00:00,02:00,2,0.92
C03,2026-09-07,02:00,04:00,3,0.92
C03,2026-09-07,04:00,06:00,1,0.81
C03,2026-09-07,06:00,08:00,6,0.74
C03,2026-09-07,08:00,10:00,3,0.76
C03,2026-09-07,10:00,12:00,1,0.74
C03,2026-09-07,12:00,14:00,1,0.82
C03,2026-09-07,14:00,16:00,2,0.82
C03,2026-09-07,16:00,18:00,2,0.76
C03,2026-09-07,18:00,20:00,1,0.84
C03,2026-09-07,20:00,22:00,5,0.79
C03,2026-09-07,22:00,00:00,1,0.89
C04,2026-09-07,00:00,02:00,4,0.88
C04,2026-09-07,02:00,04:00,2,0.84
C04,2026-09-07,04:00,06:00,1,0.83
C04,2026-09-07,06:00,08:00,4,0.85
C04,2026-09-07,08:00,10:00,7,0.86
C04,2026-09-07,10:00,12:00,1,0.82
C04,2026-09-07,12:00,14:00,1,0.96
C04,2026-09-07,14:00,16:00,2,0.95
C04,2026-09-07,16:00,18:00,2,0.76
C04,2026-09-07,18:00,20:00,2,0.82
C04,2026-09-07,20:00,22:00,6,0.87
C04,2026-09-07,22:00,00:00,4,0.76
C05,2026-09-07,00:00,02:00,2,0.95
C05,2026-09-07,02:00,04:00,0,0.83
C05,2026-09-07,04:00,06:00,4,0.72
C05,2026-09-07,06:00,08:00,4,0.78
C05,2026-09-07,08:00,10:00,4,0.77
C05,2026-09-07,10:00,12:00,4,0.91
C05,2026-09-07,12:00,14:00,1,0.76
C05,2026-09-07,14:00,16:00,0,0.96
C05,2026-09-07,16:00,18:00,2,0.87
C05,2026-09-07,18:00,20:00,5,0.87
C05,2026-09-07,20:00,22:00,6,0.78
C05,2026-09-07,22:00,00:00,3,0.95
C06,2026-09-07,00:00,02:00,2,0.84
C06,2026-09-07,02:00,04:00,2,0.87
C06,2026-09-07,04:00,06:00,2,0.81
C06,2026-09-07,06:00,08:00,3,0.88
C06,2026-09-07,08:00,10:00,5,0.96
C06,2026-09-07,10:00,12:00,2,0.87
C06,2026-09-07,12:00,14:00,2,0.81
C06,2026-09-07,14:00,16:00,0,0.92
C06,2026-09-07,16:00,18:00,2,0.81
C06,2026-09-07,18:00,20:00,4,0.81
C06,2026-09-07,20:00,22:00,4,0.8
C06,2026-09-07,22:00,00:00,1,0.93
C07,2026-09-07,00:00,02:00,3,0.77
C07,2026-09-07,02:00,04:00,2,0.83
C07,2026-09-07,04:00,06:00,2,0.77
C07,2026-09-07,06:00,08:00,2,0.76
C07,2026-09-07,08:00,10:00,4,0.72
C07,2026-09-07,10:00,12:00,2,0.87
C07,2026-09-07,12:00,14:00,2,0.83
C07,2026-09-07,14:00,16:00,0,0.76
C07,2026-09-07,16:00,18:00,1,0.92
C07,2026-09-07,18:00,20:00,3,0.95
C07,2026-09-07,20:00,22:00,4,0.95
C07,2026-09-07,22:00,00:00,4,0.79
C08,2026-09-07,00:00,02:00,1,0.95
C08,2026-09-07,02:00,04:00,2,0.72
C08,2026-09-07,04:00,06:00,2,0.93
C08,2026-09-07,06:00,08:00,3,0.88
C08,2026-09-07,08:00,10:00,0,0.85
C08,2026-09-07,10:00,12:00,1,0.96
C08,2026-09-07,12:00,14:00,1,0.96
C08,2026-09-07,14:00,16:00,2,0.77
C08,2026-09-07,16:00,18:00,3,0.92
C08,2026-09-07,18:00,20:00,1,0.9
C08,2026-09-07,20:00,22:00,3,0.78
C08,2026-09-07,22:00,00:00,2,0.95
C09,2026-09-07,00:00,02:00,3,0.73
C09,2026-09-07,02:00,04:00,6,0.82
C09,2026-09-07,04:00,06:00,1,0.84
C09,2026-09-07,06:00,08:00,6,0.9
C09,2026-09-07,08:00,10:00,8,0.94
C09,2026-09-07,10:00,12:00,1,0.84
C09,2026-09-07,12:00,14:00,2,0.77
C09,2026-09-07,14:00,16:00,1,0.77
C09,2026-09-07,16:00,18:00,4,0.88
C09,2026-09-07,18:00,20:00,5,0.77
C09,2026-09-07,20:00,22:00,3,0.97
C09,2026-09-07,22:00,00:00,2,0.95
C10,2026-09-07,00:00,02:00,3,0.83
C10,2026-09-07,02:00,04:00,4,0.96
C10,2026-09-07,04:00,06:00,3,0.92
C10,2026-09-07,06:00,08:00,4,0.93
C10,2026-09-07,08:00,10:00,2,0.92
C10,2026-09-07,10:00,12:00,1,0.93
C10,2026-09-07,12:00,14:00,1,0.82
C10,2026-09-07,14:00,16:00,1,0.88
C10,2026-09-07,16:00,18:00,3,0.76
C10,2026-09-07,18:00,20:00,2,0.79
C10,2026-09-07,20:00,22:00,2,0.85
C10,2026-09-07,22:00,00:00,2,0.84
C11,2026-09-07,00:00,02:00,0,0.87
C11,2026-09-07,02:00,04:00,1,0.88
C11,2026-09-07,04:00,06:00,2,0.8
C11,2026-09-07,06:00,08:00,3,0.72
C11,2026-09-07,08:00,10:00,5,0.92
C11,2026-09-07,10:00,12:00,0,0.93
C11,2026-09-07,12:00,14:00,2,0.96
C11,2026-09-07,14:00,16:00,2,0.76
C11,2026-09-07,16:00,18:00,1,0.96
C11,2026-09-07,18:00,20:00,7,0.75
C11,2026-09-07,20:00,22:00,3,0.9
C11,2026-09-07,22:00,00:00,6,0.76
C12,2026-09-07,00:00,02:00,2,0.92
C12,2026-09-07,02:00,04:00,1,0.78
C12,2026-09-07,04:00,06:00,2,0.94
C12,2026-09-07,06:00,08:00,6,0.78
C12,2026-09-07,08:00,10:00,4,0.77
C12,2026-09-07,10:00,12:00,2,0.84
C12,2026-09-07,12:00,14:00,2,0.96
C12,2026-09-07,14:00,16:00,1,0.77
C12,2026-09-07,16:00,18:00,3,0.74
C12,2026-09-07,18:00,20:00,4,0.93
C12,2026-09-07,20:00,22:00,8,0.95
C12,2026-09-07,22:00,00:00,3,0.84
C13,2026-09-07,00:00,02:00,2,0.76
C13,2026-09-07,02:00,04:00,3,0.76
C13,2026-09-07,04:00,06:00,0,0.9
C13,2026-09-07,06:00,08:00,6,0.91
C13,2026-09-07,08:00,10:00,6,0.95
C13,2026-09-07,10:00,12:00,4,0.86
C13,2026-09-07,12:00,14:00,4,0.89
C13,2026-09-07,14:00,16:00,0,0.85
C13,2026-09-07,16:00,18:00,3,0.77
C13,2026-09-07,18:00,20:00,3,0.76
C13,2026-09-07,20:00,22:00,3,0.75
C13,2026-09-07,22:00,00:00,3,0.84
C14,2026-09-07,00:00,02:00,3,0.74
C14,2026-09-07,02:00,04:00,0,0.8
C14,2026-09-07,04:00,06:00,3,0.86
C14,2026-09-07,06:00,08:00,5,0.95
C14,2026-09-07,08:00,10:00,3,0.8
C14,2026-09-07,10:00,12:00,4,0.94
C14,2026-09-07,12:00,14:00,3,0.73
C14,2026-09-07,14:00,16:00,3,0.78
C14,2026-09-07,16:00,18:00,1,0.95
C14,2026-09-07,18:00,20:00,8,0.79
C14,2026-09-07,20:00,22:00,3,0.96
C14,2026-09-07,22:00,00:00,2,0.81
C15,2026-09-07,00:00,02:00,0,0.87
C15,2026-09-07,02:00,04:00,0,0.75
C15,2026-09-07,04:00,06:00,1,0.83
C15,2026-09-07,06:00,08:00,2,0.76
C15,2026-09-07,08:00,10:00,2,0.89
C15,2026-09-07,10:00,12:00,2,0.82
C15,2026-09-07,12:00,14:00,1,0.92
C15,2026-09-07,14:00,16:00,2,0.83
C15,2026-09-07,16:00,18:00,0,0.73
C15,2026-09-07,18:00,20:00,5,0.97
C15,2026-09-07,20:00,22:00,2,0.89
C15,2026-09-07,22:00,00:00,2,0.81
C16,2026-09-07,00:00,02:00,2,0.78
C16,2026-09-07,02:00,04:00,2,0.77
C16,2026-09-07,04:00,06:00,3,0.92
C16,2026-09-07,06:00,08:00,4,0.83
C16,2026-09-07,08:00,10:00,8,0.86
C16,2026-09-07,10:00,12:00,2,0.92
C16,2026-09-07,12:00,14:00,2,0.82
C16,2026-09-07,14:00,16:00,1,0.75
C16,2026-09-07,16:00,18:00,2,0.81
C16,2026-09-07,18:00,20:00,0,0.92
C16,2026-09-07,20:00,22:00,1,0.9
C16,2026-09-07,22:00,00:00,4,0.9
C17,2026-09-07,00:00,02:00,2,0.96
C17,2026-09-07,02:00,04:00,1,0.97
C17,2026-09-07,04:00,06:00,3,0.72
C17,2026-09-07,06:00,08:00,4,0.79
C17,2026-09-07,08:00,10:00,4,0.91
C17,2026-09-07,10:00,12:00,1,0.94
C17,2026-09-07,12:00,14:00,2,0.95
C17,2026-09-07,14:00,16:00,2,0.94
C17,2026-09-07,16:00,18:00,2,0.93
C17,2026-09-07,18:00,20:00,3,0.95
C17,2026-09-07,20:00,22:00,2,0.9
C17,2026-09-07,22:00,00:00,1,0.8
C18,2026-09-07,00:00,02:00,2,0.81
C18,2026-09-07,02:00,04:00,0,0.94
C18,2026-09-07,04:00,06:00,0,0.83
C18,2026-09-07,06:00,08:00,8,0.79
C18,2026-09-07,08:00,10:00,3,0.8
C18,2026-09-07,10:00,12:00,2,0.76
C18,2026-09-07,12:00,14:00,6,0.83
C18,2026-09-07,14:00,16:00,2,0.92
C18,2026-09-07,16:00,18:00,2,0.86
C18,2026-09-07,18:00,20:00,1,0.75
C18,2026-09-07,20:00,22:00,5,0.89
C18,2026-09-07,22:00,00:00,1,0.8
C19,2026-09-07,00:00,02:00,3,0.79
C19,2026-09-07,02:00,04:00,2,0.87
C19,2026-09-07,04:00,06:00,3,0.84
C19,2026-09-07,06:00,08:00,5,0.93
C19,2026-09-07,08:00,10:00,9,0.85
C19,2026-09-07,10:00,12:00,1,0.92
C19,2026-09-07,12:00,14:00,5,0.74
C19,2026-09-07,14:00,16:00,6,0.77
C19,2026-09-07,16:00,18:00,1,0.86
C19,2026-09-07,18:00,20:00,5,0.94
C19,2026-09-07,20:00,22:00,5,0.85
C19,2026-09-07,22:00,00:00,0,0.89
C20,2026-09-07,00:00,02:00,0,0.83
C20,2026-09-07,02:00,04:00,2,0.79
C20,2026-09-07,04:00,06:00,2,0.89
C20,2026-09-07,06:00,08:00,1,0.82
C20,2026-09-07,08:00,10:00,3,0.95
C20,2026-09-07,10:00,12:00,2,0.96
C20,2026-09-07,12:00,14:00,2,0.91
C20,2026-09-07,14:00,16:00,2,0.77
C20,2026-09-07,16:00,18:00,2,0.97
C20,2026-09-07,18:00,20:00,2,0.83
C20,2026-09-07,20:00,22:00,7,0.79
C20,2026-09-07,22:00,00:00,1,0.76
C01,2026-09-08,00:00,02:00,1,0.79
C01,2026-09-08,02:00,04:00,1,0.93
C01,2026-09-08,04:00,06:00,2,0.81
C01,2026-09-08,06:00,08:00,3,0.78
C01,2026-09-08,08:00,10:00,4,0.79
C01,2026-09-08,10:00,12:00,1,0.79
C01,2026-09-08,12:00,14:00,4,0.81
C01,2026-09-08,14:00,16:00,0,0.87
C01,2026-09-08,16:00,18:00,2,0.79
C01,2026-09-08,18:00,20:00,1,0.89
C01,2026-09-08,20:00,22:00,4,0.76
C01,2026-09-08,22:00,00:00,3,0.89
C02,2026-09-08,00:00,02:00,3,0.72
C02,2026-09-08,02:00,04:00,0,0.76
C02,2026-09-08,04:00,06:00,2,0.94
C02,2026-09-08,06:00,08:00,1,0.79
C02,2026-09-08,08:00,10:00,5,0.89
C02,2026-09-08,10:00,12:00,2,0.91
C02,2026-09-08,12:00,14:00,1,0.77
C02,2026-09-08,14:00,16:00,1,0.89
C02,2026-09-08,16:00,18:00,2,0.83
C02,2026-09-08,18:00,20:00,5,0.73
C02,2026-09-08,20:00,22:00,3,0.83
C02,2026-09-08,22:00,00:00,1,0.9
C03,2026-09-08,00:00,02:00,4,0.94
C03,2026-09-08,02:00,04:00,0,0.78
C03,2026-09-08,04:00,06:00,5,0.92
C03,2026-09-08,06:00,08:00,3,0.88
C03,2026-09-08,08:00,10:00,7,0.91
C03,2026-09-08,10:00,12:00,2,0.83
C03,2026-09-08,12:00,14:00,6,0.92
C03,2026-09-08,14:00,16:00,2,0.76
C03,2026-09-08,16:00,18:00,1,0.94
C03,2026-09-08,18:00,20:00,2,0.9
C03,2026-09-08,20:00,22:00,2,0.82
C03,2026-09-08,22:00,00:00,2,0.8
C04,2026-09-08,00:00,02:00,4,0.94
C04,2026-09-08,02:00,04:00,7,0.86
C04,2026-09-08,04:00,06:00,1,0.89
C04,2026-09-08,06:00,08:00,6,0.93
C04,2026-09-08,08:00,10:00,6,0.76
C04,2026-09-08,10:00,12:00,0,0.83
C04,2026-09-08,12:00,14:00,3,0.83
C04,2026-09-08,14:00,16:00,2,0.81
C04,2026-09-08,16:00,18:00,1,0.82
C04,2026-09-08,18:00,20:00,5,0.72
C04,2026-09-08,20:00,22:00,4,0.79
C04,2026-09-08,22:00,00:00,2,0.96
C05,2026-09-08,00:00,02:00,3,0.94
C05,2026-09-08,02:00,04:00,4,0.84
C05,2026-09-08,04:00,06:00,1,0.84
C05,2026-09-08,06:00,08:00,5,0.87
C05,2026-09-08,08:00,10:00,6,0.78
C05,2026-09-08,10:00,12:00,7,0.82
C05,2026-09-08,12:00,14:00,0,0.89
C05,2026-09-08,14:00,16:00,2,0.82
C05,2026-09-08,16:00,18:00,3,0.82
C05,2026-09-08,18:00,20:00,5,0.73
C05,2026-09-08,20:00,22:00,6,0.9
C05,2026-09-08,22:00,00:00,4,0.74
C06,2026-09-08,00:00,02:00,2,0.94
C06,2026-09-08,02:00,04:00,2,0.73
C06,2026-09-08,04:00,06:00,4,0.83
C06,2026-09-08,06:00,08:00,4,0.84
C06,2026-09-08,08:00,10:00,7,0.81
C06,2026-09-08,10:00,12:00,2,0.96
C06,2026-09-08,12:00,14:00,4,0.75
C06,2026-09-08,14:00,16:00,2,0.9
C06,2026-09-08,16:00,18:00,3,0.75
C06,2026-09-08,18:00,20:00,6,0.75
C06,2026-09-08,20:00,22:00,9,0.86
C06,2026-09-08,22:00,00:00,3,0.83
C07,2026-09-08,00:00,02:00,3,0.93
C07,2026-09-08,02:00,04:00,6,0.84
C07,2026-09-08,04:00,06:00,0,0.76
C07,2026-09-08,06:00,08:00,6,0.85
C07,2026-09-08,08:00,10:00,1,0.89
C07,2026-09-08,10:00,12:00,1,0.74
C07,2026-09-08,12:00,14:00,3,0.95
C07,2026-09-08,14:00,16:00,2,0.74
C07,2026-09-08,16:00,18:00,2,0.81
C07,2026-09-08,18:00,20:00,0,0.78
C07,2026-09-08,20:00,22:00,1,0.91
C07,2026-09-08,22:00,00:00,2,0.79
C08,2026-09-08,00:00,02:00,1,0.84
C08,2026-09-08,02:00,04:00,2,0.95
C08,2026-09-08,04:00,06:00,2,0.79
C08,2026-09-08,06:00,08:00,4,0.79
C08,2026-09-08,08:00,10:00,5,0.89
C08,2026-09-08,10:00,12:00,2,0.92
C08,2026-09-08,12:00,14:00,1,0.93
C08,2026-09-08,14:00,16:00,1,0.88
C08,2026-09-08,16:00,18:00,2,0.9
C08,2026-09-08,18:00,20:00,5,0.79
C08,2026-09-08,20:00,22:00,5,0.92
C08,2026-09-08,22:00,00:00,0,0.89
C09,2026-09-08,00:00,02:00,3,0.96
C09,2026-09-08,02:00,04:00,1,0.86
C09,2026-09-08,04:00,06:00,3,0.85
C09,2026-09-08,06:00,08:00,11,0.9
C09,2026-09-08,08:00,10:00,5,0.94
C09,2026-09-08,10:00,12:00,2,0.97
C09,2026-09-08,12:00,14:00,1,0.87
C09,2026-09-08,14:00,16:00,2,0.78
C09,2026-09-08,16:00,18:00,3,0.88
C09,2026-09-08,18:00,20:00,3,0.79
C09,2026-09-08,20:00,22:00,3,0.78
C09,2026-09-08,22:00,00:00,5,0.96
C10,2026-09-08,00:00,02:00,3,0.75
C10,2026-09-08,02:00,04:00,2,0.72
C10,2026-09-08,04:00,06:00,0,0.84
C10,2026-09-08,06:00,08:00,5,0.76
C10,2026-09-08,08:00,10:00,5,0.87
C10,2026-09-08,10:00,12:00,1,0.83
C10,2026-09-08,12:00,14:00,1,0.83
C10,2026-09-08,14:00,16:00,2,0.96
C10,2026-09-08,16:00,18:00,1,0.95
C10,2026-09-08,18:00,20:00,2,0.89
C10,2026-09-08,20:00,22:00,2,0.77
C10,2026-09-08,22:00,00:00,4,0.96
C11,2026-09-08,00:00,02:00,3,0.81
C11,2026-09-08,02:00,04:00,0,0.94
C11,2026-09-08,04:00,06:00,5,0.85
C11,2026-09-08,06:00,08:00,4,0.79
C11,2026-09-08,08:00,10:00,3,0.85
C11,2026-09-08,10:00,12:00,3,0.77
C11,2026-09-08,12:00,14:00,1,0.88
C11,2026-09-08,14:00,16:00,5,0.76
C11,2026-09-08,16:00,18:00,2,0.76
C11,2026-09-08,18:00,20:00,6,0.73
C11,2026-09-08,20:00,22:00,2,0.89
C11,2026-09-08,22:00,00:00,2,0.78
C12,2026-09-08,00:00,02:00,0,0.88
C12,2026-09-08,02:00,04:00,4,0.96
C12,2026-09-08,04:00,06:00,0,0.93
C12,2026-09-08,06:00,08:00,3,0.95
C12,2026-09-08,08:00,10:00,4,0.86
C12,2026-09-08,10:00,12:00,3,0.72
C12,2026-09-08,12:00,14:00,1,0.87
C12,2026-09-08,14:00,16:00,3,0.9
C12,2026-09-08,16:00,18:00,2,0.82
C12,2026-09-08,18:00,20:00,2,0.86
C12,2026-09-08,20:00,22:00,2,0.73
C12,2026-09-08,22:00,00:00,1,0.73
C13,2026-09-08,00:00,02:00,3,0.77
C13,2026-09-08,02:00,04:00,2,0.82
C13,2026-09-08,04:00,06:00,2,0.79
C13,2026-09-08,06:00,08:00,4,0.76
C13,2026-09-08,08:00,10:00,0,0.94
C13,2026-09-08,10:00,12:00,2,0.83
C13,2026-09-08,12:00,14:00,2,0.89
C13,2026-09-08,14:00,16:00,2,0.78
C13,2026-09-08,16:00,18:00,2,0.95
C13,2026-09-08,18:00,20:00,4,0.82
C13,2026-09-08,20:00,22:00,3,0.89
C13,2026-09-08,22:00,00:00,1,0.82
C14,2026-09-08,00:00,02:00,1,0.79
C14,2026-09-08,02:00,04:00,1,0.84
C14,2026-09-08,04:00,06:00,3,0.97
C14,2026-09-08,06:00,08:00,5,0.96
C14,2026-09-08,08:00,10:00,2,0.84
C14,2026-09-08,10:00,12:00,2,0.94
C14,2026-09-08,12:00,14:00,2,0.91
C14,2026-09-08,14:00,16:00,2,0.86
C14,2026-09-08,16:00,18:00,0,0.93
C14,2026-09-08,18:00,20:00,1,0.91
C14,2026-09-08,20:00,22:00,6,0.86
C14,2026-09-08,22:00,00:00,4,0.8
C15,2026-09-08,00:00,02:00,1,0.83
C15,2026-09-08,02:00,04:00,0,0.84
C15,2026-09-08,04:00,06:00,1,0.93
C15,2026-09-08,06:00,08:00,3,0.78
C15,2026-09-08,08:00,10:00,4,0.83
C15,2026-09-08,10:00,12:00,1,0.96
C15,2026-09-08,12:00,14:00,1,0.92
C15,2026-09-08,14:00,16:00,0,0.88
C15,2026-09-08,16:00,18:00,3,0.87
C15,2026-09-08,18:00,20:00,3,0.79
C15,2026-09-08,20:00,22:00,1,0.82
C15,2026-09-08,22:00,00:00,1,0.87
C16,2026-09-08,00:00,02:00,1,0.77
C16,2026-09-08,02:00,04:00,3,0.77
C16,2026-09-08,04:00,06:00,3,0.89
C16,2026-09-08,06:00,08:00,3,0.86
C16,2026-09-08,08:00,10:00,5,0.89
C16,2026-09-08,10:00,12:00,1,0.97
C16,2026-09-08,12:00,14:00,2,0.83
C16,2026-09-08,14:00,16:00,2,0.73
C16,2026-09-08,16:00,18:00,1,0.73
C16,2026-09-08,18:00,20:00,6,0.91
C16,2026-09-08,20:00,22:00,4,0.81
C16,2026-09-08,22:00,00:00,1,0.88
C17,2026-09-08,00:00,02:00,1,0.77
C17,2026-09-08,02:00,04:00,1,0.78
C17,2026-09-08,04:00,06:00,2,0.9
C17,2026-09-08,06:00,08:00,5,0.95
C17,2026-09-08,08:00,10:00,5,0.73
C17,2026-09-08,10:00,12:00,2,0.93
C17,2026-09-08,12:00,14:00,1,0.75
C17,2026-09-08,14:00,16:00,1,0.86
C17,2026-09-08,16:00,18:00,4,0.87
C17,2026-09-08,18:00,20:00,2,0.85
C17,2026-09-08,20:00,22:00,5,0.72
C17,2026-09-08,22:00,00:00,3,0.9
C18,2026-09-08,00:00,02:00,2,0.86
C18,2026-09-08,02:00,04:00,1,0.79
C18,2026-09-08,04:00,06:00,2,0.92
C18,2026-09-08,06:00,08:00,6,0.72
C18,2026-09-08,08:00,10:00,3,0.9
C18,2026-09-08,10:00,12:00,2,0.94
C18,2026-09-08,12:00,14:00,4,0.78
C18,2026-09-08,14:00,16:00,0,0.75
C18,2026-09-08,16:00,18:00,1,0.77
C18,2026-09-08,18:00,20:00,4,0.8
C18,2026-09-08,20:00,22:00,5,0.74
C18,2026-09-08,22:00,00:00,3,0.94
C19,2026-09-08,00:00,02:00,3,0.86
C19,2026-09-08,02:00,04:00,0,0.84
C19,2026-09-08,04:00,06:00,1,0.94
C19,2026-09-08,06:00,08:00,4,0.88
C19,2026-09-08,08:00,10:00,1,0.93
C19,2026-09-08,10:00,12:00,0,0.9
C19,2026-09-08,12:00,14:00,1,0.79
C19,2026-09-08,14:00,16:00,1,0.88
C19,2026-09-08,16:00,18:00,0,0.79
C19,2026-09-08,18:00,20:00,4,0.8
C19,2026-09-08,20:00,22:00,7,0.96
C19,2026-09-08,22:00,00:00,1,0.78
C20,2026-09-08,00:00,02:00,4,0.92
C20,2026-09-08,02:00,04:00,2,0.8
C20,2026-09-08,04:00,06:00,4,0.86
C20,2026-09-08,06:00,08:00,5,0.73
C20,2026-09-08,08:00,10:00,3,0.9
C20,2026-09-08,10:00,12:00,3,0.96
C20,2026-09-08,12:00,14:00,3,0.94
C20,2026-09-08,14:00,16:00,2,0.88
C20,2026-09-08,16:00,18:00,4,0.8
C20,2026-09-08,18:00,20:00,5,0.77
C20,2026-09-08,20:00,22:00,4,0.89
C20,2026-09-08,22:00,00:00,1,0.77
C01,2026-09-09,00:00,02:00,1,0.91
C01,2026-09-09,02:00,04:00,0,0.97
C01,2026-09-09,04:00,06:00,0,0.9
C01,2026-09-09,06:00,08:00,5,0.82
C01,2026-09-09,08:00,10:00,6,0.94
C01,2026-09-09,10:00,12:00,3,0.86
C01,2026-09-09,12:00,14:00,1,0.77
C01,2026-09-09,14:00,16:00,1,0.97
C01,2026-09-09,16:00,18:00,2,0.9
C01,2026-09-09,18:00,20:00,3,0.79
C01,2026-09-09,20:00,22:00,2,0.91
C01,2026-09-09,22:00,00:00,3,0.89
C02,2026-09-09,00:00,02:00,1,0.82
C02,2026-09-09,02:00,04:00,0,0.75
C02,2026-09-09,04:00,06:00,4,0.9
C02,2026-09-09,06:00,08:00,4,0.96
C02,2026-09-09,08:00,10:00,4,0.9
C02,2026-09-09,10:00,12:00,1,0.82
C02,2026-09-09,12:00,14:00,1,0.87
C02,2026-09-09,14:00,16:00,3,0.96
C02,2026-09-09,16:00,18:00,4,0.93
C02,2026-09-09,18:00,20:00,6,0.79
C02,2026-09-09,20:00,22:00,3,0.72
C02,2026-09-09,22:00,00:00,1,0.77
C03,2026-09-09,00:00,02:00,1,0.75
C03,2026-09-09,02:00,04:00,3,0.75
C03,2026-09-09,04:00,06:00,6,0.74
C03,2026-09-09,06:00,08:00,6,0.91
C03,2026-09-09,08:00,10:00,4,0.92
C03,2026-09-09,10:00,12:00,1,0.96
C03,2026-09-09,12:00,14:00,2,0.77
C03,2026-09-09,14:00,16:00,0,0.88
C03,2026-09-09,16:00,18:00,3,0.74
C03,2026-09-09,18:00,20:00,1,0.92
C03,2026-09-09,20:00,22:00,2,0.94
C03,2026-09-09,22:00,00:00,2,0.8
C04,2026-09-09,00:00,02:00,5,0.78
C04,2026-09-09,02:00,04:00,1,0.86
C04,2026-09-09,04:00,06:00,1,0.84
C04,2026-09-09,06:00,08:00,6,0.77
C04,2026-09-09,08:00,10:00,6,0.81
C04,2026-09-09,10:00,12:00,1,0.73
C04,2026-09-09,12:00,14:00,2,0.74
C04,2026-09-09,14:00,16:00,3,0.75
C04,2026-09-09,16:00,18:00,2,0.82
C04,2026-09-09,18:00,20:00,3,0.87
C04,2026-09-09,20:00,22:00,2,0.82
C04,2026-09-09,22:00,00:00,5,0.8
C05,2026-09-09,00:00,02:00,1,0.85
C05,2026-09-09,02:00,04:00,1,0.86
C05,2026-09-09,04:00,06:00,0,0.81
C05,2026-09-09,06:00,08:00,7,0.91
C05,2026-09-09,08:00,10:00,6,0.77
C05,2026-09-09,10:00,12:00,2,0.87
C05,2026-09-09,12:00,14:00,1,0.81
C05,2026-09-09,14:00,16:00,6,0.97
C05,2026-09-09,16:00,18:00,3,0.77
C05,2026-09-09,18:00,20:00,2,0.97
C05,2026-09-09,20:00,22:00,5,0.93
C05,2026-09-09,22:00,00:00,1,0.8
C06,2026-09-09,00:00,02:00,3,0.75
C06,2026-09-09,02:00,04:00,4,0.93
C06,2026-09-09,04:00,06:00,7,0.87
C06,2026-09-09,06:00,08:00,1,0.81
C06,2026-09-09,08:00,10:00,3,0.94
C06,2026-09-09,10:00,12:00,1,0.92
C06,2026-09-09,12:00,14:00,3,0.73
C06,2026-09-09,14:00,16:00,1,0.85
C06,2026-09-09,16:00,18:00,0,0.75
C06,2026-09-09,18:00,20:00,5,0.74
C06,2026-09-09,20:00,22:00,4,0.77
C06,2026-09-09,22:00,00:00,2,0.93
C07,2026-09-09,00:00,02:00,3,0.73
C07,2026-09-09,02:00,04:00,2,0.88
C07,2026-09-09,04:00,06:00,1,0.75
C07,2026-09-09,06:00,08:00,4,0.8
C07,2026-09-09,08:00,10:00,2,0.9
C07,2026-09-09,10:00,12:00,2,0.74
C07,2026-09-09,12:00,14:00,0,0.83
C07,2026-09-09,14:00,16:00,1,0.97
C07,2026-09-09,16:00,18:00,4,0.74
C07,2026-09-09,18:00,20:00,3,0.73
C07,2026-09-09,20:00,22:00,7,0.77
C07,2026-09-09,22:00,00:00,5,0.84
C08,2026-09-09,00:00,02:00,4,0.73
C08,2026-09-09,02:00,04:00,3,0.72
C08,2026-09-09,04:00,06:00,7,0.89
C08,2026-09-09,06:00,08:00,1,0.88
C08,2026-09-09,08:00,10:00,3,0.88
C08,2026-09-09,10:00,12:00,2,0.77
C08,2026-09-09,12:00,14:00,4,0.84
C08,2026-09-09,14:00,16:00,2,0.88
C08,2026-09-09,16:00,18:00,1,0.77
C08,2026-09-09,18:00,20:00,2,0.87
C08,2026-09-09,20:00,22:00,7,0.88
C08,2026-09-09,22:00,00:00,1,0.88
C09,2026-09-09,00:00,02:00,0,0.96
C09,2026-09-09,02:00,04:00,3,0.73
C09,2026-09-09,04:00,06:00,1,0.72
C09,2026-09-09,06:00,08:00,0,0.78
C09,2026-09-09,08:00,10:00,3,0.9
C09,2026-09-09,10:00,12:00,1,0.73
C09,2026-09-09,12:00,14:00,1,0.8
C09,2026-09-09,14:00,16:00,5,0.72
C09,2026-09-09,16:00,18:00,3,0.75
C09,2026-09-09,18:00,20:00,5,0.89
C09,2026-09-09,20:00,22:00,4,0.92
C09,2026-09-09,22:00,00:00,4,0.76
C10,2026-09-09,00:00,02:00,2,0.76
C10,2026-09-09,02:00,04:00,1,0.9
C10,2026-09-09,04:00,06:00,3,0.74
C10,2026-09-09,06:00,08:00,6,0.77
C10,2026-09-09,08:00,10:00,3,0.88
C10,2026-09-09,10:00,12:00,4,0.79
C10,2026-09-09,12:00,14:00,3,0.8
C10,2026-09-09,14:00,16:00,2,0.92
C10,2026-09-09,16:00,18:00,2,0.84
C10,2026-09-09,18:00,20:00,2,0.94
C10,2026-09-09,20:00,22:00,5,0.94
C10,2026-09-09,22:00,00:00,3,0.72
C11,2026-09-09,00:00,02:00,0,0.79
C11,2026-09-09,02:00,04:00,1,0.86
C11,2026-09-09,04:00,06:00,2,0.9
C11,2026-09-09,06:00,08:00,4,0.81
C11,2026-09-09,08:00,10:00,6,0.84
C11,2026-09-09,10:00,12:00,1,0.78
C11,2026-09-09,12:00,14:00,1,0.82
C11,2026-09-09,14:00,16:00,4,0.73
C11,2026-09-09,16:00,18:00,2,0.73
C11,2026-09-09,18:00,20:00,3,0.89
C11,2026-09-09,20:00,22:00,2,0.97
C11,2026-09-09,22:00,00:00,1,0.87
C12,2026-09-09,00:00,02:00,1,0.94
C12,2026-09-09,02:00,04:00,2,0.88
C12,2026-09-09,04:00,06:00,0,0.86
C12,2026-09-09,06:00,08:00,8,0.73
C12,2026-09-09,08:00,10:00,6,0.83
C12,2026-09-09,10:00,12:00,1,0.86
C12,2026-09-09,12:00,14:00,1,0.84
C12,2026-09-09,14:00,16:00,2,0.95
C12,2026-09-09,16:00,18:00,0,0.96
C12,2026-09-09,18:00,20:00,4,0.81
C12,2026-09-09,20:00,22:00,6,0.76
C12,2026-09-09,22:00,00:00,2,0.88
C13,2026-09-09,00:00,02:00,0,0.96
C13,2026-09-09,02:00,04:00,2,0.88
C13,2026-09-09,04:00,06:00,2,0.94
C13,2026-09-09,06:00,08:00,5,0.82
C13,2026-09-09,08:00,10:00,10,0.77
C13,2026-09-09,10:00,12:00,1,0.76
C13,2026-09-09,12:00,14:00,2,0.76
C13,2026-09-09,14:00,16:00,4,0.76
C13,2026-09-09,16:00,18:00,4,0.95
C13,2026-09-09,18:00,20:00,2,0.89
C13,2026-09-09,20:00,22:00,6,0.96
C13,2026-09-09,22:00,00:00,2,0.74
C14,2026-09-09,00:00,02:00,0,0.87
C14,2026-09-09,02:00,04:00,1,0.91
C14,2026-09-09,04:00,06:00,2,0.83
C14,2026-09-09,06:00,08:00,4,0.73
C14,2026-09-09,08:00,10:00,3,0.83
C14,2026-09-09,10:00,12:00,0,0.97
C14,2026-09-09,12:00,14:00,6,0.82
C14,2026-09-09,14:00,16:00,7,0.82
C14,2026-09-09,16:00,18:00,2,0.89
C14,2026-09-09,18:00,20:00,2,0.78
C14,2026-09-09,20:00,22:00,3,0.77
C14,2026-09-09,22:00,00:00,1,0.82
C15,2026-09-09,00:00,02:00,2,0.87
C15,2026-09-09,02:00,04:00,1,0.95
C15,2026-09-09,04:00,06:00,1,0.81
C15,2026-09-09,06:00,08:00,2,0.75
C15,2026-09-09,08:00,10:00,12,0.9
C15,2026-09-09,10:00,12:00,0,0.76
C15,2026-09-09,12:00,14:00,1,0.92
C15,2026-09-09,14:00,16:00,3,0.91
C15,2026-09-09,16:00,18:00,4,0.8
C15,2026-09-09,18:00,20:00,2,0.88
C15,2026-09-09,20:00,22:00,4,0.81
C15,2026-09-09,22:00,00:00,2,0.92
C16,2026-09-09,00:00,02:00,1,0.72
C16,2026-09-09,02:00,04:00,0,0.83
C16,2026-09-09,04:00,06:00,2,0.77
C16,2026-09-09,06:00,08:00,6,0.86
C16,2026-09-09,08:00,10:00,0,0.78
C16,2026-09-09,10:00,12:00,0,0.76
C16,2026-09-09,12:00,14:00,2,0.75
C16,2026-09-09,14:00,16:00,2,0.89
C16,2026-09-09,16:00,18:00,2,0.92
C16,2026-09-09,18:00,20:00,7,0.92
C16,2026-09-09,20:00,22:00,1,0.94
C16,2026-09-09,22:00,00:00,5,0.74
C17,2026-09-09,00:00,02:00,3,0.72
C17,2026-09-09,02:00,04:00,2,0.8
C17,2026-09-09,04:00,06:00,3,0.76
C17,2026-09-09,06:00,08:00,6,0.78
C17,2026-09-09,08:00,10:00,6,0.93
C17,2026-09-09,10:00,12:00,1,0.9
C17,2026-09-09,12:00,14:00,0,0.75
C17,2026-09-09,14:00,16:00,2,0.72
C17,2026-09-09,16:00,18:00,3,0.91
C17,2026-09-09,18:00,20:00,7,0.82
C17,2026-09-09,20:00,22:00,1,0.74
C17,2026-09-09,22:00,00:00,2,0.8
C18,2026-09-09,00:00,02:00,3,0.88
C18,2026-09-09,02:00,04:00,5,0.85
C18,2026-09-09,04:00,06:00,1,0.76
C18,2026-09-09,06:00,08:00,3,0.78
C18,2026-09-09,08:00,10:00,5,0.86
C18,2026-09-09,10:00,12:00,1,0.75
C18,2026-09-09,12:00,14:00,1,0.8
C18,2026-09-09,14:00,16:00,1,0.85
C18,2026-09-09,16:00,18:00,2,0.89
C18,2026-09-09,18:00,20:00,3,0.97
C18,2026-09-09,20:00,22:00,3,0.79
C18,2026-09-09,22:00,00:00,4,0.88
C19,2026-09-09,00:00,02:00,1,0.93
C19,2026-09-09,02:00,04:00,4,0.73
C19,2026-09-09,04:00,06:00,1,0.78
C19,2026-09-09,06:00,08:00,7,0.76
C19,2026-09-09,08:00,10:00,4,0.88
C19,2026-09-09,10:00,12:00,0,0.91
C19,2026-09-09,12:00,14:00,4,0.92
C19,2026-09-09,14:00,16:00,3,0.87
C19,2026-09-09,16:00,18:00,0,0.95
C19,2026-09-09,18:00,20:00,2,0.92
C19,2026-09-09,20:00,22:00,7,0.93
C19,2026-09-09,22:00,00:00,2,0.8
C20,2026-09-09,00:00,02:00,3,0.9
C20,2026-09-09,02:00,04:00,1,0.76
C20,2026-09-09,04:00,06:00,1,0.84
C20,2026-09-09,06:00,08:00,4,0.93
C20,2026-09-09,08:00,10:00,7,0.93
C20,2026-09-09,10:00,12:00,4,0.77
C20,2026-09-09,12:00,14:00,2,0.93
C20,2026-09-09,14:00,16:00,0,0.94
C20,2026-09-09,16:00,18:00,1,0.82
C20,2026-09-09,18:00,20:00,5,0.86
C20,2026-09-09,20:00,22:00,4,0.83
C20,2026-09-09,22:00,00:00,2,0.91
C01,2026-09-10,00:00,02:00,6,0.89
C01,2026-09-10,02:00,04:00,1,0.82
C01,2026-09-10,04:00,06:00,0,0.78
C01,2026-09-10,06:00,08:00,3,0.96
C01,2026-09-10,08:00,10:00,4,0.85
C01,2026-09-10,10:00,12:00,1,0.97
C01,2026-09-10,12:00,14:00,2,0.83
C01,2026-09-10,14:00,16:00,2,0.75
C01,2026-09-10,16:00,18:00,0,0.76
C01,2026-09-10,18:00,20:00,6,0.93
C01,2026-09-10,20:00,22:00,7,0.78
C01,2026-09-10,22:00,00:00,2,0.78
C02,2026-09-10,00:00,02:00,2,0.84
C02,2026-09-10,02:00,04:00,3,0.91
C02,2026-09-10,04:00,06:00,1,0.72
C02,2026-09-10,06:00,08:00,12,0.94
C02,2026-09-10,08:00,10:00,6,0.73
C02,2026-09-10,10:00,12:00,2,0.78
C02,2026-09-10,12:00,14:00,2,0.96
C02,2026-09-10,14:00,16:00,1,0.77
C02,2026-09-10,16:00,18:00,1,0.91
C02,2026-09-10,18:00,20:00,2,0.93
C02,2026-09-10,20:00,22:00,5,0.77
C02,2026-09-10,22:00,00:00,3,0.92
C03,2026-09-10,00:00,02:00,1,0.86
C03,2026-09-10,02:00,04:00,1,0.79
C03,2026-09-10,04:00,06:00,4,0.91
C03,2026-09-10,06:00,08:00,10,0.76
C03,2026-09-10,08:00,10:00,4,0.87
C03,2026-09-10,10:00,12:00,1,0.85
C03,2026-09-10,12:00,14:00,3,0.92
C03,2026-09-10,14:00,16:00,4,0.73
C03,2026-09-10,16:00,18:00,1,0.88
C03,2026-09-10,18:00,20:00,8,0.95
C03,2026-09-10,20:00,22:00,3,0.82
C03,2026-09-10,22:00,00:00,1,0.97
C04,2026-09-10,00:00,02:00,0,0.93
C04,2026-09-10,02:00,04:00,2,0.72
C04,2026-09-10,04:00,06:00,1,0.88
C04,2026-09-10,06:00,08:00,4,0.92
C04,2026-09-10,08:00,10:00,6,0.93
C04,2026-09-10,10:00,12:00,1,0.93
C04,2026-09-10,12:00,14:00,1,0.86
C04,2026-09-10,14:00,16:00,4,0.89
C04,2026-09-10,16:00,18:00,0,0.94
C04,2026-09-10,18:00,20:00,2,0.97
C04,2026-09-10,20:00,22:00,4,0.78
C04,2026-09-10,22:00,00:00,0,0.75
C05,2026-09-10,00:00,02:00,1,0.87
C05,2026-09-10,02:00,04:00,2,0.85
C05,2026-09-10,04:00,06:00,1,0.82
C05,2026-09-10,06:00,08:00,2,0.79
C05,2026-09-10,08:00,10:00,4,0.88
C05,2026-09-10,10:00,12:00,1,0.77
C05,2026-09-10,12:00,14:00,2,0.92
C05,2026-09-10,14:00,16:00,0,0.75
C05,2026-09-10,16:00,18:00,4,0.94
C05,2026-09-10,18:00,20:00,3,0.8
C05,2026-09-10,20:00,22:00,6,0.86
C05,2026-09-10,22:00,00:00,2,0.89
C06,2026-09-10,00:00,02:00,2,0.95
C06,2026-09-10,02:00,04:00,2,0.77
C06,2026-09-10,04:00,06:00,2,0.77
C06,2026-09-10,06:00,08:00,1,0.86
C06,2026-09-10,08:00,10:00,1,0.87
C06,2026-09-10,10:00,12:00,1,0.95
C06,2026-09-10,12:00,14:00,4,0.92
C06,2026-09-10,14:00,16:00,0,0.9
C06,2026-09-10,16:00,18:00,2,0.96
C06,2026-09-10,18:00,20:00,3,0.95
C06,2026-09-10,20:00,22:00,2,0.93
C06,2026-09-10,22:00,00:00,3,0.75
C07,2026-09-10,00:00,02:00,3,0.76
C07,2026-09-10,02:00,04:00,1,0.82
C07,2026-09-10,04:00,06:00,3,0.79
C07,2026-09-10,06:00,08:00,3,0.82
C07,2026-09-10,08:00,10:00,3,0.77
C07,2026-09-10,10:00,12:00,1,0.83
C07,2026-09-10,12:00,14:00,3,0.77
C07,2026-09-10,14:00,16:00,1,0.89
C07,2026-09-10,16:00,18:00,3,0.77
C07,2026-09-10,18:00,20:00,3,0.8
C07,2026-09-10,20:00,22:00,5,0.86
C07,2026-09-10,22:00,00:00,2,0.89
C08,2026-09-10,00:00,02:00,4,0.83
C08,2026-09-10,02:00,04:00,3,0.88
C08,2026-09-10,04:00,06:00,1,0.96
C08,2026-09-10,06:00,08:00,2,0.78
C08,2026-09-10,08:00,10:00,3,0.79
C08,2026-09-10,10:00,12:00,2,0.91
C08,2026-09-10,12:00,14:00,3,0.96
C08,2026-09-10,14:00,16:00,1,0.89
C08,2026-09-10,16:00,18:00,1,0.96
C08,2026-09-10,18:00,20:00,5,0.88
C08,2026-09-10,20:00,22:00,5,0.83
C08,2026-09-10,22:00,00:00,3,0.87
C09,2026-09-10,00:00,02:00,4,0.78
C09,2026-09-10,02:00,04:00,2,0.84
C09,2026-09-10,04:00,06:00,0,0.89
C09,2026-09-10,06:00,08:00,4,0.81
C09,2026-09-10,08:00,10:00,7,0.81
C09,2026-09-10,10:00,12:00,2,0.86
C09,2026-09-10,12:00,14:00,1,0.88
C09,2026-09-10,14:00,16:00,5,0.8
C09,2026-09-10,16:00,18:00,3,0.8
C09,2026-09-10,18:00,20:00,1,0.89
C09,2026-09-10,20:00,22:00,4,0.88
C09,2026-09-10,22:00,00:00,0,0.95
C10,2026-09-10,00:00,02:00,2,0.94
C10,2026-09-10,02:00,04:00,0,0.83
C10,2026-09-10,04:00,06:00,4,0.88
C10,2026-09-10,06:00,08:00,4,0.78
C10,2026-09-10,08:00,10:00,3,0.84
C10,2026-09-10,10:00,12:00,0,0.78
C10,2026-09-10,12:00,14:00,0,0.88
C10,2026-09-10,14:00,16:00,2,0.8
C10,2026-09-10,16:00,18:00,1,0.89
C10,2026-09-10,18:00,20:00,4,0.93
C10,2026-09-10,20:00,22:00,2,0.8
C10,2026-09-10,22:00,00:00,4,0.88
C11,2026-09-10,00:00,02:00,1,0.84
C11,2026-09-10,02:00,04:00,2,0.94
C11,2026-09-10,04:00,06:00,1,0.9
C11,2026-09-10,06:00,08:00,3,0.74
C11,2026-09-10,08:00,10:00,8,0.75
C11,2026-09-10,10:00,12:00,1,0.82
C11,2026-09-10,12:00,14:00,1,0.8
C11,2026-09-10,14:00,16:00,0,0.95
C11,2026-09-10,16:00,18:00,0,0.92
C11,2026-09-10,18:00,20:00,2,0.88
C11,2026-09-10,20:00,22:00,5,0.83
C11,2026-09-10,22:00,00:00,5,0.77
C12,2026-09-10,00:00,02:00,3,0.73
C12,2026-09-10,02:00,04:00,1,0.83
C12,2026-09-10,04:00,06:00,2,0.89
C12,2026-09-10,06:00,08:00,5,0.95
C12,2026-09-10,08:00,10:00,4,0.83
C12,2026-09-10,10:00,12:00,2,0.89
C12,2026-09-10,12:00,14:00,1,0.9
C12,2026-09-10,14:00,16:00,3,0.87
C12,2026-09-10,16:00,18:00,2,0.9
C12,2026-09-10,18:00,20:00,5,0.83
C12,2026-09-10,20:00,22:00,4,0.83
C12,2026-09-10,22:00,00:00,0,0.93
C13,2026-09-10,00:00,02:00,3,0.9
C13,2026-09-10,02:00,04:00,2,0.9
C13,2026-09-10,04:00,06:00,0,0.72
C13,2026-09-10,06:00,08:00,3,0.86
C13,2026-09-10,08:00,10:00,1,0.85
C13,2026-09-10,10:00,12:00,2,0.94
C13,2026-09-10,12:00,14:00,2,0.92
C13,2026-09-10,14:00,16:00,3,0.76
C13,2026-09-10,16:00,18:00,2,0.84
C13,2026-09-10,18:00,20:00,6,0.74
C13,2026-09-10,20:00,22:00,3,0.89
C13,2026-09-10,22:00,00:00,4,0.74
C14,2026-09-10,00:00,02:00,2,0.95
C14,2026-09-10,02:00,04:00,0,0.83
C14,2026-09-10,04:00,06:00,1,0.9
C14,2026-09-10,06:00,08:00,1,0.81
C14,2026-09-10,08:00,10:00,3,0.85
C14,2026-09-10,10:00,12:00,2,0.92
C14,2026-09-10,12:00,14:00,2,0.92
C14,2026-09-10,14:00,16:00,4,0.89
C14,2026-09-10,16:00,18:00,2,0.91
C14,2026-09-10,18:00,20:00,3,0.78
C14,2026-09-10,20:00,22:00,7,0.95
C14,2026-09-10,22:00,00:00,2,0.75
C15,2026-09-10,00:00,02:00,4,0.95
C15,2026-09-10,02:00,04:00,1,0.78
C15,2026-09-10,04:00,06:00,1,0.86
C15,2026-09-10,06:00,08:00,1,0.8
C15,2026-09-10,08:00,10:00,3,0.89
C15,2026-09-10,10:00,12:00,1,0.85
C15,2026-09-10,12:00,14:00,2,0.84
C15,2026-09-10,14:00,16:00,2,0.83
C15,2026-09-10,16:00,18:00,2,0.74
C15,2026-09-10,18:00,20:00,3,0.8
C15,2026-09-10,20:00,22:00,10,0.95
C15,2026-09-10,22:00,00:00,0,0.87
C16,2026-09-10,00:00,02:00,3,0.88
C16,2026-09-10,02:00,04:00,3,0.8
C16,2026-09-10,04:00,06:00,2,0.73
C16,2026-09-10,06:00,08:00,7,0.87
C16,2026-09-10,08:00,10:00,3,0.78
C16,2026-09-10,10:00,12:00,1,0.78
C16,2026-09-10,12:00,14:00,0,0.89
C16,2026-09-10,14:00,16:00,3,0.96
C16,2026-09-10,16:00,18:00,2,0.97
C16,2026-09-10,18:00,20:00,1,0.94
C16,2026-09-10,20:00,22:00,3,0.74
C16,2026-09-10,22:00,00:00,2,0.75
C17,2026-09-10,00:00,02:00,1,0.79
C17,2026-09-10,02:00,04:00,3,0.72
C17,2026-09-10,04:00,06:00,2,0.83
C17,2026-09-10,06:00,08:00,4,0.89
C17,2026-09-10,08:00,10:00,3,0.79
C17,2026-09-10,10:00,12:00,1,0.95
C17,2026-09-10,12:00,14:00,0,0.86
C17,2026-09-10,14:00,16:00,4,0.8
C17,2026-09-10,16:00,18:00,3,0.93
C17,2026-09-10,18:00,20:00,1,0.78
C17,2026-09-10,20:00,22:00,5,0.91
C17,2026-09-10,22:00,00:00,3,0.89
C18,2026-09-10,00:00,02:00,0,0.82
C18,2026-09-10,02:00,04:00,4,0.73
C18,2026-09-10,04:00,06:00,1,0.78
C18,2026-09-10,06:00,08:00,1,0.82
C18,2026-09-10,08:00,10:00,0,0.95
C18,2026-09-10,10:00,12:00,5,0.77
C18,2026-09-10,12:00,14:00,2,0.73
C18,2026-09-10,14:00,16:00,0,0.88
C18,2026-09-10,16:00,18:00,4,0.8
C18,2026-09-10,18:00,20:00,4,0.84
C18,2026-09-10,20:00,22:00,3,0.81
C18,2026-09-10,22:00,00:00,2,0.84
C19,2026-09-10,00:00,02:00,1,0.78
C19,2026-09-10,02:00,04:00,2,0.81
C19,2026-09-10,04:00,06:00,2,0.81
C19,2026-09-10,06:00,08:00,0,0.9
C19,2026-09-10,08:00,10:00,3,0.85
C19,2026-09-10,10:00,12:00,1,0.92
C19,2026-09-10,12:00,14:00,2,0.76
C19,2026-09-10,14:00,16:00,1,0.91
C19,2026-09-10,16:00,18:00,0,0.86
C19,2026-09-10,18:00,20:00,3,0.88
C19,2026-09-10,20:00,22:00,6,0.8
C19,2026-09-10,22:00,00:00,0,0.87
C20,2026-09-10,00:00,02:00,1,0.75
C20,2026-09-10,02:00,04:00,5,0.96
C20,2026-09-10,04:00,06:00,1,0.88
C20,2026-09-10,06:00,08:00,3,0.93
C20,2026-09-10,08:00,10:00,5,0.97
C20,2026-09-10,10:00,12:00,2,0.93
C20,2026-09-10,12:00,14:00,1,0.83
C20,2026-09-10,14:00,16:00,2,0.84
C20,2026-09-10,16:00,18:00,5,0.73
C20,2026-09-10,18:00,20:00,4,0.96
C20,2026-09-10,20:00,22:00,2,0.94
C20,2026-09-10,22:00,00:00,1,0.77
C01,2026-09-11,00:00,02:00,0,0.73
C01,2026-09-11,02:00,04:00,2,0.83
C01,2026-09-11,04:00,06:00,2,0.79
C01,2026-09-11,06:00,08:00,5,0.96
C01,2026-09-11,08:00,10:00,4,0.75
C01,2026-09-11,10:00,12:00,3,0.9
C01,2026-09-11,12:00,14:00,0,0.75
C01,2026-09-11,14:00,16:00,2,0.76
C01,2026-09-11,16:00,18:00,1,0.92
C01,2026-09-11,18:00,20:00,4,0.79
C01,2026-09-11,20:00,22:00,6,0.84
C01,2026-09-11,22:00,00:00,1,0.83
C02,2026-09-11,00:00,02:00,2,0.94
C02,2026-09-11,02:00,04:00,1,0.79
C02,2026-09-11,04:00,06:00,3,0.73
C02,2026-09-11,06:00,08:00,3,0.96
C02,2026-09-11,08:00,10:00,4,0.94
C02,2026-09-11,10:00,12:00,1,0.93
C02,2026-09-11,12:00,14:00,1,0.87
C02,2026-09-11,14:00,16:00,3,0.72
C02,2026-09-11,16:00,18:00,4,0.93
C02,2026-09-11,18:00,20:00,7,0.76
C02,2026-09-11,20:00,22:00,2,0.82
C02,2026-09-11,22:00,00:00,3,0.75
C03,2026-09-11,00:00,02:00,2,0.86
C03,2026-09-11,02:00,04:00,2,0.76
C03,2026-09-11,04:00,06:00,0,0.93
C03,2026-09-11,06:00,08:00,5,0.86
C03,2026-09-11,08:00,10:00,2,0.85
C03,2026-09-11,10:00,12:00,2,0.97
C03,2026-09-11,12:00,14:00,1,0.94
C03,2026-09-11,14:00,16:00,0,0.8
C03,2026-09-11,16:00,18:00,2,0.84
C03,2026-09-11,18:00,20:00,4,0.77
C03,2026-09-11,20:00,22:00,3,0.87
C03,2026-09-11,22:00,00:00,6,0.87
C04,2026-09-11,00:00,02:00,2,0.86
C04,2026-09-11,02:00,04:00,0,0.93
C04,2026-09-11,04:00,06:00,1,0.86
C04,2026-09-11,06:00,08:00,5,0.76
C04,2026-09-11,08:00,10:00,4,0.76
C04,2026-09-11,10:00,12:00,1,0.74
C04,2026-09-11,12:00,14:00,4,0.88
C04,2026-09-11,14:00,16:00,1,0.91
C04,2026-09-11,16:00,18:00,3,0.89
C04,2026-09-11,18:00,20:00,4,0.83
C04,2026-09-11,20:00,22:00,4,0.89
C04,2026-09-11,22:00,00:00,1,0.84
C05,2026-09-11,00:00,02:00,2,0.9
C05,2026-09-11,02:00,04:00,1,0.81
C05,2026-09-11,04:00,06:00,1,0.82
C05,2026-09-11,06:00,08:00,1,0.87
C05,2026-09-11,08:00,10:00,3,0.85
C05,2026-09-11,10:00,12:00,2,0.74
C05,2026-09-11,12:00,14:00,2,0.88
C05,2026-09-11,14:00,16:00,3,0.77
C05,2026-09-11,16:00,18:00,0,0.74
C05,2026-09-11,18:00,20:00,3,0.89
C05,2026-09-11,20:00,22:00,6,0.88
C05,2026-09-11,22:00,00:00,2,0.94
C06,2026-09-11,00:00,02:00,3,0.76
C06,2026-09-11,02:00,04:00,2,0.93
C06,2026-09-11,04:00,06:00,1,0.87
C06,2026-09-11,06:00,08:00,3,0.86
C06,2026-09-11,08:00,10:00,1,0.86
C06,2026-09-11,10:00,12:00,2,0.83
C06,2026-09-11,12:00,14:00,2,0.88
C06,2026-09-11,14:00,16:00,1,0.94
C06,2026-09-11,16:00,18:00,3,0.74
C06,2026-09-11,18:00,20:00,2,0.76
C06,2026-09-11,20:00,22:00,3,0.83
C06,2026-09-11,22:00,00:00,4,0.9
C07,2026-09-11,00:00,02:00,4,0.86
C07,2026-09-11,02:00,04:00,1,0.75
C07,2026-09-11,04:00,06:00,1,0.76
C07,2026-09-11,06:00,08:00,3,0.9
C07,2026-09-11,08:00,10:00,1,0.81
C07,2026-09-11,10:00,12:00,1,0.8
C07,2026-09-11,12:00,14:00,2,0.8
C07,2026-09-11,14:00,16:00,0,0.97
C07,2026-09-11,16:00,18:00,5,0.92
C07,2026-09-11,18:00,20:00,3,0.85
C07,2026-09-11,20:00,22:00,4,0.79
C07,2026-09-11,22:00,00:00,2,0.92
C08,2026-09-11,00:00,02:00,2,0.81
C08,2026-09-11,02:00,04:00,1,0.91
C08,2026-09-11,04:00,06:00,3,0.86
C08,2026-09-11,06:00,08:00,1,0.91
C08,2026-09-11,08:00,10:00,5,0.83
C08,2026-09-11,10:00,12:00,3,0.85
C08,2026-09-11,12:00,14:00,2,0.88
C08,2026-09-11,14:00,16:00,0,0.87
C08,2026-09-11,16:00,18:00,3,0.73
C08,2026-09-11,18:00,20:00,2,0.95
C08,2026-09-11,20:00,22:00,7,0.9
C08,2026-09-11,22:00,00:00,2,0.95
C09,2026-09-11,00:00,02:00,3,0.81
C09,2026-09-11,02:00,04:00,4,0.95
C09,2026-09-11,04:00,06:00,2,0.73
C09,2026-09-11,06:00,08:00,4,0.77
C09,2026-09-11,08:00,10:00,1,0.92
C09,2026-09-11,10:00,12:00,2,0.95
C09,2026-09-11,12:00,14:00,4,0.74
C09,2026-09-11,14:00,16:00,1,0.93
C09,2026-09-11,16:00,18:00,3,0.92
C09,2026-09-11,18:00,20:00,5,0.88
C09,2026-09-11,20:00,22:00,5,0.77
C09,2026-09-11,22:00,00:00,2,0.79
C10,2026-09-11,00:00,02:00,1,0.88
C10,2026-09-11,02:00,04:00,1,0.97
C10,2026-09-11,04:00,06:00,0,0.85
C10,2026-09-11,06:00,08:00,2,0.86
C10,2026-09-11,08:00,10:00,8,0.95
C10,2026-09-11,10:00,12:00,2,0.91
C10,2026-09-11,12:00,14:00,2,0.86
C10,2026-09-11,14:00,16:00,3,0.78
C10,2026-09-11,16:00,18:00,5,0.83
C10,2026-09-11,18:00,20:00,2,0.88
C10,2026-09-11,20:00,22:00,4,0.82
C10,2026-09-11,22:00,00:00,0,0.97
C11,2026-09-11,00:00,02:00,3,0.75
C11,2026-09-11,02:00,04:00,4,0.76
C11,2026-09-11,04:00,06:00,1,0.9
C11,2026-09-11,06:00,08:00,3,0.86
C11,2026-09-11,08:00,10:00,1,0.89
C11,2026-09-11,10:00,12:00,1,0.73
C11,2026-09-11,12:00,14:00,3,0.77
C11,2026-09-11,14:00,16:00,2,0.87
C11,2026-09-11,16:00,18:00,2,0.8
C11,2026-09-11,18:00,20:00,5,0.9
C11,2026-09-11,20:00,22:00,6,0.76
C11,2026-09-11,22:00,00:00,0,0.84
C12,2026-09-11,00:00,02:00,1,0.74
C12,2026-09-11,02:00,04:00,1,0.75
C12,2026-09-11,04:00,06:00,0,0.95
C12,2026-09-11,06:00,08:00,2,0.95
C12,2026-09-11,08:00,10:00,6,0.93
C12,2026-09-11,10:00,12:00,0,0.88
C12,2026-09-11,12:00,14:00,4,0.81
C12,2026-09-11,14:00,16:00,1,0.92
C12,2026-09-11,16:00,18:00,2,0.82
C12,2026-09-11,18:00,20:00,2,0.8
C12,2026-09-11,20:00,22:00,4,0.81
C12,2026-09-11,22:00,00:00,2,0.93
C13,2026-09-11,00:00,02:00,4,0.82
C13,2026-09-11,02:00,04:00,1,0.89
C13,2026-09-11,04:00,06:00,1,0.77
C13,2026-09-11,06:00,08:00,2,0.76
C13,2026-09-11,08:00,10:00,2,0.87
C13,2026-09-11,10:00,12:00,0,0.82
C13,2026-09-11,12:00,14:00,2,0.77
C13,2026-09-11,14:00,16:00,1,0.83
C13,2026-09-11,16:00,18:00,1,0.74
C13,2026-09-11,18:00,20:00,3,0.74
C13,2026-09-11,20:00,22:00,4,0.84
C13,2026-09-11,22:00,00:00,1,0.81
C14,2026-09-11,00:00,02:00,3,0.83
C14,2026-09-11,02:00,04:00,5,0.85
C14,2026-09-11,04:00,06:00,2,0.8
C14,2026-09-11,06:00,08:00,4,0.94
C14,2026-09-11,08:00,10:00,3,0.91
C14,2026-09-11,10:00,12:00,1,0.73
C14,2026-09-11,12:00,14:00,1,0.81
C14,2026-09-11,14:00,16:00,1,0.86
C14,2026-09-11,16:00,18:00,2,0.95
C14,2026-09-11,18:00,20:00,6,0.77
C14,2026-09-11,20:00,22:00,5,0.94
C14,2026-09-11,22:00,00:00,1,0.97
C15,2026-09-11,00:00,02:00,2,0.82
C15,2026-09-11,02:00,04:00,1,0.83
C15,2026-09-11,04:00,06:00,3,0.88
C15,2026-09-11,06:00,08:00,2,0.95
C15,2026-09-11,08:00,10:00,1,0.77
C15,2026-09-11,10:00,12:00,1,0.96
C15,2026-09-11,12:00,14:00,3,0.87
C15,2026-09-11,14:00,16:00,0,0.92
C15,2026-09-11,16:00,18:00,3,0.93
C15,2026-09-11,18:00,20:00,5,0.8
C15,2026-09-11,20:00,22:00,8,0.77
C15,2026-09-11,22:00,00:00,3,0.9
C16,2026-09-11,00:00,02:00,3,0.9
C16,2026-09-11,02:00,04:00,1,0.83
C16,2026-09-11,04:00,06:00,1,0.73
C16,2026-09-11,06:00,08:00,6,0.78
C16,2026-09-11,08:00,10:00,1,0.87
C16,2026-09-11,10:00,12:00,2,0.94
C16,2026-09-11,12:00,14:00,6,0.9
C16,2026-09-11,14:00,16:00,4,0.94
C16,2026-09-11,16:00,18:00,1,0.93
C16,2026-09-11,18:00,20:00,4,0.91
C16,2026-09-11,20:00,22:00,6,0.72
C16,2026-09-11,22:00,00:00,0,0.72
C17,2026-09-11,00:00,02:00,4,0.96
C17,2026-09-11,02:00,04:00,4,0.83
C17,2026-09-11,04:00,06:00,3,0.82
C17,2026-09-11,06:00,08:00,2,0.84
C17,2026-09-11,08:00,10:00,3,0.79
C17,2026-09-11,10:00,12:00,2,0.94
C17,2026-09-11,12:00,14:00,1,0.78
C17,2026-09-11,14:00,16:00,1,0.84
C17,2026-09-11,16:00,18:00,1,0.96
C17,2026-09-11,18:00,20:00,1,0.83
C17,2026-09-11,20:00,22:00,3,0.94
C17,2026-09-11,22:00,00:00,1,0.84
C18,2026-09-11,00:00,02:00,5,0.97
C18,2026-09-11,02:00,04:00,4,0.78
C18,2026-09-11,04:00,06:00,4,0.78
C18,2026-09-11,06:00,08:00,8,0.91
C18,2026-09-11,08:00,10:00,4,0.92
C18,2026-09-11,10:00,12:00,0,0.73
C18,2026-09-11,12:00,14:00,1,0.78
C18,2026-09-11,14:00,16:00,2,0.89
C18,2026-09-11,16:00,18:00,1,0.75
C18,2026-09-11,18:00,20:00,6,0.81
C18,2026-09-11,20:00,22:00,5,0.73
C18,2026-09-11,22:00,00:00,1,0.94
C19,2026-09-11,00:00,02:00,1,0.75
C19,2026-09-11,02:00,04:00,3,0.87
C19,2026-09-11,04:00,06:00,3,0.79
C19,2026-09-11,06:00,08:00,4,0.84
C19,2026-09-11,08:00,10:00,2,0.86
C19,2026-09-11,10:00,12:00,1,0.8
C19,2026-09-11,12:00,14:00,3,0.81
C19,2026-09-11,14:00,16:00,1,0.92
C19,2026-09-11,16:00,18:00,3,0.92
C19,2026-09-11,18:00,20:00,7,0.75
C19,2026-09-11,20:00,22:00,2,0.84
C19,2026-09-11,22:00,00:00,1,0.9
C20,2026-09-11,00:00,02:00,7,0.77
C20,2026-09-11,02:00,04:00,1,0.87
C20,2026-09-11,04:00,06:00,1,0.76
C20,2026-09-11,06:00,08:00,7,0.96
C20,2026-09-11,08:00,10:00,4,0.82
C20,2026-09-11,10:00,12:00,4,0.93
C20,2026-09-11,12:00,14:00,1,0.85
C20,2026-09-11,14:00,16:00,2,0.93
C20,2026-09-11,16:00,18:00,3,0.95
C20,2026-09-11,18:00,20:00,4,0.85
C20,2026-09-11,20:00,22:00,6,0.86
C20,2026-09-11,22:00,00:00,1,0.76
C01,2026-09-12,00:00,02:00,0,0.94
C01,2026-09-12,02:00,04:00,5,0.92
C01,2026-09-12,04:00,06:00,1,0.82
C01,2026-09-12,06:00,08:00,3,0.91
C01,2026-09-12,08:00,10:00,3,0.86
C01,2026-09-12,10:00,12:00,1,0.97
C01,2026-09-12,12:00,14:00,1,0.74
C01,2026-09-12,14:00,16:00,1,0.95
C01,2026-09-12,16:00,18:00,5,0.87
C01,2026-09-12,18:00,20:00,2,0.89
C01,2026-09-12,20:00,22:00,8,0.79
C01,2026-09-12,22:00,00:00,0,0.8
C02,2026-09-12,00:00,02:00,3,0.91
C02,2026-09-12,02:00,04:00,3,0.97
C02,2026-09-12,04:00,06:00,2,0.93
C02,2026-09-12,06:00,08:00,2,0.83
C02,2026-09-12,08:00,10:00,5,0.75
C02,2026-09-12,10:00,12:00,0,0.96
C02,2026-09-12,12:00,14:00,1,0.84
C02,2026-09-12,14:00,16:00,1,0.89
C02,2026-09-12,16:00,18:00,4,0.75
C02,2026-09-12,18:00,20:00,7,0.81
C02,2026-09-12,20:00,22:00,1,0.81
C02,2026-09-12,22:00,00:00,1,0.76
C03,2026-09-12,00:00,02:00,3,0.77
C03,2026-09-12,02:00,04:00,0,0.95
C03,2026-09-12,04:00,06:00,0,0.92
C03,2026-09-12,06:00,08:00,2,0.9
C03,2026-09-12,08:00,10:00,5,0.96
C03,2026-09-12,10:00,12:00,1,0.73
C03,2026-09-12,12:00,14:00,2,0.81
C03,2026-09-12,14:00,16:00,0,0.91
C03,2026-09-12,16:00,18:00,2,0.84
C03,2026-09-12,18:00,20:00,4,0.8
C03,2026-09-12,20:00,22:00,6,0.84
C03,2026-09-12,22:00,00:00,3,0.83
C04,2026-09-12,00:00,02:00,1,0.8
C04,2026-09-12,02:00,04:00,2,0.83
C04,2026-09-12,04:00,06:00,0,0.92
C04,2026-09-12,06:00,08:00,9,0.82
C04,2026-09-12,08:00,10:00,2,0.89
C04,2026-09-12,10:00,12:00,2,0.85
C04,2026-09-12,12:00,14:00,2,0.95
C04,2026-09-12,14:00,16:00,2,0.82
C04,2026-09-12,16:00,18:00,2,0.88
C04,2026-09-12,18:00,20:00,3,0.77
C04,2026-09-12,20:00,22:00,5,0.83
C04,2026-09-12,22:00,00:00,1,0.74
C05,2026-09-12,00:00,02:00,1,0.85
C05,2026-09-12,02:00,04:00,2,0.96
C05,2026-09-12,04:00,06:00,3,0.74
C05,2026-09-12,06:00,08:00,5,0.73
C05,2026-09-12,08:00,10:00,6,0.82
C05,2026-09-12,10:00,12:00,3,0.74
C05,2026-09-12,12:00,14:00,6,0.73
C05,2026-09-12,14:00,16:00,0,0.86
C05,2026-09-12,16:00,18:00,0,0.92
C05,2026-09-12,18:00,20:00,5,0.86
C05,2026-09-12,20:00,22:00,6,0.75
C05,2026-09-12,22:00,00:00,4,0.8
C06,2026-09-12,00:00,02:00,4,0.72
C06,2026-09-12,02:00,04:00,3,0.77
C06,2026-09-12,04:00,06:00,1,0.91
C06,2026-09-12,06:00,08:00,1,0.89
C06,2026-09-12,08:00,10:00,5,0.93
C06,2026-09-12,10:00,12:00,1,0.91
C06,2026-09-12,12:00,14:00,2,0.77
C06,2026-09-12,14:00,16:00,2,0.8
C06,2026-09-12,16:00,18:00,0,0.73
C06,2026-09-12,18:00,20:00,5,0.85
C06,2026-09-12,20:00,22:00,1,0.75
C06,2026-09-12,22:00,00:00,0,0.77
C07,2026-09-12,00:00,02:00,4,0.73
C07,2026-09-12,02:00,04:00,1,0.75
C07,2026-09-12,04:00,06:00,0,0.84
C07,2026-09-12,06:00,08:00,8,0.83
C07,2026-09-12,08:00,10:00,5,0.83
C07,2026-09-12,10:00,12:00,3,0.92
C07,2026-09-12,12:00,14:00,2,0.74
C07,2026-09-12,14:00,16:00,2,0.86
C07,2026-09-12,16:00,18:00,3,0.93
C07,2026-09-12,18:00,20:00,4,0.97
C07,2026-09-12,20:00,22:00,7,0.84
C07,2026-09-12,22:00,00:00,3,0.93
C08,2026-09-12,00:00,02:00,1,0.76
C08,2026-09-12,02:00,04:00,2,0.81
C08,2026-09-12,04:00,06:00,4,0.79
C08,2026-09-12,06:00,08:00,4,0.75
C08,2026-09-12,08:00,10:00,2,0.95
C08,2026-09-12,10:00,12:00,2,0.8
C08,2026-09-12,12:00,14:00,1,0.96
C08,2026-09-12,14:00,16:00,3,0.91
C08,2026-09-12,16:00,18:00,1,0.95
C08,2026-09-12,18:00,20:00,4,0.81
C08,2026-09-12,20:00,22:00,4,0.86
C08,2026-09-12,22:00,00:00,2,0.83
C09,2026-09-12,00:00,02:00,4,0.79
C09,2026-09-12,02:00,04:00,1,0.78
C09,2026-09-12,04:00,06:00,2,0.91
C09,2026-09-12,06:00,08:00,3,0.83
C09,2026-09-12,08:00,10:00,3,0.77
C09,2026-09-12,10:00,12:00,2,0.88
C09,2026-09-12,12:00,14:00,3,0.76
C09,2026-09-12,14:00,16:00,3,0.9
C09,2026-09-12,16:00,18:00,1,0.94
C09,2026-09-12,18:00,20:00,8,0.88
C09,2026-09-12,20:00,22:00,3,0.95
C09,2026-09-12,22:00,00:00,2,0.77
C10,2026-09-12,00:00,02:00,3,0.95
C10,2026-09-12,02:00,04:00,1,0.83
C10,2026-09-12,04:00,06:00,3,0.8
C10,2026-09-12,06:00,08:00,4,0.81
C10,2026-09-12,08:00,10:00,4,0.91
C10,2026-09-12,10:00,12:00,3,0.76
C10,2026-09-12,12:00,14:00,2,0.74
C10,2026-09-12,14:00,16:00,3,0.9
C10,2026-09-12,16:00,18:00,2,0.9
C10,2026-09-12,18:00,20:00,4,0.79
C10,2026-09-12,20:00,22:00,6,0.94
C10,2026-09-12,22:00,00:00,1,0.74
C11,2026-09-12,00:00,02:00,4,0.84
C11,2026-09-12,02:00,04:00,5,0.73
C11,2026-09-12,04:00,06:00,2,0.85
C11,2026-09-12,06:00,08:00,3,0.87
C11,2026-09-12,08:00,10:00,1,0.8
C11,2026-09-12,10:00,12:00,3,0.89
C11,2026-09-12,12:00,14:00,3,0.87
C11,2026-09-12,14:00,16:00,4,0.94
C11,2026-09-12,16:00,18:00,0,0.92
C11,2026-09-12,18:00,20:00,2,0.96
C11,2026-09-12,20:00,22:00,3,0.89
C11,2026-09-12,22:00,00:00,2,0.89
C12,2026-09-12,00:00,02:00,2,0.78
C12,2026-09-12,02:00,04:00,0,0.91
C12,2026-09-12,04:00,06:00,2,0.84
C12,2026-09-12,06:00,08:00,7,0.89
C12,2026-09-12,08:00,10:00,4,0.77
C12,2026-09-12,10:00,12:00,1,0.78
C12,2026-09-12,12:00,14:00,1,0.79
C12,2026-09-12,14:00,16:00,1,0.81
C12,2026-09-12,16:00,18:00,5,0.75
C12,2026-09-12,18:00,20:00,2,0.97
C12,2026-09-12,20:00,22:00,1,0.91
C12,2026-09-12,22:00,00:00,3,0.88
C13,2026-09-12,00:00,02:00,3,0.87
C13,2026-09-12,02:00,04:00,3,0.76
C13,2026-09-12,04:00,06:00,1,0.89
C13,2026-09-12,06:00,08:00,2,0.92
C13,2026-09-12,08:00,10:00,4,0.93
C13,2026-09-12,10:00,12:00,2,0.83
C13,2026-09-12,12:00,14:00,0,0.96
C13,2026-09-12,14:00,16:00,1,0.92
C13,2026-09-12,16:00,18:00,4,0.82
C13,2026-09-12,18:00,20:00,4,0.85
C13,2026-09-12,20:00,22:00,5,0.8
C13,2026-09-12,22:00,00:00,4,0.87
C14,2026-09-12,00:00,02:00,2,0.75
C14,2026-09-12,02:00,04:00,3,0.91
C14,2026-09-12,04:00,06:00,4,0.84
C14,2026-09-12,06:00,08:00,3,0.84
C14,2026-09-12,08:00,10:00,4,0.77
C14,2026-09-12,10:00,12:00,3,0.88
C14,2026-09-12,12:00,14:00,5,0.82
C14,2026-09-12,14:00,16:00,4,0.81
C14,2026-09-12,16:00,18:00,1,0.87
C14,2026-09-12,18:00,20:00,5,0.86
C14,2026-09-12,20:00,22:00,4,0.75
C14,2026-09-12,22:00,00:00,2,0.74
C15,2026-09-12,00:00,02:00,2,0.91
C15,2026-09-12,02:00,04:00,1,0.79
C15,2026-09-12,04:00,06:00,1,0.81
C15,2026-09-12,06:00,08:00,3,0.79
C15,2026-09-12,08:00,10:00,2,0.89
C15,2026-09-12,10:00,12:00,2,0.96
C15,2026-09-12,12:00,14:00,3,0.75
C15,2026-09-12,14:00,16:00,1,0.92
C15,2026-09-12,16:00,18:00,3,0.81
C15,2026-09-12,18:00,20:00,5,0.75
C15,2026-09-12,20:00,22:00,7,0.78
C15,2026-09-12,22:00,00:00,1,0.73
C16,2026-09-12,00:00,02:00,1,0.79
C16,2026-09-12,02:00,04:00,2,0.74
C16,2026-09-12,04:00,06:00,1,0.77
C16,2026-09-12,06:00,08:00,6,0.81
C16,2026-09-12,08:00,10:00,4,0.87
C16,2026-09-12,10:00,12:00,2,0.83
C16,2026-09-12,12:00,14:00,0,0.85
C16,2026-09-12,14:00,16:00,3,0.79
C16,2026-09-12,16:00,18:00,0,0.74
C16,2026-09-12,18:00,20:00,2,0.89
C16,2026-09-12,20:00,22:00,7,0.78
C16,2026-09-12,22:00,00:00,4,0.9
C17,2026-09-12,00:00,02:00,3,0.81
C17,2026-09-12,02:00,04:00,1,0.88
C17,2026-09-12,04:00,06:00,2,0.86
C17,2026-09-12,06:00,08:00,5,0.73
C17,2026-09-12,08:00,10:00,3,0.85
C17,2026-09-12,10:00,12:00,2,0.84
C17,2026-09-12,12:00,14:00,2,0.88
C17,2026-09-12,14:00,16:00,2,0.9
C17,2026-09-12,16:00,18:00,3,0.73
C17,2026-09-12,18:00,20:00,2,0.89
C17,2026-09-12,20:00,22:00,5,0.73
C17,2026-09-12,22:00,00:00,1,0.81
C18,2026-09-12,00:00,02:00,0,0.72
C18,2026-09-12,02:00,04:00,2,0.81
C18,2026-09-12,04:00,06:00,4,0.83
C18,2026-09-12,06:00,08:00,6,0.93
C18,2026-09-12,08:00,10:00,2,0.75
C18,2026-09-12,10:00,12:00,1,0.89
C18,2026-09-12,12:00,14:00,0,0.78
C18,2026-09-12,14:00,16:00,1,0.8
C18,2026-09-12,16:00,18:00,3,0.76
C18,2026-09-12,18:00,20:00,2,0.95
C18,2026-09-12,20:00,22:00,6,0.76
C18,2026-09-12,22:00,00:00,3,0.8
C19,2026-09-12,00:00,02:00,1,0.9
C19,2026-09-12,02:00,04:00,5,0.95
C19,2026-09-12,04:00,06:00,0,0.85
C19,2026-09-12,06:00,08:00,6,0.82
C19,2026-09-12,08:00,10:00,1,0.88
C19,2026-09-12,10:00,12:00,2,0.74
C19,2026-09-12,12:00,14:00,1,0.85
C19,2026-09-12,14:00,16:00,1,0.94
C19,2026-09-12,16:00,18:00,2,0.78
C19,2026-09-12,18:00,20:00,4,0.93
C19,2026-09-12,20:00,22:00,6,0.76
C19,2026-09-12,22:00,00:00,5,0.83
C20,2026-09-12,00:00,02:00,2,0.81
C20,2026-09-12,02:00,04:00,2,0.85
C20,2026-09-12,04:00,06:00,0,0.96
C20,2026-09-12,06:00,08:00,5,0.77
C20,2026-09-12,08:00,10:00,5,0.83
C20,2026-09-12,10:00,12:00,2,0.89
C20,2026-09-12,12:00,14:00,2,0.74
C20,2026-09-12,14:00,16:00,1,0.78
C20,2026-09-12,16:00,18:00,2,0.83
C20,2026-09-12,18:00,20:00,9,0.92
C20,2026-09-12,20:00,22:00,2,0.96
C20,2026-09-12,22:00,00:00,2,0.87
C01,2026-09-13,00:00,02:00,2,0.81
C01,2026-09-13,02:00,04:00,1,0.75
C01,2026-09-13,04:00,06:00,2,0.89
C01,2026-09-13,06:00,08:00,2,0.89
C01,2026-09-13,08:00,10:00,7,0.72
C01,2026-09-13,10:00,12:00,1,0.77
C01,2026-09-13,12:00,14:00,1,0.74
C01,2026-09-13,14:00,16:00,2,0.86
C01,2026-09-13,16:00,18:00,2,0.92
C01,2026-09-13,18:00,20:00,2,0.92
C01,2026-09-13,20:00,22:00,6,0.83
C01,2026-09-13,22:00,00:00,1,0.83
C02,2026-09-13,00:00,02:00,4,0.72
C02,2026-09-13,02:00,04:00,4,0.94
C02,2026-09-13,04:00,06:00,1,0.76
C02,2026-09-13,06:00,08:00,1,0.86
C02,2026-09-13,08:00,10:00,6,0.88
C02,2026-09-13,10:00,12:00,0,0.89
C02,2026-09-13,12:00,14:00,3,0.79
C02,2026-09-13,14:00,16:00,3,0.85
C02,2026-09-13,16:00,18:00,3,0.85
C02,2026-09-13,18:00,20:00,3,0.78
C02,2026-09-13,20:00,22:00,2,0.97
C02,2026-09-13,22:00,00:00,3,0.88
C03,2026-09-13,00:00,02:00,0,0.92
C03,2026-09-13,02:00,04:00,3,0.74
C03,2026-09-13,04:00,06:00,1,0.92
C03,2026-09-13,06:00,08:00,9,0.92
C03,2026-09-13,08:00,10:00,6,0.76
C03,2026-09-13,10:00,12:00,1,0.91
C03,2026-09-13,12:00,14:00,1,0.84
C03,2026-09-13,14:00,16:00,3,0.8
C03,2026-09-13,16:00,18:00,1,0.85
C03,2026-09-13,18:00,20:00,5,0.78
C03,2026-09-13,20:00,22:00,0,0.91
C03,2026-09-13,22:00,00:00,4,0.79
C04,2026-09-13,00:00,02:00,3,0.76
C04,2026-09-13,02:00,04:00,2,0.79
C04,2026-09-13,04:00,06:00,2,0.76
C04,2026-09-13,06:00,08:00,4,0.94
C04,2026-09-13,08:00,10:00,5,0.9
C04,2026-09-13,10:00,12:00,1,0.84
C04,2026-09-13,12:00,14:00,3,0.84
C04,2026-09-13,14:00,16:00,4,0.75
C04,2026-09-13,16:00,18:00,1,0.76
C04,2026-09-13,18:00,20:00,4,0.78
C04,2026-09-13,20:00,22:00,8,0.76
C04,2026-09-13,22:00,00:00,2,0.82
C05,2026-09-13,00:00,02:00,3,0.74
C05,2026-09-13,02:00,04:00,2,0.92
C05,2026-09-13,04:00,06:00,1,0.94
C05,2026-09-13,06:00,08:00,7,0.91
C05,2026-09-13,08:00,10:00,2,0.84
C05,2026-09-13,10:00,12:00,4,0.85
C05,2026-09-13,12:00,14:00,3,0.95
C05,2026-09-13,14:00,16:00,2,0.96
C05,2026-09-13,16:00,18:00,0,0.85
C05,2026-09-13,18:00,20:00,9,0.94
C05,2026-09-13,20:00,22:00,2,0.78
C05,2026-09-13,22:00,00:00,4,0.78
C06,2026-09-13,00:00,02:00,0,0.83
C06,2026-09-13,02:00,04:00,2,0.85
C06,2026-09-13,04:00,06:00,1,0.85
C06,2026-09-13,06:00,08:00,4,0.74
C06,2026-09-13,08:00,10:00,1,0.82
C06,2026-09-13,10:00,12:00,3,0.79
C06,2026-09-13,12:00,14:00,5,0.8
C06,2026-09-13,14:00,16:00,2,0.96
C06,2026-09-13,16:00,18:00,1,0.96
C06,2026-09-13,18:00,20:00,3,0.76
C06,2026-09-13,20:00,22:00,2,0.87
C06,2026-09-13,22:00,00:00,1,0.75
C07,2026-09-13,00:00,02:00,1,0.9
C07,2026-09-13,02:00,04:00,5,0.96
C07,2026-09-13,04:00,06:00,2,0.8
C07,2026-09-13,06:00,08:00,4,0.9
C07,2026-09-13,08:00,10:00,0,0.97
C07,2026-09-13,10:00,12:00,1,0.81
C07,2026-09-13,12:00,14:00,2,0.73
C07,2026-09-13,14:00,16:00,2,0.79
C07,2026-09-13,16:00,18:00,0,0.82
C07,2026-09-13,18:00,20:00,5,0.74
C07,2026-09-13,20:00,22:00,2,0.83
C07,2026-09-13,22:00,00:00,2,0.79
C08,2026-09-13,00:00,02:00,1,0.88
C08,2026-09-13,02:00,04:00,2,0.85
C08,2026-09-13,04:00,06:00,4,0.88
C08,2026-09-13,06:00,08:00,4,0.89
C08,2026-09-13,08:00,10:00,3,0.96
C08,2026-09-13,10:00,12:00,3,0.91
C08,2026-09-13,12:00,14:00,1,0.94
C08,2026-09-13,14:00,16:00,2,0.78
C08,2026-09-13,16:00,18:00,2,0.93
C08,2026-09-13,18:00,20:00,7,0.8
C08,2026-09-13,20:00,22:00,5,0.74
C08,2026-09-13,22:00,00:00,1,0.94
C09,2026-09-13,00:00,02:00,3,0.79
C09,2026-09-13,02:00,04:00,0,0.84
C09,2026-09-13,04:00,06:00,2,0.81
C09,2026-09-13,06:00,08:00,4,0.8
C09,2026-09-13,08:00,10:00,5,0.78
C09,2026-09-13,10:00,12:00,1,0.74
C09,2026-09-13,12:00,14:00,3,0.89
C09,2026-09-13,14:00,16:00,4,0.95
C09,2026-09-13,16:00,18:00,2,0.73
C09,2026-09-13,18:00,20:00,3,0.88
C09,2026-09-13,20:00,22:00,5,0.91
C09,2026-09-13,22:00,00:00,3,0.95
C10,2026-09-13,00:00,02:00,7,0.88
C10,2026-09-13,02:00,04:00,1,0.96
C10,2026-09-13,04:00,06:00,1,0.92
C10,2026-09-13,06:00,08:00,8,0.77
C10,2026-09-13,08:00,10:00,4,0.78
C10,2026-09-13,10:00,12:00,5,0.88
C10,2026-09-13,12:00,14:00,2,0.75
C10,2026-09-13,14:00,16:00,2,0.81
C10,2026-09-13,16:00,18:00,3,0.94
C10,2026-09-13,18:00,20:00,2,0.84
C10,2026-09-13,20:00,22:00,4,0.74
C10,2026-09-13,22:00,00:00,3,0.81
C11,2026-09-13,00:00,02:00,0,0.97
C11,2026-09-13,02:00,04:00,2,0.77
C11,2026-09-13,04:00,06:00,0,0.91
C11,2026-09-13,06:00,08:00,7,0.75
C11,2026-09-13,08:00,10:00,6,0.84
C11,2026-09-13,10:00,12:00,0,0.92
C11,2026-09-13,12:00,14:00,1,0.85
C11,2026-09-13,14:00,16:00,1,0.94
C11,2026-09-13,16:00,18:00,3,0.79
C11,2026-09-13,18:00,20:00,7,0.84
C11,2026-09-13,20:00,22:00,7,0.95
C11,2026-09-13,22:00,00:00,2,0.93
C12,2026-09-13,00:00,02:00,1,0.73
C12,2026-09-13,02:00,04:00,0,0.93
C12,2026-09-13,04:00,06:00,0,0.89
C12,2026-09-13,06:00,08:00,2,0.94
C12,2026-09-13,08:00,10:00,0,0.78
C12,2026-09-13,10:00,12:00,0,0.9
C12,2026-09-13,12:00,14:00,3,0.95
C12,2026-09-13,14:00,16:00,2,0.76
C12,2026-09-13,16:00,18:00,1,0.91
C12,2026-09-13,18:00,20:00,4,0.75
C12,2026-09-13,20:00,22:00,4,0.89
C12,2026-09-13,22:00,00:00,3,0.89
C13,2026-09-13,00:00,02:00,3,0.97
C13,2026-09-13,02:00,04:00,4,0.76
C13,2026-09-13,04:00,06:00,1,0.81
C13,2026-09-13,06:00,08:00,4,0.91
C13,2026-09-13,08:00,10:00,1,0.74
C13,2026-09-13,10:00,12:00,3,0.78
C13,2026-09-13,12:00,14:00,0,0.75
C13,2026-09-13,14:00,16:00,0,0.96
C13,2026-09-13,16:00,18:00,4,0.87
C13,2026-09-13,18:00,20:00,5,0.85
C13,2026-09-13,20:00,22:00,2,0.78
C13,2026-09-13,22:00,00:00,1,0.75
C14,2026-09-13,00:00,02:00,0,0.95
C14,2026-09-13,02:00,04:00,0,0.84
C14,2026-09-13,04:00,06:00,0,0.94
C14,2026-09-13,06:00,08:00,6,0.78
C14,2026-09-13,08:00,10:00,7,0.96
C14,2026-09-13,10:00,12:00,2,0.89
C14,2026-09-13,12:00,14:00,0,0.96
C14,2026-09-13,14:00,16:00,1,0.92
C14,2026-09-13,16:00,18:00,5,0.74
C14,2026-09-13,18:00,20:00,5,0.84
C14,2026-09-13,20:00,22:00,4,0.79
C14,2026-09-13,22:00,00:00,1,0.75
C15,2026-09-13,00:00,02:00,4,0.87
C15,2026-09-13,02:00,04:00,2,0.76
C15,2026-09-13,04:00,06:00,1,0.93
C15,2026-09-13,06:00,08:00,4,0.97
C15,2026-09-13,08:00,10:00,3,0.9
C15,2026-09-13,10:00,12:00,0,0.9
C15,2026-09-13,12:00,14:00,2,0.85
C15,2026-09-13,14:00,16:00,2,0.96
C15,2026-09-13,16:00,18:00,0,0.78
C15,2026-09-13,18:00,20:00,4,0.78
C15,2026-09-13,20:00,22:00,2,0.93
C15,2026-09-13,22:00,00:00,3,0.89
C16,2026-09-13,00:00,02:00,2,0.95
C16,2026-09-13,02:00,04:00,2,0.8
C16,2026-09-13,04:00,06:00,1,0.84
C16,2026-09-13,06:00,08:00,1,0.89
C16,2026-09-13,08:00,10:00,6,0.73
C16,2026-09-13,10:00,12:00,4,0.97
C16,2026-09-13,12:00,14:00,3,0.81
C16,2026-09-13,14:00,16:00,6,0.94
C16,2026-09-13,16:00,18:00,5,0.83
C16,2026-09-13,18:00,20:00,5,0.91
C16,2026-09-13,20:00,22:00,3,0.84
C16,2026-09-13,22:00,00:00,2,0.87
C17,2026-09-13,00:00,02:00,3,0.9
C17,2026-09-13,02:00,04:00,4,0.79
C17,2026-09-13,04:00,06:00,2,0.95
C17,2026-09-13,06:00,08:00,3,0.95
C17,2026-09-13,08:00,10:00,2,0.91
C17,2026-09-13,10:00,12:00,0,0.95
C17,2026-09-13,12:00,14:00,1,0.86
C17,2026-09-13,14:00,16:00,2,0.88
C17,2026-09-13,16:00,18:00,2,0.97
C17,2026-09-13,18:00,20:00,3,0.85
C17,2026-09-13,20:00,22:00,6,0.85
C17,2026-09-13,22:00,00:00,2,0.94
C18,2026-09-13,00:00,02:00,2,0.9
C18,2026-09-13,02:00,04:00,2,0.96
C18,2026-09-13,04:00,06:00,4,0.74
C18,2026-09-13,06:00,08:00,2,0.94
C18,2026-09-13,08:00,10:00,5,0.92
C18,2026-09-13,10:00,12:00,1,0.81
C18,2026-09-13,12:00,14:00,1,0.87
C18,2026-09-13,14:00,16:00,1,0.93
C18,2026-09-13,16:00,18:00,3,0.75
C18,2026-09-13,18:00,20:00,10,0.93
C18,2026-09-13,20:00,22:00,9,0.85
C18,2026-09-13,22:00,00:00,2,0.74
C19,2026-09-13,00:00,02:00,1,0.76
C19,2026-09-13,02:00,04:00,0,0.92
C19,2026-09-13,04:00,06:00,1,0.86
C19,2026-09-13,06:00,08:00,4,0.77
C19,2026-09-13,08:00,10:00,3,0.81
C19,2026-09-13,10:00,12:00,2,0.92
C19,2026-09-13,12:00,14:00,1,0.89
C19,2026-09-13,14:00,16:00,5,0.91
C19,2026-09-13,16:00,18:00,5,0.88
C19,2026-09-13,18:00,20:00,6,0.75
C19,2026-09-13,20:00,22:00,7,0.82
C19,2026-09-13,22:00,00:00,6,0.96
C20,2026-09-13,00:00,02:00,4,0.92
C20,2026-09-13,02:00,04:00,3,0.95
C20,2026-09-13,04:00,06:00,0,0.77
C20,2026-09-13,06:00,08:00,5,0.91
C20,2026-09-13,08:00,10:00,6,0.76
C20,2026-09-13,10:00,12:00,1,0.9
C20,2026-09-13,12:00,14:00,2,0.9
C20,2026-09-13,14:00,16:00,0,0.88
C20,2026-09-13,16:00,18:00,1,0.92
C20,2026-09-13,18:00,20:00,3,0.94
C20,2026-09-13,20:00,22:00,0,0.88
C20,2026-09-13,22:00,00:00,7,0.9
C01,2026-09-14,00:00,02:00,1,0.77
C01,2026-09-14,02:00,04:00,2,0.92
C01,2026-09-14,04:00,06:00,0,0.93
C01,2026-09-14,06:00,08:00,2,0.82
C01,2026-09-14,08:00,10:00,7,0.74
C01,2026-09-14,10:00,12:00,2,0.75
C01,2026-09-14,12:00,14:00,0,0.77
C01,2026-09-14,14:00,16:00,2,0.76
C01,2026-09-14,16:00,18:00,0,0.89
C01,2026-09-14,18:00,20:00,5,0.77
C01,2026-09-14,20:00,22:00,5,0.89
C01,2026-09-14,22:00,00:00,3,0.77
C02,2026-09-14,00:00,02:00,2,0.97
C02,2026-09-14,02:00,04:00,2,0.76
C02,2026-09-14,04:00,06:00,1,0.75
C02,2026-09-14,06:00,08:00,2,0.85
C02,2026-09-14,08:00,10:00,3,0.95
C02,2026-09-14,10:00,12:00,1,0.94
C02,2026-09-14,12:00,14:00,3,0.91
C02,2026-09-14,14:00,16:00,0,0.96
C02,2026-09-14,16:00,18:00,4,0.77
C02,2026-09-14,18:00,20:00,3,0.76
C02,2026-09-14,20:00,22:00,4,0.84
C02,2026-09-14,22:00,00:00,1,0.88
C03,2026-09-14,00:00,02:00,2,0.89
C03,2026-09-14,02:00,04:00,0,0.8
C03,2026-09-14,04:00,06:00,1,0.74
C03,2026-09-14,06:00,08:00,2,0.86
C03,2026-09-14,08:00,10:00,3,0.84
C03,2026-09-14,10:00,12:00,3,0.94
C03,2026-09-14,12:00,14:00,0,0.83
C03,2026-09-14,14:00,16:00,2,0.72
C03,2026-09-14,16:00,18:00,2,0.76
C03,2026-09-14,18:00,20:00,9,0.93
C03,2026-09-14,20:00,22:00,0,0.78
C03,2026-09-14,22:00,00:00,0,0.91
C04,2026-09-14,00:00,02:00,2,0.95
C04,2026-09-14,02:00,04:00,1,0.72
C04,2026-09-14,04:00,06:00,3,0.73
C04,2026-09-14,06:00,08:00,0,0.8
C04,2026-09-14,08:00,10:00,5,0.87
C04,2026-09-14,10:00,12:00,0,0.75
C04,2026-09-14,12:00,14:00,1,0.88
C04,2026-09-14,14:00,16:00,2,0.91
C04,2026-09-14,16:00,18:00,2,0.83
C04,2026-09-14,18:00,20:00,1,0.77
C04,2026-09-14,20:00,22:00,4,0.89
C04,2026-09-14,22:00,00:00,3,0.96
C05,2026-09-14,00:00,02:00,1,0.77
C05,2026-09-14,02:00,04:00,1,0.82
C05,2026-09-14,04:00,06:00,2,0.87
C05,2026-09-14,06:00,08:00,4,0.74
C05,2026-09-14,08:00,10:00,6,0.91
C05,2026-09-14,10:00,12:00,2,0.93
C05,2026-09-14,12:00,14:00,3,0.91
C05,2026-09-14,14:00,16:00,0,0.8
C05,2026-09-14,16:00,18:00,7,0.95
C05,2026-09-14,18:00,20:00,7,0.95
C05,2026-09-14,20:00,22:00,6,0.77
C05,2026-09-14,22:00,00:00,1,0.81
C06,2026-09-14,00:00,02:00,1,0.86
C06,2026-09-14,02:00,04:00,3,0.89
C06,2026-09-14,04:00,06:00,1,0.86
C06,2026-09-14,06:00,08:00,6,0.95
C06,2026-09-14,08:00,10:00,4,0.8
C06,2026-09-14,10:00,12:00,4,0.9
C06,2026-09-14,12:00,14:00,0,0.83
C06,2026-09-14,14:00,16:00,5,0.74
C06,2026-09-14,16:00,18:00,4,0.95
C06,2026-09-14,18:00,20:00,4,0.92
C06,2026-09-14,20:00,22:00,4,0.86
C06,2026-09-14,22:00,00:00,0,0.72
C07,2026-09-14,00:00,02:00,3,0.83
C07,2026-09-14,02:00,04:00,2,0.96
C07,2026-09-14,04:00,06:00,1,0.89
C07,2026-09-14,06:00,08:00,5,0.91
C07,2026-09-14,08:00,10:00,4,0.86
C07,2026-09-14,10:00,12:00,3,0.76
C07,2026-09-14,12:00,14:00,5,0.77
C07,2026-09-14,14:00,16:00,3,0.76
C07,2026-09-14,16:00,18:00,3,0.94
C07,2026-09-14,18:00,20:00,4,0.78
C07,2026-09-14,20:00,22:00,5,0.79
C07,2026-09-14,22:00,00:00,1,0.77
C08,2026-09-14,00:00,02:00,2,0.73
C08,2026-09-14,02:00,04:00,2,0.84
C08,2026-09-14,04:00,06:00,2,0.75
C08,2026-09-14,06:00,08:00,8,0.79
C08,2026-09-14,08:00,10:00,3,0.75
C08,2026-09-14,10:00,12:00,3,0.79
C08,2026-09-14,12:00,14:00,4,0.89
C08,2026-09-14,14:00,16:00,4,0.94
C08,2026-09-14,16:00,18:00,0,0.78
C08,2026-09-14,18:00,20:00,2,0.85
C08,2026-09-14,20:00,22:00,6,0.87
C08,2026-09-14,22:00,00:00,3,0.94
C09,2026-09-14,00:00,02:00,3,0.86
C09,2026-09-14,02:00,04:00,2,0.89
C09,2026-09-14,04:00,06:00,3,0.79
C09,2026-09-14,06:00,08:00,4,0.89
C09,2026-09-14,08:00,10:00,3,0.84
C09,2026-09-14,10:00,12:00,5,0.86
C09,2026-09-14,12:00,14:00,2,0.85
C09,2026-09-14,14:00,16:00,3,0.84
C09,2026-09-14,16:00,18:00,2,0.8
C09,2026-09-14,18:00,20:00,5,0.82
C09,2026-09-14,20:00,22:00,6,0.95
C09,2026-09-14,22:00,00:00,2,0.79
C10,2026-09-14,00:00,02:00,1,0.81
C10,2026-09-14,02:00,04:00,2,0.96
C10,2026-09-14,04:00,06:00,2,0.89
C10,2026-09-14,06:00,08:00,1,0.93
C10,2026-09-14,08:00,10:00,4,0.9
C10,2026-09-14,10:00,12:00,3,0.85
C10,2026-09-14,12:00,14:00,1,0.96
C10,2026-09-14,14:00,16:00,1,0.87
C10,2026-09-14,16:00,18:00,2,0.91
C10,2026-09-14,18:00,20:00,4,0.78
C10,2026-09-14,20:00,22:00,4,0.88
C10,2026-09-14,22:00,00:00,3,0.74
C11,2026-09-14,00:00,02:00,1,0.78
C11,2026-09-14,02:00,04:00,3,0.84
C11,2026-09-14,04:00,06:00,3,0.77
C11,2026-09-14,06:00,08:00,5,0.86
C11,2026-09-14,08:00,10:00,1,0.9
C11,2026-09-14,10:00,12:00,0,0.77
C11,2026-09-14,12:00,14:00,0,0.95
C11,2026-09-14,14:00,16:00,3,0.74
C11,2026-09-14,16:00,18:00,0,0.87
C11,2026-09-14,18:00,20:00,3,0.87
C11,2026-09-14,20:00,22:00,1,0.76
C11,2026-09-14,22:00,00:00,1,0.89
C12,2026-09-14,00:00,02:00,4,0.91
C12,2026-09-14,02:00,04:00,1,0.9
C12,2026-09-14,04:00,06:00,1,0.92
C12,2026-09-14,06:00,08:00,4,0.9
C12,2026-09-14,08:00,10:00,2,0.86
C12,2026-09-14,10:00,12:00,2,0.93
C12,2026-09-14,12:00,14:00,2,0.77
C12,2026-09-14,14:00,16:00,2,0.88
C12,2026-09-14,16:00,18:00,6,0.96
C12,2026-09-14,18:00,20:00,4,0.95
C12,2026-09-14,20:00,22:00,7,0.87
C12,2026-09-14,22:00,00:00,2,0.87
C13,2026-09-14,00:00,02:00,0,0.95
C13,2026-09-14,02:00,04:00,7,0.87
C13,2026-09-14,04:00,06:00,3,0.92
C13,2026-09-14,06:00,08:00,2,0.81
C13,2026-09-14,08:00,10:00,3,0.81
C13,2026-09-14,10:00,12:00,1,0.82
C13,2026-09-14,12:00,14:00,2,0.89
C13,2026-09-14,14:00,16:00,4,0.78
C13,2026-09-14,16:00,18:00,2,0.73
C13,2026-09-14,18:00,20:00,8,0.94
C13,2026-09-14,20:00,22:00,2,0.72
C13,2026-09-14,22:00,00:00,4,0.86
C14,2026-09-14,00:00,02:00,3,0.89
C14,2026-09-14,02:00,04:00,2,0.79
C14,2026-09-14,04:00,06:00,2,0.89
C14,2026-09-14,06:00,08:00,1,0.91
C14,2026-09-14,08:00,10:00,3,0.82
C14,2026-09-14,10:00,12:00,0,0.75
C14,2026-09-14,12:00,14:00,1,0.88
C14,2026-09-14,14:00,16:00,2,0.97
C14,2026-09-14,16:00,18:00,0,0.97
C14,2026-09-14,18:00,20:00,4,0.92
C14,2026-09-14,20:00,22:00,6,0.83
C14,2026-09-14,22:00,00:00,6,0.74
C15,2026-09-14,00:00,02:00,0,0.96
C15,2026-09-14,02:00,04:00,1,0.83
C15,2026-09-14,04:00,06:00,3,0.92
C15,2026-09-14,06:00,08:00,4,0.9
C15,2026-09-14,08:00,10:00,3,0.95
C15,2026-09-14,10:00,12:00,0,0.76
C15,2026-09-14,12:00,14:00,3,0.87
C15,2026-09-14,14:00,16:00,1,0.84
C15,2026-09-14,16:00,18:00,2,0.81
C15,2026-09-14,18:00,20:00,6,0.89
C15,2026-09-14,20:00,22:00,3,0.95
C15,2026-09-14,22:00,00:00,2,0.85
C16,2026-09-14,00:00,02:00,2,0.96
C16,2026-09-14,02:00,04:00,3,0.78
C16,2026-09-14,04:00,06:00,5,0.84
C16,2026-09-14,06:00,08:00,3,0.86
C16,2026-09-14,08:00,10:00,4,0.91
C16,2026-09-14,10:00,12:00,0,0.8
C16,2026-09-14,12:00,14:00,1,0.72
C16,2026-09-14,14:00,16:00,1,0.73
C16,2026-09-14,16:00,18:00,1,0.89
C16,2026-09-14,18:00,20:00,8,0.94
C16,2026-09-14,20:00,22:00,3,0.84
C16,2026-09-14,22:00,00:00,1,0.74
C17,2026-09-14,00:00,02:00,3,0.8
C17,2026-09-14,02:00,04:00,1,0.83
C17,2026-09-14,04:00,06:00,0,0.73
C17,2026-09-14,06:00,08:00,2,0.88
C17,2026-09-14,08:00,10:00,3,0.97
C17,2026-09-14,10:00,12:00,1,0.84
C17,2026-09-14,12:00,14:00,0,0.93
C17,2026-09-14,14:00,16:00,1,0.77
C17,2026-09-14,16:00,18:00,2,0.75
C17,2026-09-14,18:00,20:00,5,0.95
C17,2026-09-14,20:00,22:00,3,0.77
C17,2026-09-14,22:00,00:00,2,0.8
C18,2026-09-14,00:00,02:00,1,0.92
C18,2026-09-14,02:00,04:00,2,0.77
C18,2026-09-14,04:00,06:00,0,0.76
C18,2026-09-14,06:00,08:00,5,0.85
C18,2026-09-14,08:00,10:00,0,0.93
C18,2026-09-14,10:00,12:00,2,0.8
C18,2026-09-14,12:00,14:00,2,0.77
C18,2026-09-14,14:00,16:00,2,0.91
C18,2026-09-14,16:00,18:00,1,0.75
C18,2026-09-14,18:00,20:00,5,0.73
C18,2026-09-14,20:00,22:00,2,0.96
C18,2026-09-14,22:00,00:00,5,0.95
C19,2026-09-14,00:00,02:00,2,0.85
C19,2026-09-14,02:00,04:00,3,0.91
C19,2026-09-14,04:00,06:00,0,0.77
C19,2026-09-14,06:00,08:00,3,0.86
C19,2026-09-14,08:00,10:00,3,0.81
C19,2026-09-14,10:00,12:00,3,0.83
C19,2026-09-14,12:00,14:00,3,0.72
C19,2026-09-14,14:00,16:00,1,0.81
C19,2026-09-14,16:00,18:00,0,0.82
C19,2026-09-14,18:00,20:00,0,0.86
C19,2026-09-14,20:00,22:00,3,0.82
C19,2026-09-14,22:00,00:00,1,0.88
C20,2026-09-14,00:00,02:00,2,0.9
C20,2026-09-14,02:00,04:00,0,0.82
C20,2026-09-14,04:00,06:00,2,0.89
C20,2026-09-14,06:00,08:00,5,0.9
C20,2026-09-14,08:00,10:00,5,0.9
C20,2026-09-14,10:00,12:00,3,0.76
C20,2026-09-14,12:00,14:00,0,0.8
C20,2026-09-14,14:00,16:00,3,0.78
C20,2026-09-14,16:00,18:00,2,0.8
C20,2026-09-14,18:00,20:00,3,0.8
C20,2026-09-14,20:00,22:00,4,0.74
C20,2026-09-14,22:00,00:00,2,0.96
C01,2026-09-15,00:00,02:00,3,0.93
C01,2026-09-15,02:00,04:00,5,0.84
C01,2026-09-15,04:00,06:00,4,0.91
C01,2026-09-15,06:00,08:00,6,0.75
C01,2026-09-15,08:00,10:00,6,0.72
C01,2026-09-15,10:00,12:00,2,0.85
C01,2026-09-15,12:00,14:00,1,0.78
C01,2026-09-15,14:00,16:00,1,0.73
C01,2026-09-15,16:00,18:00,2,0.87
C01,2026-09-15,18:00,20:00,5,0.89
C01,2026-09-15,20:00,22:00,5,0.83
C01,2026-09-15,22:00,00:00,4,0.9
C02,2026-09-15,00:00,02:00,2,0.92
C02,2026-09-15,02:00,04:00,1,0.75
C02,2026-09-15,04:00,06:00,3,0.78
C02,2026-09-15,06:00,08:00,3,0.78
C02,2026-09-15,08:00,10:00,3,0.95
C02,2026-09-15,10:00,12:00,1,0.86
C02,2026-09-15,12:00,14:00,2,0.9
C02,2026-09-15,14:00,16:00,2,0.97
C02,2026-09-15,16:00,18:00,3,0.75
C02,2026-09-15,18:00,20:00,4,0.77
C02,2026-09-15,20:00,22:00,2,0.82
C02,2026-09-15,22:00,00:00,2,0.77
C03,2026-09-15,00:00,02:00,1,0.82
C03,2026-09-15,02:00,04:00,3,0.75
C03,2026-09-15,04:00,06:00,7,0.86
C03,2026-09-15,06:00,08:00,4,0.81
C03,2026-09-15,08:00,10:00,10,0.77
C03,2026-09-15,10:00,12:00,2,0.83
C03,2026-09-15,12:00,14:00,3,0.91
C03,2026-09-15,14:00,16:00,2,0.81
C03,2026-09-15,16:00,18:00,2,0.78
C03,2026-09-15,18:00,20:00,5,0.79
C03,2026-09-15,20:00,22:00,8,0.83
C03,2026-09-15,22:00,00:00,1,0.87
C04,2026-09-15,00:00,02:00,4,0.72
C04,2026-09-15,02:00,04:00,1,0.83
C04,2026-09-15,04:00,06:00,4,0.84
C04,2026-09-15,06:00,08:00,5,0.9
C04,2026-09-15,08:00,10:00,5,0.87
C04,2026-09-15,10:00,12:00,0,0.76
C04,2026-09-15,12:00,14:00,3,0.96
C04,2026-09-15,14:00,16:00,3,0.77
C04,2026-09-15,16:00,18:00,0,0.87
C04,2026-09-15,18:00,20:00,4,0.73
C04,2026-09-15,20:00,22:00,3,0.86
C04,2026-09-15,22:00,00:00,5,0.78
C05,2026-09-15,00:00,02:00,2,0.94
C05,2026-09-15,02:00,04:00,0,0.8
C05,2026-09-15,04:00,06:00,2,0.92
C05,2026-09-15,06:00,08:00,5,0.96
C05,2026-09-15,08:00,10:00,5,0.83
C05,2026-09-15,10:00,12:00,1,0.78
C05,2026-09-15,12:00,14:00,2,0.82
C05,2026-09-15,14:00,16:00,4,0.81
C05,2026-09-15,16:00,18:00,3,0.8
C05,2026-09-15,18:00,20:00,6,0.83
C05,2026-09-15,20:00,22:00,0,0.73
C05,2026-09-15,22:00,00:00,2,0.95
C06,2026-09-15,00:00,02:00,2,0.87
C06,2026-09-15,02:00,04:00,4,0.89
C06,2026-09-15,04:00,06:00,1,0.73
C06,2026-09-15,06:00,08:00,2,0.81
C06,2026-09-15,08:00,10:00,3,0.75
C06,2026-09-15,10:00,12:00,1,0.95
C06,2026-09-15,12:00,14:00,0,0.89
C06,2026-09-15,14:00,16:00,4,0.75
C06,2026-09-15,16:00,18:00,1,0.77
C06,2026-09-15,18:00,20:00,4,0.81
C06,2026-09-15,20:00,22:00,2,0.8
C06,2026-09-15,22:00,00:00,3,0.94
C07,2026-09-15,00:00,02:00,3,0.84
C07,2026-09-15,02:00,04:00,4,0.97
C07,2026-09-15,04:00,06:00,2,0.93
C07,2026-09-15,06:00,08:00,8,0.86
C07,2026-09-15,08:00,10:00,4,0.73
C07,2026-09-15,10:00,12:00,2,0.85
C07,2026-09-15,12:00,14:00,1,0.75
C07,2026-09-15,14:00,16:00,0,0.8
C07,2026-09-15,16:00,18:00,1,0.91
C07,2026-09-15,18:00,20:00,4,0.93
C07,2026-09-15,20:00,22:00,9,0.87
C07,2026-09-15,22:00,00:00,2,0.78
C08,2026-09-15,00:00,02:00,4,0.8
C08,2026-09-15,02:00,04:00,3,0.92
C08,2026-09-15,04:00,06:00,1,0.86
C08,2026-09-15,06:00,08:00,6,0.93
C08,2026-09-15,08:00,10:00,3,0.79
C08,2026-09-15,10:00,12:00,1,0.93
C08,2026-09-15,12:00,14:00,4,0.8
C08,2026-09-15,14:00,16:00,4,0.91
C08,2026-09-15,16:00,18:00,1,0.96
C08,2026-09-15,18:00,20:00,1,0.73
C08,2026-09-15,20:00,22:00,7,0.9
C08,2026-09-15,22:00,00:00,5,0.85
C09,2026-09-15,00:00,02:00,2,0.78
C09,2026-09-15,02:00,04:00,2,0.85
C09,2026-09-15,04:00,06:00,1,0.85
C09,2026-09-15,06:00,08:00,4,0.86
C09,2026-09-15,08:00,10:00,2,0.81
C09,2026-09-15,10:00,12:00,2,0.74
C09,2026-09-15,12:00,14:00,6,0.83
C09,2026-09-15,14:00,16:00,0,0.81
C09,2026-09-15,16:00,18:00,3,0.84
C09,2026-09-15,18:00,20:00,3,0.74
C09,2026-09-15,20:00,22:00,1,0.74
C09,2026-09-15,22:00,00:00,2,0.73
C10,2026-09-15,00:00,02:00,3,0.94
C10,2026-09-15,02:00,04:00,2,0.88
C10,2026-09-15,04:00,06:00,5,0.73
C10,2026-09-15,06:00,08:00,1,0.92
C10,2026-09-15,08:00,10:00,7,0.87
C10,2026-09-15,10:00,12:00,2,0.78
C10,2026-09-15,12:00,14:00,3,0.96
C10,2026-09-15,14:00,16:00,2,0.83
C10,2026-09-15,16:00,18:00,1,0.85
C10,2026-09-15,18:00,20:00,3,0.97
C10,2026-09-15,20:00,22:00,2,0.97
C10,2026-09-15,22:00,00:00,2,0.79
C11,2026-09-15,00:00,02:00,0,0.93
C11,2026-09-15,02:00,04:00,6,0.74
C11,2026-09-15,04:00,06:00,2,0.81
C11,2026-09-15,06:00,08:00,5,0.8
C11,2026-09-15,08:00,10:00,3,0.76
C11,2026-09-15,10:00,12:00,3,0.75
C11,2026-09-15,12:00,14:00,1,0.95
C11,2026-09-15,14:00,16:00,4,0.82
C11,2026-09-15,16:00,18:00,0,0.84
C11,2026-09-15,18:00,20:00,2,0.77
C11,2026-09-15,20:00,22:00,3,0.85
C11,2026-09-15,22:00,00:00,0,0.95
C12,2026-09-15,00:00,02:00,1,0.77
C12,2026-09-15,02:00,04:00,1,0.73
C12,2026-09-15,04:00,06:00,4,0.84
C12,2026-09-15,06:00,08:00,2,0.84
C12,2026-09-15,08:00,10:00,6,0.74
C12,2026-09-15,10:00,12:00,3,0.79
C12,2026-09-15,12:00,14:00,1,0.88
C12,2026-09-15,14:00,16:00,1,0.92
C12,2026-09-15,16:00,18:00,2,0.92
C12,2026-09-15,18:00,20:00,3,0.72
C12,2026-09-15,20:00,22:00,6,0.94
C12,2026-09-15,22:00,00:00,2,0.9
C13,2026-09-15,00:00,02:00,2,0.81
C13,2026-09-15,02:00,04:00,1,0.93
C13,2026-09-15,04:00,06:00,0,0.95
C13,2026-09-15,06:00,08:00,5,0.91
C13,2026-09-15,08:00,10:00,2,0.86
C13,2026-09-15,10:00,12:00,2,0.75
C13,2026-09-15,12:00,14:00,2,0.89
C13,2026-09-15,14:00,16:00,2,0.91
C13,2026-09-15,16:00,18:00,0,0.73
C13,2026-09-15,18:00,20:00,2,0.93
C13,2026-09-15,20:00,22:00,1,0.76
C13,2026-09-15,22:00,00:00,6,0.77
C14,2026-09-15,00:00,02:00,2,0.91
C14,2026-09-15,02:00,04:00,2,0.83
C14,2026-09-15,04:00,06:00,3,0.8
C14,2026-09-15,06:00,08:00,2,0.76
C14,2026-09-15,08:00,10:00,4,0.77
C14,2026-09-15,10:00,12:00,2,0.77
C14,2026-09-15,12:00,14:00,1,0.72
C14,2026-09-15,14:00,16:00,2,0.76
C14,2026-09-15,16:00,18:00,3,0.87
C14,2026-09-15,18:00,20:00,5,0.91
C14,2026-09-15,20:00,22:00,3,0.92
C14,2026-09-15,22:00,00:00,2,0.81
C15,2026-09-15,00:00,02:00,2,0.8
C15,2026-09-15,02:00,04:00,1,0.85
C15,2026-09-15,04:00,06:00,3,0.81
C15,2026-09-15,06:00,08:00,6,0.89
C15,2026-09-15,08:00,10:00,3,0.94
C15,2026-09-15,10:00,12:00,2,0.79
C15,2026-09-15,12:00,14:00,6,0.85
C15,2026-09-15,14:00,16:00,3,0.91
C15,2026-09-15,16:00,18:00,3,0.91
C15,2026-09-15,18:00,20:00,4,0.82
C15,2026-09-15,20:00,22:00,5,0.88
C15,2026-09-15,22:00,00:00,3,0.92
C16,2026-09-15,00:00,02:00,0,0.96
C16,2026-09-15,02:00,04:00,1,0.96
C16,2026-09-15,04:00,06:00,0,0.84
C16,2026-09-15,06:00,08:00,3,0.82
C16,2026-09-15,08:00,10:00,2,0.86
C16,2026-09-15,10:00,12:00,1,0.85
C16,2026-09-15,12:00,14:00,3,0.75
C16,2026-09-15,14:00,16:00,6,0.75
C16,2026-09-15,16:00,18:00,0,0.82
C16,2026-09-15,18:00,20:00,4,0.86
C16,2026-09-15,20:00,22:00,3,0.81
C16,2026-09-15,22:00,00:00,2,0.77
C17,2026-09-15,00:00,02:00,0,0.89
C17,2026-09-15,02:00,04:00,3,0.77
C17,2026-09-15,04:00,06:00,0,0.96
C17,2026-09-15,06:00,08:00,2,0.93
C17,2026-09-15,08:00,10:00,7,0.88
C17,2026-09-15,10:00,12:00,1,0.82
C17,2026-09-15,12:00,14:00,2,0.9
C17,2026-09-15,14:00,16:00,0,0.9
C17,2026-09-15,16:00,18:00,2,0.76
C17,2026-09-15,18:00,20:00,2,0.86
C17,2026-09-15,20:00,22:00,5,0.72
C17,2026-09-15,22:00,00:00,1,0.82
C18,2026-09-15,00:00,02:00,2,0.8
C18,2026-09-15,02:00,04:00,2,0.79
C18,2026-09-15,04:00,06:00,3,0.78
C18,2026-09-15,06:00,08:00,9,0.96
C18,2026-09-15,08:00,10:00,7,0.87
C18,2026-09-15,10:00,12:00,1,0.85
C18,2026-09-15,12:00,14:00,1,0.9
C18,2026-09-15,14:00,16:00,2,0.86
C18,2026-09-15,16:00,18:00,3,0.91
C18,2026-09-15,18:00,20:00,6,0.79
C18,2026-09-15,20:00,22:00,1,0.89
C18,2026-09-15,22:00,00:00,1,0.91
C19,2026-09-15,00:00,02:00,2,0.73
C19,2026-09-15,02:00,04:00,3,0.88
C19,2026-09-15,04:00,06:00,1,0.94
C19,2026-09-15,06:00,08:00,6,0.78
C19,2026-09-15,08:00,10:00,5,0.89
C19,2026-09-15,10:00,12:00,1,0.8
C19,2026-09-15,12:00,14:00,1,0.75
C19,2026-09-15,14:00,16:00,1,0.87
C19,2026-09-15,16:00,18:00,3,0.84
C19,2026-09-15,18:00,20:00,2,0.82
C19,2026-09-15,20:00,22:00,0,0.81
C19,2026-09-15,22:00,00:00,4,0.97
C20,2026-09-15,00:00,02:00,0,0.92
C20,2026-09-15,02:00,04:00,2,0.76
C20,2026-09-15,04:00,06:00,3,0.96
C20,2026-09-15,06:00,08:00,4,0.81
C20,2026-09-15,08:00,10:00,4,0.84
C20,2026-09-15,10:00,12:00,0,0.77
C20,2026-09-15,12:00,14:00,4,0.82
C20,2026-09-15,14:00,16:00,2,0.9
C20,2026-09-15,16:00,18:00,1,0.75
C20,2026-09-15,18:00,20:00,6,0.9
C20,2026-09-15,20:00,22:00,1,0.92
C20,2026-09-15,22:00,00:00,2,0.88
C01,2026-09-16,00:00,02:00,4,0.77
C01,2026-09-16,02:00,04:00,0,0.92
C01,2026-09-16,04:00,06:00,1,0.73
C01,2026-09-16,06:00,08:00,2,0.78
C01,2026-09-16,08:00,10:00,3,0.84
C01,2026-09-16,10:00,12:00,2,0.86
C01,2026-09-16,12:00,14:00,3,0.83
C01,2026-09-16,14:00,16:00,1,0.95
C01,2026-09-16,16:00,18:00,3,0.86
C01,2026-09-16,18:00,20:00,3,0.85
C01,2026-09-16,20:00,22:00,3,0.77
C01,2026-09-16,22:00,00:00,1,0.76
C02,2026-09-16,00:00,02:00,1,0.9
C02,2026-09-16,02:00,04:00,1,0.82
C02,2026-09-16,04:00,06:00,3,0.83
C02,2026-09-16,06:00,08:00,2,0.79
C02,2026-09-16,08:00,10:00,2,0.9
C02,2026-09-16,10:00,12:00,2,0.87
C02,2026-09-16,12:00,14:00,1,0.9
C02,2026-09-16,14:00,16:00,3,0.84
C02,2026-09-16,16:00,18:00,2,0.95
C02,2026-09-16,18:00,20:00,2,0.97
C02,2026-09-16,20:00,22:00,4,0.79
C02,2026-09-16,22:00,00:00,2,0.73
C03,2026-09-16,00:00,02:00,3,0.73
C03,2026-09-16,02:00,04:00,1,0.85
C03,2026-09-16,04:00,06:00,1,0.92
C03,2026-09-16,06:00,08:00,3,0.82
C03,2026-09-16,08:00,10:00,4,0.84
C03,2026-09-16,10:00,12:00,2,0.92
C03,2026-09-16,12:00,14:00,0,0.9
C03,2026-09-16,14:00,16:00,3,0.78
C03,2026-09-16,16:00,18:00,0,0.74
C03,2026-09-16,18:00,20:00,8,0.95
C03,2026-09-16,20:00,22:00,1,0.81
C03,2026-09-16,22:00,00:00,2,0.74
C04,2026-09-16,00:00,02:00,3,0.83
C04,2026-09-16,02:00,04:00,1,0.76
C04,2026-09-16,04:00,06:00,0,0.73
C04,2026-09-16,06:00,08:00,3,0.84
C04,2026-09-16,08:00,10:00,6,0.85
C04,2026-09-16,10:00,12:00,0,0.94
C04,2026-09-16,12:00,14:00,1,0.73
C04,2026-09-16,14:00,16:00,3,0.78
C04,2026-09-16,16:00,18:00,3,0.73
C04,2026-09-16,18:00,20:00,10,0.81
C04,2026-09-16,20:00,22:00,7,0.96
C04,2026-09-16,22:00,00:00,3,0.94
C05,2026-09-16,00:00,02:00,1,0.82
C05,2026-09-16,02:00,04:00,2,0.91
C05,2026-09-16,04:00,06:00,3,0.95
C05,2026-09-16,06:00,08:00,1,0.83
C05,2026-09-16,08:00,10:00,8,0.78
C05,2026-09-16,10:00,12:00,1,0.76
C05,2026-09-16,12:00,14:00,5,0.83
C05,2026-09-16,14:00,16:00,0,0.75
C05,2026-09-16,16:00,18:00,3,0.87
C05,2026-09-16,18:00,20:00,6,0.95
C05,2026-09-16,20:00,22:00,7,0.86
C05,2026-09-16,22:00,00:00,6,0.91
C06,2026-09-16,00:00,02:00,3,0.81
C06,2026-09-16,02:00,04:00,3,0.76
C06,2026-09-16,04:00,06:00,3,0.88
C06,2026-09-16,06:00,08:00,8,0.84
C06,2026-09-16,08:00,10:00,6,0.83
C06,2026-09-16,10:00,12:00,2,0.77
C06,2026-09-16,12:00,14:00,4,0.74
C06,2026-09-16,14:00,16:00,2,0.73
C06,2026-09-16,16:00,18:00,1,0.94
C06,2026-09-16,18:00,20:00,4,0.77
C06,2026-09-16,20:00,22:00,4,0.95
C06,2026-09-16,22:00,00:00,1,0.73
C07,2026-09-16,00:00,02:00,0,0.73
C07,2026-09-16,02:00,04:00,2,0.88
C07,2026-09-16,04:00,06:00,2,0.84
C07,2026-09-16,06:00,08:00,2,0.97
C07,2026-09-16,08:00,10:00,3,0.91
C07,2026-09-16,10:00,12:00,4,0.82
C07,2026-09-16,12:00,14:00,4,0.88
C07,2026-09-16,14:00,16:00,3,0.89
C07,2026-09-16,16:00,18:00,0,0.88
C07,2026-09-16,18:00,20:00,3,0.85
C07,2026-09-16,20:00,22:00,5,0.76
C07,2026-09-16,22:00,00:00,3,0.78
C08,2026-09-16,00:00,02:00,3,0.88
C08,2026-09-16,02:00,04:00,2,0.93
C08,2026-09-16,04:00,06:00,0,0.86
C08,2026-09-16,06:00,08:00,6,0.77
C08,2026-09-16,08:00,10:00,2,0.95
C08,2026-09-16,10:00,12:00,1,0.82
C08,2026-09-16,12:00,14:00,2,0.95
C08,2026-09-16,14:00,16:00,0,0.73
C08,2026-09-16,16:00,18:00,2,0.94
C08,2026-09-16,18:00,20:00,1,0.77
C08,2026-09-16,20:00,22:00,6,0.76
C08,2026-09-16,22:00,00:00,0,0.93
C09,2026-09-16,00:00,02:00,2,0.78
C09,2026-09-16,02:00,04:00,1,0.79
C09,2026-09-16,04:00,06:00,1,0.9
C09,2026-09-16,06:00,08:00,3,0.96
C09,2026-09-16,08:00,10:00,4,0.82
C09,2026-09-16,10:00,12:00,1,0.89
C09,2026-09-16,12:00,14:00,3,0.78
C09,2026-09-16,14:00,16:00,1,0.93
C09,2026-09-16,16:00,18:00,5,0.96
C09,2026-09-16,18:00,20:00,2,0.72
C09,2026-09-16,20:00,22:00,2,0.9
C09,2026-09-16,22:00,00:00,1,0.72
C10,2026-09-16,00:00,02:00,2,0.93
C10,2026-09-16,02:00,04:00,0,0.76
C10,2026-09-16,04:00,06:00,3,0.76
C10,2026-09-16,06:00,08:00,4,0.93
C10,2026-09-16,08:00,10:00,5,0.86
C10,2026-09-16,10:00,12:00,0,0.8
C10,2026-09-16,12:00,14:00,2,0.82
C10,2026-09-16,14:00,16:00,3,0.95
C10,2026-09-16,16:00,18:00,4,0.82
C10,2026-09-16,18:00,20:00,13,0.95
C10,2026-09-16,20:00,22:00,4,0.81
C10,2026-09-16,22:00,00:00,0,0.95
C11,2026-09-16,00:00,02:00,0,0.77
C11,2026-09-16,02:00,04:00,2,0.83
C11,2026-09-16,04:00,06:00,2,0.88
C11,2026-09-16,06:00,08:00,3,0.86
C11,2026-09-16,08:00,10:00,1,0.9
C11,2026-09-16,10:00,12:00,6,0.79
C11,2026-09-16,12:00,14:00,1,0.86
C11,2026-09-16,14:00,16:00,1,0.88
C11,2026-09-16,16:00,18:00,3,0.82
C11,2026-09-16,18:00,20:00,4,0.87
C11,2026-09-16,20:00,22:00,3,0.86
C11,2026-09-16,22:00,00:00,2,0.85
C12,2026-09-16,00:00,02:00,4,0.87
C12,2026-09-16,02:00,04:00,1,0.75
C12,2026-09-16,04:00,06:00,3,0.83
C12,2026-09-16,06:00,08:00,5,0.77
C12,2026-09-16,08:00,10:00,3,0.79
C12,2026-09-16,10:00,12:00,1,0.84
C12,2026-09-16,12:00,14:00,2,0.79
C12,2026-09-16,14:00,16:00,1,0.77
C12,2026-09-16,16:00,18:00,0,0.89
C12,2026-09-16,18:00,20:00,4,0.78
C12,2026-09-16,20:00,22:00,4,0.95
C12,2026-09-16,22:00,00:00,2,0.83
C13,2026-09-16,00:00,02:00,1,0.95
C13,2026-09-16,02:00,04:00,1,0.93
C13,2026-09-16,04:00,06:00,2,0.74
C13,2026-09-16,06:00,08:00,4,0.9
C13,2026-09-16,08:00,10:00,4,0.95
C13,2026-09-16,10:00,12:00,1,0.92
C13,2026-09-16,12:00,14:00,1,0.84
C13,2026-09-16,14:00,16:00,5,0.88
C13,2026-09-16,16:00,18:00,3,0.86
C13,2026-09-16,18:00,20:00,5,0.77
C13,2026-09-16,20:00,22:00,2,0.92
C13,2026-09-16,22:00,00:00,5,0.88
C14,2026-09-16,00:00,02:00,1,0.9
C14,2026-09-16,02:00,04:00,3,0.82
C14,2026-09-16,04:00,06:00,0,0.81
C14,2026-09-16,06:00,08:00,1,0.85
C14,2026-09-16,08:00,10:00,4,0.94
C14,2026-09-16,10:00,12:00,3,0.75
C14,2026-09-16,12:00,14:00,0,0.85
C14,2026-09-16,14:00,16:00,4,0.8
C14,2026-09-16,16:00,18:00,2,0.85
C14,2026-09-16,18:00,20:00,4,0.82
C14,2026-09-16,20:00,22:00,5,0.92
C14,2026-09-16,22:00,00:00,3,0.8
C15,2026-09-16,00:00,02:00,1,0.92
C15,2026-09-16,02:00,04:00,1,0.85
C15,2026-09-16,04:00,06:00,6,0.93
C15,2026-09-16,06:00,08:00,5,0.92
C15,2026-09-16,08:00,10:00,6,0.9
C15,2026-09-16,10:00,12:00,0,0.79
C15,2026-09-16,12:00,14:00,1,0.77
C15,2026-09-16,14:00,16:00,3,0.87
C15,2026-09-16,16:00,18:00,2,0.94
C15,2026-09-16,18:00,20:00,3,0.88
C15,2026-09-16,20:00,22:00,3,0.84
C15,2026-09-16,22:00,00:00,3,0.87
C16,2026-09-16,00:00,02:00,1,0.84
C16,2026-09-16,02:00,04:00,3,0.74
C16,2026-09-16,04:00,06:00,3,0.73
C16,2026-09-16,06:00,08:00,7,0.87
C16,2026-09-16,08:00,10:00,3,0.76
C16,2026-09-16,10:00,12:00,5,0.96
C16,2026-09-16,12:00,14:00,1,0.83
C16,2026-09-16,14:00,16:00,0,0.87
C16,2026-09-16,16:00,18:00,1,0.74
C16,2026-09-16,18:00,20:00,3,0.94
C16,2026-09-16,20:00,22:00,3,0.82
C16,2026-09-16,22:00,00:00,1,0.97
C17,2026-09-16,00:00,02:00,6,0.88
C17,2026-09-16,02:00,04:00,3,0.94
C17,2026-09-16,04:00,06:00,3,0.87
C17,2026-09-16,06:00,08:00,3,0.92
C17,2026-09-16,08:00,10:00,7,0.91
C17,2026-09-16,10:00,12:00,5,0.87
C17,2026-09-16,12:00,14:00,2,0.87
C17,2026-09-16,14:00,16:00,2,0.77
C17,2026-09-16,16:00,18:00,1,0.82
C17,2026-09-16,18:00,20:00,2,0.89
C17,2026-09-16,20:00,22:00,3,0.96
C17,2026-09-16,22:00,00:00,0,0.85
C18,2026-09-16,00:00,02:00,1,0.81
C18,2026-09-16,02:00,04:00,1,0.78
C18,2026-09-16,04:00,06:00,0,0.78
C18,2026-09-16,06:00,08:00,3,0.75
C18,2026-09-16,08:00,10:00,3,0.87
C18,2026-09-16,10:00,12:00,0,0.95
C18,2026-09-16,12:00,14:00,2,0.85
C18,2026-09-16,14:00,16:00,2,0.78
C18,2026-09-16,16:00,18:00,4,0.95
C18,2026-09-16,18:00,20:00,4,0.88
C18,2026-09-16,20:00,22:00,4,0.93
C18,2026-09-16,22:00,00:00,2,0.75
C19,2026-09-16,00:00,02:00,3,0.73
C19,2026-09-16,02:00,04:00,3,0.82
C19,2026-09-16,04:00,06:00,0,0.79
C19,2026-09-16,06:00,08:00,4,0.82
C19,2026-09-16,08:00,10:00,3,0.91
C19,2026-09-16,10:00,12:00,6,0.78
C19,2026-09-16,12:00,14:00,1,0.97
C19,2026-09-16,14:00,16:00,3,0.89
C19,2026-09-16,16:00,18:00,2,0.9
C19,2026-09-16,18:00,20:00,3,0.81
C19,2026-09-16,20:00,22:00,7,0.97
C19,2026-09-16,22:00,00:00,5,0.83
C20,2026-09-16,00:00,02:00,3,0.88
C20,2026-09-16,02:00,04:00,1,0.87
C20,2026-09-16,04:00,06:00,2,0.88
C20,2026-09-16,06:00,08:00,3,0.86
C20,2026-09-16,08:00,10:00,4,0.95
C20,2026-09-16,10:00,12:00,5,0.76
C20,2026-09-16,12:00,14:00,2,0.92
C20,2026-09-16,14:00,16:00,2,0.76
C20,2026-09-16,16:00,18:00,1,0.82
C20,2026-09-16,18:00,20:00,6,0.79
C20,2026-09-16,20:00,22:00,6,0.78
C20,2026-09-16,22:00,00:00,3,0.88
C01,2026-09-17,00:00,02:00,1,0.92
C01,2026-09-17,02:00,04:00,1,0.85
C01,2026-09-17,04:00,06:00,1,0.72
C01,2026-09-17,06:00,08:00,6,0.94
C01,2026-09-17,08:00,10:00,3,0.88
C01,2026-09-17,10:00,12:00,1,0.85
C01,2026-09-17,12:00,14:00,3,0.9
C01,2026-09-17,14:00,16:00,2,0.86
C01,2026-09-17,16:00,18:00,1,0.83
C01,2026-09-17,18:00,20:00,0,0.83
C01,2026-09-17,20:00,22:00,5,0.92
C01,2026-09-17,22:00,00:00,1,0.89
C02,2026-09-17,00:00,02:00,1,0.92
C02,2026-09-17,02:00,04:00,2,0.82
C02,2026-09-17,04:00,06:00,0,0.79
C02,2026-09-17,06:00,08:00,2,0.83
C02,2026-09-17,08:00,10:00,7,0.86
C02,2026-09-17,10:00,12:00,1,0.81
C02,2026-09-17,12:00,14:00,1,0.86
C02,2026-09-17,14:00,16:00,1,0.85
C02,2026-09-17,16:00,18:00,1,0.9
C02,2026-09-17,18:00,20:00,2,0.77
C02,2026-09-17,20:00,22:00,4,0.89
C02,2026-09-17,22:00,00:00,2,0.97
C03,2026-09-17,00:00,02:00,0,0.82
C03,2026-09-17,02:00,04:00,0,0.91
C03,2026-09-17,04:00,06:00,3,0.8
C03,2026-09-17,06:00,08:00,5,0.91
C03,2026-09-17,08:00,10:00,3,0.74
C03,2026-09-17,10:00,12:00,4,0.8
C03,2026-09-17,12:00,14:00,2,0.96
C03,2026-09-17,14:00,16:00,0,0.9
C03,2026-09-17,16:00,18:00,1,0.83
C03,2026-09-17,18:00,20:00,4,0.82
C03,2026-09-17,20:00,22:00,1,0.89
C03,2026-09-17,22:00,00:00,1,0.84
C04,2026-09-17,00:00,02:00,2,0.92
C04,2026-09-17,02:00,04:00,1,0.9
C04,2026-09-17,04:00,06:00,2,0.8
C04,2026-09-17,06:00,08:00,4,0.79
C04,2026-09-17,08:00,10:00,4,0.91
C04,2026-09-17,10:00,12:00,4,0.78
C04,2026-09-17,12:00,14:00,4,0.86
C04,2026-09-17,14:00,16:00,1,0.73
C04,2026-09-17,16:00,18:00,0,0.86
C04,2026-09-17,18:00,20:00,1,0.77
C04,2026-09-17,20:00,22:00,0,0.96
C04,2026-09-17,22:00,00:00,1,0.91
C05,2026-09-17,00:00,02:00,2,0.86
C05,2026-09-17,02:00,04:00,5,0.93
C05,2026-09-17,04:00,06:00,4,0.92
C05,2026-09-17,06:00,08:00,7,0.72
C05,2026-09-17,08:00,10:00,2,0.82
C05,2026-09-17,10:00,12:00,1,0.8
C05,2026-09-17,12:00,14:00,1,0.73
C05,2026-09-17,14:00,16:00,1,0.91
C05,2026-09-17,16:00,18:00,2,0.83
C05,2026-09-17,18:00,20:00,5,0.95
C05,2026-09-17,20:00,22:00,3,0.85
C05,2026-09-17,22:00,00:00,3,0.81
C06,2026-09-17,00:00,02:00,2,0.75
C06,2026-09-17,02:00,04:00,1,0.84
C06,2026-09-17,04:00,06:00,1,0.85
C06,2026-09-17,06:00,08:00,5,0.94
C06,2026-09-17,08:00,10:00,7,0.72
C06,2026-09-17,10:00,12:00,4,0.94
C06,2026-09-17,12:00,14:00,2,0.74
C06,2026-09-17,14:00,16:00,0,0.84
C06,2026-09-17,16:00,18:00,3,0.93
C06,2026-09-17,18:00,20:00,4,0.9
C06,2026-09-17,20:00,22:00,4,0.78
C06,2026-09-17,22:00,00:00,1,0.86
C07,2026-09-17,00:00,02:00,1,0.83
C07,2026-09-17,02:00,04:00,1,0.77
C07,2026-09-17,04:00,06:00,2,0.77
C07,2026-09-17,06:00,08:00,0,0.87
C07,2026-09-17,08:00,10:00,3,0.91
C07,2026-09-17,10:00,12:00,7,0.73
C07,2026-09-17,12:00,14:00,4,0.94
C07,2026-09-17,14:00,16:00,5,0.85
C07,2026-09-17,16:00,18:00,2,0.87
C07,2026-09-17,18:00,20:00,4,0.91
C07,2026-09-17,20:00,22:00,2,0.85
C07,2026-09-17,22:00,00:00,0,0.94
C08,2026-09-17,00:00,02:00,1,0.87
C08,2026-09-17,02:00,04:00,2,0.89
C08,2026-09-17,04:00,06:00,4,0.78
C08,2026-09-17,06:00,08:00,4,0.81
C08,2026-09-17,08:00,10:00,1,0.81
C08,2026-09-17,10:00,12:00,2,0.96
C08,2026-09-17,12:00,14:00,1,0.8
C08,2026-09-17,14:00,16:00,6,0.74
C08,2026-09-17,16:00,18:00,4,0.89
C08,2026-09-17,18:00,20:00,8,0.74
C08,2026-09-17,20:00,22:00,1,0.86
C08,2026-09-17,22:00,00:00,2,0.77
C09,2026-09-17,00:00,02:00,2,0.78
C09,2026-09-17,02:00,04:00,4,0.94
C09,2026-09-17,04:00,06:00,3,0.76
C09,2026-09-17,06:00,08:00,3,0.9
C09,2026-09-17,08:00,10:00,3,0.76
C09,2026-09-17,10:00,12:00,3,0.92
C09,2026-09-17,12:00,14:00,3,0.87
C09,2026-09-17,14:00,16:00,1,0.76
C09,2026-09-17,16:00,18:00,0,0.97
C09,2026-09-17,18:00,20:00,5,0.85
C09,2026-09-17,20:00,22:00,6,0.94
C09,2026-09-17,22:00,00:00,3,0.82
C10,2026-09-17,00:00,02:00,2,0.93
C10,2026-09-17,02:00,04:00,5,0.87
C10,2026-09-17,04:00,06:00,4,0.81
C10,2026-09-17,06:00,08:00,3,0.91
C10,2026-09-17,08:00,10:00,5,0.78
C10,2026-09-17,10:00,12:00,1,0.8
C10,2026-09-17,12:00,14:00,0,0.97
C10,2026-09-17,14:00,16:00,5,0.83
C10,2026-09-17,16:00,18:00,3,0.82
C10,2026-09-17,18:00,20:00,4,0.8
C10,2026-09-17,20:00,22:00,5,0.84
C10,2026-09-17,22:00,00:00,2,0.87
C11,2026-09-17,00:00,02:00,1,0.95
C11,2026-09-17,02:00,04:00,1,0.78
C11,2026-09-17,04:00,06:00,2,0.73
C11,2026-09-17,06:00,08:00,3,0.87
C11,2026-09-17,08:00,10:00,3,0.82
C11,2026-09-17,10:00,12:00,4,0.93
C11,2026-09-17,12:00,14:00,2,0.88
C11,2026-09-17,14:00,16:00,1,0.94
C11,2026-09-17,16:00,18:00,0,0.94
C11,2026-09-17,18:00,20:00,4,0.81
C11,2026-09-17,20:00,22:00,4,0.75
C11,2026-09-17,22:00,00:00,1,0.96
C12,2026-09-17,00:00,02:00,1,0.93
C12,2026-09-17,02:00,04:00,4,0.93
C12,2026-09-17,04:00,06:00,2,0.81
C12,2026-09-17,06:00,08:00,3,0.82
C12,2026-09-17,08:00,10:00,3,0.81
C12,2026-09-17,10:00,12:00,2,0.94
C12,2026-09-17,12:00,14:00,0,0.89
C12,2026-09-17,14:00,16:00,1,0.97
C12,2026-09-17,16:00,18:00,2,0.84
C12,2026-09-17,18:00,20:00,2,0.78
C12,2026-09-17,20:00,22:00,2,0.91
C12,2026-09-17,22:00,00:00,0,0.96
C13,2026-09-17,00:00,02:00,3,0.73
C13,2026-09-17,02:00,04:00,2,0.95
C13,2026-09-17,04:00,06:00,1,0.79
C13,2026-09-17,06:00,08:00,6,0.84
C13,2026-09-17,08:00,10:00,1,0.75
C13,2026-09-17,10:00,12:00,1,0.75
C13,2026-09-17,12:00,14:00,1,0.95
C13,2026-09-17,14:00,16:00,1,0.85
C13,2026-09-17,16:00,18:00,1,0.76
C13,2026-09-17,18:00,20:00,3,0.96
C13,2026-09-17,20:00,22:00,6,0.75
C13,2026-09-17,22:00,00:00,2,0.88
C14,2026-09-17,00:00,02:00,1,0.94
C14,2026-09-17,02:00,04:00,0,0.74
C14,2026-09-17,04:00,06:00,1,0.76
C14,2026-09-17,06:00,08:00,6,0.72
C14,2026-09-17,08:00,10:00,7,0.94
C14,2026-09-17,10:00,12:00,2,0.92
C14,2026-09-17,12:00,14:00,4,0.81
C14,2026-09-17,14:00,16:00,5,0.86
C14,2026-09-17,16:00,18:00,0,0.8
C14,2026-09-17,18:00,20:00,4,0.78
C14,2026-09-17,20:00,22:00,3,0.89
C14,2026-09-17,22:00,00:00,1,0.79
C15,2026-09-17,00:00,02:00,0,0.83
C15,2026-09-17,02:00,04:00,3,0.96
C15,2026-09-17,04:00,06:00,5,0.96
C15,2026-09-17,06:00,08:00,1,0.91
C15,2026-09-17,08:00,10:00,7,0.84
C15,2026-09-17,10:00,12:00,0,0.93
C15,2026-09-17,12:00,14:00,2,0.93
C15,2026-09-17,14:00,16:00,3,0.83
C15,2026-09-17,16:00,18:00,0,0.97
C15,2026-09-17,18:00,20:00,5,0.89
C15,2026-09-17,20:00,22:00,1,0.88
C15,2026-09-17,22:00,00:00,0,0.83
C16,2026-09-17,00:00,02:00,2,0.92
C16,2026-09-17,02:00,04:00,2,0.77
C16,2026-09-17,04:00,06:00,1,0.78
C16,2026-09-17,06:00,08:00,4,0.97
C16,2026-09-17,08:00,10:00,4,0.84
C16,2026-09-17,10:00,12:00,4,0.82
C16,2026-09-17,12:00,14:00,2,0.95
C16,2026-09-17,14:00,16:00,4,0.94
C16,2026-09-17,16:00,18:00,1,0.81
C16,2026-09-17,18:00,20:00,7,0.9
C16,2026-09-17,20:00,22:00,4,0.95
C16,2026-09-17,22:00,00:00,3,0.73
C17,2026-09-17,00:00,02:00,1,0.9
C17,2026-09-17,02:00,04:00,2,0.95
C17,2026-09-17,04:00,06:00,3,0.74
C17,2026-09-17,06:00,08:00,0,0.97
C17,2026-09-17,08:00,10:00,2,0.79
C17,2026-09-17,10:00,12:00,0,0.89
C17,2026-09-17,12:00,14:00,0,0.87
C17,2026-09-17,14:00,16:00,1,0.8
C17,2026-09-17,16:00,18:00,4,0.92
C17,2026-09-17,18:00,20:00,4,0.94
C17,2026-09-17,20:00,22:00,3,0.93
C17,2026-09-17,22:00,00:00,3,0.8
C18,2026-09-17,00:00,02:00,0,0.9
C18,2026-09-17,02:00,04:00,0,0.87
C18,2026-09-17,04:00,06:00,4,0.78
C18,2026-09-17,06:00,08:00,2,0.85
C18,2026-09-17,08:00,10:00,3,0.82
C18,2026-09-17,10:00,12:00,1,0.94
C18,2026-09-17,12:00,14:00,2,0.87
C18,2026-09-17,14:00,16:00,0,0.75
C18,2026-09-17,16:00,18:00,4,0.78
C18,2026-09-17,18:00,20:00,4,0.87
C18,2026-09-17,20:00,22:00,4,0.9
C18,2026-09-17,22:00,00:00,2,0.94
C19,2026-09-17,00:00,02:00,2,0.95
C19,2026-09-17,02:00,04:00,1,0.76
C19,2026-09-17,04:00,06:00,2,0.86
C19,2026-09-17,06:00,08:00,7,0.82
C19,2026-09-17,08:00,10:00,4,0.92
C19,2026-09-17,10:00,12:00,4,0.79
C19,2026-09-17,12:00,14:00,1,0.82
C19,2026-09-17,14:00,16:00,2,0.93
C19,2026-09-17,16:00,18:00,2,0.78
C19,2026-09-17,18:00,20:00,8,0.82
C19,2026-09-17,20:00,22:00,5,0.85
C19,2026-09-17,22:00,00:00,3,0.87
C20,2026-09-17,00:00,02:00,2,0.94
C20,2026-09-17,02:00,04:00,4,0.94
C20,2026-09-17,04:00,06:00,1,0.76
C20,2026-09-17,06:00,08:00,3,0.85
C20,2026-09-17,08:00,10:00,6,0.96
C20,2026-09-17,10:00,12:00,6,0.76
C20,2026-09-17,12:00,14:00,0,0.93
C20,2026-09-17,14:00,16:00,0,0.96
C20,2026-09-17,16:00,18:00,3,0.73
C20,2026-09-17,18:00,20:00,3,0.96
C20,2026-09-17,20:00,22:00,3,0.73
C20,2026-09-17,22:00,00:00,1,0.91
C01,2026-09-18,00:00,02:00,2,0.9
C01,2026-09-18,02:00,04:00,2,0.8
C01,2026-09-18,04:00,06:00,2,0.91
C01,2026-09-18,06:00,08:00,6,0.95
C01,2026-09-18,08:00,10:00,7,0.91
C01,2026-09-18,10:00,12:00,1,0.79
C01,2026-09-18,12:00,14:00,2,0.92
C01,2026-09-18,14:00,16:00,2,0.9
C01,2026-09-18,16:00,18:00,3,0.96
C01,2026-09-18,18:00,20:00,5,0.76
C01,2026-09-18,20:00,22:00,1,0.81
C01,2026-09-18,22:00,00:00,1,0.82
C02,2026-09-18,00:00,02:00,0,0.88
C02,2026-09-18,02:00,04:00,1,0.74
C02,2026-09-18,04:00,06:00,1,0.92
C02,2026-09-18,06:00,08:00,4,0.96
C02,2026-09-18,08:00,10:00,2,0.92
C02,2026-09-18,10:00,12:00,1,0.74
C02,2026-09-18,12:00,14:00,3,0.83
C02,2026-09-18,14:00,16:00,2,0.73
C02,2026-09-18,16:00,18:00,1,0.92
C02,2026-09-18,18:00,20:00,1,0.94
C02,2026-09-18,20:00,22:00,7,0.74
C02,2026-09-18,22:00,00:00,1,0.89
C03,2026-09-18,00:00,02:00,2,0.84
C03,2026-09-18,02:00,04:00,4,0.79
C03,2026-09-18,04:00,06:00,2,0.84
C03,2026-09-18,06:00,08:00,10,0.84
C03,2026-09-18,08:00,10:00,3,0.81
C03,2026-09-18,10:00,12:00,3,0.87
C03,2026-09-18,12:00,14:00,2,0.86
C03,2026-09-18,14:00,16:00,1,0.97
C03,2026-09-18,16:00,18:00,2,0.82
C03,2026-09-18,18:00,20:00,9,0.89
C03,2026-09-18,20:00,22:00,9,0.84
C03,2026-09-18,22:00,00:00,3,0.92
C04,2026-09-18,00:00,02:00,2,0.75
C04,2026-09-18,02:00,04:00,1,0.93
C04,2026-09-18,04:00,06:00,3,0.92
C04,2026-09-18,06:00,08:00,1,0.82
C04,2026-09-18,08:00,10:00,7,0.78
C04,2026-09-18,10:00,12:00,2,0.74
C04,2026-09-18,12:00,14:00,1,0.94
C04,2026-09-18,14:00,16:00,1,0.76
C04,2026-09-18,16:00,18:00,3,0.88
C04,2026-09-18,18:00,20:00,3,0.74
C04,2026-09-18,20:00,22:00,9,0.82
C04,2026-09-18,22:00,00:00,2,0.79
C05,2026-09-18,00:00,02:00,2,0.84
C05,2026-09-18,02:00,04:00,0,0.87
C05,2026-09-18,04:00,06:00,2,0.76
C05,2026-09-18,06:00,08:00,4,0.92
C05,2026-09-18,08:00,10:00,5,0.94
C05,2026-09-18,10:00,12:00,1,0.9
C05,2026-09-18,12:00,14:00,1,0.87
C05,2026-09-18,14:00,16:00,6,0.96
C05,2026-09-18,16:00,18:00,4,0.78
C05,2026-09-18,18:00,20:00,5,0.94
C05,2026-09-18,20:00,22:00,3,0.9
C05,2026-09-18,22:00,00:00,2,0.91
C06,2026-09-18,00:00,02:00,1,0.73
C06,2026-09-18,02:00,04:00,2,0.96
C06,2026-09-18,04:00,06:00,1,0.8
C06,2026-09-18,06:00,08:00,6,0.87
C06,2026-09-18,08:00,10:00,5,0.89
C06,2026-09-18,10:00,12:00,3,0.86
C06,2026-09-18,12:00,14:00,1,0.78
C06,2026-09-18,14:00,16:00,4,0.77
C06,2026-09-18,16:00,18:00,0,0.81
C06,2026-09-18,18:00,20:00,8,0.82
C06,2026-09-18,20:00,22:00,6,0.96
C06,2026-09-18,22:00,00:00,2,0.76
C07,2026-09-18,00:00,02:00,0,0.78
C07,2026-09-18,02:00,04:00,0,0.86
C07,2026-09-18,04:00,06:00,1,0.86
C07,2026-09-18,06:00,08:00,4,0.91
C07,2026-09-18,08:00,10:00,8,0.82
C07,2026-09-18,10:00,12:00,2,0.85
C07,2026-09-18,12:00,14:00,3,0.81
C07,2026-09-18,14:00,16:00,3,0.96
C07,2026-09-18,16:00,18:00,1,0.89
C07,2026-09-18,18:00,20:00,3,0.87
C07,2026-09-18,20:00,22:00,1,0.91
C07,2026-09-18,22:00,00:00,1,0.94
C08,2026-09-18,00:00,02:00,1,0.92
C08,2026-09-18,02:00,04:00,2,0.86
C08,2026-09-18,04:00,06:00,1,0.89
C08,2026-09-18,06:00,08:00,3,0.85
C08,2026-09-18,08:00,10:00,5,0.91
C08,2026-09-18,10:00,12:00,0,0.73
C08,2026-09-18,12:00,14:00,2,0.73
C08,2026-09-18,14:00,16:00,1,0.94
C08,2026-09-18,16:00,18:00,1,0.82
C08,2026-09-18,18:00,20:00,4,0.73
C08,2026-09-18,20:00,22:00,4,0.82
C08,2026-09-18,22:00,00:00,3,0.89
C09,2026-09-18,00:00,02:00,2,0.8
C09,2026-09-18,02:00,04:00,2,0.94
C09,2026-09-18,04:00,06:00,2,0.76
C09,2026-09-18,06:00,08:00,5,0.87
C09,2026-09-18,08:00,10:00,5,0.75
C09,2026-09-18,10:00,12:00,3,0.76
C09,2026-09-18,12:00,14:00,1,0.82
C09,2026-09-18,14:00,16:00,0,0.72
C09,2026-09-18,16:00,18:00,0,0.76
C09,2026-09-18,18:00,20:00,7,0.87
C09,2026-09-18,20:00,22:00,1,0.78
C09,2026-09-18,22:00,00:00,2,0.93
C10,2026-09-18,00:00,02:00,2,0.76
C10,2026-09-18,02:00,04:00,1,0.88
C10,2026-09-18,04:00,06:00,2,0.87
C10,2026-09-18,06:00,08:00,3,0.82
C10,2026-09-18,08:00,10:00,5,0.75
C10,2026-09-18,10:00,12:00,2,0.96
C10,2026-09-18,12:00,14:00,5,0.86
C10,2026-09-18,14:00,16:00,6,0.78
C10,2026-09-18,16:00,18:00,3,0.75
C10,2026-09-18,18:00,20:00,4,0.73
C10,2026-09-18,20:00,22:00,1,0.94
C10,2026-09-18,22:00,00:00,1,0.95
C11,2026-09-18,00:00,02:00,2,0.91
C11,2026-09-18,02:00,04:00,4,0.78
C11,2026-09-18,04:00,06:00,2,0.92
C11,2026-09-18,06:00,08:00,4,0.75
C11,2026-09-18,08:00,10:00,2,0.84
C11,2026-09-18,10:00,12:00,2,0.88
C11,2026-09-18,12:00,14:00,1,0.95
C11,2026-09-18,14:00,16:00,3,0.88
C11,2026-09-18,16:00,18:00,0,0.74
C11,2026-09-18,18:00,20:00,7,0.82
C11,2026-09-18,20:00,22:00,5,0.78
C11,2026-09-18,22:00,00:00,2,0.81
C12,2026-09-18,00:00,02:00,1,0.87
C12,2026-09-18,02:00,04:00,1,0.87
C12,2026-09-18,04:00,06:00,3,0.94
C12,2026-09-18,06:00,08:00,7,0.97
C12,2026-09-18,08:00,10:00,2,0.86
C12,2026-09-18,10:00,12:00,0,0.73
C12,2026-09-18,12:00,14:00,1,0.96
C12,2026-09-18,14:00,16:00,2,0.88
C12,2026-09-18,16:00,18:00,1,0.86
C12,2026-09-18,18:00,20:00,1,0.94
C12,2026-09-18,20:00,22:00,2,0.93
C12,2026-09-18,22:00,00:00,0,0.88
C13,2026-09-18,00:00,02:00,2,0.85
C13,2026-09-18,02:00,04:00,5,0.95
C13,2026-09-18,04:00,06:00,1,0.96
C13,2026-09-18,06:00,08:00,6,0.85
C13,2026-09-18,08:00,10:00,3,0.88
C13,2026-09-18,10:00,12:00,0,0.8
C13,2026-09-18,12:00,14:00,2,0.8
C13,2026-09-18,14:00,16:00,3,0.82
C13,2026-09-18,16:00,18:00,2,0.87
C13,2026-09-18,18:00,20:00,7,0.89
C13,2026-09-18,20:00,22:00,4,0.79
C13,2026-09-18,22:00,00:00,1,0.91
C14,2026-09-18,00:00,02:00,0,0.87
C14,2026-09-18,02:00,04:00,0,0.82
C14,2026-09-18,04:00,06:00,2,0.84
C14,2026-09-18,06:00,08:00,3,0.73
C14,2026-09-18,08:00,10:00,4,0.88
C14,2026-09-18,10:00,12:00,1,0.81
C14,2026-09-18,12:00,14:00,2,0.9
C14,2026-09-18,14:00,16:00,4,0.76
C14,2026-09-18,16:00,18:00,6,0.97
C14,2026-09-18,18:00,20:00,7,0.86
C14,2026-09-18,20:00,22:00,6,0.78
C14,2026-09-18,22:00,00:00,3,0.79
C15,2026-09-18,00:00,02:00,1,0.86
C15,2026-09-18,02:00,04:00,1,0.95
C15,2026-09-18,04:00,06:00,1,0.87
C15,2026-09-18,06:00,08:00,1,0.83
C15,2026-09-18,08:00,10:00,3,0.88
C15,2026-09-18,10:00,12:00,2,0.76
C15,2026-09-18,12:00,14:00,2,0.88
C15,2026-09-18,14:00,16:00,1,0.8
C15,2026-09-18,16:00,18:00,5,0.8
C15,2026-09-18,18:00,20:00,4,0.87
C15,2026-09-18,20:00,22:00,5,0.9
C15,2026-09-18,22:00,00:00,1,0.78
C16,2026-09-18,00:00,02:00,1,0.73
C16,2026-09-18,02:00,04:00,4,0.85
C16,2026-09-18,04:00,06:00,4,0.85
C16,2026-09-18,06:00,08:00,2,0.82
C16,2026-09-18,08:00,10:00,0,0.87
C16,2026-09-18,10:00,12:00,5,0.79
C16,2026-09-18,12:00,14:00,3,0.75
C16,2026-09-18,14:00,16:00,2,0.83
C16,2026-09-18,16:00,18:00,3,0.88
C16,2026-09-18,18:00,20:00,2,0.77
C16,2026-09-18,20:00,22:00,5,0.82
C16,2026-09-18,22:00,00:00,7,0.85
C17,2026-09-18,00:00,02:00,1,0.78
C17,2026-09-18,02:00,04:00,4,0.74
C17,2026-09-18,04:00,06:00,0,0.76
C17,2026-09-18,06:00,08:00,3,0.96
C17,2026-09-18,08:00,10:00,7,0.9
C17,2026-09-18,10:00,12:00,0,0.92
C17,2026-09-18,12:00,14:00,1,0.79
C17,2026-09-18,14:00,16:00,1,0.77
C17,2026-09-18,16:00,18:00,4,0.86
C17,2026-09-18,18:00,20:00,7,0.79
C17,2026-09-18,20:00,22:00,4,0.9
C17,2026-09-18,22:00,00:00,0,0.85
C18,2026-09-18,00:00,02:00,5,0.84
C18,2026-09-18,02:00,04:00,2,0.76
C18,2026-09-18,04:00,06:00,6,0.74
C18,2026-09-18,06:00,08:00,3,0.76
C18,2026-09-18,08:00,10:00,2,0.85
C18,2026-09-18,10:00,12:00,3,0.9
C18,2026-09-18,12:00,14:00,4,0.81
C18,2026-09-18,14:00,16:00,2,0.94
C18,2026-09-18,16:00,18:00,1,0.93
C18,2026-09-18,18:00,20:00,4,0.95
C18,2026-09-18,20:00,22:00,4,0.96
C18,2026-09-18,22:00,00:00,3,0.8
C19,2026-09-18,00:00,02:00,2,0.84
C19,2026-09-18,02:00,04:00,1,0.9
C19,2026-09-18,04:00,06:00,4,0.86
C19,2026-09-18,06:00,08:00,5,0.74
C19,2026-09-18,08:00,10:00,3,0.9
C19,2026-09-18,10:00,12:00,1,0.86
C19,2026-09-18,12:00,14:00,0,0.75
C19,2026-09-18,14:00,16:00,3,0.82
C19,2026-09-18,16:00,18:00,1,0.82
C19,2026-09-18,18:00,20:00,3,0.81
C19,2026-09-18,20:00,22:00,6,0.74
C19,2026-09-18,22:00,00:00,0,0.88
C20,2026-09-18,00:00,02:00,3,0.77
C20,2026-09-18,02:00,04:00,0,0.86
C20,2026-09-18,04:00,06:00,1,0.93
C20,2026-09-18,06:00,08:00,9,0.82
C20,2026-09-18,08:00,10:00,7,0.91
C20,2026-09-18,10:00,12:00,3,0.8
C20,2026-09-18,12:00,14:00,2,0.76
C20,2026-09-18,14:00,16:00,1,0.86
C20,2026-09-18,16:00,18:00,3,0.8
C20,2026-09-18,18:00,20:00,4,0.88
C20,2026-09-18,20:00,22:00,2,0.8
C20,2026-09-18,22:00,00:00,1,0.82
C01,2026-09-19,00:00,02:00,3,0.95
C01,2026-09-19,02:00,04:00,3,0.9
C01,2026-09-19,04:00,06:00,2,0.94
C01,2026-09-19,06:00,08:00,5,0.85
C01,2026-09-19,08:00,10:00,4,0.8
C01,2026-09-19,10:00,12:00,0,0.96
C01,2026-09-19,12:00,14:00,0,0.76
C01,2026-09-19,14:00,16:00,5,0.96
C01,2026-09-19,16:00,18:00,2,0.83
C01,2026-09-19,18:00,20:00,7,0.92
C01,2026-09-19,20:00,22:00,4,0.83
C01,2026-09-19,22:00,00:00,3,0.87
C02,2026-09-19,00:00,02:00,1,0.91
C02,2026-09-19,02:00,04:00,1,0.74
C02,2026-09-19,04:00,06:00,3,0.85
C02,2026-09-19,06:00,08:00,4,0.82
C02,2026-09-19,08:00,10:00,5,0.93
C02,2026-09-19,10:00,12:00,1,0.81
C02,2026-09-19,12:00,14:00,1,0.78
C02,2026-09-19,14:00,16:00,3,0.95
C02,2026-09-19,16:00,18:00,3,0.82
C02,2026-09-19,18:00,20:00,2,0.89
C02,2026-09-19,20:00,22:00,4,0.76
C02,2026-09-19,22:00,00:00,2,0.9
C03,2026-09-19,00:00,02:00,2,0.9
C03,2026-09-19,02:00,04:00,2,0.89
C03,2026-09-19,04:00,06:00,1,0.74
C03,2026-09-19,06:00,08:00,8,0.85
C03,2026-09-19,08:00,10:00,3,0.73
C03,2026-09-19,10:00,12:00,0,0.84
C03,2026-09-19,12:00,14:00,1,0.96
C03,2026-09-19,14:00,16:00,2,0.76
C03,2026-09-19,16:00,18:00,1,0.8
C03,2026-09-19,18:00,20:00,2,0.82
C03,2026-09-19,20:00,22:00,3,0.86
C03,2026-09-19,22:00,00:00,4,0.79
C04,2026-09-19,00:00,02:00,3,0.73
C04,2026-09-19,02:00,04:00,3,0.76
C04,2026-09-19,04:00,06:00,1,0.77
C04,2026-09-19,06:00,08:00,8,0.87
C04,2026-09-19,08:00,10:00,1,0.93
C04,2026-09-19,10:00,12:00,2,0.95
C04,2026-09-19,12:00,14:00,0,0.87
C04,2026-09-19,14:00,16:00,1,0.82
C04,2026-09-19,16:00,18:00,2,0.96
C04,2026-09-19,18:00,20:00,6,0.93
C04,2026-09-19,20:00,22:00,2,0.74
C04,2026-09-19,22:00,00:00,0,0.9
C05,2026-09-19,00:00,02:00,2,0.76
C05,2026-09-19,02:00,04:00,2,0.93
C05,2026-09-19,04:00,06:00,2,0.77
C05,2026-09-19,06:00,08:00,5,0.75
C05,2026-09-19,08:00,10:00,4,0.85
C05,2026-09-19,10:00,12:00,2,0.83
C05,2026-09-19,12:00,14:00,1,0.97
C05,2026-09-19,14:00,16:00,1,0.96
C05,2026-09-19,16:00,18:00,4,0.74
C05,2026-09-19,18:00,20:00,6,0.94
C05,2026-09-19,20:00,22:00,7,0.93
C05,2026-09-19,22:00,00:00,1,0.76
C06,2026-09-19,00:00,02:00,5,0.96
C06,2026-09-19,02:00,04:00,3,0.91
C06,2026-09-19,04:00,06:00,3,0.8
C06,2026-09-19,06:00,08:00,7,0.91
C06,2026-09-19,08:00,10:00,5,0.96
C06,2026-09-19,10:00,12:00,3,0.8
C06,2026-09-19,12:00,14:00,2,0.73
C06,2026-09-19,14:00,16:00,4,0.94
C06,2026-09-19,16:00,18:00,3,0.93
C06,2026-09-19,18:00,20:00,3,0.91
C06,2026-09-19,20:00,22:00,2,0.8
C06,2026-09-19,22:00,00:00,1,0.85
C07,2026-09-19,00:00,02:00,1,0.72
C07,2026-09-19,02:00,04:00,0,0.73
C07,2026-09-19,04:00,06:00,0,0.96
C07,2026-09-19,06:00,08:00,2,0.88
C07,2026-09-19,08:00,10:00,1,0.88
C07,2026-09-19,10:00,12:00,2,0.87
C07,2026-09-19,12:00,14:00,2,0.88
C07,2026-09-19,14:00,16:00,1,0.79
C07,2026-09-19,16:00,18:00,1,0.9
C07,2026-09-19,18:00,20:00,2,0.75
C07,2026-09-19,20:00,22:00,4,0.9
C07,2026-09-19,22:00,00:00,4,0.92
C08,2026-09-19,00:00,02:00,1,0.73
C08,2026-09-19,02:00,04:00,0,0.85
C08,2026-09-19,04:00,06:00,2,0.79
C08,2026-09-19,06:00,08:00,6,0.82
C08,2026-09-19,08:00,10:00,2,0.95
C08,2026-09-19,10:00,12:00,2,0.79
C08,2026-09-19,12:00,14:00,2,0.79
C08,2026-09-19,14:00,16:00,6,0.84
C08,2026-09-19,16:00,18:00,2,0.81
C08,2026-09-19,18:00,20:00,9,0.97
C08,2026-09-19,20:00,22:00,0,0.84
C08,2026-09-19,22:00,00:00,1,0.93
C09,2026-09-19,00:00,02:00,1,0.88
C09,2026-09-19,02:00,04:00,2,0.92
C09,2026-09-19,04:00,06:00,2,0.73
C09,2026-09-19,06:00,08:00,3,0.8
C09,2026-09-19,08:00,10:00,3,0.97
C09,2026-09-19,10:00,12:00,1,0.76
C09,2026-09-19,12:00,14:00,1,0.89
C09,2026-09-19,14:00,16:00,1,0.85
C09,2026-09-19,16:00,18:00,1,0.74
C09,2026-09-19,18:00,20:00,4,0.83
C09,2026-09-19,20:00,22:00,4,0.96
C09,2026-09-19,22:00,00:00,5,0.92
C10,2026-09-19,00:00,02:00,2,0.91
C10,2026-09-19,02:00,04:00,2,0.89
C10,2026-09-19,04:00,06:00,1,0.81
C10,2026-09-19,06:00,08:00,5,0.94
C10,2026-09-19,08:00,10:00,3,0.81
C10,2026-09-19,10:00,12:00,0,0.92
C10,2026-09-19,12:00,14:00,3,0.89
C10,2026-09-19,14:00,16:00,2,0.95
C10,2026-09-19,16:00,18:00,3,0.81
C10,2026-09-19,18:00,20:00,5,0.76
C10,2026-09-19,20:00,22:00,5,0.8
C10,2026-09-19,22:00,00:00,2,0.74
C11,2026-09-19,00:00,02:00,2,0.74
C11,2026-09-19,02:00,04:00,3,0.88
C11,2026-09-19,04:00,06:00,3,0.83
C11,2026-09-19,06:00,08:00,5,0.91
C11,2026-09-19,08:00,10:00,2,0.78
C11,2026-09-19,10:00,12:00,0,0.96
C11,2026-09-19,12:00,14:00,2,0.87
C11,2026-09-19,14:00,16:00,1,0.72
C11,2026-09-19,16:00,18:00,1,0.88
C11,2026-09-19,18:00,20:00,7,0.91
C11,2026-09-19,20:00,22:00,4,0.87
C11,2026-09-19,22:00,00:00,2,0.87
C12,2026-09-19,00:00,02:00,2,0.84
C12,2026-09-19,02:00,04:00,0,0.88
C12,2026-09-19,04:00,06:00,2,0.86
C12,2026-09-19,06:00,08:00,5,0.94
C12,2026-09-19,08:00,10:00,9,0.76
C12,2026-09-19,10:00,12:00,3,0.81
C12,2026-09-19,12:00,14:00,2,0.94
C12,2026-09-19,14:00,16:00,1,0.9
C12,2026-09-19,16:00,18:00,1,0.8
C12,2026-09-19,18:00,20:00,8,0.8
C12,2026-09-19,20:00,22:00,2,0.76
C12,2026-09-19,22:00,00:00,3,0.92
C13,2026-09-19,00:00,02:00,3,0.97
C13,2026-09-19,02:00,04:00,3,0.79
C13,2026-09-19,04:00,06:00,2,0.93
C13,2026-09-19,06:00,08:00,2,0.9
C13,2026-09-19,08:00,10:00,1,0.87
C13,2026-09-19,10:00,12:00,4,0.79
C13,2026-09-19,12:00,14:00,4,0.72
C13,2026-09-19,14:00,16:00,1,0.9
C13,2026-09-19,16:00,18:00,2,0.75
C13,2026-09-19,18:00,20:00,2,0.92
C13,2026-09-19,20:00,22:00,5,0.82
C13,2026-09-19,22:00,00:00,3,0.92
C14,2026-09-19,00:00,02:00,4,0.83
C14,2026-09-19,02:00,04:00,5,0.9
C14,2026-09-19,04:00,06:00,5,0.87
C14,2026-09-19,06:00,08:00,4,0.97
C14,2026-09-19,08:00,10:00,4,0.96
C14,2026-09-19,10:00,12:00,2,0.93
C14,2026-09-19,12:00,14:00,1,0.76
C14,2026-09-19,14:00,16:00,4,0.92
C14,2026-09-19,16:00,18:00,3,0.93
C14,2026-09-19,18:00,20:00,3,0.95
C14,2026-09-19,20:00,22:00,4,0.87
C14,2026-09-19,22:00,00:00,2,0.8
C15,2026-09-19,00:00,02:00,3,0.73
C15,2026-09-19,02:00,04:00,2,0.77
C15,2026-09-19,04:00,06:00,3,0.86
C15,2026-09-19,06:00,08:00,3,0.87
C15,2026-09-19,08:00,10:00,6,0.84
C15,2026-09-19,10:00,12:00,3,0.73
C15,2026-09-19,12:00,14:00,1,0.81
C15,2026-09-19,14:00,16:00,3,0.92
C15,2026-09-19,16:00,18:00,1,0.78
C15,2026-09-19,18:00,20:00,4,0.73
C15,2026-09-19,20:00,22:00,3,0.9
C15,2026-09-19,22:00,00:00,0,0.96
C16,2026-09-19,00:00,02:00,2,0.77
C16,2026-09-19,02:00,04:00,0,0.83
C16,2026-09-19,04:00,06:00,2,0.85
C16,2026-09-19,06:00,08:00,3,0.93
C16,2026-09-19,08:00,10:00,4,0.76
C16,2026-09-19,10:00,12:00,2,0.73
C16,2026-09-19,12:00,14:00,2,0.96
C16,2026-09-19,14:00,16:00,1,0.82
C16,2026-09-19,16:00,18:00,2,0.8
C16,2026-09-19,18:00,20:00,10,0.85
C16,2026-09-19,20:00,22:00,7,0.84
C16,2026-09-19,22:00,00:00,3,0.83
C17,2026-09-19,00:00,02:00,1,0.85
C17,2026-09-19,02:00,04:00,3,0.75
C17,2026-09-19,04:00,06:00,0,0.78
C17,2026-09-19,06:00,08:00,2,0.82
C17,2026-09-19,08:00,10:00,2,0.77
C17,2026-09-19,10:00,12:00,4,0.96
C17,2026-09-19,12:00,14:00,1,0.95
C17,2026-09-19,14:00,16:00,4,0.8
C17,2026-09-19,16:00,18:00,2,0.81
C17,2026-09-19,18:00,20:00,4,0.94
C17,2026-09-19,20:00,22:00,5,0.73
C17,2026-09-19,22:00,00:00,2,0.85
C18,2026-09-19,00:00,02:00,5,0.87
C18,2026-09-19,02:00,04:00,2,0.75
C18,2026-09-19,04:00,06:00,3,0.83
C18,2026-09-19,06:00,08:00,3,0.77
C18,2026-09-19,08:00,10:00,3,0.94
C18,2026-09-19,10:00,12:00,2,0.77
C18,2026-09-19,12:00,14:00,0,0.86
C18,2026-09-19,14:00,16:00,6,0.93
C18,2026-09-19,16:00,18:00,3,0.79
C18,2026-09-19,18:00,20:00,2,0.89
C18,2026-09-19,20:00,22:00,6,0.93
C18,2026-09-19,22:00,00:00,2,0.82
C19,2026-09-19,00:00,02:00,2,0.83
C19,2026-09-19,02:00,04:00,1,0.74
C19,2026-09-19,04:00,06:00,1,0.83
C19,2026-09-19,06:00,08:00,2,0.93
C19,2026-09-19,08:00,10:00,5,0.86
C19,2026-09-19,10:00,12:00,2,0.75
C19,2026-09-19,12:00,14:00,2,0.73
C19,2026-09-19,14:00,16:00,3,0.89
C19,2026-09-19,16:00,18:00,3,0.89
C19,2026-09-19,18:00,20:00,2,0.72
C19,2026-09-19,20:00,22:00,3,0.8
C19,2026-09-19,22:00,00:00,2,0.75
C20,2026-09-19,00:00,02:00,1,0.84
C20,2026-09-19,02:00,04:00,6,0.89
C20,2026-09-19,04:00,06:00,2,0.97
C20,2026-09-19,06:00,08:00,4,0.95
C20,2026-09-19,08:00,10:00,7,0.82
C20,2026-09-19,10:00,12:00,1,0.92
C20,2026-09-19,12:00,14:00,5,0.82
C20,2026-09-19,14:00,16:00,0,0.86
C20,2026-09-19,16:00,18:00,2,0.72
C20,2026-09-19,18:00,20:00,5,0.83
C20,2026-09-19,20:00,22:00,5,0.9
C20,2026-09-19,22:00,00:00,2,0.85
C01,2026-09-20,00:00,02:00,1,0.91
C01,2026-09-20,02:00,04:00,4,0.94
C01,2026-09-20,04:00,06:00,4,0.8
C01,2026-09-20,06:00,08:00,8,0.72
C01,2026-09-20,08:00,10:00,13,0.78
C01,2026-09-20,10:00,12:00,0,0.78
C01,2026-09-20,12:00,14:00,3,0.95
C01,2026-09-20,14:00,16:00,4,0.92
C01,2026-09-20,16:00,18:00,2,0.76
C01,2026-09-20,18:00,20:00,4,0.96
C01,2026-09-20,20:00,22:00,6,0.86
C01,2026-09-20,22:00,00:00,2,0.78
C02,2026-09-20,00:00,02:00,4,0.87
C02,2026-09-20,02:00,04:00,2,0.8
C02,2026-09-20,04:00,06:00,4,0.92
C02,2026-09-20,06:00,08:00,4,0.89
C02,2026-09-20,08:00,10:00,7,0.88
C02,2026-09-20,10:00,12:00,1,0.77
C02,2026-09-20,12:00,14:00,1,0.75
C02,2026-09-20,14:00,16:00,1,0.74
C02,2026-09-20,16:00,18:00,3,0.91
C02,2026-09-20,18:00,20:00,4,0.93
C02,2026-09-20,20:00,22:00,5,0.88
C02,2026-09-20,22:00,00:00,3,0.91
C03,2026-09-20,00:00,02:00,1,0.96
C03,2026-09-20,02:00,04:00,1,0.83
C03,2026-09-20,04:00,06:00,0,0.81
C03,2026-09-20,06:00,08:00,6,0.94
C03,2026-09-20,08:00,10:00,0,0.8
C03,2026-09-20,10:00,12:00,2,0.75
C03,2026-09-20,12:00,14:00,2,0.73
C03,2026-09-20,14:00,16:00,2,0.97
C03,2026-09-20,16:00,18:00,2,0.75
C03,2026-09-20,18:00,20:00,1,0.74
C03,2026-09-20,20:00,22:00,1,0.9
C03,2026-09-20,22:00,00:00,0,0.93
C04,2026-09-20,00:00,02:00,2,0.77
C04,2026-09-20,02:00,04:00,4,0.96
C04,2026-09-20,04:00,06:00,2,0.74
C04,2026-09-20,06:00,08:00,6,0.85
C04,2026-09-20,08:00,10:00,2,0.77
C04,2026-09-20,10:00,12:00,1,0.94
C04,2026-09-20,12:00,14:00,2,0.79
C04,2026-09-20,14:00,16:00,2,0.74
C04,2026-09-20,16:00,18:00,3,0.79
C04,2026-09-20,18:00,20:00,3,0.9
C04,2026-09-20,20:00,22:00,0,0.9
C04,2026-09-20,22:00,00:00,4,0.93
C05,2026-09-20,00:00,02:00,4,0.93
C05,2026-09-20,02:00,04:00,2,0.87
C05,2026-09-20,04:00,06:00,2,0.94
C05,2026-09-20,06:00,08:00,4,0.97
C05,2026-09-20,08:00,10:00,8,0.95
C05,2026-09-20,10:00,12:00,2,0.76
C05,2026-09-20,12:00,14:00,2,0.87
C05,2026-09-20,14:00,16:00,3,0.94
C05,2026-09-20,16:00,18:00,1,0.93
C05,2026-09-20,18:00,20:00,6,0.96
C05,2026-09-20,20:00,22:00,5,0.89
C05,2026-09-20,22:00,00:00,3,0.84
C06,2026-09-20,00:00,02:00,2,0.8
C06,2026-09-20,02:00,04:00,4,0.84
C06,2026-09-20,04:00,06:00,2,0.94
C06,2026-09-20,06:00,08:00,5,0.75
C06,2026-09-20,08:00,10:00,4,0.74
C06,2026-09-20,10:00,12:00,2,0.87
C06,2026-09-20,12:00,14:00,2,0.85
C06,2026-09-20,14:00,16:00,0,0.88
C06,2026-09-20,16:00,18:00,0,0.82
C06,2026-09-20,18:00,20:00,4,0.86
C06,2026-09-20,20:00,22:00,6,0.93
C06,2026-09-20,22:00,00:00,6,0.73
C07,2026-09-20,00:00,02:00,3,0.78
C07,2026-09-20,02:00,04:00,2,0.88
C07,2026-09-20,04:00,06:00,2,0.87
C07,2026-09-20,06:00,08:00,5,0.97
C07,2026-09-20,08:00,10:00,7,0.94
C07,2026-09-20,10:00,12:00,1,0.84
C07,2026-09-20,12:00,14:00,1,0.76
C07,2026-09-20,14:00,16:00,2,0.75
C07,2026-09-20,16:00,18:00,1,0.82
C07,2026-09-20,18:00,20:00,2,0.8
C07,2026-09-20,20:00,22:00,2,0.9
C07,2026-09-20,22:00,00:00,1,0.96
C08,2026-09-20,00:00,02:00,1,0.86
C08,2026-09-20,02:00,04:00,0,0.93
C08,2026-09-20,04:00,06:00,0,0.97
C08,2026-09-20,06:00,08:00,2,0.8
C08,2026-09-20,08:00,10:00,5,0.88
C08,2026-09-20,10:00,12:00,2,0.76
C08,2026-09-20,12:00,14:00,1,0.78
C08,2026-09-20,14:00,16:00,2,0.97
C08,2026-09-20,16:00,18:00,2,0.8
C08,2026-09-20,18:00,20:00,3,0.89
C08,2026-09-20,20:00,22:00,6,0.93
C08,2026-09-20,22:00,00:00,1,0.74
C09,2026-09-20,00:00,02:00,1,0.84
C09,2026-09-20,02:00,04:00,2,0.73
C09,2026-09-20,04:00,06:00,2,0.89
C09,2026-09-20,06:00,08:00,0,0.8
C09,2026-09-20,08:00,10:00,5,0.77
C09,2026-09-20,10:00,12:00,5,0.75
C09,2026-09-20,12:00,14:00,0,0.89
C09,2026-09-20,14:00,16:00,3,0.82
C09,2026-09-20,16:00,18:00,0,0.92
C09,2026-09-20,18:00,20:00,6,0.83
C09,2026-09-20,20:00,22:00,5,0.84
C09,2026-09-20,22:00,00:00,3,0.85
C10,2026-09-20,00:00,02:00,3,0.96
C10,2026-09-20,02:00,04:00,1,0.75
C10,2026-09-20,04:00,06:00,1,0.92
C10,2026-09-20,06:00,08:00,6,0.76
C10,2026-09-20,08:00,10:00,5,0.86
C10,2026-09-20,10:00,12:00,5,0.84
C10,2026-09-20,12:00,14:00,1,0.77
C10,2026-09-20,14:00,16:00,0,0.79
C10,2026-09-20,16:00,18:00,2,0.92
C10,2026-09-20,18:00,20:00,6,0.79
C10,2026-09-20,20:00,22:00,5,0.81
C10,2026-09-20,22:00,00:00,5,0.86
C11,2026-09-20,00:00,02:00,5,0.79
C11,2026-09-20,02:00,04:00,2,0.77
C11,2026-09-20,04:00,06:00,2,0.82
C11,2026-09-20,06:00,08:00,12,0.82
C11,2026-09-20,08:00,10:00,5,0.78
C11,2026-09-20,10:00,12:00,0,0.95
C11,2026-09-20,12:00,14:00,0,0.83
C11,2026-09-20,14:00,16:00,3,0.86
C11,2026-09-20,16:00,18:00,2,0.79
C11,2026-09-20,18:00,20:00,2,0.9
C11,2026-09-20,20:00,22:00,3,0.86
C11,2026-09-20,22:00,00:00,4,0.8
C12,2026-09-20,00:00,02:00,1,0.95
C12,2026-09-20,02:00,04:00,0,0.93
C12,2026-09-20,04:00,06:00,3,0.96
C12,2026-09-20,06:00,08:00,5,0.84
C12,2026-09-20,08:00,10:00,2,0.77
C12,2026-09-20,10:00,12:00,2,0.74
C12,2026-09-20,12:00,14:00,1,0.78
C12,2026-09-20,14:00,16:00,1,0.81
C12,2026-09-20,16:00,18:00,0,0.83
C12,2026-09-20,18:00,20:00,3,0.8
C12,2026-09-20,20:00,22:00,3,0.73
C12,2026-09-20,22:00,00:00,2,0.72
C13,2026-09-20,00:00,02:00,1,0.84
C13,2026-09-20,02:00,04:00,1,0.9
C13,2026-09-20,04:00,06:00,2,0.89
C13,2026-09-20,06:00,08:00,7,0.94
C13,2026-09-20,08:00,10:00,4,0.78
C13,2026-09-20,10:00,12:00,0,0.88
C13,2026-09-20,12:00,14:00,1,0.91
C13,2026-09-20,14:00,16:00,2,0.8
C13,2026-09-20,16:00,18:00,0,0.8
C13,2026-09-20,18:00,20:00,4,0.82
C13,2026-09-20,20:00,22:00,4,0.92
C13,2026-09-20,22:00,00:00,0,0.82
C14,2026-09-20,00:00,02:00,5,0.75
C14,2026-09-20,02:00,04:00,2,0.84
C14,2026-09-20,04:00,06:00,4,0.92
C14,2026-09-20,06:00,08:00,5,0.8
C14,2026-09-20,08:00,10:00,7,0.87
C14,2026-09-20,10:00,12:00,5,0.83
C14,2026-09-20,12:00,14:00,2,0.77
C14,2026-09-20,14:00,16:00,2,0.88
C14,2026-09-20,16:00,18:00,0,0.89
C14,2026-09-20,18:00,20:00,2,0.94
C14,2026-09-20,20:00,22:00,6,0.76
C14,2026-09-20,22:00,00:00,2,0.78
C15,2026-09-20,00:00,02:00,3,0.73
C15,2026-09-20,02:00,04:00,1,0.94
C15,2026-09-20,04:00,06:00,1,0.97
C15,2026-09-20,06:00,08:00,4,0.82
C15,2026-09-20,08:00,10:00,4,0.73
C15,2026-09-20,10:00,12:00,1,0.76
C15,2026-09-20,12:00,14:00,1,0.79
C15,2026-09-20,14:00,16:00,4,0.94
C15,2026-09-20,16:00,18:00,1,0.76
C15,2026-09-20,18:00,20:00,4,0.77
C15,2026-09-20,20:00,22:00,3,0.8
C15,2026-09-20,22:00,00:00,2,0.83
C16,2026-09-20,00:00,02:00,3,0.87
C16,2026-09-20,02:00,04:00,1,0.74
C16,2026-09-20,04:00,06:00,4,0.84
C16,2026-09-20,06:00,08:00,8,0.86
C16,2026-09-20,08:00,10:00,5,0.73
C16,2026-09-20,10:00,12:00,0,0.81
C16,2026-09-20,12:00,14:00,2,0.96
C16,2026-09-20,14:00,16:00,1,0.91
C16,2026-09-20,16:00,18:00,0,0.87
C16,2026-09-20,18:00,20:00,5,0.74
C16,2026-09-20,20:00,22:00,2,0.94
C16,2026-09-20,22:00,00:00,2,0.73
C17,2026-09-20,00:00,02:00,0,0.95
C17,2026-09-20,02:00,04:00,0,0.89
C17,2026-09-20,04:00,06:00,3,0.72
C17,2026-09-20,06:00,08:00,4,0.87
C17,2026-09-20,08:00,10:00,2,0.8
C17,2026-09-20,10:00,12:00,2,0.91
C17,2026-09-20,12:00,14:00,1,0.83
C17,2026-09-20,14:00,16:00,4,0.94
C17,2026-09-20,16:00,18:00,2,0.88
C17,2026-09-20,18:00,20:00,3,0.87
C17,2026-09-20,20:00,22:00,4,0.89
C17,2026-09-20,22:00,00:00,4,0.8
C18,2026-09-20,00:00,02:00,4,0.94
C18,2026-09-20,02:00,04:00,3,0.82
C18,2026-09-20,04:00,06:00,3,0.85
C18,2026-09-20,06:00,08:00,3,0.84
C18,2026-09-20,08:00,10:00,4,0.74
C18,2026-09-20,10:00,12:00,3,0.86
C18,2026-09-20,12:00,14:00,0,0.9
C18,2026-09-20,14:00,16:00,4,0.79
C18,2026-09-20,16:00,18:00,3,0.89
C18,2026-09-20,18:00,20:00,2,0.77
C18,2026-09-20,20:00,22:00,4,0.86
C18,2026-09-20,22:00,00:00,1,0.73
C19,2026-09-20,00:00,02:00,1,0.84
C19,2026-09-20,02:00,04:00,1,0.97
C19,2026-09-20,04:00,06:00,5,0.93
C19,2026-09-20,06:00,08:00,3,0.73
C19,2026-09-20,08:00,10:00,4,0.74
C19,2026-09-20,10:00,12:00,2,0.78
C19,2026-09-20,12:00,14:00,3,0.78
C19,2026-09-20,14:00,16:00,1,0.8
C19,2026-09-20,16:00,18:00,2,0.87
C19,2026-09-20,18:00,20:00,8,0.73
C19,2026-09-20,20:00,22:00,4,0.79
C19,2026-09-20,22:00,00:00,5,0.85
C20,2026-09-20,00:00,02:00,0,0.83
C20,2026-09-20,02:00,04:00,0,0.88
C20,2026-09-20,04:00,06:00,1,0.8
C20,2026-09-20,06:00,08:00,5,0.81
C20,2026-09-20,08:00,10:00,5,0.9
C20,2026-09-20,10:00,12:00,2,0.78
C20,2026-09-20,12:00,14:00,3,0.86
C20,2026-09-20,14:00,16:00,2,0.86
C20,2026-09-20,16:00,18:00,2,0.78
C20,2026-09-20,18:00,20:00,1,0.77
C20,2026-09-20,20:00,22:00,5,0.73
C20,2026-09-20,22:00,00:00,1,0.94
C01,2026-09-21,00:00,02:00,2,0.92
C01,2026-09-21,02:00,04:00,2,0.79
C01,2026-09-21,04:00,06:00,0,0.93
C01,2026-09-21,06:00,08:00,6,0.75
C01,2026-09-21,08:00,10:00,6,0.75
C01,2026-09-21,10:00,12:00,1,0.76
C01,2026-09-21,12:00,14:00,1,0.83
C01,2026-09-21,14:00,16:00,0,0.89
C01,2026-09-21,16:00,18:00,1,0.86
C01,2026-09-21,18:00,20:00,6,0.78
C01,2026-09-21,20:00,22:00,4,0.83
C01,2026-09-21,22:00,00:00,4,0.92
C02,2026-09-21,00:00,02:00,4,0.95
C02,2026-09-21,02:00,04:00,2,0.94
C02,2026-09-21,04:00,06:00,2,0.96
C02,2026-09-21,06:00,08:00,1,0.94
C02,2026-09-21,08:00,10:00,4,0.76
C02,2026-09-21,10:00,12:00,3,0.77
C02,2026-09-21,12:00,14:00,2,0.88
C02,2026-09-21,14:00,16:00,1,0.75
C02,2026-09-21,16:00,18:00,1,0.74
C02,2026-09-21,18:00,20:00,4,0.84
C02,2026-09-21,20:00,22:00,3,0.91
C02,2026-09-21,22:00,00:00,3,0.96
C03,2026-09-21,00:00,02:00,5,0.82
C03,2026-09-21,02:00,04:00,2,0.88
C03,2026-09-21,04:00,06:00,2,0.79
C03,2026-09-21,06:00,08:00,3,0.88
C03,2026-09-21,08:00,10:00,5,0.91
C03,2026-09-21,10:00,12:00,1,0.9
C03,2026-09-21,12:00,14:00,5,0.91
C03,2026-09-21,14:00,16:00,2,0.8
C03,2026-09-21,16:00,18:00,4,0.78
C03,2026-09-21,18:00,20:00,5,0.75
C03,2026-09-21,20:00,22:00,0,0.87
C03,2026-09-21,22:00,00:00,4,0.89
C04,2026-09-21,00:00,02:00,1,0.94
C04,2026-09-21,02:00,04:00,2,0.73
C04,2026-09-21,04:00,06:00,2,0.78
C04,2026-09-21,06:00,08:00,3,0.89
C04,2026-09-21,08:00,10:00,8,0.92
C04,2026-09-21,10:00,12:00,2,0.82
C04,2026-09-21,12:00,14:00,1,0.93
C04,2026-09-21,14:00,16:00,6,0.76
C04,2026-09-21,16:00,18:00,3,0.94
C04,2026-09-21,18:00,20:00,7,0.92
C04,2026-09-21,20:00,22:00,10,0.86
C04,2026-09-21,22:00,00:00,0,0.93
C05,2026-09-21,00:00,02:00,2,0.78
C05,2026-09-21,02:00,04:00,1,0.74
C05,2026-09-21,04:00,06:00,2,0.8
C05,2026-09-21,06:00,08:00,2,0.95
C05,2026-09-21,08:00,10:00,6,0.72
C05,2026-09-21,10:00,12:00,3,0.92
C05,2026-09-21,12:00,14:00,2,0.73
C05,2026-09-21,14:00,16:00,3,0.91
C05,2026-09-21,16:00,18:00,1,0.96
C05,2026-09-21,18:00,20:00,7,0.88
C05,2026-09-21,20:00,22:00,3,0.74
C05,2026-09-21,22:00,00:00,4,0.93
C06,2026-09-21,00:00,02:00,1,0.74
C06,2026-09-21,02:00,04:00,3,0.73
C06,2026-09-21,04:00,06:00,4,0.83
C06,2026-09-21,06:00,08:00,5,0.79
C06,2026-09-21,08:00,10:00,4,0.91
C06,2026-09-21,10:00,12:00,2,0.92
C06,2026-09-21,12:00,14:00,1,0.92
C06,2026-09-21,14:00,16:00,4,0.78
C06,2026-09-21,16:00,18:00,3,0.9
C06,2026-09-21,18:00,20:00,2,0.84
C06,2026-09-21,20:00,22:00,1,0.78
C06,2026-09-21,22:00,00:00,1,0.91
C07,2026-09-21,00:00,02:00,5,0.93
C07,2026-09-21,02:00,04:00,3,0.97
C07,2026-09-21,04:00,06:00,3,0.9
C07,2026-09-21,06:00,08:00,3,0.83
C07,2026-09-21,08:00,10:00,6,0.9
C07,2026-09-21,10:00,12:00,0,0.76
C07,2026-09-21,12:00,14:00,0,0.82
C07,2026-09-21,14:00,16:00,3,0.96
C07,2026-09-21,16:00,18:00,2,0.86
C07,2026-09-21,18:00,20:00,6,0.74
C07,2026-09-21,20:00,22:00,2,0.96
C07,2026-09-21,22:00,00:00,4,0.85
C08,2026-09-21,00:00,02:00,1,0.95
C08,2026-09-21,02:00,04:00,0,0.78
C08,2026-09-21,04:00,06:00,3,0.88
C08,2026-09-21,06:00,08:00,3,0.82
C08,2026-09-21,08:00,10:00,6,0.83
C08,2026-09-21,10:00,12:00,2,0.8
C08,2026-09-21,12:00,14:00,3,0.8
C08,2026-09-21,14:00,16:00,3,0.89
C08,2026-09-21,16:00,18:00,2,0.89
C08,2026-09-21,18:00,20:00,4,0.82
C08,2026-09-21,20:00,22:00,4,0.97
C08,2026-09-21,22:00,00:00,0,0.92
C09,2026-09-21,00:00,02:00,2,0.85
C09,2026-09-21,02:00,04:00,3,0.74
C09,2026-09-21,04:00,06:00,2,0.8
C09,2026-09-21,06:00,08:00,1,0.81
C09,2026-09-21,08:00,10:00,5,0.87
C09,2026-09-21,10:00,12:00,3,0.95
C09,2026-09-21,12:00,14:00,1,0.9
C09,2026-09-21,14:00,16:00,1,0.81
C09,2026-09-21,16:00,18:00,1,0.76
C09,2026-09-21,18:00,20:00,6,0.9
C09,2026-09-21,20:00,22:00,0,0.81
C09,2026-09-21,22:00,00:00,2,0.85
C10,2026-09-21,00:00,02:00,3,0.93
C10,2026-09-21,02:00,04:00,1,0.91
C10,2026-09-21,04:00,06:00,1,0.86
C10,2026-09-21,06:00,08:00,2,0.87
C10,2026-09-21,08:00,10:00,3,0.74
C10,2026-09-21,10:00,12:00,2,0.74
C10,2026-09-21,12:00,14:00,1,0.93
C10,2026-09-21,14:00,16:00,3,0.76
C10,2026-09-21,16:00,18:00,4,0.75
C10,2026-09-21,18:00,20:00,5,0.93
C10,2026-09-21,20:00,22:00,5,0.91
C10,2026-09-21,22:00,00:00,4,0.8
C11,2026-09-21,00:00,02:00,4,0.88
C11,2026-09-21,02:00,04:00,1,0.76
C11,2026-09-21,04:00,06:00,1,0.8
C11,2026-09-21,06:00,08:00,5,0.87
C11,2026-09-21,08:00,10:00,5,0.96
C11,2026-09-21,10:00,12:00,1,0.86
C11,2026-09-21,12:00,14:00,2,0.94
C11,2026-09-21,14:00,16:00,0,0.91
C11,2026-09-21,16:00,18:00,0,0.87
C11,2026-09-21,18:00,20:00,6,0.75
C11,2026-09-21,20:00,22:00,1,0.79
C11,2026-09-21,22:00,00:00,3,0.95
C12,2026-09-21,00:00,02:00,1,0.73
C12,2026-09-21,02:00,04:00,2,0.91
C12,2026-09-21,04:00,06:00,1,0.86
C12,2026-09-21,06:00,08:00,4,0.76
C12,2026-09-21,08:00,10:00,6,0.97
C12,2026-09-21,10:00,12:00,4,0.72
C12,2026-09-21,12:00,14:00,5,0.91
C12,2026-09-21,14:00,16:00,2,0.89
C12,2026-09-21,16:00,18:00,1,0.92
C12,2026-09-21,18:00,20:00,6,0.73
C12,2026-09-21,20:00,22:00,4,0.76
C12,2026-09-21,22:00,00:00,3,0.73
C13,2026-09-21,00:00,02:00,1,0.93
C13,2026-09-21,02:00,04:00,0,0.94
C13,2026-09-21,04:00,06:00,1,0.85
C13,2026-09-21,06:00,08:00,3,0.79
C13,2026-09-21,08:00,10:00,3,0.89
C13,2026-09-21,10:00,12:00,1,0.72
C13,2026-09-21,12:00,14:00,2,0.84
C13,2026-09-21,14:00,16:00,0,0.83
C13,2026-09-21,16:00,18:00,3,0.72
C13,2026-09-21,18:00,20:00,2,0.93
C13,2026-09-21,20:00,22:00,3,0.88
C13,2026-09-21,22:00,00:00,3,0.76
C14,2026-09-21,00:00,02:00,3,0.73
C14,2026-09-21,02:00,04:00,1,0.95
C14,2026-09-21,04:00,06:00,2,0.84
C14,2026-09-21,06:00,08:00,3,0.81
C14,2026-09-21,08:00,10:00,1,0.88
C14,2026-09-21,10:00,12:00,3,0.82
C14,2026-09-21,12:00,14:00,1,0.87
C14,2026-09-21,14:00,16:00,1,0.72
C14,2026-09-21,16:00,18:00,0,0.96
C14,2026-09-21,18:00,20:00,7,0.81
C14,2026-09-21,20:00,22:00,5,0.75
C14,2026-09-21,22:00,00:00,0,0.74
C15,2026-09-21,00:00,02:00,2,0.9
C15,2026-09-21,02:00,04:00,5,0.89
C15,2026-09-21,04:00,06:00,1,0.86
C15,2026-09-21,06:00,08:00,3,0.93
C15,2026-09-21,08:00,10:00,5,0.73
C15,2026-09-21,10:00,12:00,2,0.78
C15,2026-09-21,12:00,14:00,1,0.89
C15,2026-09-21,14:00,16:00,7,0.77
C15,2026-09-21,16:00,18:00,1,0.97
C15,2026-09-21,18:00,20:00,2,0.89
C15,2026-09-21,20:00,22:00,4,0.97
C15,2026-09-21,22:00,00:00,1,0.76
C16,2026-09-21,00:00,02:00,2,0.75
C16,2026-09-21,02:00,04:00,3,0.84
C16,2026-09-21,04:00,06:00,1,0.76
C16,2026-09-21,06:00,08:00,8,0.83
C16,2026-09-21,08:00,10:00,7,0.84
C16,2026-09-21,10:00,12:00,3,0.74
C16,2026-09-21,12:00,14:00,3,0.88
C16,2026-09-21,14:00,16:00,3,0.74
C16,2026-09-21,16:00,18:00,4,0.79
C16,2026-09-21,18:00,20:00,2,0.83
C16,2026-09-21,20:00,22:00,6,0.88
C16,2026-09-21,22:00,00:00,5,0.92
C17,2026-09-21,00:00,02:00,2,0.72
C17,2026-09-21,02:00,04:00,0,0.84
C17,2026-09-21,04:00,06:00,1,0.81
C17,2026-09-21,06:00,08:00,8,0.77
C17,2026-09-21,08:00,10:00,4,0.97
C17,2026-09-21,10:00,12:00,3,0.93
C17,2026-09-21,12:00,14:00,1,0.85
C17,2026-09-21,14:00,16:00,2,0.86
C17,2026-09-21,16:00,18:00,1,0.79
C17,2026-09-21,18:00,20:00,4,0.87
C17,2026-09-21,20:00,22:00,3,0.91
C17,2026-09-21,22:00,00:00,3,0.78
C18,2026-09-21,00:00,02:00,0,0.9
C18,2026-09-21,02:00,04:00,1,0.94
C18,2026-09-21,04:00,06:00,2,0.92
C18,2026-09-21,06:00,08:00,3,0.89
C18,2026-09-21,08:00,10:00,5,0.94
C18,2026-09-21,10:00,12:00,4,0.79
C18,2026-09-21,12:00,14:00,1,0.83
C18,2026-09-21,14:00,16:00,0,0.95
C18,2026-09-21,16:00,18:00,0,0.75
C18,2026-09-21,18:00,20:00,4,0.92
C18,2026-09-21,20:00,22:00,5,0.89
C18,2026-09-21,22:00,00:00,7,0.77
C19,2026-09-21,00:00,02:00,2,0.82
C19,2026-09-21,02:00,04:00,0,0.76
C19,2026-09-21,04:00,06:00,2,0.86
C19,2026-09-21,06:00,08:00,9,0.78
C19,2026-09-21,08:00,10:00,5,0.83
C19,2026-09-21,10:00,12:00,1,0.91
C19,2026-09-21,12:00,14:00,2,0.95
C19,2026-09-21,14:00,16:00,1,0.96
C19,2026-09-21,16:00,18:00,0,0.91
C19,2026-09-21,18:00,20:00,5,0.75
C19,2026-09-21,20:00,22:00,4,0.85
C19,2026-09-21,22:00,00:00,0,0.87
C20,2026-09-21,00:00,02:00,2,0.85
C20,2026-09-21,02:00,04:00,2,0.82
C20,2026-09-21,04:00,06:00,1,0.86
C20,2026-09-21,06:00,08:00,8,0.92
C20,2026-09-21,08:00,10:00,2,0.97
C20,2026-09-21,10:00,12:00,3,0.75
C20,2026-09-21,12:00,14:00,0,0.79
C20,2026-09-21,14:00,16:00,3,0.96
C20,2026-09-21,16:00,18:00,2,0.94
C20,2026-09-21,18:00,20:00,3,0.86
C20,2026-09-21,20:00,22:00,3,0.89
C20,2026-09-21,22:00,00:00,0,0.74
C01,2026-09-22,00:00,02:00,3,0.97
C01,2026-09-22,02:00,04:00,3,0.94
C01,2026-09-22,04:00,06:00,0,0.86
C01,2026-09-22,06:00,08:00,1,0.84
C01,2026-09-22,08:00,10:00,6,0.86
C01,2026-09-22,10:00,12:00,1,0.74
C01,2026-09-22,12:00,14:00,4,0.82
C01,2026-09-22,14:00,16:00,2,0.91
C01,2026-09-22,16:00,18:00,2,0.77
C01,2026-09-22,18:00,20:00,4,0.76
C01,2026-09-22,20:00,22:00,3,0.95
C01,2026-09-22,22:00,00:00,4,0.95
C02,2026-09-22,00:00,02:00,0,0.81
C02,2026-09-22,02:00,04:00,4,0.96
C02,2026-09-22,04:00,06:00,2,0.96
C02,2026-09-22,06:00,08:00,5,0.78
C02,2026-09-22,08:00,10:00,0,0.88
C02,2026-09-22,10:00,12:00,3,0.91
C02,2026-09-22,12:00,14:00,6,0.8
C02,2026-09-22,14:00,16:00,2,0.84
C02,2026-09-22,16:00,18:00,3,0.94
C02,2026-09-22,18:00,20:00,6,0.95
C02,2026-09-22,20:00,22:00,6,0.9
C02,2026-09-22,22:00,00:00,1,0.81
C03,2026-09-22,00:00,02:00,1,0.94
C03,2026-09-22,02:00,04:00,1,0.9
C03,2026-09-22,04:00,06:00,1,0.81
C03,2026-09-22,06:00,08:00,4,0.97
C03,2026-09-22,08:00,10:00,4,0.76
C03,2026-09-22,10:00,12:00,1,0.79
C03,2026-09-22,12:00,14:00,3,0.76
C03,2026-09-22,14:00,16:00,2,0.74
C03,2026-09-22,16:00,18:00,2,0.75
C03,2026-09-22,18:00,20:00,8,0.86
C03,2026-09-22,20:00,22:00,5,0.96
C03,2026-09-22,22:00,00:00,0,0.83
C04,2026-09-22,00:00,02:00,0,0.76
C04,2026-09-22,02:00,04:00,3,0.85
C04,2026-09-22,04:00,06:00,2,0.94
C04,2026-09-22,06:00,08:00,3,0.78
C04,2026-09-22,08:00,10:00,3,0.84
C04,2026-09-22,10:00,12:00,1,0.74
C04,2026-09-22,12:00,14:00,4,0.92
C04,2026-09-22,14:00,16:00,1,0.84
C04,2026-09-22,16:00,18:00,5,0.83
C04,2026-09-22,18:00,20:00,4,0.8
C04,2026-09-22,20:00,22:00,9,0.92
C04,2026-09-22,22:00,00:00,1,0.87
C05,2026-09-22,00:00,02:00,3,0.81
C05,2026-09-22,02:00,04:00,1,0.97
C05,2026-09-22,04:00,06:00,2,0.91
C05,2026-09-22,06:00,08:00,9,0.93
C05,2026-09-22,08:00,10:00,2,0.8
C05,2026-09-22,10:00,12:00,3,0.77
C05,2026-09-22,12:00,14:00,3,0.87
C05,2026-09-22,14:00,16:00,4,0.82
C05,2026-09-22,16:00,18:00,2,0.95
C05,2026-09-22,18:00,20:00,4,0.88
C05,2026-09-22,20:00,22:00,4,0.75
C05,2026-09-22,22:00,00:00,2,0.94
C06,2026-09-22,00:00,02:00,1,0.78
C06,2026-09-22,02:00,04:00,2,0.74
C06,2026-09-22,04:00,06:00,3,0.92
C06,2026-09-22,06:00,08:00,1,0.83
C06,2026-09-22,08:00,10:00,2,0.9
C06,2026-09-22,10:00,12:00,0,0.75
C06,2026-09-22,12:00,14:00,1,0.76
C06,2026-09-22,14:00,16:00,5,0.95
C06,2026-09-22,16:00,18:00,2,0.75
C06,2026-09-22,18:00,20:00,5,0.85
C06,2026-09-22,20:00,22:00,4,0.86
C06,2026-09-22,22:00,00:00,4,0.8
C07,2026-09-22,00:00,02:00,3,0.74
C07,2026-09-22,02:00,04:00,3,0.76
C07,2026-09-22,04:00,06:00,0,0.74
C07,2026-09-22,06:00,08:00,7,0.88
C07,2026-09-22,08:00,10:00,1,0.78
C07,2026-09-22,10:00,12:00,1,0.85
C07,2026-09-22,12:00,14:00,1,0.9
C07,2026-09-22,14:00,16:00,3,0.73
C07,2026-09-22,16:00,18:00,5,0.88
C07,2026-09-22,18:00,20:00,4,0.79
C07,2026-09-22,20:00,22:00,7,0.77
C07,2026-09-22,22:00,00:00,1,0.85
C08,2026-09-22,00:00,02:00,1,0.93
C08,2026-09-22,02:00,04:00,2,0.77
C08,2026-09-22,04:00,06:00,2,0.9
C08,2026-09-22,06:00,08:00,5,0.88
C08,2026-09-22,08:00,10:00,3,0.81
C08,2026-09-22,10:00,12:00,2,0.87
C08,2026-09-22,12:00,14:00,1,0.95
C08,2026-09-22,14:00,16:00,2,0.86
C08,2026-09-22,16:00,18:00,1,0.82
C08,2026-09-22,18:00,20:00,4,0.78
C08,2026-09-22,20:00,22:00,5,0.8
C08,2026-09-22,22:00,00:00,2,0.92
C09,2026-09-22,00:00,02:00,1,0.91
C09,2026-09-22,02:00,04:00,1,0.85
C09,2026-09-22,04:00,06:00,1,0.92
C09,2026-09-22,06:00,08:00,2,0.83
C09,2026-09-22,08:00,10:00,2,0.81
C09,2026-09-22,10:00,12:00,6,0.78
C09,2026-09-22,12:00,14:00,2,0.88
C09,2026-09-22,14:00,16:00,2,0.76
C09,2026-09-22,16:00,18:00,1,0.82
C09,2026-09-22,18:00,20:00,4,0.94
C09,2026-09-22,20:00,22:00,7,0.91
C09,2026-09-22,22:00,00:00,0,0.91
C10,2026-09-22,00:00,02:00,0,0.89
C10,2026-09-22,02:00,04:00,2,0.94
C10,2026-09-22,04:00,06:00,0,0.78
C10,2026-09-22,06:00,08:00,2,0.8
C10,2026-09-22,08:00,10:00,3,0.8
C10,2026-09-22,10:00,12:00,4,0.84
C10,2026-09-22,12:00,14:00,0,0.76
C10,2026-09-22,14:00,16:00,1,0.84
C10,2026-09-22,16:00,18:00,1,0.81
C10,2026-09-22,18:00,20:00,2,0.92
C10,2026-09-22,20:00,22:00,2,0.76
C10,2026-09-22,22:00,00:00,3,0.93
C11,2026-09-22,00:00,02:00,1,0.9
C11,2026-09-22,02:00,04:00,1,0.74
C11,2026-09-22,04:00,06:00,1,0.77
C11,2026-09-22,06:00,08:00,3,0.92
C11,2026-09-22,08:00,10:00,6,0.74
C11,2026-09-22,10:00,12:00,1,0.9
C11,2026-09-22,12:00,14:00,2,0.93
C11,2026-09-22,14:00,16:00,1,0.94
C11,2026-09-22,16:00,18:00,4,0.94
C11,2026-09-22,18:00,20:00,3,0.94
C11,2026-09-22,20:00,22:00,5,0.91
C11,2026-09-22,22:00,00:00,2,0.75
C12,2026-09-22,00:00,02:00,3,0.85
C12,2026-09-22,02:00,04:00,1,0.85
C12,2026-09-22,04:00,06:00,0,0.73
C12,2026-09-22,06:00,08:00,4,0.94
C12,2026-09-22,08:00,10:00,3,0.74
C12,2026-09-22,10:00,12:00,3,0.82
C12,2026-09-22,12:00,14:00,2,0.92
C12,2026-09-22,14:00,16:00,0,0.73
C12,2026-09-22,16:00,18:00,3,0.85
C12,2026-09-22,18:00,20:00,8,0.95
C12,2026-09-22,20:00,22:00,2,0.84
C12,2026-09-22,22:00,00:00,2,0.9
C13,2026-09-22,00:00,02:00,2,0.93
C13,2026-09-22,02:00,04:00,2,0.82
C13,2026-09-22,04:00,06:00,1,0.75
C13,2026-09-22,06:00,08:00,6,0.79
C13,2026-09-22,08:00,10:00,2,0.94
C13,2026-09-22,10:00,12:00,4,0.75
C13,2026-09-22,12:00,14:00,1,0.83
C13,2026-09-22,14:00,16:00,1,0.72
C13,2026-09-22,16:00,18:00,2,0.74
C13,2026-09-22,18:00,20:00,4,0.91
C13,2026-09-22,20:00,22:00,5,0.9
C13,2026-09-22,22:00,00:00,0,0.72
C14,2026-09-22,00:00,02:00,4,0.82
C14,2026-09-22,02:00,04:00,1,0.8
C14,2026-09-22,04:00,06:00,0,0.77
C14,2026-09-22,06:00,08:00,4,0.94
C14,2026-09-22,08:00,10:00,3,0.74
C14,2026-09-22,10:00,12:00,0,0.83
C14,2026-09-22,12:00,14:00,1,0.95
C14,2026-09-22,14:00,16:00,2,0.85
C14,2026-09-22,16:00,18:00,3,0.9
C14,2026-09-22,18:00,20:00,2,0.92
C14,2026-09-22,20:00,22:00,3,0.83
C14,2026-09-22,22:00,00:00,1,0.91
C15,2026-09-22,00:00,02:00,2,0.75
C15,2026-09-22,02:00,04:00,2,0.86
C15,2026-09-22,04:00,06:00,4,0.89
C15,2026-09-22,06:00,08:00,3,0.74
C15,2026-09-22,08:00,10:00,4,0.87
C15,2026-09-22,10:00,12:00,4,0.82
C15,2026-09-22,12:00,14:00,5,0.89
C15,2026-09-22,14:00,16:00,2,0.73
C15,2026-09-22,16:00,18:00,0,0.9
C15,2026-09-22,18:00,20:00,3,0.8
C15,2026-09-22,20:00,22:00,7,0.89
C15,2026-09-22,22:00,00:00,4,0.96
C16,2026-09-22,00:00,02:00,3,0.88
C16,2026-09-22,02:00,04:00,2,0.86
C16,2026-09-22,04:00,06:00,1,0.94
C16,2026-09-22,06:00,08:00,3,0.84
C16,2026-09-22,08:00,10:00,5,0.88
C16,2026-09-22,10:00,12:00,1,0.74
C16,2026-09-22,12:00,14:00,5,0.95
C16,2026-09-22,14:00,16:00,2,0.9
C16,2026-09-22,16:00,18:00,2,0.9
C16,2026-09-22,18:00,20:00,5,0.73
C16,2026-09-22,20:00,22:00,5,0.94
C16,2026-09-22,22:00,00:00,1,0.91
C17,2026-09-22,00:00,02:00,2,0.9
C17,2026-09-22,02:00,04:00,3,0.74
C17,2026-09-22,04:00,06:00,0,0.72
C17,2026-09-22,06:00,08:00,3,0.84
C17,2026-09-22,08:00,10:00,1,0.91
C17,2026-09-22,10:00,12:00,3,0.89
C17,2026-09-22,12:00,14:00,4,0.78
C17,2026-09-22,14:00,16:00,1,0.78
C17,2026-09-22,16:00,18:00,2,0.91
C17,2026-09-22,18:00,20:00,4,0.78
C17,2026-09-22,20:00,22:00,3,0.82
C17,2026-09-22,22:00,00:00,2,0.76
C18,2026-09-22,00:00,02:00,1,0.84
C18,2026-09-22,02:00,04:00,3,0.83
C18,2026-09-22,04:00,06:00,2,0.73
C18,2026-09-22,06:00,08:00,3,0.73
C18,2026-09-22,08:00,10:00,10,0.85
C18,2026-09-22,10:00,12:00,1,0.73
C18,2026-09-22,12:00,14:00,1,0.89
C18,2026-09-22,14:00,16:00,4,0.91
C18,2026-09-22,16:00,18:00,1,0.9
C18,2026-09-22,18:00,20:00,6,0.78
C18,2026-09-22,20:00,22:00,4,0.9
C18,2026-09-22,22:00,00:00,1,0.89
C19,2026-09-22,00:00,02:00,3,0.89
C19,2026-09-22,02:00,04:00,1,0.92
C19,2026-09-22,04:00,06:00,2,0.84
C19,2026-09-22,06:00,08:00,2,0.84
C19,2026-09-22,08:00,10:00,10,0.8
C19,2026-09-22,10:00,12:00,1,0.87
C19,2026-09-22,12:00,14:00,3,0.82
C19,2026-09-22,14:00,16:00,4,0.84
C19,2026-09-22,16:00,18:00,3,0.85
C19,2026-09-22,18:00,20:00,2,0.86
C19,2026-09-22,20:00,22:00,2,0.86
C19,2026-09-22,22:00,00:00,1,0.83
C20,2026-09-22,00:00,02:00,4,0.79
C20,2026-09-22,02:00,04:00,2,0.88
C20,2026-09-22,04:00,06:00,2,0.77
C20,2026-09-22,06:00,08:00,4,0.88
C20,2026-09-22,08:00,10:00,2,0.85
C20,2026-09-22,10:00,12:00,2,0.76
C20,2026-09-22,12:00,14:00,2,0.89
C20,2026-09-22,14:00,16:00,4,0.87
C20,2026-09-22,16:00,18:00,2,0.83
C20,2026-09-22,18:00,20:00,2,0.91
C20,2026-09-22,20:00,22:00,6,0.78
C20,2026-09-22,22:00,00:00,3,0.84
C01,2026-09-23,00:00,02:00,2,0.96
C01,2026-09-23,02:00,04:00,3,0.96
C01,2026-09-23,04:00,06:00,4,0.72
C01,2026-09-23,06:00,08:00,3,0.76
C01,2026-09-23,08:00,10:00,4,0.86
C01,2026-09-23,10:00,12:00,3,0.73
C01,2026-09-23,12:00,14:00,0,0.92
C01,2026-09-23,14:00,16:00,2,0.72
C01,2026-09-23,16:00,18:00,3,0.92
C01,2026-09-23,18:00,20:00,2,0.74
C01,2026-09-23,20:00,22:00,4,0.77
C01,2026-09-23,22:00,00:00,0,0.93
C02,2026-09-23,00:00,02:00,2,0.8
C02,2026-09-23,02:00,04:00,2,0.77
C02,2026-09-23,04:00,06:00,4,0.88
C02,2026-09-23,06:00,08:00,3,0.92
C02,2026-09-23,08:00,10:00,5,0.77
C02,2026-09-23,10:00,12:00,0,0.74
C02,2026-09-23,12:00,14:00,2,0.94
C02,2026-09-23,14:00,16:00,3,0.86
C02,2026-09-23,16:00,18:00,1,0.89
C02,2026-09-23,18:00,20:00,4,0.81
C02,2026-09-23,20:00,22:00,8,0.89
C02,2026-09-23,22:00,00:00,3,0.87
C03,2026-09-23,00:00,02:00,0,0.96
C03,2026-09-23,02:00,04:00,1,0.95
C03,2026-09-23,04:00,06:00,1,0.85
C03,2026-09-23,06:00,08:00,3,0.72
C03,2026-09-23,08:00,10:00,3,0.78
C03,2026-09-23,10:00,12:00,2,0.78
C03,2026-09-23,12:00,14:00,2,0.85
C03,2026-09-23,14:00,16:00,5,0.85
C03,2026-09-23,16:00,18:00,1,0.94
C03,2026-09-23,18:00,20:00,3,0.91
C03,2026-09-23,20:00,22:00,6,0.93
C03,2026-09-23,22:00,00:00,2,0.72
C04,2026-09-23,00:00,02:00,3,0.76
C04,2026-09-23,02:00,04:00,2,0.86
C04,2026-09-23,04:00,06:00,1,0.79
C04,2026-09-23,06:00,08:00,2,0.81
C04,2026-09-23,08:00,10:00,7,0.87
C04,2026-09-23,10:00,12:00,2,0.95
C04,2026-09-23,12:00,14:00,3,0.76
C04,2026-09-23,14:00,16:00,1,0.93
C04,2026-09-23,16:00,18:00,2,0.96
C04,2026-09-23,18:00,20:00,2,0.77
C04,2026-09-23,20:00,22:00,5,0.96
C04,2026-09-23,22:00,00:00,0,0.82
C05,2026-09-23,00:00,02:00,3,0.83
C05,2026-09-23,02:00,04:00,1,0.76
C05,2026-09-23,04:00,06:00,2,0.84
C05,2026-09-23,06:00,08:00,4,0.93
C05,2026-09-23,08:00,10:00,4,0.92
C05,2026-09-23,10:00,12:00,2,0.95
C05,2026-09-23,12:00,14:00,4,0.82
C05,2026-09-23,14:00,16:00,0,0.82
C05,2026-09-23,16:00,18:00,3,0.93
C05,2026-09-23,18:00,20:00,2,0.84
C05,2026-09-23,20:00,22:00,5,0.86
C05,2026-09-23,22:00,00:00,5,0.88
C06,2026-09-23,00:00,02:00,4,0.87
C06,2026-09-23,02:00,04:00,4,0.87
C06,2026-09-23,04:00,06:00,3,0.82
C06,2026-09-23,06:00,08:00,2,0.75
C06,2026-09-23,08:00,10:00,3,0.78
C06,2026-09-23,10:00,12:00,3,0.85
C06,2026-09-23,12:00,14:00,1,0.83
C06,2026-09-23,14:00,16:00,3,0.9
C06,2026-09-23,16:00,18:00,3,0.85
C06,2026-09-23,18:00,20:00,2,0.91
C06,2026-09-23,20:00,22:00,4,0.97
C06,2026-09-23,22:00,00:00,4,0.74
C07,2026-09-23,00:00,02:00,2,0.8
C07,2026-09-23,02:00,04:00,1,0.77
C07,2026-09-23,04:00,06:00,3,0.92
C07,2026-09-23,06:00,08:00,6,0.74
C07,2026-09-23,08:00,10:00,5,0.76
C07,2026-09-23,10:00,12:00,1,0.96
C07,2026-09-23,12:00,14:00,3,0.89
C07,2026-09-23,14:00,16:00,2,0.94
C07,2026-09-23,16:00,18:00,2,0.95
C07,2026-09-23,18:00,20:00,5,0.8
C07,2026-09-23,20:00,22:00,4,0.72
C07,2026-09-23,22:00,00:00,1,0.79
C08,2026-09-23,00:00,02:00,5,0.94
C08,2026-09-23,02:00,04:00,1,0.85
C08,2026-09-23,04:00,06:00,0,0.97
C08,2026-09-23,06:00,08:00,0,0.9
C08,2026-09-23,08:00,10:00,1,0.79
C08,2026-09-23,10:00,12:00,2,0.79
C08,2026-09-23,12:00,14:00,4,0.89
C08,2026-09-23,14:00,16:00,3,0.83
C08,2026-09-23,16:00,18:00,3,0.78
C08,2026-09-23,18:00,20:00,2,0.9
C08,2026-09-23,20:00,22:00,7,0.87
C08,2026-09-23,22:00,00:00,2,0.8
C09,2026-09-23,00:00,02:00,2,0.96
C09,2026-09-23,02:00,04:00,1,0.77
C09,2026-09-23,04:00,06:00,2,0.94
C09,2026-09-23,06:00,08:00,3,0.82
C09,2026-09-23,08:00,10:00,2,0.91
C09,2026-09-23,10:00,12:00,1,0.78
C09,2026-09-23,12:00,14:00,1,0.79
C09,2026-09-23,14:00,16:00,1,0.86
C09,2026-09-23,16:00,18:00,4,0.75
C09,2026-09-23,18:00,20:00,4,0.95
C09,2026-09-23,20:00,22:00,3,0.74
C09,2026-09-23,22:00,00:00,2,0.75
C10,2026-09-23,00:00,02:00,3,0.82
C10,2026-09-23,02:00,04:00,1,0.84
C10,2026-09-23,04:00,06:00,1,0.76
C10,2026-09-23,06:00,08:00,4,0.88
C10,2026-09-23,08:00,10:00,3,0.81
C10,2026-09-23,10:00,12:00,3,0.97
C10,2026-09-23,12:00,14:00,3,0.97
C10,2026-09-23,14:00,16:00,1,0.8
C10,2026-09-23,16:00,18:00,2,0.77
C10,2026-09-23,18:00,20:00,6,0.89
C10,2026-09-23,20:00,22:00,2,0.91
C10,2026-09-23,22:00,00:00,2,0.75
C11,2026-09-23,00:00,02:00,0,0.94
C11,2026-09-23,02:00,04:00,0,0.77
C11,2026-09-23,04:00,06:00,2,0.81
C11,2026-09-23,06:00,08:00,4,0.87
C11,2026-09-23,08:00,10:00,1,0.9
C11,2026-09-23,10:00,12:00,2,0.81
C11,2026-09-23,12:00,14:00,1,0.9
C11,2026-09-23,14:00,16:00,2,0.87
C11,2026-09-23,16:00,18:00,3,0.81
C11,2026-09-23,18:00,20:00,5,0.72
C11,2026-09-23,20:00,22:00,7,0.93
C11,2026-09-23,22:00,00:00,3,0.96
C12,2026-09-23,00:00,02:00,2,0.93
C12,2026-09-23,02:00,04:00,0,0.73
C12,2026-09-23,04:00,06:00,1,0.91
C12,2026-09-23,06:00,08:00,3,0.75
C12,2026-09-23,08:00,10:00,2,0.93
C12,2026-09-23,10:00,12:00,3,0.9
C12,2026-09-23,12:00,14:00,3,0.75
C12,2026-09-23,14:00,16:00,1,0.92
C12,2026-09-23,16:00,18:00,0,0.92
C12,2026-09-23,18:00,20:00,6,0.95
C12,2026-09-23,20:00,22:00,7,0.72
C12,2026-09-23,22:00,00:00,3,0.79
C13,2026-09-23,00:00,02:00,2,0.74
C13,2026-09-23,02:00,04:00,4,0.96
C13,2026-09-23,04:00,06:00,0,0.84
C13,2026-09-23,06:00,08:00,4,0.79
C13,2026-09-23,08:00,10:00,2,0.79
C13,2026-09-23,10:00,12:00,0,0.78
C13,2026-09-23,12:00,14:00,1,0.75
C13,2026-09-23,14:00,16:00,0,0.95
C13,2026-09-23,16:00,18:00,4,0.73
C13,2026-09-23,18:00,20:00,1,0.84
C13,2026-09-23,20:00,22:00,7,0.91
C13,2026-09-23,22:00,00:00,2,0.72
C14,2026-09-23,00:00,02:00,2,0.96
C14,2026-09-23,02:00,04:00,2,0.85
C14,2026-09-23,04:00,06:00,2,0.92
C14,2026-09-23,06:00,08:00,3,0.86
C14,2026-09-23,08:00,10:00,3,0.78
C14,2026-09-23,10:00,12:00,1,0.8
C14,2026-09-23,12:00,14:00,1,0.9
C14,2026-09-23,14:00,16:00,3,0.91
C14,2026-09-23,16:00,18:00,4,0.8
C14,2026-09-23,18:00,20:00,4,0.97
C14,2026-09-23,20:00,22:00,2,0.76
C14,2026-09-23,22:00,00:00,2,0.85
C15,2026-09-23,00:00,02:00,2,0.73
C15,2026-09-23,02:00,04:00,4,0.95
C15,2026-09-23,04:00,06:00,2,0.88
C15,2026-09-23,06:00,08:00,4,0.94
C15,2026-09-23,08:00,10:00,1,0.92
C15,2026-09-23,10:00,12:00,1,0.78
C15,2026-09-23,12:00,14:00,1,0.85
C15,2026-09-23,14:00,16:00,2,0.76
C15,2026-09-23,16:00,18:00,1,0.72
C15,2026-09-23,18:00,20:00,4,0.89
C15,2026-09-23,20:00,22:00,4,0.77
C15,2026-09-23,22:00,00:00,2,0.91
C16,2026-09-23,00:00,02:00,2,0.87
C16,2026-09-23,02:00,04:00,2,0.84
C16,2026-09-23,04:00,06:00,2,0.96
C16,2026-09-23,06:00,08:00,6,0.74
C16,2026-09-23,08:00,10:00,2,0.91
C16,2026-09-23,10:00,12:00,2,0.83
C16,2026-09-23,12:00,14:00,1,0.77
C16,2026-09-23,14:00,16:00,4,0.95
C16,2026-09-23,16:00,18:00,0,0.9
C16,2026-09-23,18:00,20:00,6,0.83
C16,2026-09-23,20:00,22:00,5,0.76
C16,2026-09-23,22:00,00:00,5,0.76
C17,2026-09-23,00:00,02:00,3,0.9
C17,2026-09-23,02:00,04:00,0,0.72
C17,2026-09-23,04:00,06:00,0,0.88
C17,2026-09-23,06:00,08:00,4,0.81
C17,2026-09-23,08:00,10:00,4,0.87
C17,2026-09-23,10:00,12:00,4,0.83
C17,2026-09-23,12:00,14:00,3,0.86
C17,2026-09-23,14:00,16:00,2,0.82
C17,2026-09-23,16:00,18:00,1,0.79
C17,2026-09-23,18:00,20:00,7,0.97
C17,2026-09-23,20:00,22:00,3,0.87
C17,2026-09-23,22:00,00:00,0,0.95
C18,2026-09-23,00:00,02:00,0,0.78
C18,2026-09-23,02:00,04:00,1,0.75
C18,2026-09-23,04:00,06:00,3,0.79
C18,2026-09-23,06:00,08:00,4,0.87
C18,2026-09-23,08:00,10:00,6,0.92
C18,2026-09-23,10:00,12:00,0,0.96
C18,2026-09-23,12:00,14:00,4,0.88
C18,2026-09-23,14:00,16:00,1,0.83
C18,2026-09-23,16:00,18:00,2,0.74
C18,2026-09-23,18:00,20:00,3,0.85
C18,2026-09-23,20:00,22:00,6,0.83
C18,2026-09-23,22:00,00:00,4,0.92
C19,2026-09-23,00:00,02:00,0,0.78
C19,2026-09-23,02:00,04:00,3,0.73
C19,2026-09-23,04:00,06:00,2,0.74
C19,2026-09-23,06:00,08:00,5,0.81
C19,2026-09-23,08:00,10:00,3,0.96
C19,2026-09-23,10:00,12:00,2,0.9
C19,2026-09-23,12:00,14:00,2,0.9
C19,2026-09-23,14:00,16:00,4,0.95
C19,2026-09-23,16:00,18:00,2,0.97
C19,2026-09-23,18:00,20:00,4,0.96
C19,2026-09-23,20:00,22:00,3,0.76
C19,2026-09-23,22:00,00:00,2,0.91
C20,2026-09-23,00:00,02:00,1,0.84
C20,2026-09-23,02:00,04:00,4,0.86
C20,2026-09-23,04:00,06:00,5,0.96
C20,2026-09-23,06:00,08:00,4,0.87
C20,2026-09-23,08:00,10:00,3,0.84
C20,2026-09-23,10:00,12:00,3,0.85
C20,2026-09-23,12:00,14:00,1,0.95
C20,2026-09-23,14:00,16:00,6,0.85
C20,2026-09-23,16:00,18:00,3,0.84
C20,2026-09-23,18:00,20:00,5,0.9
C20,2026-09-23,20:00,22:00,3,0.83
C20,2026-09-23,22:00,00:00,1,0.89
C01,2026-09-24,00:00,02:00,2,0.93
C01,2026-09-24,02:00,04:00,3,0.88
C01,2026-09-24,04:00,06:00,4,0.94
C01,2026-09-24,06:00,08:00,3,0.96
C01,2026-09-24,08:00,10:00,6,0.92
C01,2026-09-24,10:00,12:00,2,0.72
C01,2026-09-24,12:00,14:00,2,0.94
C01,2026-09-24,14:00,16:00,2,0.73
C01,2026-09-24,16:00,18:00,2,0.94
C01,2026-09-24,18:00,20:00,3,0.75
C01,2026-09-24,20:00,22:00,4,0.8
C01,2026-09-24,22:00,00:00,0,0.79
C02,2026-09-24,00:00,02:00,3,0.83
C02,2026-09-24,02:00,04:00,3,0.89
C02,2026-09-24,04:00,06:00,4,0.75
C02,2026-09-24,06:00,08:00,4,0.94
C02,2026-09-24,08:00,10:00,2,0.97
C02,2026-09-24,10:00,12:00,3,0.96
C02,2026-09-24,12:00,14:00,3,0.87
C02,2026-09-24,14:00,16:00,2,0.94
C02,2026-09-24,16:00,18:00,3,0.79
C02,2026-09-24,18:00,20:00,3,0.95
C02,2026-09-24,20:00,22:00,5,0.84
C02,2026-09-24,22:00,00:00,0,0.82
C03,2026-09-24,00:00,02:00,3,0.96
C03,2026-09-24,02:00,04:00,1,0.72
C03,2026-09-24,04:00,06:00,3,0.74
C03,2026-09-24,06:00,08:00,3,0.92
C03,2026-09-24,08:00,10:00,4,0.83
C03,2026-09-24,10:00,12:00,2,0.89
C03,2026-09-24,12:00,14:00,4,0.86
C03,2026-09-24,14:00,16:00,4,0.78
C03,2026-09-24,16:00,18:00,0,0.92
C03,2026-09-24,18:00,20:00,5,0.96
C03,2026-09-24,20:00,22:00,3,0.89
C03,2026-09-24,22:00,00:00,1,0.84
C04,2026-09-24,00:00,02:00,1,0.8
C04,2026-09-24,02:00,04:00,2,0.96
C04,2026-09-24,04:00,06:00,3,0.77
C04,2026-09-24,06:00,08:00,7,0.73
C04,2026-09-24,08:00,10:00,3,0.95
C04,2026-09-24,10:00,12:00,2,0.84
C04,2026-09-24,12:00,14:00,4,0.78
C04,2026-09-24,14:00,16:00,3,0.83
C04,2026-09-24,16:00,18:00,0,0.94
C04,2026-09-24,18:00,20:00,4,0.78
C04,2026-09-24,20:00,22:00,3,0.74
C04,2026-09-24,22:00,00:00,0,0.82
C05,2026-09-24,00:00,02:00,4,0.8
C05,2026-09-24,02:00,04:00,4,0.92
C05,2026-09-24,04:00,06:00,1,0.77
C05,2026-09-24,06:00,08:00,5,0.93
C05,2026-09-24,08:00,10:00,5,0.78
C05,2026-09-24,10:00,12:00,2,0.74
C05,2026-09-24,12:00,14:00,1,0.75
C05,2026-09-24,14:00,16:00,1,0.86
C05,2026-09-24,16:00,18:00,3,0.94
C05,2026-09-24,18:00,20:00,3,0.9
C05,2026-09-24,20:00,22:00,9,0.97
C05,2026-09-24,22:00,00:00,1,0.79
C06,2026-09-24,00:00,02:00,0,0.83
C06,2026-09-24,02:00,04:00,0,0.88
C06,2026-09-24,04:00,06:00,3,0.91
C06,2026-09-24,06:00,08:00,2,0.85
C06,2026-09-24,08:00,10:00,5,0.85
C06,2026-09-24,10:00,12:00,3,0.92
C06,2026-09-24,12:00,14:00,2,0.85
C06,2026-09-24,14:00,16:00,0,0.94
C06,2026-09-24,16:00,18:00,2,0.9
C06,2026-09-24,18:00,20:00,5,0.96
C06,2026-09-24,20:00,22:00,6,0.95
C06,2026-09-24,22:00,00:00,4,0.86
C07,2026-09-24,00:00,02:00,1,0.72
C07,2026-09-24,02:00,04:00,4,0.92
C07,2026-09-24,04:00,06:00,4,0.84
C07,2026-09-24,06:00,08:00,2,0.92
C07,2026-09-24,08:00,10:00,1,0.75
C07,2026-09-24,10:00,12:00,0,0.88
C07,2026-09-24,12:00,14:00,1,0.82
C07,2026-09-24,14:00,16:00,0,0.78
C07,2026-09-24,16:00,18:00,2,0.76
C07,2026-09-24,18:00,20:00,2,0.91
C07,2026-09-24,20:00,22:00,2,0.95
C07,2026-09-24,22:00,00:00,4,0.76
C08,2026-09-24,00:00,02:00,2,0.94
C08,2026-09-24,02:00,04:00,2,0.79
C08,2026-09-24,04:00,06:00,1,0.97
C08,2026-09-24,06:00,08:00,2,0.72
C08,2026-09-24,08:00,10:00,0,0.74
C08,2026-09-24,10:00,12:00,2,0.83
C08,2026-09-24,12:00,14:00,2,0.77
C08,2026-09-24,14:00,16:00,1,0.94
C08,2026-09-24,16:00,18:00,1,0.72
C08,2026-09-24,18:00,20:00,5,0.8
C08,2026-09-24,20:00,22:00,1,0.74
C08,2026-09-24,22:00,00:00,3,0.73
C09,2026-09-24,00:00,02:00,2,0.79
C09,2026-09-24,02:00,04:00,3,0.8
C09,2026-09-24,04:00,06:00,8,0.97
C09,2026-09-24,06:00,08:00,4,0.87
C09,2026-09-24,08:00,10:00,6,0.9
C09,2026-09-24,10:00,12:00,0,0.72
C09,2026-09-24,12:00,14:00,0,0.89
C09,2026-09-24,14:00,16:00,1,0.83
C09,2026-09-24,16:00,18:00,2,0.87
C09,2026-09-24,18:00,20:00,3,0.96
C09,2026-09-24,20:00,22:00,6,0.77
C09,2026-09-24,22:00,00:00,1,0.87
C10,2026-09-24,00:00,02:00,1,0.82
C10,2026-09-24,02:00,04:00,1,0.79
C10,2026-09-24,04:00,06:00,3,0.78
C10,2026-09-24,06:00,08:00,4,0.94
C10,2026-09-24,08:00,10:00,7,0.74
C10,2026-09-24,10:00,12:00,4,0.92
C10,2026-09-24,12:00,14:00,2,0.73
C10,2026-09-24,14:00,16:00,1,0.82
C10,2026-09-24,16:00,18:00,3,0.84
C10,2026-09-24,18:00,20:00,3,0.79
C10,2026-09-24,20:00,22:00,2,0.75
C10,2026-09-24,22:00,00:00,2,0.87
C11,2026-09-24,00:00,02:00,3,0.97
C11,2026-09-24,02:00,04:00,1,0.77
C11,2026-09-24,04:00,06:00,0,0.91
C11,2026-09-24,06:00,08:00,5,0.97
C11,2026-09-24,08:00,10:00,1,0.92
C11,2026-09-24,10:00,12:00,4,0.73
C11,2026-09-24,12:00,14:00,5,0.74
C11,2026-09-24,14:00,16:00,1,0.78
C11,2026-09-24,16:00,18:00,1,0.89
C11,2026-09-24,18:00,20:00,4,0.77
C11,2026-09-24,20:00,22:00,4,0.95
C11,2026-09-24,22:00,00:00,3,0.97
C12,2026-09-24,00:00,02:00,0,0.81
C12,2026-09-24,02:00,04:00,0,0.9
C12,2026-09-24,04:00,06:00,1,0.87
C12,2026-09-24,06:00,08:00,3,0.79
C12,2026-09-24,08:00,10:00,3,0.76
C12,2026-09-24,10:00,12:00,1,0.97
C12,2026-09-24,12:00,14:00,0,0.75
C12,2026-09-24,14:00,16:00,3,0.96
C12,2026-09-24,16:00,18:00,2,0.92
C12,2026-09-24,18:00,20:00,3,0.81
C12,2026-09-24,20:00,22:00,6,0.94
C12,2026-09-24,22:00,00:00,4,0.74
C13,2026-09-24,00:00,02:00,2,0.92
C13,2026-09-24,02:00,04:00,3,0.83
C13,2026-09-24,04:00,06:00,2,0.75
C13,2026-09-24,06:00,08:00,3,0.81
C13,2026-09-24,08:00,10:00,3,0.91
C13,2026-09-24,10:00,12:00,4,0.8
C13,2026-09-24,12:00,14:00,2,0.76
C13,2026-09-24,14:00,16:00,1,0.85
C13,2026-09-24,16:00,18:00,2,0.94
C13,2026-09-24,18:00,20:00,2,0.96
C13,2026-09-24,20:00,22:00,4,0.81
C13,2026-09-24,22:00,00:00,5,0.91
C14,2026-09-24,00:00,02:00,1,0.76
C14,2026-09-24,02:00,04:00,4,0.96
C14,2026-09-24,04:00,06:00,5,0.75
C14,2026-09-24,06:00,08:00,2,0.78
C14,2026-09-24,08:00,10:00,2,0.76
C14,2026-09-24,10:00,12:00,2,0.8
C14,2026-09-24,12:00,14:00,2,0.97
C14,2026-09-24,14:00,16:00,1,0.92
C14,2026-09-24,16:00,18:00,4,0.92
C14,2026-09-24,18:00,20:00,4,0.76
C14,2026-09-24,20:00,22:00,3,0.78
C14,2026-09-24,22:00,00:00,1,0.8
C15,2026-09-24,00:00,02:00,1,0.73
C15,2026-09-24,02:00,04:00,1,0.82
C15,2026-09-24,04:00,06:00,3,0.73
C15,2026-09-24,06:00,08:00,2,0.96
C15,2026-09-24,08:00,10:00,5,0.83
C15,2026-09-24,10:00,12:00,3,0.94
C15,2026-09-24,12:00,14:00,1,0.85
C15,2026-09-24,14:00,16:00,0,0.79
C15,2026-09-24,16:00,18:00,3,0.82
C15,2026-09-24,18:00,20:00,7,0.95
C15,2026-09-24,20:00,22:00,4,0.77
C15,2026-09-24,22:00,00:00,2,0.88
C16,2026-09-24,00:00,02:00,0,0.81
C16,2026-09-24,02:00,04:00,3,0.92
C16,2026-09-24,04:00,06:00,1,0.89
C16,2026-09-24,06:00,08:00,4,0.72
C16,2026-09-24,08:00,10:00,2,0.88
C16,2026-09-24,10:00,12:00,4,0.79
C16,2026-09-24,12:00,14:00,5,0.92
C16,2026-09-24,14:00,16:00,6,0.78
C16,2026-09-24,16:00,18:00,1,0.84
C16,2026-09-24,18:00,20:00,2,0.83
C16,2026-09-24,20:00,22:00,7,0.89
C16,2026-09-24,22:00,00:00,5,0.79
C17,2026-09-24,00:00,02:00,2,0.89
C17,2026-09-24,02:00,04:00,1,0.96
C17,2026-09-24,04:00,06:00,1,0.88
C17,2026-09-24,06:00,08:00,2,0.93
C17,2026-09-24,08:00,10:00,6,0.94
C17,2026-09-24,10:00,12:00,2,0.73
C17,2026-09-24,12:00,14:00,1,0.95
C17,2026-09-24,14:00,16:00,2,0.96
C17,2026-09-24,16:00,18:00,4,0.84
C17,2026-09-24,18:00,20:00,5,0.85
C17,2026-09-24,20:00,22:00,2,0.73
C17,2026-09-24,22:00,00:00,2,0.78
C18,2026-09-24,00:00,02:00,3,0.97
C18,2026-09-24,02:00,04:00,4,0.73
C18,2026-09-24,04:00,06:00,1,0.8
C18,2026-09-24,06:00,08:00,8,0.86
C18,2026-09-24,08:00,10:00,3,0.91
C18,2026-09-24,10:00,12:00,0,0.97
C18,2026-09-24,12:00,14:00,1,0.76
C18,2026-09-24,14:00,16:00,3,0.82
C18,2026-09-24,16:00,18:00,1,0.87
C18,2026-09-24,18:00,20:00,5,0.88
C18,2026-09-24,20:00,22:00,5,0.75
C18,2026-09-24,22:00,00:00,3,0.94
C19,2026-09-24,00:00,02:00,2,0.75
C19,2026-09-24,02:00,04:00,2,0.76
C19,2026-09-24,04:00,06:00,1,0.92
C19,2026-09-24,06:00,08:00,8,0.79
C19,2026-09-24,08:00,10:00,2,0.87
C19,2026-09-24,10:00,12:00,2,0.82
C19,2026-09-24,12:00,14:00,2,0.83
C19,2026-09-24,14:00,16:00,2,0.91
C19,2026-09-24,16:00,18:00,3,0.73
C19,2026-09-24,18:00,20:00,2,0.91
C19,2026-09-24,20:00,22:00,3,0.96
C19,2026-09-24,22:00,00:00,1,0.89
C20,2026-09-24,00:00,02:00,0,0.87
C20,2026-09-24,02:00,04:00,4,0.86
C20,2026-09-24,04:00,06:00,1,0.81
C20,2026-09-24,06:00,08:00,4,0.89
C20,2026-09-24,08:00,10:00,2,0.79
C20,2026-09-24,10:00,12:00,1,0.92
C20,2026-09-24,12:00,14:00,2,0.95
C20,2026-09-24,14:00,16:00,7,0.74
C20,2026-09-24,16:00,18:00,2,0.9
C20,2026-09-24,18:00,20:00,4,0.92
C20,2026-09-24,20:00,22:00,3,0.73
C20,2026-09-24,22:00,00:00,2,0.82
C01,2026-09-25,00:00,02:00,3,0.89
C01,2026-09-25,02:00,04:00,1,0.8
C01,2026-09-25,04:00,06:00,0,0.93
C01,2026-09-25,06:00,08:00,3,0.93
C01,2026-09-25,08:00,10:00,4,0.72
C01,2026-09-25,10:00,12:00,1,0.73
C01,2026-09-25,12:00,14:00,2,0.93
C01,2026-09-25,14:00,16:00,6,0.89
C01,2026-09-25,16:00,18:00,2,0.94
C01,2026-09-25,18:00,20:00,2,0.88
C01,2026-09-25,20:00,22:00,5,0.96
C01,2026-09-25,22:00,00:00,4,0.74
C02,2026-09-25,00:00,02:00,3,0.75
C02,2026-09-25,02:00,04:00,1,0.72
C02,2026-09-25,04:00,06:00,1,0.84
C02,2026-09-25,06:00,08:00,4,0.91
C02,2026-09-25,08:00,10:00,5,0.95
C02,2026-09-25,10:00,12:00,0,0.92
C02,2026-09-25,12:00,14:00,3,0.88
C02,2026-09-25,14:00,16:00,1,0.86
C02,2026-09-25,16:00,18:00,2,0.83
C02,2026-09-25,18:00,20:00,5,0.75
C02,2026-09-25,20:00,22:00,5,0.89
C02,2026-09-25,22:00,00:00,2,0.93
C03,2026-09-25,00:00,02:00,1,0.95
C03,2026-09-25,02:00,04:00,3,0.76
C03,2026-09-25,04:00,06:00,2,0.86
C03,2026-09-25,06:00,08:00,3,0.85
C03,2026-09-25,08:00,10:00,4,0.96
C03,2026-09-25,10:00,12:00,2,0.96
C03,2026-09-25,12:00,14:00,3,0.73
C03,2026-09-25,14:00,16:00,0,0.81
C03,2026-09-25,16:00,18:00,1,0.86
C03,2026-09-25,18:00,20:00,6,0.92
C03,2026-09-25,20:00,22:00,4,0.85
C03,2026-09-25,22:00,00:00,5,0.79
C04,2026-09-25,00:00,02:00,1,0.75
C04,2026-09-25,02:00,04:00,3,0.89
C04,2026-09-25,04:00,06:00,3,0.81
C04,2026-09-25,06:00,08:00,5,0.78
C04,2026-09-25,08:00,10:00,3,0.8
C04,2026-09-25,10:00,12:00,2,0.84
C04,2026-09-25,12:00,14:00,3,0.76
C04,2026-09-25,14:00,16:00,2,0.93
C04,2026-09-25,16:00,18:00,2,0.81
C04,2026-09-25,18:00,20:00,4,0.73
C04,2026-09-25,20:00,22:00,1,0.94
C04,2026-09-25,22:00,00:00,4,0.73
C05,2026-09-25,00:00,02:00,4,0.93
C05,2026-09-25,02:00,04:00,3,0.96
C05,2026-09-25,04:00,06:00,2,0.84
C05,2026-09-25,06:00,08:00,4,0.9
C05,2026-09-25,08:00,10:00,7,0.73
C05,2026-09-25,10:00,12:00,1,0.91
C05,2026-09-25,12:00,14:00,2,0.81
C05,2026-09-25,14:00,16:00,3,0.95
C05,2026-09-25,16:00,18:00,2,0.81
C05,2026-09-25,18:00,20:00,3,0.87
C05,2026-09-25,20:00,22:00,4,0.78
C05,2026-09-25,22:00,00:00,2,0.74
C06,2026-09-25,00:00,02:00,4,0.82
C06,2026-09-25,02:00,04:00,2,0.89
C06,2026-09-25,04:00,06:00,3,0.94
C06,2026-09-25,06:00,08:00,1,0.91
C06,2026-09-25,08:00,10:00,5,0.8
C06,2026-09-25,10:00,12:00,2,0.8
C06,2026-09-25,12:00,14:00,0,0.84
C06,2026-09-25,14:00,16:00,3,0.95
C06,2026-09-25,16:00,18:00,2,0.93
C06,2026-09-25,18:00,20:00,3,0.93
C06,2026-09-25,20:00,22:00,4,0.79
C06,2026-09-25,22:00,00:00,3,0.74
C07,2026-09-25,00:00,02:00,2,0.74
C07,2026-09-25,02:00,04:00,2,0.87
C07,2026-09-25,04:00,06:00,3,0.95
C07,2026-09-25,06:00,08:00,5,0.82
C07,2026-09-25,08:00,10:00,3,0.86
C07,2026-09-25,10:00,12:00,1,0.91
C07,2026-09-25,12:00,14:00,1,0.74
C07,2026-09-25,14:00,16:00,5,0.86
C07,2026-09-25,16:00,18:00,2,0.88
C07,2026-09-25,18:00,20:00,4,0.79
C07,2026-09-25,20:00,22:00,1,0.77
C07,2026-09-25,22:00,00:00,4,0.96
C08,2026-09-25,00:00,02:00,3,0.87
C08,2026-09-25,02:00,04:00,0,0.95
C08,2026-09-25,04:00,06:00,2,0.76
C08,2026-09-25,06:00,08:00,5,0.95
C08,2026-09-25,08:00,10:00,7,0.89
C08,2026-09-25,10:00,12:00,0,0.75
C08,2026-09-25,12:00,14:00,5,0.8
C08,2026-09-25,14:00,16:00,1,0.78
C08,2026-09-25,16:00,18:00,0,0.85
C08,2026-09-25,18:00,20:00,6,0.86
C08,2026-09-25,20:00,22:00,6,0.93
C08,2026-09-25,22:00,00:00,0,0.93
C09,2026-09-25,00:00,02:00,3,0.84
C09,2026-09-25,02:00,04:00,1,0.73
C09,2026-09-25,04:00,06:00,3,0.76
C09,2026-09-25,06:00,08:00,1,0.81
C09,2026-09-25,08:00,10:00,5,0.89
C09,2026-09-25,10:00,12:00,3,0.84
C09,2026-09-25,12:00,14:00,2,0.85
C09,2026-09-25,14:00,16:00,1,0.92
C09,2026-09-25,16:00,18:00,0,0.9
C09,2026-09-25,18:00,20:00,3,0.72
C09,2026-09-25,20:00,22:00,4,0.77
C09,2026-09-25,22:00,00:00,2,0.87
C10,2026-09-25,00:00,02:00,2,0.96
C10,2026-09-25,02:00,04:00,0,0.73
C10,2026-09-25,04:00,06:00,2,0.85
C10,2026-09-25,06:00,08:00,3,0.86
C10,2026-09-25,08:00,10:00,7,0.93
C10,2026-09-25,10:00,12:00,0,0.77
C10,2026-09-25,12:00,14:00,2,0.97
C10,2026-09-25,14:00,16:00,1,0.86
C10,2026-09-25,16:00,18:00,3,0.88
C10,2026-09-25,18:00,20:00,3,0.94
C10,2026-09-25,20:00,22:00,7,0.76
C10,2026-09-25,22:00,00:00,2,0.75
C11,2026-09-25,00:00,02:00,1,0.73
C11,2026-09-25,02:00,04:00,2,0.9
C11,2026-09-25,04:00,06:00,2,0.77
C11,2026-09-25,06:00,08:00,5,0.84
C11,2026-09-25,08:00,10:00,4,0.79
C11,2026-09-25,10:00,12:00,1,0.97
C11,2026-09-25,12:00,14:00,0,0.85
C11,2026-09-25,14:00,16:00,1,0.87
C11,2026-09-25,16:00,18:00,1,0.81
C11,2026-09-25,18:00,20:00,6,0.93
C11,2026-09-25,20:00,22:00,9,0.83
C11,2026-09-25,22:00,00:00,2,0.74
C12,2026-09-25,00:00,02:00,3,0.82
C12,2026-09-25,02:00,04:00,3,0.97
C12,2026-09-25,04:00,06:00,1,0.9
C12,2026-09-25,06:00,08:00,1,0.8
C12,2026-09-25,08:00,10:00,6,0.79
C12,2026-09-25,10:00,12:00,2,0.92
C12,2026-09-25,12:00,14:00,1,0.91
C12,2026-09-25,14:00,16:00,0,0.84
C12,2026-09-25,16:00,18:00,2,0.79
C12,2026-09-25,18:00,20:00,5,0.96
C12,2026-09-25,20:00,22:00,3,0.86
C12,2026-09-25,22:00,00:00,1,0.89
C13,2026-09-25,00:00,02:00,3,0.94
C13,2026-09-25,02:00,04:00,4,0.93
C13,2026-09-25,04:00,06:00,4,0.82
C13,2026-09-25,06:00,08:00,2,0.86
C13,2026-09-25,08:00,10:00,3,0.96
C13,2026-09-25,10:00,12:00,4,0.94
C13,2026-09-25,12:00,14:00,2,0.85
C13,2026-09-25,14:00,16:00,2,0.84
C13,2026-09-25,16:00,18:00,4,0.8
C13,2026-09-25,18:00,20:00,3,0.85
C13,2026-09-25,20:00,22:00,6,0.9
C13,2026-09-25,22:00,00:00,1,0.85
C14,2026-09-25,00:00,02:00,2,0.81
C14,2026-09-25,02:00,04:00,2,0.86
C14,2026-09-25,04:00,06:00,5,0.87
C14,2026-09-25,06:00,08:00,7,0.84
C14,2026-09-25,08:00,10:00,3,0.86
C14,2026-09-25,10:00,12:00,2,0.89
C14,2026-09-25,12:00,14:00,3,0.8
C14,2026-09-25,14:00,16:00,4,0.83
C14,2026-09-25,16:00,18:00,2,0.8
C14,2026-09-25,18:00,20:00,8,0.79
C14,2026-09-25,20:00,22:00,4,0.74
C14,2026-09-25,22:00,00:00,1,0.89
C15,2026-09-25,00:00,02:00,2,0.73
C15,2026-09-25,02:00,04:00,3,0.84
C15,2026-09-25,04:00,06:00,1,0.87
C15,2026-09-25,06:00,08:00,3,0.79
C15,2026-09-25,08:00,10:00,5,0.76
C15,2026-09-25,10:00,12:00,4,0.97
C15,2026-09-25,12:00,14:00,2,0.75
C15,2026-09-25,14:00,16:00,3,0.86
C15,2026-09-25,16:00,18:00,2,0.91
C15,2026-09-25,18:00,20:00,4,0.92
C15,2026-09-25,20:00,22:00,2,0.96
C15,2026-09-25,22:00,00:00,3,0.81
C16,2026-09-25,00:00,02:00,0,0.94
C16,2026-09-25,02:00,04:00,1,0.74
C16,2026-09-25,04:00,06:00,2,0.89
C16,2026-09-25,06:00,08:00,6,0.95
C16,2026-09-25,08:00,10:00,5,0.82
C16,2026-09-25,10:00,12:00,2,0.91
C16,2026-09-25,12:00,14:00,2,0.97
C16,2026-09-25,14:00,16:00,2,0.74
C16,2026-09-25,16:00,18:00,0,0.95
C16,2026-09-25,18:00,20:00,3,0.8
C16,2026-09-25,20:00,22:00,2,0.93
C16,2026-09-25,22:00,00:00,2,0.74
C17,2026-09-25,00:00,02:00,1,0.8
C17,2026-09-25,02:00,04:00,1,0.79
C17,2026-09-25,04:00,06:00,1,0.75
C17,2026-09-25,06:00,08:00,10,0.87
C17,2026-09-25,08:00,10:00,5,0.93
C17,2026-09-25,10:00,12:00,1,0.9
C17,2026-09-25,12:00,14:00,1,0.91
C17,2026-09-25,14:00,16:00,1,0.84
C17,2026-09-25,16:00,18:00,2,0.91
C17,2026-09-25,18:00,20:00,1,0.76
C17,2026-09-25,20:00,22:00,2,0.93
C17,2026-09-25,22:00,00:00,3,0.87
C18,2026-09-25,00:00,02:00,1,0.94
C18,2026-09-25,02:00,04:00,2,0.74
C18,2026-09-25,04:00,06:00,2,0.75
C18,2026-09-25,06:00,08:00,6,0.85
C18,2026-09-25,08:00,10:00,6,0.86
C18,2026-09-25,10:00,12:00,0,0.83
C18,2026-09-25,12:00,14:00,2,0.81
C18,2026-09-25,14:00,16:00,2,0.97
C18,2026-09-25,16:00,18:00,2,0.73
C18,2026-09-25,18:00,20:00,6,0.92
C18,2026-09-25,20:00,22:00,2,0.95
C18,2026-09-25,22:00,00:00,0,0.73
C19,2026-09-25,00:00,02:00,1,0.77
C19,2026-09-25,02:00,04:00,1,0.8
C19,2026-09-25,04:00,06:00,4,0.88
C19,2026-09-25,06:00,08:00,5,0.83
C19,2026-09-25,08:00,10:00,5,0.94
C19,2026-09-25,10:00,12:00,2,0.91
C19,2026-09-25,12:00,14:00,0,0.74
C19,2026-09-25,14:00,16:00,0,0.84
C19,2026-09-25,16:00,18:00,2,0.75
C19,2026-09-25,18:00,20:00,4,0.95
C19,2026-09-25,20:00,22:00,4,0.74
C19,2026-09-25,22:00,00:00,5,0.83
C20,2026-09-25,00:00,02:00,1,0.86
C20,2026-09-25,02:00,04:00,2,0.8
C20,2026-09-25,04:00,06:00,2,0.85
C20,2026-09-25,06:00,08:00,4,0.9
C20,2026-09-25,08:00,10:00,2,0.78
C20,2026-09-25,10:00,12:00,0,0.72
C20,2026-09-25,12:00,14:00,1,0.92
C20,2026-09-25,14:00,16:00,1,0.85
C20,2026-09-25,16:00,18:00,1,0.87
C20,2026-09-25,18:00,20:00,1,0.72
C20,2026-09-25,20:00,22:00,6,0.73
C20,2026-09-25,22:00,00:00,4,0.94
C01,2026-09-26,00:00,02:00,2,0.86
C01,2026-09-26,02:00,04:00,2,0.96
C01,2026-09-26,04:00,06:00,7,0.78
C01,2026-09-26,06:00,08:00,8,0.76
C01,2026-09-26,08:00,10:00,4,0.86
C01,2026-09-26,10:00,12:00,1,0.9
C01,2026-09-26,12:00,14:00,0,0.97
C01,2026-09-26,14:00,16:00,0,0.89
C01,2026-09-26,16:00,18:00,2,0.86
C01,2026-09-26,18:00,20:00,3,0.86
C01,2026-09-26,20:00,22:00,5,0.93
C01,2026-09-26,22:00,00:00,2,0.88
C02,2026-09-26,00:00,02:00,5,0.92
C02,2026-09-26,02:00,04:00,0,0.79
C02,2026-09-26,04:00,06:00,3,0.89
C02,2026-09-26,06:00,08:00,6,0.89
C02,2026-09-26,08:00,10:00,4,0.87
C02,2026-09-26,10:00,12:00,2,0.8
C02,2026-09-26,12:00,14:00,3,0.77
C02,2026-09-26,14:00,16:00,2,0.91
C02,2026-09-26,16:00,18:00,2,0.83
C02,2026-09-26,18:00,20:00,8,0.74
C02,2026-09-26,20:00,22:00,4,0.73
C02,2026-09-26,22:00,00:00,2,0.95
C03,2026-09-26,00:00,02:00,1,0.79
C03,2026-09-26,02:00,04:00,3,0.88
C03,2026-09-26,04:00,06:00,3,0.74
C03,2026-09-26,06:00,08:00,4,0.96
C03,2026-09-26,08:00,10:00,7,0.78
C03,2026-09-26,10:00,12:00,1,0.93
C03,2026-09-26,12:00,14:00,0,0.87
C03,2026-09-26,14:00,16:00,1,0.73
C03,2026-09-26,16:00,18:00,3,0.78
C03,2026-09-26,18:00,20:00,5,0.89
C03,2026-09-26,20:00,22:00,1,0.83
C03,2026-09-26,22:00,00:00,2,0.87
C04,2026-09-26,00:00,02:00,1,0.88
C04,2026-09-26,02:00,04:00,0,0.78
C04,2026-09-26,04:00,06:00,0,0.75
C04,2026-09-26,06:00,08:00,7,0.74
C04,2026-09-26,08:00,10:00,2,0.94
C04,2026-09-26,10:00,12:00,0,0.81
C04,2026-09-26,12:00,14:00,2,0.78
C04,2026-09-26,14:00,16:00,4,0.8
C04,2026-09-26,16:00,18:00,2,0.83
C04,2026-09-26,18:00,20:00,1,0.73
C04,2026-09-26,20:00,22:00,7,0.84
C04,2026-09-26,22:00,00:00,2,0.91
C05,2026-09-26,00:00,02:00,2,0.81
C05,2026-09-26,02:00,04:00,2,0.9
C05,2026-09-26,04:00,06:00,2,0.93
C05,2026-09-26,06:00,08:00,3,0.87
C05,2026-09-26,08:00,10:00,5,0.93
C05,2026-09-26,10:00,12:00,0,0.94
C05,2026-09-26,12:00,14:00,3,0.79
C05,2026-09-26,14:00,16:00,4,0.94
C05,2026-09-26,16:00,18:00,5,0.86
C05,2026-09-26,18:00,20:00,2,0.87
C05,2026-09-26,20:00,22:00,2,0.77
C05,2026-09-26,22:00,00:00,3,0.94
C06,2026-09-26,00:00,02:00,2,0.95
C06,2026-09-26,02:00,04:00,2,0.76
C06,2026-09-26,04:00,06:00,2,0.72
C06,2026-09-26,06:00,08:00,3,0.95
C06,2026-09-26,08:00,10:00,1,0.95
C06,2026-09-26,10:00,12:00,1,0.96
C06,2026-09-26,12:00,14:00,0,0.92
C06,2026-09-26,14:00,16:00,1,0.75
C06,2026-09-26,16:00,18:00,2,0.77
C06,2026-09-26,18:00,20:00,4,0.89
C06,2026-09-26,20:00,22:00,2,0.95
C06,2026-09-26,22:00,00:00,1,0.81
C07,2026-09-26,00:00,02:00,1,0.82
C07,2026-09-26,02:00,04:00,4,0.93
C07,2026-09-26,04:00,06:00,3,0.73
C07,2026-09-26,06:00,08:00,5,0.9
C07,2026-09-26,08:00,10:00,5,0.83
C07,2026-09-26,10:00,12:00,2,0.72
C07,2026-09-26,12:00,14:00,1,0.73
C07,2026-09-26,14:00,16:00,5,0.87
C07,2026-09-26,16:00,18:00,4,0.73
C07,2026-09-26,18:00,20:00,1,0.83
C07,2026-09-26,20:00,22:00,3,0.81
C07,2026-09-26,22:00,00:00,2,0.79
C08,2026-09-26,00:00,02:00,1,0.87
C08,2026-09-26,02:00,04:00,2,0.9
C08,2026-09-26,04:00,06:00,1,0.89
C08,2026-09-26,06:00,08:00,10,0.84
C08,2026-09-26,08:00,10:00,6,0.74
C08,2026-09-26,10:00,12:00,1,0.87
C08,2026-09-26,12:00,14:00,3,0.77
C08,2026-09-26,14:00,16:00,0,0.89
C08,2026-09-26,16:00,18:00,5,0.81
C08,2026-09-26,18:00,20:00,4,0.76
C08,2026-09-26,20:00,22:00,1,0.74
C08,2026-09-26,22:00,00:00,1,0.8
C09,2026-09-26,00:00,02:00,3,0.73
C09,2026-09-26,02:00,04:00,2,0.76
C09,2026-09-26,04:00,06:00,1,0.97
C09,2026-09-26,06:00,08:00,4,0.8
C09,2026-09-26,08:00,10:00,10,0.72
C09,2026-09-26,10:00,12:00,1,0.75
C09,2026-09-26,12:00,14:00,2,0.88
C09,2026-09-26,14:00,16:00,2,0.77
C09,2026-09-26,16:00,18:00,2,0.82
C09,2026-09-26,18:00,20:00,2,0.83
C09,2026-09-26,20:00,22:00,4,0.88
C09,2026-09-26,22:00,00:00,1,0.75
C10,2026-09-26,00:00,02:00,4,0.76
C10,2026-09-26,02:00,04:00,0,0.81
C10,2026-09-26,04:00,06:00,0,0.93
C10,2026-09-26,06:00,08:00,5,0.93
C10,2026-09-26,08:00,10:00,4,0.84
C10,2026-09-26,10:00,12:00,3,0.8
C10,2026-09-26,12:00,14:00,4,0.91
C10,2026-09-26,14:00,16:00,3,0.94
C10,2026-09-26,16:00,18:00,1,0.79
C10,2026-09-26,18:00,20:00,2,0.76
C10,2026-09-26,20:00,22:00,4,0.87
C10,2026-09-26,22:00,00:00,1,0.92
C11,2026-09-26,00:00,02:00,1,0.76
C11,2026-09-26,02:00,04:00,2,0.89
C11,2026-09-26,04:00,06:00,1,0.73
C11,2026-09-26,06:00,08:00,3,0.96
C11,2026-09-26,08:00,10:00,6,0.89
C11,2026-09-26,10:00,12:00,4,0.87
C11,2026-09-26,12:00,14:00,1,0.81
C11,2026-09-26,14:00,16:00,1,0.91
C11,2026-09-26,16:00,18:00,3,0.77
C11,2026-09-26,18:00,20:00,3,0.83
C11,2026-09-26,20:00,22:00,9,0.8
C11,2026-09-26,22:00,00:00,0,0.96
C12,2026-09-26,00:00,02:00,3,0.91
C12,2026-09-26,02:00,04:00,2,0.83
C12,2026-09-26,04:00,06:00,1,0.92
C12,2026-09-26,06:00,08:00,4,0.86
C12,2026-09-26,08:00,10:00,8,0.73
C12,2026-09-26,10:00,12:00,0,0.87
C12,2026-09-26,12:00,14:00,0,0.94
C12,2026-09-26,14:00,16:00,3,0.78
C12,2026-09-26,16:00,18:00,1,0.88
C12,2026-09-26,18:00,20:00,2,0.93
C12,2026-09-26,20:00,22:00,4,0.73
C12,2026-09-26,22:00,00:00,2,0.74
C13,2026-09-26,00:00,02:00,2,0.79
C13,2026-09-26,02:00,04:00,3,0.82
C13,2026-09-26,04:00,06:00,2,0.95
C13,2026-09-26,06:00,08:00,4,0.77
C13,2026-09-26,08:00,10:00,3,0.88
C13,2026-09-26,10:00,12:00,1,0.93
C13,2026-09-26,12:00,14:00,1,0.91
C13,2026-09-26,14:00,16:00,3,0.79
C13,2026-09-26,16:00,18:00,2,0.73
C13,2026-09-26,18:00,20:00,4,0.75
C13,2026-09-26,20:00,22:00,5,0.94
C13,2026-09-26,22:00,00:00,2,0.96
C14,2026-09-26,00:00,02:00,5,0.85
C14,2026-09-26,02:00,04:00,3,0.76
C14,2026-09-26,04:00,06:00,1,0.91
C14,2026-09-26,06:00,08:00,3,0.81
C14,2026-09-26,08:00,10:00,4,0.77
C14,2026-09-26,10:00,12:00,1,0.77
C14,2026-09-26,12:00,14:00,2,0.8
C14,2026-09-26,14:00,16:00,1,0.88
C14,2026-09-26,16:00,18:00,0,0.73
C14,2026-09-26,18:00,20:00,0,0.77
C14,2026-09-26,20:00,22:00,2,0.97
C14,2026-09-26,22:00,00:00,3,0.84
C15,2026-09-26,00:00,02:00,4,0.81
C15,2026-09-26,02:00,04:00,1,0.89
C15,2026-09-26,04:00,06:00,3,0.96
C15,2026-09-26,06:00,08:00,4,0.9
C15,2026-09-26,08:00,10:00,7,0.81
C15,2026-09-26,10:00,12:00,2,0.9
C15,2026-09-26,12:00,14:00,4,0.75
C15,2026-09-26,14:00,16:00,4,0.83
C15,2026-09-26,16:00,18:00,5,0.8
C15,2026-09-26,18:00,20:00,7,0.8
C15,2026-09-26,20:00,22:00,3,0.73
C15,2026-09-26,22:00,00:00,1,0.91
C16,2026-09-26,00:00,02:00,1,0.77
C16,2026-09-26,02:00,04:00,2,0.82
C16,2026-09-26,04:00,06:00,1,0.96
C16,2026-09-26,06:00,08:00,3,0.91
C16,2026-09-26,08:00,10:00,0,0.96
C16,2026-09-26,10:00,12:00,3,0.97
C16,2026-09-26,12:00,14:00,1,0.91
C16,2026-09-26,14:00,16:00,0,0.92
C16,2026-09-26,16:00,18:00,1,0.87
C16,2026-09-26,18:00,20:00,3,0.72
C16,2026-09-26,20:00,22:00,3,0.97
C16,2026-09-26,22:00,00:00,2,0.91
C17,2026-09-26,00:00,02:00,1,0.86
C17,2026-09-26,02:00,04:00,3,0.75
C17,2026-09-26,04:00,06:00,2,0.81
C17,2026-09-26,06:00,08:00,2,0.92
C17,2026-09-26,08:00,10:00,5,0.96
C17,2026-09-26,10:00,12:00,0,0.9
C17,2026-09-26,12:00,14:00,2,0.74
C17,2026-09-26,14:00,16:00,2,0.88
C17,2026-09-26,16:00,18:00,3,0.81
C17,2026-09-26,18:00,20:00,4,0.73
C17,2026-09-26,20:00,22:00,5,0.95
C17,2026-09-26,22:00,00:00,2,0.96
C18,2026-09-26,00:00,02:00,1,0.77
C18,2026-09-26,02:00,04:00,1,0.94
C18,2026-09-26,04:00,06:00,3,0.74
C18,2026-09-26,06:00,08:00,4,0.85
C18,2026-09-26,08:00,10:00,5,0.73
C18,2026-09-26,10:00,12:00,3,0.77
C18,2026-09-26,12:00,14:00,1,0.77
C18,2026-09-26,14:00,16:00,3,0.74
C18,2026-09-26,16:00,18:00,2,0.97
C18,2026-09-26,18:00,20:00,2,0.87
C18,2026-09-26,20:00,22:00,4,0.72
C18,2026-09-26,22:00,00:00,1,0.83
C19,2026-09-26,00:00,02:00,2,0.87
C19,2026-09-26,02:00,04:00,3,0.84
C19,2026-09-26,04:00,06:00,2,0.86
C19,2026-09-26,06:00,08:00,6,0.97
C19,2026-09-26,08:00,10:00,3,0.83
C19,2026-09-26,10:00,12:00,0,0.81
C19,2026-09-26,12:00,14:00,3,0.82
C19,2026-09-26,14:00,16:00,3,0.82
C19,2026-09-26,16:00,18:00,2,0.83
C19,2026-09-26,18:00,20:00,5,0.72
C19,2026-09-26,20:00,22:00,9,0.79
C19,2026-09-26,22:00,00:00,0,0.79
C20,2026-09-26,00:00,02:00,3,0.82
C20,2026-09-26,02:00,04:00,5,0.82
C20,2026-09-26,04:00,06:00,3,0.72
C20,2026-09-26,06:00,08:00,10,0.78
C20,2026-09-26,08:00,10:00,4,0.78
C20,2026-09-26,10:00,12:00,0,0.78
C20,2026-09-26,12:00,14:00,1,0.78
C20,2026-09-26,14:00,16:00,2,0.97
C20,2026-09-26,16:00,18:00,1,0.89
C20,2026-09-26,18:00,20:00,4,0.74
C20,2026-09-26,20:00,22:00,6,0.97
C20,2026-09-26,22:00,00:00,3,0.9
C01,2026-09-27,00:00,02:00,4,0.73
C01,2026-09-27,02:00,04:00,2,0.96
C01,2026-09-27,04:00,06:00,3,0.81
C01,2026-09-27,06:00,08:00,4,0.83
C01,2026-09-27,08:00,10:00,4,0.81
C01,2026-09-27,10:00,12:00,2,0.96
C01,2026-09-27,12:00,14:00,2,0.94
C01,2026-09-27,14:00,16:00,2,0.76
C01,2026-09-27,16:00,18:00,2,0.86
C01,2026-09-27,18:00,20:00,8,0.73
C01,2026-09-27,20:00,22:00,3,0.94
C01,2026-09-27,22:00,00:00,5,0.95
C02,2026-09-27,00:00,02:00,1,0.91
C02,2026-09-27,02:00,04:00,1,0.81
C02,2026-09-27,04:00,06:00,2,0.9
C02,2026-09-27,06:00,08:00,4,0.73
C02,2026-09-27,08:00,10:00,4,0.82
C02,2026-09-27,10:00,12:00,0,0.82
C02,2026-09-27,12:00,14:00,0,0.82
C02,2026-09-27,14:00,16:00,1,0.83
C02,2026-09-27,16:00,18:00,1,0.94
C02,2026-09-27,18:00,20:00,6,0.81
C02,2026-09-27,20:00,22:00,7,0.83
C02,2026-09-27,22:00,00:00,2,0.85
C03,2026-09-27,00:00,02:00,3,0.96
C03,2026-09-27,02:00,04:00,1,0.75
C03,2026-09-27,04:00,06:00,1,0.85
C03,2026-09-27,06:00,08:00,6,0.77
C03,2026-09-27,08:00,10:00,4,0.91
C03,2026-09-27,10:00,12:00,2,0.93
C03,2026-09-27,12:00,14:00,1,0.9
C03,2026-09-27,14:00,16:00,0,0.87
C03,2026-09-27,16:00,18:00,3,0.96
C03,2026-09-27,18:00,20:00,5,0.95
C03,2026-09-27,20:00,22:00,2,0.85
C03,2026-09-27,22:00,00:00,2,0.72
C04,2026-09-27,00:00,02:00,3,0.91
C04,2026-09-27,02:00,04:00,2,0.94
C04,2026-09-27,04:00,06:00,1,0.74
C04,2026-09-27,06:00,08:00,6,0.86
C04,2026-09-27,08:00,10:00,4,0.96
C04,2026-09-27,10:00,12:00,2,0.8
C04,2026-09-27,12:00,14:00,4,0.92
C04,2026-09-27,14:00,16:00,6,0.95
C04,2026-09-27,16:00,18:00,1,0.74
C04,2026-09-27,18:00,20:00,1,0.78
C04,2026-09-27,20:00,22:00,0,0.87
C04,2026-09-27,22:00,00:00,3,0.93
C05,2026-09-27,00:00,02:00,5,0.82
C05,2026-09-27,02:00,04:00,2,0.95
C05,2026-09-27,04:00,06:00,1,0.94
C05,2026-09-27,06:00,08:00,4,0.96
C05,2026-09-27,08:00,10:00,5,0.96
C05,2026-09-27,10:00,12:00,2,0.9
C05,2026-09-27,12:00,14:00,6,0.9
C05,2026-09-27,14:00,16:00,0,0.72
C05,2026-09-27,16:00,18:00,1,0.73
C05,2026-09-27,18:00,20:00,4,0.74
C05,2026-09-27,20:00,22:00,3,0.87
C05,2026-09-27,22:00,00:00,3,0.8
C06,2026-09-27,00:00,02:00,0,0.76
C06,2026-09-27,02:00,04:00,0,0.74
C06,2026-09-27,04:00,06:00,1,0.77
C06,2026-09-27,06:00,08:00,7,0.76
C06,2026-09-27,08:00,10:00,4,0.93
C06,2026-09-27,10:00,12:00,1,0.76
C06,2026-09-27,12:00,14:00,1,0.85
C06,2026-09-27,14:00,16:00,0,0.89
C06,2026-09-27,16:00,18:00,1,0.73
C06,2026-09-27,18:00,20:00,4,0.95
C06,2026-09-27,20:00,22:00,2,0.94
C06,2026-09-27,22:00,00:00,4,0.84
C07,2026-09-27,00:00,02:00,3,0.93
C07,2026-09-27,02:00,04:00,1,0.83
C07,2026-09-27,04:00,06:00,1,0.91
C07,2026-09-27,06:00,08:00,3,0.85
C07,2026-09-27,08:00,10:00,2,0.93
C07,2026-09-27,10:00,12:00,5,0.8
C07,2026-09-27,12:00,14:00,5,0.94
C07,2026-09-27,14:00,16:00,2,0.91
C07,2026-09-27,16:00,18:00,2,0.81
C07,2026-09-27,18:00,20:00,3,0.82
C07,2026-09-27,20:00,22:00,1,0.89
C07,2026-09-27,22:00,00:00,4,0.79
C08,2026-09-27,00:00,02:00,1,0.78
C08,2026-09-27,02:00,04:00,1,0.9
C08,2026-09-27,04:00,06:00,4,0.84
C08,2026-09-27,06:00,08:00,8,0.9
C08,2026-09-27,08:00,10:00,3,0.87
C08,2026-09-27,10:00,12:00,2,0.76
C08,2026-09-27,12:00,14:00,2,0.96
C08,2026-09-27,14:00,16:00,0,0.96
C08,2026-09-27,16:00,18:00,1,0.72
C08,2026-09-27,18:00,20:00,5,0.73
C08,2026-09-27,20:00,22:00,1,0.88
C08,2026-09-27,22:00,00:00,4,0.8
C09,2026-09-27,00:00,02:00,2,0.76
C09,2026-09-27,02:00,04:00,2,0.77
C09,2026-09-27,04:00,06:00,2,0.72
C09,2026-09-27,06:00,08:00,2,0.8
C09,2026-09-27,08:00,10:00,1,0.93
C09,2026-09-27,10:00,12:00,2,0.88
C09,2026-09-27,12:00,14:00,3,0.92
C09,2026-09-27,14:00,16:00,2,0.83
C09,2026-09-27,16:00,18:00,0,0.9
C09,2026-09-27,18:00,20:00,5,0.95
C09,2026-09-27,20:00,22:00,3,0.72
C09,2026-09-27,22:00,00:00,2,0.9
C10,2026-09-27,00:00,02:00,0,0.78
C10,2026-09-27,02:00,04:00,4,0.9
C10,2026-09-27,04:00,06:00,4,0.78
C10,2026-09-27,06:00,08:00,5,0.75
C10,2026-09-27,08:00,10:00,3,0.72
C10,2026-09-27,10:00,12:00,6,0.87
C10,2026-09-27,12:00,14:00,2,0.78
C10,2026-09-27,14:00,16:00,1,0.89
C10,2026-09-27,16:00,18:00,0,0.87
C10,2026-09-27,18:00,20:00,3,0.8
C10,2026-09-27,20:00,22:00,2,0.82
C10,2026-09-27,22:00,00:00,2,0.84
C11,2026-09-27,00:00,02:00,0,0.88
C11,2026-09-27,02:00,04:00,2,0.82
C11,2026-09-27,04:00,06:00,1,0.85
C11,2026-09-27,06:00,08:00,4,0.92
C11,2026-09-27,08:00,10:00,2,0.75
C11,2026-09-27,10:00,12:00,2,0.94
C11,2026-09-27,12:00,14:00,3,0.87
C11,2026-09-27,14:00,16:00,6,0.77
C11,2026-09-27,16:00,18:00,4,0.77
C11,2026-09-27,18:00,20:00,5,0.8
C11,2026-09-27,20:00,22:00,5,0.89
C11,2026-09-27,22:00,00:00,1,0.91
C12,2026-09-27,00:00,02:00,2,0.9
C12,2026-09-27,02:00,04:00,2,0.89
C12,2026-09-27,04:00,06:00,3,0.92
C12,2026-09-27,06:00,08:00,5,0.8
C12,2026-09-27,08:00,10:00,2,0.85
C12,2026-09-27,10:00,12:00,2,0.91
C12,2026-09-27,12:00,14:00,4,0.93
C12,2026-09-27,14:00,16:00,2,0.96
C12,2026-09-27,16:00,18:00,2,0.81
C12,2026-09-27,18:00,20:00,5,0.89
C12,2026-09-27,20:00,22:00,7,0.93
C12,2026-09-27,22:00,00:00,2,0.77
C13,2026-09-27,00:00,02:00,0,0.81
C13,2026-09-27,02:00,04:00,3,0.82
C13,2026-09-27,04:00,06:00,1,0.88
C13,2026-09-27,06:00,08:00,5,0.79
C13,2026-09-27,08:00,10:00,2,0.75
C13,2026-09-27,10:00,12:00,2,0.78
C13,2026-09-27,12:00,14:00,0,0.77
C13,2026-09-27,14:00,16:00,2,0.73
C13,2026-09-27,16:00,18:00,3,0.82
C13,2026-09-27,18:00,20:00,4,0.95
C13,2026-09-27,20:00,22:00,4,0.79
C13,2026-09-27,22:00,00:00,2,0.92
C14,2026-09-27,00:00,02:00,3,0.78
C14,2026-09-27,02:00,04:00,2,0.88
C14,2026-09-27,04:00,06:00,4,0.79
C14,2026-09-27,06:00,08:00,3,0.75
C14,2026-09-27,08:00,10:00,3,0.87
C14,2026-09-27,10:00,12:00,3,0.81
C14,2026-09-27,12:00,14:00,1,0.86
C14,2026-09-27,14:00,16:00,1,0.73
C14,2026-09-27,16:00,18:00,2,0.82
C14,2026-09-27,18:00,20:00,4,0.96
C14,2026-09-27,20:00,22:00,3,0.91
C14,2026-09-27,22:00,00:00,5,0.88
C15,2026-09-27,00:00,02:00,1,0.79
C15,2026-09-27,02:00,04:00,2,0.91
C15,2026-09-27,04:00,06:00,2,0.8
C15,2026-09-27,06:00,08:00,2,0.93
C15,2026-09-27,08:00,10:00,2,0.79
C15,2026-09-27,10:00,12:00,1,0.74
C15,2026-09-27,12:00,14:00,3,0.8
C15,2026-09-27,14:00,16:00,2,0.74
C15,2026-09-27,16:00,18:00,2,0.79
C15,2026-09-27,18:00,20:00,4,0.75
C15,2026-09-27,20:00,22:00,3,0.81
C15,2026-09-27,22:00,00:00,0,0.76
C16,2026-09-27,00:00,02:00,4,0.8
C16,2026-09-27,02:00,04:00,0,0.79
C16,2026-09-27,04:00,06:00,3,0.79
C16,2026-09-27,06:00,08:00,2,0.75
C16,2026-09-27,08:00,10:00,4,0.89
C16,2026-09-27,10:00,12:00,2,0.76
C16,2026-09-27,12:00,14:00,3,0.95
C16,2026-09-27,14:00,16:00,5,0.87
C16,2026-09-27,16:00,18:00,2,0.86
C16,2026-09-27,18:00,20:00,2,0.8
C16,2026-09-27,20:00,22:00,6,0.84
C16,2026-09-27,22:00,00:00,5,0.83
C17,2026-09-27,00:00,02:00,1,0.76
C17,2026-09-27,02:00,04:00,5,0.82
C17,2026-09-27,04:00,06:00,1,0.95
C17,2026-09-27,06:00,08:00,4,0.84
C17,2026-09-27,08:00,10:00,5,0.82
C17,2026-09-27,10:00,12:00,3,0.92
C17,2026-09-27,12:00,14:00,1,0.76
C17,2026-09-27,14:00,16:00,0,0.81
C17,2026-09-27,16:00,18:00,4,0.75
C17,2026-09-27,18:00,20:00,5,0.94
C17,2026-09-27,20:00,22:00,2,0.86
C17,2026-09-27,22:00,00:00,0,0.94
C18,2026-09-27,00:00,02:00,1,0.83
C18,2026-09-27,02:00,04:00,2,0.91
C18,2026-09-27,04:00,06:00,0,0.94
C18,2026-09-27,06:00,08:00,3,0.83
C18,2026-09-27,08:00,10:00,8,0.87
C18,2026-09-27,10:00,12:00,0,0.77
C18,2026-09-27,12:00,14:00,2,0.81
C18,2026-09-27,14:00,16:00,3,0.78
C18,2026-09-27,16:00,18:00,3,0.87
C18,2026-09-27,18:00,20:00,4,0.74
C18,2026-09-27,20:00,22:00,4,0.91
C18,2026-09-27,22:00,00:00,1,0.93
C19,2026-09-27,00:00,02:00,4,0.81
C19,2026-09-27,02:00,04:00,3,0.95
C19,2026-09-27,04:00,06:00,1,0.76
C19,2026-09-27,06:00,08:00,6,0.74
C19,2026-09-27,08:00,10:00,4,0.96
C19,2026-09-27,10:00,12:00,4,0.85
C19,2026-09-27,12:00,14:00,1,0.92
C19,2026-09-27,14:00,16:00,3,0.97
C19,2026-09-27,16:00,18:00,4,0.87
C19,2026-09-27,18:00,20:00,6,0.88
C19,2026-09-27,20:00,22:00,0,0.9
C19,2026-09-27,22:00,00:00,3,0.89
C20,2026-09-27,00:00,02:00,2,0.95
C20,2026-09-27,02:00,04:00,1,0.77
C20,2026-09-27,04:00,06:00,2,0.77
C20,2026-09-27,06:00,08:00,4,0.84
C20,2026-09-27,08:00,10:00,3,0.83
C20,2026-09-27,10:00,12:00,2,0.77
C20,2026-09-27,12:00,14:00,3,0.77
C20,2026-09-27,14:00,16:00,5,0.81
C20,2026-09-27,16:00,18:00,1,0.82
C20,2026-09-27,18:00,20:00,9,0.78
C20,2026-09-27,20:00,22:00,3,0.97
C20,2026-09-27,22:00,00:00,4,0.83
C01,2026-09-28,00:00,02:00,1,0.72
C01,2026-09-28,02:00,04:00,4,0.93
C01,2026-09-28,04:00,06:00,2,0.9
C01,2026-09-28,06:00,08:00,1,0.9
C01,2026-09-28,08:00,10:00,5,0.79
C01,2026-09-28,10:00,12:00,3,0.91
C01,2026-09-28,12:00,14:00,2,0.76
C01,2026-09-28,14:00,16:00,2,0.78
C01,2026-09-28,16:00,18:00,1,0.8
C01,2026-09-28,18:00,20:00,4,0.79
C01,2026-09-28,20:00,22:00,4,0.84
C01,2026-09-28,22:00,00:00,4,0.77
C02,2026-09-28,00:00,02:00,3,0.82
C02,2026-09-28,02:00,04:00,0,0.77
C02,2026-09-28,04:00,06:00,1,0.97
C02,2026-09-28,06:00,08:00,5,0.9
C02,2026-09-28,08:00,10:00,6,0.73
C02,2026-09-28,10:00,12:00,2,0.96
C02,2026-09-28,12:00,14:00,0,0.76
C02,2026-09-28,14:00,16:00,0,0.81
C02,2026-09-28,16:00,18:00,2,0.74
C02,2026-09-28,18:00,20:00,4,0.96
C02,2026-09-28,20:00,22:00,3,0.79
C02,2026-09-28,22:00,00:00,4,0.91
C03,2026-09-28,00:00,02:00,3,0.9
C03,2026-09-28,02:00,04:00,2,0.78
C03,2026-09-28,04:00,06:00,1,0.86
C03,2026-09-28,06:00,08:00,2,0.84
C03,2026-09-28,08:00,10:00,2,0.82
C03,2026-09-28,10:00,12:00,4,0.76
C03,2026-09-28,12:00,14:00,1,0.79
C03,2026-09-28,14:00,16:00,1,0.8
C03,2026-09-28,16:00,18:00,0,0.96
C03,2026-09-28,18:00,20:00,3,0.81
C03,2026-09-28,20:00,22:00,4,0.86
C03,2026-09-28,22:00,00:00,0,0.74
C04,2026-09-28,00:00,02:00,2,0.85
C04,2026-09-28,02:00,04:00,3,0.92
C04,2026-09-28,04:00,06:00,4,0.77
C04,2026-09-28,06:00,08:00,6,0.84
C04,2026-09-28,08:00,10:00,4,0.78
C04,2026-09-28,10:00,12:00,2,0.89
C04,2026-09-28,12:00,14:00,1,0.77
C04,2026-09-28,14:00,16:00,5,0.8
C04,2026-09-28,16:00,18:00,1,0.93
C04,2026-09-28,18:00,20:00,7,0.86
C04,2026-09-28,20:00,22:00,3,0.89
C04,2026-09-28,22:00,00:00,1,0.77
C05,2026-09-28,00:00,02:00,2,0.76
C05,2026-09-28,02:00,04:00,1,0.88
C05,2026-09-28,04:00,06:00,3,0.89
C05,2026-09-28,06:00,08:00,10,0.96
C05,2026-09-28,08:00,10:00,3,0.78
C05,2026-09-28,10:00,12:00,1,0.74
C05,2026-09-28,12:00,14:00,3,0.92
C05,2026-09-28,14:00,16:00,2,0.85
C05,2026-09-28,16:00,18:00,1,0.94
C05,2026-09-28,18:00,20:00,3,0.77
C05,2026-09-28,20:00,22:00,3,0.72
C05,2026-09-28,22:00,00:00,3,0.77
C06,2026-09-28,00:00,02:00,1,0.95
C06,2026-09-28,02:00,04:00,0,0.92
C06,2026-09-28,04:00,06:00,1,0.82
C06,2026-09-28,06:00,08:00,2,0.9
C06,2026-09-28,08:00,10:00,3,0.79
C06,2026-09-28,10:00,12:00,1,0.82
C06,2026-09-28,12:00,14:00,0,0.89
C06,2026-09-28,14:00,16:00,3,0.82
C06,2026-09-28,16:00,18:00,0,0.91
C06,2026-09-28,18:00,20:00,3,0.81
C06,2026-09-28,20:00,22:00,2,0.77
C06,2026-09-28,22:00,00:00,1,0.85
C07,2026-09-28,00:00,02:00,1,0.94
C07,2026-09-28,02:00,04:00,2,0.72
C07,2026-09-28,04:00,06:00,3,0.85
C07,2026-09-28,06:00,08:00,7,0.74
C07,2026-09-28,08:00,10:00,3,0.74
C07,2026-09-28,10:00,12:00,3,0.96
C07,2026-09-28,12:00,14:00,3,0.91
C07,2026-09-28,14:00,16:00,4,0.79
C07,2026-09-28,16:00,18:00,1,0.92
C07,2026-09-28,18:00,20:00,6,0.77
C07,2026-09-28,20:00,22:00,7,0.76
C07,2026-09-28,22:00,00:00,2,0.96
C08,2026-09-28,00:00,02:00,1,0.79
C08,2026-09-28,02:00,04:00,2,0.78
C08,2026-09-28,04:00,06:00,4,0.84
C08,2026-09-28,06:00,08:00,6,0.9
C08,2026-09-28,08:00,10:00,1,0.77
C08,2026-09-28,10:00,12:00,2,0.77
C08,2026-09-28,12:00,14:00,3,0.77
C08,2026-09-28,14:00,16:00,3,0.81
C08,2026-09-28,16:00,18:00,0,0.85
C08,2026-09-28,18:00,20:00,9,0.91
C08,2026-09-28,20:00,22:00,1,0.92
C08,2026-09-28,22:00,00:00,1,0.91
C09,2026-09-28,00:00,02:00,1,0.74
C09,2026-09-28,02:00,04:00,2,0.93
C09,2026-09-28,04:00,06:00,3,0.83
C09,2026-09-28,06:00,08:00,2,0.85
C09,2026-09-28,08:00,10:00,5,0.92
C09,2026-09-28,10:00,12:00,4,0.77
C09,2026-09-28,12:00,14:00,0,0.96
C09,2026-09-28,14:00,16:00,0,0.77
C09,2026-09-28,16:00,18:00,2,0.89
C09,2026-09-28,18:00,20:00,3,0.78
C09,2026-09-28,20:00,22:00,4,0.81
C09,2026-09-28,22:00,00:00,2,0.79
C10,2026-09-28,00:00,02:00,0,0.72
C10,2026-09-28,02:00,04:00,0,0.79
C10,2026-09-28,04:00,06:00,4,0.89
C10,2026-09-28,06:00,08:00,2,0.91
C10,2026-09-28,08:00,10:00,4,0.83
C10,2026-09-28,10:00,12:00,2,0.97
C10,2026-09-28,12:00,14:00,0,0.77
C10,2026-09-28,14:00,16:00,2,0.86
C10,2026-09-28,16:00,18:00,2,0.93
C10,2026-09-28,18:00,20:00,2,0.93
C10,2026-09-28,20:00,22:00,6,0.86
C10,2026-09-28,22:00,00:00,1,0.89
C11,2026-09-28,00:00,02:00,3,0.77
C11,2026-09-28,02:00,04:00,1,0.93
C11,2026-09-28,04:00,06:00,2,0.74
C11,2026-09-28,06:00,08:00,5,0.83
C11,2026-09-28,08:00,10:00,2,0.78
C11,2026-09-28,10:00,12:00,0,0.74
C11,2026-09-28,12:00,14:00,0,0.92
C11,2026-09-28,14:00,16:00,3,0.73
C11,2026-09-28,16:00,18:00,1,0.85
C11,2026-09-28,18:00,20:00,4,0.93
C11,2026-09-28,20:00,22:00,3,0.8
C11,2026-09-28,22:00,00:00,4,0.91
C12,2026-09-28,00:00,02:00,6,0.82
C12,2026-09-28,02:00,04:00,0,0.96
C12,2026-09-28,04:00,06:00,0,0.97
C12,2026-09-28,06:00,08:00,4,0.74
C12,2026-09-28,08:00,10:00,5,0.74
C12,2026-09-28,10:00,12:00,6,0.93
C12,2026-09-28,12:00,14:00,1,0.93
C12,2026-09-28,14:00,16:00,1,0.75
C12,2026-09-28,16:00,18:00,1,0.84
C12,2026-09-28,18:00,20:00,4,0.82
C12,2026-09-28,20:00,22:00,2,0.82
C12,2026-09-28,22:00,00:00,4,0.8
C13,2026-09-28,00:00,02:00,0,0.92
C13,2026-09-28,02:00,04:00,2,0.78
C13,2026-09-28,04:00,06:00,4,0.94
C13,2026-09-28,06:00,08:00,2,0.75
C13,2026-09-28,08:00,10:00,0,0.9
C13,2026-09-28,10:00,12:00,1,0.73
C13,2026-09-28,12:00,14:00,1,0.9
C13,2026-09-28,14:00,16:00,0,0.84
C13,2026-09-28,16:00,18:00,1,0.94
C13,2026-09-28,18:00,20:00,3,0.9
C13,2026-09-28,20:00,22:00,0,0.72
C13,2026-09-28,22:00,00:00,0,0.78
C14,2026-09-28,00:00,02:00,0,0.86
C14,2026-09-28,02:00,04:00,4,0.76
C14,2026-09-28,04:00,06:00,3,0.82
C14,2026-09-28,06:00,08:00,4,0.86
C14,2026-09-28,08:00,10:00,1,0.83
C14,2026-09-28,10:00,12:00,2,0.77
C14,2026-09-28,12:00,14:00,3,0.74
C14,2026-09-28,14:00,16:00,2,0.74
C14,2026-09-28,16:00,18:00,1,0.76
C14,2026-09-28,18:00,20:00,6,0.96
C14,2026-09-28,20:00,22:00,2,0.95
C14,2026-09-28,22:00,00:00,0,0.81
C15,2026-09-28,00:00,02:00,0,0.85
C15,2026-09-28,02:00,04:00,0,0.81
C15,2026-09-28,04:00,06:00,3,0.75
C15,2026-09-28,06:00,08:00,5,0.84
C15,2026-09-28,08:00,10:00,4,0.95
C15,2026-09-28,10:00,12:00,2,0.88
C15,2026-09-28,12:00,14:00,5,0.86
C15,2026-09-28,14:00,16:00,3,0.76
C15,2026-09-28,16:00,18:00,3,0.96
C15,2026-09-28,18:00,20:00,7,0.82
C15,2026-09-28,20:00,22:00,4,0.87
C15,2026-09-28,22:00,00:00,3,0.82
C16,2026-09-28,00:00,02:00,0,0.81
C16,2026-09-28,02:00,04:00,2,0.88
C16,2026-09-28,04:00,06:00,2,0.9
C16,2026-09-28,06:00,08:00,1,0.82
C16,2026-09-28,08:00,10:00,1,0.95
C16,2026-09-28,10:00,12:00,1,0.77
C16,2026-09-28,12:00,14:00,2,0.95
C16,2026-09-28,14:00,16:00,2,0.89
C16,2026-09-28,16:00,18:00,1,0.76
C16,2026-09-28,18:00,20:00,8,0.86
C16,2026-09-28,20:00,22:00,4,0.87
C16,2026-09-28,22:00,00:00,3,0.76
C17,2026-09-28,00:00,02:00,2,0.84
C17,2026-09-28,02:00,04:00,5,0.86
C17,2026-09-28,04:00,06:00,2,0.94
C17,2026-09-28,06:00,08:00,6,0.87
C17,2026-09-28,08:00,10:00,4,0.87
C17,2026-09-28,10:00,12:00,3,0.8
C17,2026-09-28,12:00,14:00,2,0.87
C17,2026-09-28,14:00,16:00,1,0.82
C17,2026-09-28,16:00,18:00,2,0.88
C17,2026-09-28,18:00,20:00,2,0.81
C17,2026-09-28,20:00,22:00,1,0.95
C17,2026-09-28,22:00,00:00,1,0.91
C18,2026-09-28,00:00,02:00,2,0.8
C18,2026-09-28,02:00,04:00,2,0.84
C18,2026-09-28,04:00,06:00,0,0.96
C18,2026-09-28,06:00,08:00,5,0.81
C18,2026-09-28,08:00,10:00,5,0.85
C18,2026-09-28,10:00,12:00,5,0.95
C18,2026-09-28,12:00,14:00,3,0.89
C18,2026-09-28,14:00,16:00,3,0.94
C18,2026-09-28,16:00,18:00,3,0.8
C18,2026-09-28,18:00,20:00,4,0.94
C18,2026-09-28,20:00,22:00,1,0.83
C18,2026-09-28,22:00,00:00,4,0.94
C19,2026-09-28,00:00,02:00,0,0.89
C19,2026-09-28,02:00,04:00,0,0.82
C19,2026-09-28,04:00,06:00,3,0.95
C19,2026-09-28,06:00,08:00,3,0.78
C19,2026-09-28,08:00,10:00,1,0.93
C19,2026-09-28,10:00,12:00,2,0.84
C19,2026-09-28,12:00,14:00,1,0.94
C19,2026-09-28,14:00,16:00,0,0.76
C19,2026-09-28,16:00,18:00,2,0.88
C19,2026-09-28,18:00,20:00,3,0.94
C19,2026-09-28,20:00,22:00,8,0.86
C19,2026-09-28,22:00,00:00,3,0.74
C20,2026-09-28,00:00,02:00,1,0.73
C20,2026-09-28,02:00,04:00,0,0.93
C20,2026-09-28,04:00,06:00,1,0.91
C20,2026-09-28,06:00,08:00,5,0.83
C20,2026-09-28,08:00,10:00,7,0.87
C20,2026-09-28,10:00,12:00,1,0.83
C20,2026-09-28,12:00,14:00,2,0.96
C20,2026-09-28,14:00,16:00,1,0.87
C20,2026-09-28,16:00,18:00,3,0.91
C20,2026-09-28,18:00,20:00,5,0.75
C20,2026-09-28,20:00,22:00,6,0.97
C20,2026-09-28,22:00,00:00,1,0.79
C01,2026-09-29,00:00,02:00,2,0.78
C01,2026-09-29,02:00,04:00,3,0.85
C01,2026-09-29,04:00,06:00,5,0.96
C01,2026-09-29,06:00,08:00,3,0.73
C01,2026-09-29,08:00,10:00,5,0.79
C01,2026-09-29,10:00,12:00,3,0.74
C01,2026-09-29,12:00,14:00,1,0.86
C01,2026-09-29,14:00,16:00,2,0.89
C01,2026-09-29,16:00,18:00,3,0.76
C01,2026-09-29,18:00,20:00,4,0.74
C01,2026-09-29,20:00,22:00,1,0.86
C01,2026-09-29,22:00,00:00,2,0.93
C02,2026-09-29,00:00,02:00,1,0.92
C02,2026-09-29,02:00,04:00,0,0.95
C02,2026-09-29,04:00,06:00,0,0.91
C02,2026-09-29,06:00,08:00,2,0.8
C02,2026-09-29,08:00,10:00,1,0.89
C02,2026-09-29,10:00,12:00,1,0.96
C02,2026-09-29,12:00,14:00,1,0.96
C02,2026-09-29,14:00,16:00,2,0.74
C02,2026-09-29,16:00,18:00,1,0.79
C02,2026-09-29,18:00,20:00,4,0.73
C02,2026-09-29,20:00,22:00,3,0.86
C02,2026-09-29,22:00,00:00,3,0.8
C03,2026-09-29,00:00,02:00,3,0.89
C03,2026-09-29,02:00,04:00,1,0.77
C03,2026-09-29,04:00,06:00,2,0.78
C03,2026-09-29,06:00,08:00,3,0.83
C03,2026-09-29,08:00,10:00,2,0.96
C03,2026-09-29,10:00,12:00,3,0.8
C03,2026-09-29,12:00,14:00,2,0.96
C03,2026-09-29,14:00,16:00,0,0.95
C03,2026-09-29,16:00,18:00,7,0.88
C03,2026-09-29,18:00,20:00,5,0.96
C03,2026-09-29,20:00,22:00,2,0.72
C03,2026-09-29,22:00,00:00,2,0.8
C04,2026-09-29,00:00,02:00,3,0.75
C04,2026-09-29,02:00,04:00,1,0.88
C04,2026-09-29,04:00,06:00,4,0.92
C04,2026-09-29,06:00,08:00,7,0.81
C04,2026-09-29,08:00,10:00,3,0.83
C04,2026-09-29,10:00,12:00,1,0.79
C04,2026-09-29,12:00,14:00,2,0.82
C04,2026-09-29,14:00,16:00,2,0.84
C04,2026-09-29,16:00,18:00,2,0.94
C04,2026-09-29,18:00,20:00,2,0.72
C04,2026-09-29,20:00,22:00,9,0.8
C04,2026-09-29,22:00,00:00,1,0.77
C05,2026-09-29,00:00,02:00,4,0.93
C05,2026-09-29,02:00,04:00,3,0.96
C05,2026-09-29,04:00,06:00,0,0.92
C05,2026-09-29,06:00,08:00,3,0.78
C05,2026-09-29,08:00,10:00,4,0.85
C05,2026-09-29,10:00,12:00,0,0.78
C05,2026-09-29,12:00,14:00,1,0.9
C05,2026-09-29,14:00,16:00,1,0.95
C05,2026-09-29,16:00,18:00,0,0.83
C05,2026-09-29,18:00,20:00,6,0.82
C05,2026-09-29,20:00,22:00,2,0.94
C05,2026-09-29,22:00,00:00,3,0.74
C06,2026-09-29,00:00,02:00,1,0.89
C06,2026-09-29,02:00,04:00,2,0.82
C06,2026-09-29,04:00,06:00,3,0.76
C06,2026-09-29,06:00,08:00,4,0.9
C06,2026-09-29,08:00,10:00,4,0.73
C06,2026-09-29,10:00,12:00,0,0.89
C06,2026-09-29,12:00,14:00,4,0.94
C06,2026-09-29,14:00,16:00,1,0.93
C06,2026-09-29,16:00,18:00,2,0.89
C06,2026-09-29,18:00,20:00,4,0.83
C06,2026-09-29,20:00,22:00,4,0.95
C06,2026-09-29,22:00,00:00,2,0.81
C07,2026-09-29,00:00,02:00,2,0.9
C07,2026-09-29,02:00,04:00,0,0.86
C07,2026-09-29,04:00,06:00,3,0.93
C07,2026-09-29,06:00,08:00,3,0.82
C07,2026-09-29,08:00,10:00,5,0.94
C07,2026-09-29,10:00,12:00,1,0.9
C07,2026-09-29,12:00,14:00,3,0.97
C07,2026-09-29,14:00,16:00,3,0.77
C07,2026-09-29,16:00,18:00,0,0.92
C07,2026-09-29,18:00,20:00,3,0.73
C07,2026-09-29,20:00,22:00,6,0.88
C07,2026-09-29,22:00,00:00,1,0.74
C08,2026-09-29,00:00,02:00,3,0.86
C08,2026-09-29,02:00,04:00,1,0.97
C08,2026-09-29,04:00,06:00,3,0.96
C08,2026-09-29,06:00,08:00,6,0.91
C08,2026-09-29,08:00,10:00,5,0.81
C08,2026-09-29,10:00,12:00,1,0.84
C08,2026-09-29,12:00,14:00,5,0.73
C08,2026-09-29,14:00,16:00,1,0.91
C08,2026-09-29,16:00,18:00,0,0.74
C08,2026-09-29,18:00,20:00,4,0.79
C08,2026-09-29,20:00,22:00,2,0.73
C08,2026-09-29,22:00,00:00,1,0.79
C09,2026-09-29,00:00,02:00,2,0.82
C09,2026-09-29,02:00,04:00,2,0.89
C09,2026-09-29,04:00,06:00,1,0.95
C09,2026-09-29,06:00,08:00,3,0.93
C09,2026-09-29,08:00,10:00,6,0.85
C09,2026-09-29,10:00,12:00,4,0.87
C09,2026-09-29,12:00,14:00,4,0.93
C09,2026-09-29,14:00,16:00,3,0.75
C09,2026-09-29,16:00,18:00,1,0.81
C09,2026-09-29,18:00,20:00,7,0.85
C09,2026-09-29,20:00,22:00,1,0.75
C09,2026-09-29,22:00,00:00,1,0.87
C10,2026-09-29,00:00,02:00,4,0.91
C10,2026-09-29,02:00,04:00,3,0.77
C10,2026-09-29,04:00,06:00,2,0.74
C10,2026-09-29,06:00,08:00,3,0.85
C10,2026-09-29,08:00,10:00,7,0.88
C10,2026-09-29,10:00,12:00,3,0.81
C10,2026-09-29,12:00,14:00,1,0.88
C10,2026-09-29,14:00,16:00,3,0.84
C10,2026-09-29,16:00,18:00,1,0.85
C10,2026-09-29,18:00,20:00,7,0.84
C10,2026-09-29,20:00,22:00,3,0.93
C10,2026-09-29,22:00,00:00,0,0.76
C11,2026-09-29,00:00,02:00,4,0.73
C11,2026-09-29,02:00,04:00,5,0.77
C11,2026-09-29,04:00,06:00,2,0.82
C11,2026-09-29,06:00,08:00,2,0.77
C11,2026-09-29,08:00,10:00,4,0.77
C11,2026-09-29,10:00,12:00,1,0.85
C11,2026-09-29,12:00,14:00,3,0.92
C11,2026-09-29,14:00,16:00,4,0.94
C11,2026-09-29,16:00,18:00,1,0.86
C11,2026-09-29,18:00,20:00,3,0.91
C11,2026-09-29,20:00,22:00,3,0.84
C11,2026-09-29,22:00,00:00,2,0.77
C12,2026-09-29,00:00,02:00,2,0.93
C12,2026-09-29,02:00,04:00,1,0.85
C12,2026-09-29,04:00,06:00,1,0.76
C12,2026-09-29,06:00,08:00,7,0.84
C12,2026-09-29,08:00,10:00,4,0.92
C12,2026-09-29,10:00,12:00,2,0.79
C12,2026-09-29,12:00,14:00,5,0.77
C12,2026-09-29,14:00,16:00,3,0.72
C12,2026-09-29,16:00,18:00,1,0.87
C12,2026-09-29,18:00,20:00,4,0.74
C12,2026-09-29,20:00,22:00,3,0.75
C12,2026-09-29,22:00,00:00,2,0.88
C13,2026-09-29,00:00,02:00,2,0.89
C13,2026-09-29,02:00,04:00,1,0.8
C13,2026-09-29,04:00,06:00,1,0.78
C13,2026-09-29,06:00,08:00,4,0.77
C13,2026-09-29,08:00,10:00,2,0.76
C13,2026-09-29,10:00,12:00,2,0.79
C13,2026-09-29,12:00,14:00,2,0.79
C13,2026-09-29,14:00,16:00,2,0.87
C13,2026-09-29,16:00,18:00,1,0.87
C13,2026-09-29,18:00,20:00,3,0.96
C13,2026-09-29,20:00,22:00,5,0.91
C13,2026-09-29,22:00,00:00,2,0.91
C14,2026-09-29,00:00,02:00,0,0.93
C14,2026-09-29,02:00,04:00,2,0.85
C14,2026-09-29,04:00,06:00,2,0.74
C14,2026-09-29,06:00,08:00,3,0.76
C14,2026-09-29,08:00,10:00,8,0.94
C14,2026-09-29,10:00,12:00,3,0.94
C14,2026-09-29,12:00,14:00,1,0.82
C14,2026-09-29,14:00,16:00,0,0.86
C14,2026-09-29,16:00,18:00,0,0.76
C14,2026-09-29,18:00,20:00,1,0.8
C14,2026-09-29,20:00,22:00,4,0.77
C14,2026-09-29,22:00,00:00,4,0.8
C15,2026-09-29,00:00,02:00,2,0.94
C15,2026-09-29,02:00,04:00,1,0.9
C15,2026-09-29,04:00,06:00,0,0.77
C15,2026-09-29,06:00,08:00,7,0.73
C15,2026-09-29,08:00,10:00,3,0.79
C15,2026-09-29,10:00,12:00,1,0.85
C15,2026-09-29,12:00,14:00,1,0.83
C15,2026-09-29,14:00,16:00,1,0.92
C15,2026-09-29,16:00,18:00,1,0.73
C15,2026-09-29,18:00,20:00,5,0.88
C15,2026-09-29,20:00,22:00,1,0.79
C15,2026-09-29,22:00,00:00,5,0.94
C16,2026-09-29,00:00,02:00,0,0.8
C16,2026-09-29,02:00,04:00,1,0.76
C16,2026-09-29,04:00,06:00,3,0.79
C16,2026-09-29,06:00,08:00,4,0.82
C16,2026-09-29,08:00,10:00,6,0.74
C16,2026-09-29,10:00,12:00,3,0.86
C16,2026-09-29,12:00,14:00,3,0.89
C16,2026-09-29,14:00,16:00,3,0.84
C16,2026-09-29,16:00,18:00,5,0.86
C16,2026-09-29,18:00,20:00,5,0.85
C16,2026-09-29,20:00,22:00,5,0.77
C16,2026-09-29,22:00,00:00,3,0.9
C17,2026-09-29,00:00,02:00,0,0.87
C17,2026-09-29,02:00,04:00,3,0.93
C17,2026-09-29,04:00,06:00,0,0.81
C17,2026-09-29,06:00,08:00,3,0.8
C17,2026-09-29,08:00,10:00,1,0.97
C17,2026-09-29,10:00,12:00,1,0.73
C17,2026-09-29,12:00,14:00,2,0.95
C17,2026-09-29,14:00,16:00,1,0.91
C17,2026-09-29,16:00,18:00,0,0.82
C17,2026-09-29,18:00,20:00,2,0.73
C17,2026-09-29,20:00,22:00,7,0.83
C17,2026-09-29,22:00,00:00,2,0.77
C18,2026-09-29,00:00,02:00,2,0.92
C18,2026-09-29,02:00,04:00,0,0.94
C18,2026-09-29,04:00,06:00,1,0.83
C18,2026-09-29,06:00,08:00,4,0.91
C18,2026-09-29,08:00,10:00,3,0.79
C18,2026-09-29,10:00,12:00,2,0.87
C18,2026-09-29,12:00,14:00,2,0.73
C18,2026-09-29,14:00,16:00,1,0.96
C18,2026-09-29,16:00,18:00,1,0.87
C18,2026-09-29,18:00,20:00,3,0.85
C18,2026-09-29,20:00,22:00,2,0.87
C18,2026-09-29,22:00,00:00,3,0.75
C19,2026-09-29,00:00,02:00,4,0.85
C19,2026-09-29,02:00,04:00,2,0.89
C19,2026-09-29,04:00,06:00,3,0.89
C19,2026-09-29,06:00,08:00,3,0.93
C19,2026-09-29,08:00,10:00,4,0.88
C19,2026-09-29,10:00,12:00,0,0.95
C19,2026-09-29,12:00,14:00,3,0.86
C19,2026-09-29,14:00,16:00,0,0.81
C19,2026-09-29,16:00,18:00,2,0.87
C19,2026-09-29,18:00,20:00,1,0.94
C19,2026-09-29,20:00,22:00,4,0.86
C19,2026-09-29,22:00,00:00,0,0.94
C20,2026-09-29,00:00,02:00,5,0.94
C20,2026-09-29,02:00,04:00,0,0.9
C20,2026-09-29,04:00,06:00,3,0.95
C20,2026-09-29,06:00,08:00,2,0.84
C20,2026-09-29,08:00,10:00,2,0.81
C20,2026-09-29,10:00,12:00,2,0.84
C20,2026-09-29,12:00,14:00,4,0.86
C20,2026-09-29,14:00,16:00,0,0.81
C20,2026-09-29,16:00,18:00,3,0.78
C20,2026-09-29,18:00,20:00,6,0.9
C20,2026-09-29,20:00,22:00,1,0.83
C20,2026-09-29,22:00,00:00,0,0.89
C01,2026-09-30,00:00,02:00,6,0.86
C01,2026-09-30,02:00,04:00,3,0.92
C01,2026-09-30,04:00,06:00,3,0.85
C01,2026-09-30,06:00,08:00,5,0.76
C01,2026-09-30,08:00,10:00,5,0.76
C01,2026-09-30,10:00,12:00,1,0.75
C01,2026-09-30,12:00,14:00,1,0.84
C01,2026-09-30,14:00,16:00,4,0.79
C01,2026-09-30,16:00,18:00,2,0.75
C01,2026-09-30,18:00,20:00,3,0.95
C01,2026-09-30,20:00,22:00,3,0.9
C01,2026-09-30,22:00,00:00,1,0.82
C02,2026-09-30,00:00,02:00,0,0.8
C02,2026-09-30,02:00,04:00,2,0.86
C02,2026-09-30,04:00,06:00,2,0.97
C02,2026-09-30,06:00,08:00,5,0.85
C02,2026-09-30,08:00,10:00,5,0.91
C02,2026-09-30,10:00,12:00,4,0.78
C02,2026-09-30,12:00,14:00,2,0.87
C02,2026-09-30,14:00,16:00,2,0.86
C02,2026-09-30,16:00,18:00,4,0.84
C02,2026-09-30,18:00,20:00,3,0.8
C02,2026-09-30,20:00,22:00,0,0.9
C02,2026-09-30,22:00,00:00,1,0.78
C03,2026-09-30,00:00,02:00,1,0.79
C03,2026-09-30,02:00,04:00,4,0.79
C03,2026-09-30,04:00,06:00,3,0.84
C03,2026-09-30,06:00,08:00,2,0.94
C03,2026-09-30,08:00,10:00,4,0.91
C03,2026-09-30,10:00,12:00,4,0.95
C03,2026-09-30,12:00,14:00,1,0.95
C03,2026-09-30,14:00,16:00,1,0.95
C03,2026-09-30,16:00,18:00,4,0.75
C03,2026-09-30,18:00,20:00,2,0.83
C03,2026-09-30,20:00,22:00,5,0.76
C03,2026-09-30,22:00,00:00,1,0.94
C04,2026-09-30,00:00,02:00,3,0.79
C04,2026-09-30,02:00,04:00,3,0.8
C04,2026-09-30,04:00,06:00,5,0.74
C04,2026-09-30,06:00,08:00,1,0.83
C04,2026-09-30,08:00,10:00,5,0.81
C04,2026-09-30,10:00,12:00,1,0.96
C04,2026-09-30,12:00,14:00,4,0.92
C04,2026-09-30,14:00,16:00,1,0.86
C04,2026-09-30,16:00,18:00,2,0.9
C04,2026-09-30,18:00,20:00,3,0.93
C04,2026-09-30,20:00,22:00,2,0.82
C04,2026-09-30,22:00,00:00,5,0.93
C05,2026-09-30,00:00,02:00,3,0.86
C05,2026-09-30,02:00,04:00,4,0.92
C05,2026-09-30,04:00,06:00,2,0.79
C05,2026-09-30,06:00,08:00,5,0.76
C05,2026-09-30,08:00,10:00,1,0.93
C05,2026-09-30,10:00,12:00,0,0.91
C05,2026-09-30,12:00,14:00,2,0.75
C05,2026-09-30,14:00,16:00,0,0.97
C05,2026-09-30,16:00,18:00,2,0.8
C05,2026-09-30,18:00,20:00,4,0.94
C05,2026-09-30,20:00,22:00,2,0.8
C05,2026-09-30,22:00,00:00,5,0.73
C06,2026-09-30,00:00,02:00,0,0.89
C06,2026-09-30,02:00,04:00,3,0.89
C06,2026-09-30,04:00,06:00,4,0.76
C06,2026-09-30,06:00,08:00,4,0.97
C06,2026-09-30,08:00,10:00,2,0.88
C06,2026-09-30,10:00,12:00,1,0.88
C06,2026-09-30,12:00,14:00,1,0.8
C06,2026-09-30,14:00,16:00,1,0.74
C06,2026-09-30,16:00,18:00,0,0.95
C06,2026-09-30,18:00,20:00,7,0.85
C06,2026-09-30,20:00,22:00,3,0.72
C06,2026-09-30,22:00,00:00,2,0.73
C07,2026-09-30,00:00,02:00,2,0.88
C07,2026-09-30,02:00,04:00,2,0.72
C07,2026-09-30,04:00,06:00,3,0.78
C07,2026-09-30,06:00,08:00,4,0.97
C07,2026-09-30,08:00,10:00,3,0.88
C07,2026-09-30,10:00,12:00,1,0.87
C07,2026-09-30,12:00,14:00,1,0.88
C07,2026-09-30,14:00,16:00,1,0.86
C07,2026-09-30,16:00,18:00,0,0.91
C07,2026-09-30,18:00,20:00,3,0.78
C07,2026-09-30,20:00,22:00,2,0.75
C07,2026-09-30,22:00,00:00,1,0.73
C08,2026-09-30,00:00,02:00,3,0.88
C08,2026-09-30,02:00,04:00,1,0.96
C08,2026-09-30,04:00,06:00,2,0.75
C08,2026-09-30,06:00,08:00,2,0.76
C08,2026-09-30,08:00,10:00,4,0.81
C08,2026-09-30,10:00,12:00,3,0.78
C08,2026-09-30,12:00,14:00,2,0.74
C08,2026-09-30,14:00,16:00,5,0.75
C08,2026-09-30,16:00,18:00,4,0.94
C08,2026-09-30,18:00,20:00,6,0.88
C08,2026-09-30,20:00,22:00,6,0.91
C08,2026-09-30,22:00,00:00,2,0.92
C09,2026-09-30,00:00,02:00,0,0.88
C09,2026-09-30,02:00,04:00,2,0.76
C09,2026-09-30,04:00,06:00,1,0.78
C09,2026-09-30,06:00,08:00,10,0.84
C09,2026-09-30,08:00,10:00,6,0.94
C09,2026-09-30,10:00,12:00,1,0.73
C09,2026-09-30,12:00,14:00,1,0.79
C09,2026-09-30,14:00,16:00,2,0.96
C09,2026-09-30,16:00,18:00,3,0.92
C09,2026-09-30,18:00,20:00,4,0.81
C09,2026-09-30,20:00,22:00,5,0.73
C09,2026-09-30,22:00,00:00,1,0.9
C10,2026-09-30,00:00,02:00,0,0.87
C10,2026-09-30,02:00,04:00,2,0.74
C10,2026-09-30,04:00,06:00,3,0.82
C10,2026-09-30,06:00,08:00,1,0.88
C10,2026-09-30,08:00,10:00,8,0.81
C10,2026-09-30,10:00,12:00,2,0.83
C10,2026-09-30,12:00,14:00,2,0.96
C10,2026-09-30,14:00,16:00,1,0.87
C10,2026-09-30,16:00,18:00,0,0.91
C10,2026-09-30,18:00,20:00,4,0.81
C10,2026-09-30,20:00,22:00,0,0.83
C10,2026-09-30,22:00,00:00,2,0.96
C11,2026-09-30,00:00,02:00,0,0.9
C11,2026-09-30,02:00,04:00,3,0.82
C11,2026-09-30,04:00,06:00,0,0.92
C11,2026-09-30,06:00,08:00,3,0.86
C11,2026-09-30,08:00,10:00,2,0.76
C11,2026-09-30,10:00,12:00,1,0.76
C11,2026-09-30,12:00,14:00,0,0.84
C11,2026-09-30,14:00,16:00,0,0.95
C11,2026-09-30,16:00,18:00,1,0.85
C11,2026-09-30,18:00,20:00,1,0.78
C11,2026-09-30,20:00,22:00,6,0.81
C11,2026-09-30,22:00,00:00,3,0.75
C12,2026-09-30,00:00,02:00,2,0.96
C12,2026-09-30,02:00,04:00,2,0.93
C12,2026-09-30,04:00,06:00,0,0.81
C12,2026-09-30,06:00,08:00,6,0.87
C12,2026-09-30,08:00,10:00,4,0.93
C12,2026-09-30,10:00,12:00,1,0.73
C12,2026-09-30,12:00,14:00,0,0.79
C12,2026-09-30,14:00,16:00,1,0.95
C12,2026-09-30,16:00,18:00,1,0.94
C12,2026-09-30,18:00,20:00,3,0.85
C12,2026-09-30,20:00,22:00,2,0.74
C12,2026-09-30,22:00,00:00,1,0.82
C13,2026-09-30,00:00,02:00,1,0.78
C13,2026-09-30,02:00,04:00,0,0.87
C13,2026-09-30,04:00,06:00,3,0.91
C13,2026-09-30,06:00,08:00,5,0.9
C13,2026-09-30,08:00,10:00,2,0.88
C13,2026-09-30,10:00,12:00,2,0.93
C13,2026-09-30,12:00,14:00,1,0.79
C13,2026-09-30,14:00,16:00,1,0.85
C13,2026-09-30,16:00,18:00,1,0.86
C13,2026-09-30,18:00,20:00,4,0.75
C13,2026-09-30,20:00,22:00,4,0.95
C13,2026-09-30,22:00,00:00,1,0.91
C14,2026-09-30,00:00,02:00,5,0.91
C14,2026-09-30,02:00,04:00,2,0.76
C14,2026-09-30,04:00,06:00,1,0.9
C14,2026-09-30,06:00,08:00,4,0.94
C14,2026-09-30,08:00,10:00,3,0.89
C14,2026-09-30,10:00,12:00,1,0.79
C14,2026-09-30,12:00,14:00,4,0.75
C14,2026-09-30,14:00,16:00,1,0.9
C14,2026-09-30,16:00,18:00,0,0.88
C14,2026-09-30,18:00,20:00,3,0.96
C14,2026-09-30,20:00,22:00,3,0.75
C14,2026-09-30,22:00,00:00,1,0.93
C15,2026-09-30,00:00,02:00,3,0.85
C15,2026-09-30,02:00,04:00,0,0.86
C15,2026-09-30,04:00,06:00,1,0.95
C15,2026-09-30,06:00,08:00,2,0.97
C15,2026-09-30,08:00,10:00,0,0.95
C15,2026-09-30,10:00,12:00,0,0.93
C15,2026-09-30,12:00,14:00,2,0.92
C15,2026-09-30,14:00,16:00,2,0.9
C15,2026-09-30,16:00,18:00,0,0.89
C15,2026-09-30,18:00,20:00,6,0.96
C15,2026-09-30,20:00,22:00,3,0.9
C15,2026-09-30,22:00,00:00,0,0.77
C16,2026-09-30,00:00,02:00,3,0.88
C16,2026-09-30,02:00,04:00,2,0.94
C16,2026-09-30,04:00,06:00,1,0.76
C16,2026-09-30,06:00,08:00,3,0.81
C16,2026-09-30,08:00,10:00,3,0.95
C16,2026-09-30,10:00,12:00,1,0.82
C16,2026-09-30,12:00,14:00,3,0.76
C16,2026-09-30,14:00,16:00,2,0.87
C16,2026-09-30,16:00,18:00,2,0.8
C16,2026-09-30,18:00,20:00,2,0.9
C16,2026-09-30,20:00,22:00,8,0.86
C16,2026-09-30,22:00,00:00,1,0.86
C17,2026-09-30,00:00,02:00,2,0.89
C17,2026-09-30,02:00,04:00,4,0.75
C17,2026-09-30,04:00,06:00,0,0.8
C17,2026-09-30,06:00,08:00,4,0.79
C17,2026-09-30,08:00,10:00,1,0.73
C17,2026-09-30,10:00,12:00,1,0.86
C17,2026-09-30,12:00,14:00,1,0.93
C17,2026-09-30,14:00,16:00,4,0.85
C17,2026-09-30,16:00,18:00,2,0.8
C17,2026-09-30,18:00,20:00,5,0.75
C17,2026-09-30,20:00,22:00,2,0.9
C17,2026-09-30,22:00,00:00,0,0.75
C18,2026-09-30,00:00,02:00,1,0.79
C18,2026-09-30,02:00,04:00,2,0.76
C18,2026-09-30,04:00,06:00,1,0.77
C18,2026-09-30,06:00,08:00,4,0.89
C18,2026-09-30,08:00,10:00,6,0.83
C18,2026-09-30,10:00,12:00,0,0.88
C18,2026-09-30,12:00,14:00,1,0.94
C18,2026-09-30,14:00,16:00,1,0.91
C18,2026-09-30,16:00,18:00,5,0.97
C18,2026-09-30,18:00,20:00,2,0.97
C18,2026-09-30,20:00,22:00,3,0.88
C18,2026-09-30,22:00,00:00,1,0.92
C19,2026-09-30,00:00,02:00,4,0.82
C19,2026-09-30,02:00,04:00,2,0.94
C19,2026-09-30,04:00,06:00,2,0.81
C19,2026-09-30,06:00,08:00,5,0.86
C19,2026-09-30,08:00,10:00,6,0.87
C19,2026-09-30,10:00,12:00,2,0.93
C19,2026-09-30,12:00,14:00,3,0.95
C19,2026-09-30,14:00,16:00,1,0.93
C19,2026-09-30,16:00,18:00,1,0.88
C19,2026-09-30,18:00,20:00,3,0.75
C19,2026-09-30,20:00,22:00,6,0.85
C19,2026-09-30,22:00,00:00,1,0.89
C20,2026-09-30,00:00,02:00,1,0.77
C20,2026-09-30,02:00,04:00,0,0.92
C20,2026-09-30,04:00,06:00,1,0.77
C20,2026-09-30,06:00,08:00,3,0.93
C20,2026-09-30,08:00,10:00,7,0.85
C20,2026-09-30,10:00,12:00,0,0.73
C20,2026-09-30,12:00,14:00,3,0.84
C20,2026-09-30,14:00,16:00,3,0.76
C20,2026-09-30,16:00,18:00,1,0.8
C20,2026-09-30,18:00,20:00,5,0.78
C20,2026-09-30,20:00,22:00,1,0.83
C20,2026-09-30,22:00,00:00,2,0.92
