movement_id,day,corridor_id,subsection_id,from_station,to_station,train_no,train_type,entry_time,exit_time,minimum_maintenance_buffer_minutes,line_id,movement_status,direction,movement_source
TM-00001,Monday,C01,C01-S01,ST01,ST02,12001,Passenger,05:24,05:32,15,LINE-01,SCHEDULED,UP,SYNTHETIC_CONTROL_CHART
TM-00002,Monday,C01,C01-S01,ST01,ST02,12002,MEMU,06:24,06:29,15,LINE-01,SCHEDULED,UP,SYNTHETIC_CONTROL_CHART
TM-00003,Monday,C01,C01-S01,ST01,ST02,12005,Passenger,07:37,07:41,15,LINE-01,SCHEDULED,UP,SYNTHETIC_CONTROL_CHART
TM-00004,Monday,C01,C01-S01,ST01,ST02,12008,Passenger,08:24,08:28,15,LINE-01,SCHEDULED,DOWN,SYNTHETIC_CONTROL_CHART
TM-00005,Monday,C01,C01-S01,ST01,ST02,12009,Freight,09:18,09:22,15,LINE-01,SCHEDULED,DOWN,SYNTHETIC_CONTROL_CHART
TM-00006,Monday,C01,C01-S01,ST01,ST02,12010,Freight,10:49,10:52,15,LINE-01,SCHEDULED,UP,SYNTHETIC_CONTROL_CHART
TM-00007,Monday,C01,C01-S01,ST01,ST02,12011,Express,11:31,11:34,15,LINE-01,SCHEDULED,DOWN,SYNTHETIC_CONTROL_CHART
TM-00008,Monday,C01,C01-S01,ST01,ST02,12012,Freight,13:31,13:39,15,LINE-01,SCHEDULED,DOWN,SYNTHETIC_CONTROL_CHART
TM-00009,Monday,C01,C01-S01,ST01,ST02,12013,Freight,14:03,14:06,15,LINE-01,SCHEDULED,DOWN,SYNTHETIC_CONTROL_CHART
TM-00010,Monday,C01,C01-S01,ST01,ST02,12014,Express,15:37,15:40,15,LINE-01,SCHEDULED,UP,SYNTHETIC_CONTROL_CHART
TM-00011,Monday,C01,C01-S01,ST01,ST02,12016,Passenger,16:43,16:48,15,LINE-01,SCHEDULED,DOWN,SYNTHETIC_CONTROL_CHART
TM-00012,Monday,C01,C01-S01,ST01,ST02,12019,Express,17:31,17:34,15,LINE-01,SCHEDULED,DOWN,SYNTHETIC_CONTROL_CHART
TM-00013,Monday,C01,C01-S01,ST01,ST02,12020,Special,18:07,18:10,15,LINE-01,SCHEDULED,DOWN,SYNTHETIC_CONTROL_CHART
TM-00014,Monday,C01,C01-S01,ST01,ST02,12022,Freight,19:37,19:45,15,LINE-01,SCHEDULED,DOWN,SYNTHETIC_CONTROL_CHART
TM-00015,Monday,C01,C01-S01,ST01,ST02,12023,Express,21:37,21:43,15,LINE-01,SCHEDULED,UP,SYNTHETIC_CONTROL_CHART
TM-00016,Monday,C01,C01-S01,ST01,ST02,12025,Passenger,22:31,22:36,15,LINE-01,SCHEDULED,DOWN,SYNTHETIC_CONTROL_CHART
TM-00017,Monday,C01,C01-S02,ST01,ST02,12027,Passenger,05:31,05:35,15,LINE-01,SCHEDULED,DOWN,SYNTHETIC_CONTROL_CHART
TM-00018,Monday,C01,C01-S02,ST01,ST02,12030,Passenger,06:37,06:40,15,LINE-01,SCHEDULED,UP,SYNTHETIC_CONTROL_CHART
TM-00019,Monday,C01,C01-S02,ST01,ST02,12032,Passenger,07:18,07:28,15,LINE-01,SCHEDULED,DOWN,SYNTHETIC_CONTROL_CHART
TM-00020,Monday,C01,C01-S02,ST01,ST02,12034,Express,08:37,08:40,15,LINE-01,SCHEDULED,UP,SYNTHETIC_CONTROL_CHART
TM-00021,Monday,C01,C01-S02,ST01,ST02,12037,Express,09:31,09:39,15,LINE-01,SCHEDULED,UP,SYNTHETIC_CONTROL_CHART
TM-00022,Monday,C01,C01-S02,ST01,ST02,12040,Express,10:43,10:49,15,LINE-01,SCHEDULED,UP,SYNTHETIC_CONTROL_CHART
TM-00023,Monday,C01,C01-S02,ST01,ST02,12041,MEMU,11:37,11:42,15,LINE-01,SCHEDULED,DOWN,SYNTHETIC_CONTROL_CHART
TM-00024,Monday,C01,C01-S02,ST01,ST02,12042,Special,13:49,13:54,15,LINE-01,SCHEDULED,DOWN,SYNTHETIC_CONTROL_CHART
TM-00025,Monday,C01,C01-S02,ST01,ST02,12044,Express,14:37,14:47,15,LINE-01,SCHEDULED,DOWN,SYNTHETIC_CONTROL_CHART
TM-00026,Monday,C01,C01-S02,ST01,ST02,12045,MEMU,15:18,15:24,15,LINE-01,SCHEDULED,UP,SYNTHETIC_CONTROL_CHART
TM-00027,Monday,C01,C01-S02,ST01,ST02,12048,Passenger,16:55,17:03,15,LINE-01,SCHEDULED,UP,SYNTHETIC_CONTROL_CHART
TM-00028,Monday,C01,C01-S02,ST01,ST02,12051,Special,17:43,17:49,15,LINE-01,SCHEDULED,UP,SYNTHETIC_CONTROL_CHART
TM-00029,Monday,C01,C01-S02,ST01,ST02,12054,Special,18:49,18:59,15,LINE-01,SCHEDULED,UP,SYNTHETIC_CONTROL_CHART
TM-00030,Monday,C01,C01-S02,ST01,ST02,12057,Express,19:37,19:45,15,LINE-01,SCHEDULED,UP,SYNTHETIC_CONTROL_CHART
TM-00031,Monday,C01,C01-S02,ST01,ST02,12059,Passenger,21:03,21:08,15,LINE-01,SCHEDULED,UP,SYNTHETIC_CONTROL_CHART
TM-00032,Monday,C01,C01-S02,ST01,ST02,12062,Passenger,22:55,22:59,15,LINE-01,SCHEDULED,DOWN,SYNTHETIC_CONTROL_CHART
TM-00033,Monday,C01,C01-S03,ST01,ST02,12063,Express,05:24,05:27,15,LINE-01,SCHEDULED,UP,SYNTHETIC_CONTROL_CHART
TM-00034,Monday,C01,C01-S03,ST01,ST02,12066,MEMU,06:49,06:54,15,LINE-01,SCHEDULED,DOWN,SYNTHETIC_CONTROL_CHART
TM-00035,Monday,C01,C01-S03,ST01,ST02,12068,Express,07:37,07:42,15,LINE-01,SCHEDULED,UP,SYNTHETIC_CONTROL_CHART
TM-00036,Monday,C01,C01-S03,ST01,ST02,12070,Express,08:24,08:28,15,LINE-01,SCHEDULED,DOWN,SYNTHETIC_CONTROL_CHART
TM-00037,Monday,C01,C01-S03,ST01,ST02,12072,Express,09:03,09:07,15,LINE-01,SCHEDULED,UP,SYNTHETIC_CONTROL_CHART
TM-00038,Monday,C01,C01-S03,ST01,ST02,12073,Passenger,10:03,10:08,15,LINE-01,SCHEDULED,UP,SYNTHETIC_CONTROL_CHART
TM-00039,Monday,C01,C01-S03,ST01,ST02,12074,Express,11:03,11:07,15,LINE-01,SCHEDULED,DOWN,SYNTHETIC_CONTROL_CHART
TM-00040,Monday,C01,C01-S03,ST01,ST02,12075,Express,13:07,13:17,15,LINE-01,SCHEDULED,DOWN,SYNTHETIC_CONTROL_CHART
TM-00041,Monday,C01,C01-S03,ST01,ST02,12078,Passenger,14:07,14:11,15,LINE-01,SCHEDULED,DOWN,SYNTHETIC_CONTROL_CHART
TM-00042,Monday,C01,C01-S03,ST01,ST02,12079,MEMU,15:31,15:35,15,LINE-01,SCHEDULED,DOWN,SYNTHETIC_CONTROL_CHART
TM-00043,Monday,C01,C01-S03,ST01,ST02,12080,Express,16:18,16:22,15,LINE-01,SCHEDULED,DOWN,SYNTHETIC_CONTROL_CHART
TM-00044,Monday,C01,C01-S03,ST01,ST02,12083,Passenger,17:31,17:41,15,LINE-01,SCHEDULED,DOWN,SYNTHETIC_CONTROL_CHART
TM-00045,Monday,C01,C01-S03,ST01,ST02,12084,Express,18:55,19:05,15,LINE-01,SCHEDULED,DOWN,SYNTHETIC_CONTROL_CHART
TM-00046,Monday,C01,C01-S03,ST01,ST02,12085,Passenger,19:31,19:36,15,LINE-01,SCHEDULED,UP,SYNTHETIC_CONTROL_CHART
TM-00047,Monday,C01,C01-S03,ST01,ST02,12087,MEMU,21:43,21:49,15,LINE-01,SCHEDULED,UP,SYNTHETIC_CONTROL_CHART
TM-00048,Monday,C01,C01-S03,ST01,ST02,12090,Express,22:07,22:10,15,LINE-01,SCHEDULED,DOWN,SYNTHETIC_CONTROL_CHART
TM-00049,Monday,C01,C01-S04,ST01,ST02,12091,MEMU,05:55,06:00,15,LINE-01,SCHEDULED,UP,SYNTHETIC_CONTROL_CHART
TM-00050,Monday,C01,C01-S04,ST01,ST02,12092,Express,06:07,06:10,15,LINE-01,SCHEDULED,UP,SYNTHETIC_CONTROL_CHART
TM-00051,Monday,C01,C01-S04,ST01,ST02,12095,Special,07:37,07:45,15,LINE-01,SCHEDULED,UP,SYNTHETIC_CONTROL_CHART
TM-00052,Monday,C01,C01-S04,ST01,ST02,12096,Freight,08:43,08:49,15,LINE-01,SCHEDULED,DOWN,SYNTHETIC_CONTROL_CHART
TM-00053,Monday,C01,C01-S04,ST01,ST02,12097,MEMU,09:07,09:17,15,LINE-01,SCHEDULED,DOWN,SYNTHETIC_CONTROL_CHART
TM-00054,Monday,C01,C01-S04,ST01,ST02,12098,Express,10:49,10:59,15,LINE-01,SCHEDULED,UP,SYNTHETIC_CONTROL_CHART
TM-00055,Monday,C01,C01-S04,ST01,ST02,12099,Express,11:07,11:17,15,LINE-01,SCHEDULED,DOWN,SYNTHETIC_CONTROL_CHART
TM-00056,Monday,C01,C01-S04,ST01,ST02,12101,Freight,13:43,13:51,15,LINE-01,SCHEDULED,UP,SYNTHETIC_CONTROL_CHART
TM-00057,Monday,C01,C01-S04,ST01,ST02,12102,Express,14:31,14:39,15,LINE-01,SCHEDULED,UP,SYNTHETIC_CONTROL_CHART
TM-00058,Monday,C01,C01-S04,ST01,ST02,12103,Special,15:12,15:15,15,LINE-01,SCHEDULED,DOWN,SYNTHETIC_CONTROL_CHART
TM-00059,Monday,C01,C01-S04,ST01,ST02,12106,MEMU,16:55,17:01,15,LINE-01,SCHEDULED,UP,SYNTHETIC_CONTROL_CHART
TM-00060,Monday,C01,C01-S04,ST01,ST02,12107,Special,17:03,17:09,15,LINE-01,SCHEDULED,DOWN,SYNTHETIC_CONTROL_CHART
TM-00061,Monday,C01,C01-S04,ST01,ST02,12108,Passenger,18:55,19:05,15,LINE-01,SCHEDULED,DOWN,SYNTHETIC_CONTROL_CHART
TM-00062,Monday,C01,C01-S04,ST01,ST02,12109,Passenger,19:03,19:11,15,LINE-01,SCHEDULED,UP,SYNTHETIC_CONTROL_CHART
TM-00063,Monday,C01,C01-S04,ST01,ST02,12112,Express,21:55,22:00,15,LINE-01,SCHEDULED,UP,SYNTHETIC_CONTROL_CHART
TM-00064,Monday,C01,C01-S04,ST01,ST02,12113,Express,22:07,22:10,15,LINE-01,SCHEDULED,UP,SYNTHETIC_CONTROL_CHART
TM-00065,Monday,C02,C02-S01,ST02,ST03,12114,Special,05:07,05:17,15,LINE-01,SCHEDULED,DOWN,SYNTHETIC_CONTROL_CHART
TM-00066,Monday,C02,C02-S01,ST02,ST03,12115,Passenger,06:18,06:21,15,LINE-01,SCHEDULED,UP,SYNTHETIC_CONTROL_CHART
TM-00067,Monday,C02,C02-S01,ST02,ST03,12117,Express,07:03,07:06,15,LINE-01,SCHEDULED,DOWN,SYNTHETIC_CONTROL_CHART
TM-00068,Monday,C02,C02-S01,ST02,ST03,12118,Express,08:03,08:13,15,LINE-01,SCHEDULED,DOWN,SYNTHETIC_CONTROL_CHART
TM-00069,Monday,C02,C02-S01,ST02,ST03,12119,MEMU,09:07,09:11,15,LINE-01,SCHEDULED,UP,SYNTHETIC_CONTROL_CHART
TM-00070,Monday,C02,C02-S01,ST02,ST03,12120,Express,10:18,10:24,15,LINE-01,SCHEDULED,UP,SYNTHETIC_CONTROL_CHART
TM-00071,Monday,C02,C02-S01,ST02,ST03,12122,MEMU,11:18,11:22,15,LINE-01,SCHEDULED,UP,SYNTHETIC_CONTROL_CHART
TM-00072,Monday,C02,C02-S01,ST02,ST03,12124,Passenger,13:31,13:41,15,LINE-01,SCHEDULED,UP,SYNTHETIC_CONTROL_CHART
TM-00073,Monday,C02,C02-S01,ST02,ST03,12126,Express,14:43,14:46,15,LINE-01,SCHEDULED,DOWN,SYNTHETIC_CONTROL_CHART
TM-00074,Monday,C02,C02-S01,ST02,ST03,12128,MEMU,15:49,15:53,15,LINE-01,SCHEDULED,UP,SYNTHETIC_CONTROL_CHART
TM-00075,Monday,C02,C02-S01,ST02,ST03,12129,Express,16:18,16:23,15,LINE-01,SCHEDULED,UP,SYNTHETIC_CONTROL_CHART
TM-00076,Monday,C02,C02-S01,ST02,ST03,12132,Passenger,17:24,17:32,15,LINE-01,SCHEDULED,DOWN,SYNTHETIC_CONTROL_CHART
TM-00077,Monday,C02,C02-S01,ST02,ST03,12133,Freight,18:55,18:59,15,LINE-01,SCHEDULED,UP,SYNTHETIC_CONTROL_CHART
TM-00078,Monday,C02,C02-S01,ST02,ST03,12134,Express,19:24,19:34,15,LINE-01,SCHEDULED,UP,SYNTHETIC_CONTROL_CHART
TM-00079,Monday,C02,C02-S01,ST02,ST03,12135,Passenger,21:24,21:29,15,LINE-01,SCHEDULED,DOWN,SYNTHETIC_CONTROL_CHART
TM-00080,Monday,C02,C02-S01,ST02,ST03,12136,Passenger,22:49,22:59,15,LINE-01,SCHEDULED,DOWN,SYNTHETIC_CONTROL_CHART
TM-00081,Monday,C02,C02-S02,ST02,ST03,12137,Freight,05:37,05:41,15,LINE-01,SCHEDULED,UP,SYNTHETIC_CONTROL_CHART
TM-00082,Monday,C02,C02-S02,ST02,ST03,12140,Freight,06:43,06:46,15,LINE-01,SCHEDULED,UP,SYNTHETIC_CONTROL_CHART
TM-00083,Monday,C02,C02-S02,ST02,ST03,12141,Passenger,07:24,07:30,15,LINE-01,SCHEDULED,UP,SYNTHETIC_CONTROL_CHART
TM-00084,Monday,C02,C02-S02,ST02,ST03,12143,MEMU,08:31,08:36,15,LINE-01,SCHEDULED,UP,SYNTHETIC_CONTROL_CHART
TM-00085,Monday,C02,C02-S02,ST02,ST03,12144,Passenger,09:24,09:27,15,LINE-01,SCHEDULED,UP,SYNTHETIC_CONTROL_CHART
TM-00086,Monday,C02,C02-S02,ST02,ST03,12145,Express,10:12,10:22,15,LINE-01,SCHEDULED,UP,SYNTHETIC_CONTROL_CHART
TM-00087,Monday,C02,C02-S02,ST02,ST03,12146,Express,11:37,11:40,15,LINE-01,SCHEDULED,UP,SYNTHETIC_CONTROL_CHART
TM-00088,Monday,C02,C02-S02,ST02,ST03,12147,Express,13:12,13:22,15,LINE-01,SCHEDULED,DOWN,SYNTHETIC_CONTROL_CHART
TM-00089,Monday,C02,C02-S02,ST02,ST03,12148,Passenger,14:07,14:12,15,LINE-01,SCHEDULED,UP,SYNTHETIC_CONTROL_CHART
TM-00090,Monday,C02,C02-S02,ST02,ST03,12149,Express,15:31,15:35,15,LINE-01,SCHEDULED,UP,SYNTHETIC_CONTROL_CHART
TM-00091,Monday,C02,C02-S02,ST02,ST03,12150,Passenger,16:55,17:01,15,LINE-01,SCHEDULED,UP,SYNTHETIC_CONTROL_CHART
TM-00092,Monday,C02,C02-S02,ST02,ST03,12151,Passenger,17:31,17:34,15,LINE-01,SCHEDULED,UP,SYNTHETIC_CONTROL_CHART
TM-00093,Monday,C02,C02-S02,ST02,ST03,12152,MEMU,18:31,18:37,15,LINE-01,SCHEDULED,UP,SYNTHETIC_CONTROL_CHART
TM-00094,Monday,C02,C02-S02,ST02,ST03,12154,Express,19:03,19:13,15,LINE-01,SCHEDULED,DOWN,SYNTHETIC_CONTROL_CHART
TM-00095,Monday,C02,C02-S02,ST02,ST03,12157,Express,21:31,21:41,15,LINE-01,SCHEDULED,DOWN,SYNTHETIC_CONTROL_CHART
TM-00096,Monday,C02,C02-S02,ST02,ST03,12159,Freight,22:49,22:55,15,LINE-01,SCHEDULED,DOWN,SYNTHETIC_CONTROL_CHART
TM-00097,Monday,C02,C02-S03,ST02,ST03,12160,Passenger,05:07,05:11,15,LINE-01,SCHEDULED,UP,SYNTHETIC_CONTROL_CHART
TM-00098,Monday,C02,C02-S03,ST02,ST03,12162,Express,06:18,06:22,15,LINE-01,SCHEDULED,UP,SYNTHETIC_CONTROL_CHART
TM-00099,Monday,C02,C02-S03,ST02,ST03,12165,Express,07:07,07:13,15,LINE-01,SCHEDULED,UP,SYNTHETIC_CONTROL_CHART
TM-00100,Monday,C02,C02-S03,ST02,ST03,12167,Passenger,08:12,08:22,15,LINE-01,SCHEDULED,UP,SYNTHETIC_CONTROL_CHART
TM-00101,Monday,C02,C02-S03,ST02,ST03,12168,Passenger,09:18,09:23,15,LINE-01,SCHEDULED,UP,SYNTHETIC_CONTROL_CHART
TM-00102,Monday,C02,C02-S03,ST02,ST03,12169,Passenger,10:18,10:26,15,LINE-01,SCHEDULED,UP,SYNTHETIC_CONTROL_CHART
TM-00103,Monday,C02,C02-S03,ST02,ST03,12170,Special,11:55,12:03,15,LINE-01,SCHEDULED,UP,SYNTHETIC_CONTROL_CHART
TM-00104,Monday,C02,C02-S03,ST02,ST03,12171,Special,13:24,13:28,15,LINE-01,SCHEDULED,DOWN,SYNTHETIC_CONTROL_CHART
TM-00105,Monday,C02,C02-S03,ST02,ST03,12172,Passenger,14:18,14:26,15,LINE-01,SCHEDULED,DOWN,SYNTHETIC_CONTROL_CHART
TM-00106,Monday,C02,C02-S03,ST02,ST03,12173,MEMU,15:37,15:41,15,LINE-01,SCHEDULED,DOWN,SYNTHETIC_CONTROL_CHART
TM-00107,Monday,C02,C02-S03,ST02,ST03,12175,Passenger,16:24,16:30,15,LINE-01,SCHEDULED,UP,SYNTHETIC_CONTROL_CHART
TM-00108,Monday,C02,C02-S03,ST02,ST03,12176,Express,17:18,17:28,15,LINE-01,SCHEDULED,DOWN,SYNTHETIC_CONTROL_CHART
TM-00109,Monday,C02,C02-S03,ST02,ST03,12177,Passenger,18:07,18:11,15,LINE-01,SCHEDULED,UP,SYNTHETIC_CONTROL_CHART
TM-00110,Monday,C02,C02-S03,ST02,ST03,12178,Special,19:03,19:09,15,LINE-01,SCHEDULED,DOWN,SYNTHETIC_CONTROL_CHART
TM-00111,Monday,C02,C02-S03,ST02,ST03,12181,Passenger,21:43,21:53,15,LINE-01,SCHEDULED,UP,SYNTHETIC_CONTROL_CHART
TM-00112,Monday,C02,C02-S03,ST02,ST03,12182,Express,22:55,23:00,15,LINE-01,SCHEDULED,UP,SYNTHETIC_CONTROL_CHART
TM-00113,Monday,C02,C02-S04,ST02,ST03,12183,Passenger,05:31,05:37,15,LINE-01,SCHEDULED,UP,SYNTHETIC_CONTROL_CHART
TM-00114,Monday,C02,C02-S04,ST02,ST03,12185,Express,06:49,06:55,15,LINE-01,SCHEDULED,DOWN,SYNTHETIC_CONTROL_CHART
TM-00115,Monday,C02,C02-S04,ST02,ST03,12187,Passenger,07:07,07:10,15,LINE-01,SCHEDULED,UP,SYNTHETIC_CONTROL_CHART
TM-00116,Monday,C02,C02-S04,ST02,ST03,12188,Express,08:37,08:42,15,LINE-01,SCHEDULED,DOWN,SYNTHETIC_CONTROL_CHART
TM-00117,Monday,C02,C02-S04,ST02,ST03,12189,Passenger,09:18,09:28,15,LINE-01,SCHEDULED,UP,SYNTHETIC_CONTROL_CHART
TM-00118,Monday,C02,C02-S04,ST02,ST03,12191,Express,10:43,10:51,15,LINE-01,SCHEDULED,DOWN,SYNTHETIC_CONTROL_CHART
TM-00119,Monday,C02,C02-S04,ST02,ST03,12192,Passenger,11:43,11:53,15,LINE-01,SCHEDULED,UP,SYNTHETIC_CONTROL_CHART
TM-00120,Monday,C02,C02-S04,ST02,ST03,12193,Freight,13:03,13:09,15,LINE-01,SCHEDULED,UP,SYNTHETIC_CONTROL_CHART
TM-00121,Monday,C02,C02-S04,ST02,ST03,12195,Passenger,14:43,14:49,15,LINE-01,SCHEDULED,UP,SYNTHETIC_CONTROL_CHART
TM-00122,Monday,C02,C02-S04,ST02,ST03,12196,Passenger,15:12,15:22,15,LINE-01,SCHEDULED,DOWN,SYNTHETIC_CONTROL_CHART
TM-00123,Monday,C02,C02-S04,ST02,ST03,12199,Express,16:18,16:23,15,LINE-01,SCHEDULED,UP,SYNTHETIC_CONTROL_CHART
TM-00124,Monday,C02,C02-S04,ST02,ST03,12202,Freight,17:37,17:45,15,LINE-01,SCHEDULED,DOWN,SYNTHETIC_CONTROL_CHART
TM-00125,Monday,C02,C02-S04,ST02,ST03,12203,Special,18:03,18:07,15,LINE-01,SCHEDULED,UP,SYNTHETIC_CONTROL_CHART
TM-00126,Monday,C02,C02-S04,ST02,ST03,12206,MEMU,19:49,19:54,15,LINE-01,SCHEDULED,UP,SYNTHETIC_CONTROL_CHART
TM-00127,Monday,C02,C02-S04,ST02,ST03,12209,Passenger,21:12,21:22,15,LINE-01,SCHEDULED,DOWN,SYNTHETIC_CONTROL_CHART
TM-00128,Monday,C02,C02-S04,ST02,ST03,12211,Special,22:31,22:41,15,LINE-01,SCHEDULED,DOWN,SYNTHETIC_CONTROL_CHART
TM-00129,Monday,C03,C03-S01,ST03,ST04,12212,Passenger,05:18,05:28,15,LINE-01,SCHEDULED,UP,SYNTHETIC_CONTROL_CHART
TM-00130,Monday,C03,C03-S01,ST03,ST04,12213,Freight,06:03,06:06,15,LINE-01,SCHEDULED,UP,SYNTHETIC_CONTROL_CHART
TM-00131,Monday,C03,C03-S01,ST03,ST04,12214,Express,07:37,07:42,15,LINE-01,SCHEDULED,DOWN,SYNTHETIC_CONTROL_CHART
TM-00132,Monday,C03,C03-S01,ST03,ST04,12215,Passenger,08:18,08:23,15,LINE-01,SCHEDULED,DOWN,SYNTHETIC_CONTROL_CHART
TM-00133,Monday,C03,C03-S01,ST03,ST04,12216,Special,09:18,09:22,15,LINE-01,SCHEDULED,DOWN,SYNTHETIC_CONTROL_CHART
TM-00134,Monday,C03,C03-S01,ST03,ST04,12217,MEMU,10:07,10:15,15,LINE-01,SCHEDULED,UP,SYNTHETIC_CONTROL_CHART
TM-00135,Monday,C03,C03-S01,ST03,ST04,12218,Passenger,11:03,11:08,15,LINE-01,SCHEDULED,UP,SYNTHETIC_CONTROL_CHART
TM-00136,Monday,C03,C03-S01,ST03,ST04,12221,Express,13:18,13:24,15,LINE-01,SCHEDULED,DOWN,SYNTHETIC_CONTROL_CHART
TM-00137,Monday,C03,C03-S01,ST03,ST04,12224,Express,14:07,14:15,15,LINE-01,SCHEDULED,UP,SYNTHETIC_CONTROL_CHART
TM-00138,Monday,C03,C03-S01,ST03,ST04,12225,Express,15:24,15:27,15,LINE-01,SCHEDULED,UP,SYNTHETIC_CONTROL_CHART
TM-00139,Monday,C03,C03-S01,ST03,ST04,12226,Express,16:37,16:42,15,LINE-01,SCHEDULED,DOWN,SYNTHETIC_CONTROL_CHART
TM-00140,Monday,C03,C03-S01,ST03,ST04,12227,Express,17:43,17:47,15,LINE-01,SCHEDULED,UP,SYNTHETIC_CONTROL_CHART
TM-00141,Monday,C03,C03-S01,ST03,ST04,12229,Passenger,18:24,18:32,15,LINE-01,SCHEDULED,DOWN,SYNTHETIC_CONTROL_CHART
TM-00142,Monday,C03,C03-S01,ST03,ST04,12230,MEMU,19:18,19:24,15,LINE-01,SCHEDULED,UP,SYNTHETIC_CONTROL_CHART
TM-00143,Monday,C03,C03-S01,ST03,ST04,12231,Passenger,21:49,21:55,15,LINE-01,SCHEDULED,UP,SYNTHETIC_CONTROL_CHART
TM-00144,Monday,C03,C03-S01,ST03,ST04,12232,Freight,22:12,22:22,15,LINE-01,SCHEDULED,UP,SYNTHETIC_CONTROL_CHART
TM-00145,Monday,C03,C03-S02,ST03,ST04,12233,Express,05:24,05:29,15,LINE-01,SCHEDULED,UP,SYNTHETIC_CONTROL_CHART
TM-00146,Monday,C03,C03-S02,ST03,ST04,12235,Express,06:03,06:11,15,LINE-01,SCHEDULED,DOWN,SYNTHETIC_CONTROL_CHART
TM-00147,Monday,C03,C03-S02,ST03,ST04,12236,MEMU,07:24,07:30,15,LINE-01,SCHEDULED,UP,SYNTHETIC_CONTROL_CHART
TM-00148,Monday,C03,C03-S02,ST03,ST04,12238,Passenger,08:43,08:48,15,LINE-01,SCHEDULED,UP,SYNTHETIC_CONTROL_CHART
TM-00149,Monday,C03,C03-S02,ST03,ST04,12239,Freight,09:49,09:53,15,LINE-01,SCHEDULED,UP,SYNTHETIC_CONTROL_CHART
TM-00150,Monday,C03,C03-S02,ST03,ST04,12242,Passenger,10:55,11:03,15,LINE-01,SCHEDULED,DOWN,SYNTHETIC_CONTROL_CHART
TM-00151,Monday,C03,C03-S02,ST03,ST04,12243,Freight,11:55,11:59,15,LINE-01,SCHEDULED,DOWN,SYNTHETIC_CONTROL_CHART
TM-00152,Monday,C03,C03-S02,ST03,ST04,12244,Passenger,13:12,13:15,15,LINE-01,SCHEDULED,UP,SYNTHETIC_CONTROL_CHART
TM-00153,Monday,C03,C03-S02,ST03,ST04,12245,Passenger,14:49,14:54,15,LINE-01,SCHEDULED,UP,SYNTHETIC_CONTROL_CHART
TM-00154,Monday,C03,C03-S02,ST03,ST04,12246,Express,15:03,15:11,15,LINE-01,SCHEDULED,UP,SYNTHETIC_CONTROL_CHART
TM-00155,Monday,C03,C03-S02,ST03,ST04,12247,Express,16:07,16:17,15,LINE-01,SCHEDULED,DOWN,SYNTHETIC_CONTROL_CHART
TM-00156,Monday,C03,C03-S02,ST03,ST04,12250,MEMU,17:24,17:28,15,LINE-01,SCHEDULED,UP,SYNTHETIC_CONTROL_CHART
TM-00157,Monday,C03,C03-S02,ST03,ST04,12252,Special,18:55,19:03,15,LINE-01,SCHEDULED,UP,SYNTHETIC_CONTROL_CHART
TM-00158,Monday,C03,C03-S02,ST03,ST04,12255,Express,19:24,19:29,15,LINE-01,SCHEDULED,UP,SYNTHETIC_CONTROL_CHART
TM-00159,Monday,C03,C03-S02,ST03,ST04,12256,MEMU,21:12,21:20,15,LINE-01,SCHEDULED,UP,SYNTHETIC_CONTROL_CHART
TM-00160,Monday,C03,C03-S02,ST03,ST04,12257,Express,22:49,22:52,15,LINE-01,SCHEDULED,UP,SYNTHETIC_CONTROL_CHART
TM-00161,Monday,C03,C03-S03,ST03,ST04,12259,Express,05:37,05:43,15,LINE-01,SCHEDULED,DOWN,SYNTHETIC_CONTROL_CHART
TM-00162,Monday,C03,C03-S03,ST03,ST04,12260,Passenger,06:12,06:15,15,LINE-01,SCHEDULED,DOWN,SYNTHETIC_CONTROL_CHART
TM-00163,Monday,C03,C03-S03,ST03,ST04,12262,Express,07:49,07:52,15,LINE-01,SCHEDULED,UP,SYNTHETIC_CONTROL_CHART
TM-00164,Monday,C03,C03-S03,ST03,ST04,12263,Passenger,08:37,08:42,15,LINE-01,SCHEDULED,DOWN,SYNTHETIC_CONTROL_CHART
TM-00165,Monday,C03,C03-S03,ST03,ST04,12264,Passenger,09:18,09:22,15,LINE-01,SCHEDULED,UP,SYNTHETIC_CONTROL_CHART
TM-00166,Monday,C03,C03-S03,ST03,ST04,12265,Express,10:24,10:30,15,LINE-01,SCHEDULED,DOWN,SYNTHETIC_CONTROL_CHART
TM-00167,Monday,C03,C03-S03,ST03,ST04,12266,MEMU,11:55,12:05,15,LINE-01,SCHEDULED,DOWN,SYNTHETIC_CONTROL_CHART
TM-00168,Monday,C03,C03-S03,ST03,ST04,12268,Express,13:43,13:47,15,LINE-01,SCHEDULED,UP,SYNTHETIC_CONTROL_CHART
TM-00169,Monday,C03,C03-S03,ST03,ST04,12270,MEMU,14:03,14:06,15,LINE-01,SCHEDULED,UP,SYNTHETIC_CONTROL_CHART
TM-00170,Monday,C03,C03-S03,ST03,ST04,12273,Passenger,15:24,15:34,15,LINE-01,SCHEDULED,UP,SYNTHETIC_CONTROL_CHART
TM-00171,Monday,C03,C03-S03,ST03,ST04,12275,Passenger,16:03,16:06,15,LINE-01,SCHEDULED,DOWN,SYNTHETIC_CONTROL_CHART
TM-00172,Monday,C03,C03-S03,ST03,ST04,12276,Express,17:07,17:13,15,LINE-01,SCHEDULED,DOWN,SYNTHETIC_CONTROL_CHART
TM-00173,Monday,C03,C03-S03,ST03,ST04,12277,Express,18:03,18:13,15,LINE-01,SCHEDULED,DOWN,SYNTHETIC_CONTROL_CHART
TM-00174,Monday,C03,C03-S03,ST03,ST04,12278,Passenger,19:43,19:47,15,LINE-01,SCHEDULED,DOWN,SYNTHETIC_CONTROL_CHART
TM-00175,Monday,C03,C03-S03,ST03,ST04,12279,Passenger,21:03,21:09,15,LINE-01,SCHEDULED,UP,SYNTHETIC_CONTROL_CHART
TM-00176,Monday,C03,C03-S03,ST03,ST04,12281,Passenger,22:43,22:47,15,LINE-01,SCHEDULED,UP,SYNTHETIC_CONTROL_CHART
TM-00177,Monday,C03,C03-S04,ST03,ST04,12284,Express,05:24,05:29,15,LINE-01,SCHEDULED,UP,SYNTHETIC_CONTROL_CHART
TM-00178,Monday,C03,C03-S04,ST03,ST04,12285,Express,06:07,06:15,15,LINE-01,SCHEDULED,DOWN,SYNTHETIC_CONTROL_CHART
TM-00179,Monday,C03,C03-S04,ST03,ST04,12286,Special,07:55,07:58,15,LINE-01,SCHEDULED,DOWN,SYNTHETIC_CONTROL_CHART
TM-00180,Monday,C03,C03-S04,ST03,ST04,12287,MEMU,08:55,09:05,15,LINE-01,SCHEDULED,UP,SYNTHETIC_CONTROL_CHART
TM-00181,Monday,C03,C03-S04,ST03,ST04,12288,Express,09:43,09:53,15,LINE-01,SCHEDULED,DOWN,SYNTHETIC_CONTROL_CHART
TM-00182,Monday,C03,C03-S04,ST03,ST04,12290,Express,10:49,10:52,15,LINE-01,SCHEDULED,DOWN,SYNTHETIC_CONTROL_CHART
TM-00183,Monday,C03,C03-S04,ST03,ST04,12293,Express,11:24,11:29,15,LINE-01,SCHEDULED,UP,SYNTHETIC_CONTROL_CHART
TM-00184,Monday,C03,C03-S04,ST03,ST04,12294,Passenger,13:24,13:29,15,LINE-01,SCHEDULED,UP,SYNTHETIC_CONTROL_CHART
TM-00185,Monday,C03,C03-S04,ST03,ST04,12295,Freight,14:55,15:05,15,LINE-01,SCHEDULED,UP,SYNTHETIC_CONTROL_CHART
TM-00186,Monday,C03,C03-S04,ST03,ST04,12297,Special,15:18,15:21,15,LINE-01,SCHEDULED,UP,SYNTHETIC_CONTROL_CHART
TM-00187,Monday,C03,C03-S04,ST03,ST04,12298,Passenger,16:43,16:48,15,LINE-01,SCHEDULED,UP,SYNTHETIC_CONTROL_CHART
TM-00188,Monday,C03,C03-S04,ST03,ST04,12299,Freight,17:03,17:06,15,LINE-01,SCHEDULED,UP,SYNTHETIC_CONTROL_CHART
TM-00189,Monday,C03,C03-S04,ST03,ST04,12301,MEMU,18:07,18:13,15,LINE-01,SCHEDULED,UP,SYNTHETIC_CONTROL_CHART
TM-00190,Monday,C03,C03-S04,ST03,ST04,12304,Express,19:18,19:21,15,LINE-01,SCHEDULED,UP,SYNTHETIC_CONTROL_CHART
TM-00191,Monday,C03,C03-S04,ST03,ST04,12307,Express,21:24,21:27,15,LINE-01,SCHEDULED,UP,SYNTHETIC_CONTROL_CHART
TM-00192,Monday,C03,C03-S04,ST03,ST04,12308,Passenger,22:49,22:54,15,LINE-01,SCHEDULED,DOWN,SYNTHETIC_CONTROL_CHART
TM-00193,Monday,C04,C04-S01,ST04,ST05,12309,Passenger,05:07,05:12,15,LINE-01,SCHEDULED,UP,SYNTHETIC_CONTROL_CHART
TM-00194,Monday,C04,C04-S01,ST04,ST05,12312,MEMU,06:43,06:47,15,LINE-01,SCHEDULED,DOWN,SYNTHETIC_CONTROL_CHART
TM-00195,Monday,C04,C04-S01,ST04,ST05,12313,Express,07:55,08:05,15,LINE-01,SCHEDULED,UP,SYNTHETIC_CONTROL_CHART
TM-00196,Monday,C04,C04-S01,ST04,ST05,12314,Express,08:49,08:55,15,LINE-01,SCHEDULED,UP,SYNTHETIC_CONTROL_CHART
TM-00197,Monday,C04,C04-S01,ST04,ST05,12315,Passenger,09:18,09:22,15,LINE-01,SCHEDULED,UP,SYNTHETIC_CONTROL_CHART
TM-00198,Monday,C04,C04-S01,ST04,ST05,12316,Special,10:03,10:13,15,LINE-01,SCHEDULED,UP,SYNTHETIC_CONTROL_CHART
TM-00199,Monday,C04,C04-S01,ST04,ST05,12317,Express,11:24,11:27,15,LINE-01,SCHEDULED,UP,SYNTHETIC_CONTROL_CHART
TM-00200,Monday,C04,C04-S01,ST04,ST05,12318,Express,13:49,13:53,15,LINE-01,SCHEDULED,UP,SYNTHETIC_CONTROL_CHART
TM-00201,Monday,C04,C04-S01,ST04,ST05,12319,Special,14:49,14:52,15,LINE-01,SCHEDULED,DOWN,SYNTHETIC_CONTROL_CHART
TM-00202,Monday,C04,C04-S01,ST04,ST05,12321,Passenger,15:07,15:10,15,LINE-01,SCHEDULED,UP,SYNTHETIC_CONTROL_CHART
TM-00203,Monday,C04,C04-S01,ST04,ST05,12322,Special,16:03,16:09,15,LINE-01,SCHEDULED,UP,SYNTHETIC_CONTROL_CHART
TM-00204,Monday,C04,C04-S01,ST04,ST05,12325,Passenger,17:18,17:24,15,LINE-01,SCHEDULED,UP,SYNTHETIC_CONTROL_CHART
TM-00205,Monday,C04,C04-S01,ST04,ST05,12328,MEMU,18:55,19:05,15,LINE-01,SCHEDULED,DOWN,SYNTHETIC_CONTROL_CHART
TM-00206,Monday,C04,C04-S01,ST04,ST05,12330,Express,19:43,19:49,15,LINE-01,SCHEDULED,DOWN,SYNTHETIC_CONTROL_CHART
TM-00207,Monday,C04,C04-S01,ST04,ST05,12331,Special,21:07,21:13,15,LINE-01,SCHEDULED,UP,SYNTHETIC_CONTROL_CHART
TM-00208,Monday,C04,C04-S01,ST04,ST05,12334,Express,22:49,22:53,15,LINE-01,SCHEDULED,DOWN,SYNTHETIC_CONTROL_CHART
TM-00209,Monday,C04,C04-S02,ST04,ST05,12335,Express,05:03,05:07,15,LINE-01,SCHEDULED,DOWN,SYNTHETIC_CONTROL_CHART
TM-00210,Monday,C04,C04-S02,ST04,ST05,12338,Express,06:49,06:59,15,LINE-01,SCHEDULED,UP,SYNTHETIC_CONTROL_CHART
TM-00211,Monday,C04,C04-S02,ST04,ST05,12339,MEMU,07:55,08:03,15,LINE-01,SCHEDULED,UP,SYNTHETIC_CONTROL_CHART
TM-00212,Monday,C04,C04-S02,ST04,ST05,12340,Passenger,08:12,08:15,15,LINE-01,SCHEDULED,DOWN,SYNTHETIC_CONTROL_CHART
TM-00213,Monday,C04,C04-S02,ST04,ST05,12341,MEMU,09:31,09:37,15,LINE-01,SCHEDULED,UP,SYNTHETIC_CONTROL_CHART
TM-00214,Monday,C04,C04-S02,ST04,ST05,12342,MEMU,10:43,10:53,15,LINE-01,SCHEDULED,DOWN,SYNTHETIC_CONTROL_CHART
TM-00215,Monday,C04,C04-S02,ST04,ST05,12343,Passenger,11:03,11:11,15,LINE-01,SCHEDULED,UP,SYNTHETIC_CONTROL_CHART
TM-00216,Monday,C04,C04-S02,ST04,ST05,12346,Passenger,13:43,13:48,15,LINE-01,SCHEDULED,DOWN,SYNTHETIC_CONTROL_CHART
TM-00217,Monday,C04,C04-S02,ST04,ST05,12347,Express,14:55,15:01,15,LINE-01,SCHEDULED,UP,SYNTHETIC_CONTROL_CHART
TM-00218,Monday,C04,C04-S02,ST04,ST05,12348,Passenger,15:12,15:16,15,LINE-01,SCHEDULED,UP,SYNTHETIC_CONTROL_CHART
TM-00219,Monday,C04,C04-S02,ST04,ST05,12351,Express,16:07,16:11,15,LINE-01,SCHEDULED,UP,SYNTHETIC_CONTROL_CHART
TM-00220,Monday,C04,C04-S02,ST04,ST05,12354,MEMU,17:31,17:39,15,LINE-01,SCHEDULED,UP,SYNTHETIC_CONTROL_CHART
TM-00221,Monday,C04,C04-S02,ST04,ST05,12357,Express,18:24,18:29,15,LINE-01,SCHEDULED,DOWN,SYNTHETIC_CONTROL_CHART
TM-00222,Monday,C04,C04-S02,ST04,ST05,12359,Express,19:37,19:42,15,LINE-01,SCHEDULED,DOWN,SYNTHETIC_CONTROL_CHART
TM-00223,Monday,C04,C04-S02,ST04,ST05,12360,Express,21:37,21:43,15,LINE-01,SCHEDULED,UP,SYNTHETIC_CONTROL_CHART
TM-00224,Monday,C04,C04-S02,ST04,ST05,12361,Express,22:24,22:34,15,LINE-01,SCHEDULED,DOWN,SYNTHETIC_CONTROL_CHART
TM-00225,Monday,C04,C04-S03,ST04,ST05,12363,Passenger,05:03,05:06,15,LINE-01,SCHEDULED,UP,SYNTHETIC_CONTROL_CHART
TM-00226,Monday,C04,C04-S03,ST04,ST05,12364,Passenger,06:03,06:11,15,LINE-01,SCHEDULED,UP,SYNTHETIC_CONTROL_CHART
TM-00227,Monday,C04,C04-S03,ST04,ST05,12365,Freight,07:07,07:13,15,LINE-01,SCHEDULED,UP,SYNTHETIC_CONTROL_CHART
TM-00228,Monday,C04,C04-S03,ST04,ST05,12366,Passenger,08:24,08:29,15,LINE-01,SCHEDULED,DOWN,SYNTHETIC_CONTROL_CHART
TM-00229,Monday,C04,C04-S03,ST04,ST05,12367,Passenger,09:31,09:35,15,LINE-01,SCHEDULED,DOWN,SYNTHETIC_CONTROL_CHART
TM-00230,Monday,C04,C04-S03,ST04,ST05,12368,Express,10:49,10:57,15,LINE-01,SCHEDULED,DOWN,SYNTHETIC_CONTROL_CHART
TM-00231,Monday,C04,C04-S03,ST04,ST05,12369,Express,11:43,11:53,15,LINE-01,SCHEDULED,DOWN,SYNTHETIC_CONTROL_CHART
TM-00232,Monday,C04,C04-S03,ST04,ST05,12371,Express,13:07,13:17,15,LINE-01,SCHEDULED,UP,SYNTHETIC_CONTROL_CHART
TM-00233,Monday,C04,C04-S03,ST04,ST05,12373,Passenger,14:12,14:17,15,LINE-01,SCHEDULED,UP,SYNTHETIC_CONTROL_CHART
TM-00234,Monday,C04,C04-S03,ST04,ST05,12376,Passenger,15:49,15:53,15,LINE-01,SCHEDULED,UP,SYNTHETIC_CONTROL_CHART
TM-00235,Monday,C04,C04-S03,ST04,ST05,12377,Express,16:18,16:26,15,LINE-01,SCHEDULED,DOWN,SYNTHETIC_CONTROL_CHART
TM-00236,Monday,C04,C04-S03,ST04,ST05,12380,MEMU,17:07,17:11,15,LINE-01,SCHEDULED,UP,SYNTHETIC_CONTROL_CHART
TM-00237,Monday,C04,C04-S03,ST04,ST05,12382,Passenger,18:03,18:13,15,LINE-01,SCHEDULED,UP,SYNTHETIC_CONTROL_CHART
TM-00238,Monday,C04,C04-S03,ST04,ST05,12384,MEMU,19:24,19:27,15,LINE-01,SCHEDULED,UP,SYNTHETIC_CONTROL_CHART
TM-00239,Monday,C04,C04-S03,ST04,ST05,12385,Passenger,21:03,21:11,15,LINE-01,SCHEDULED,DOWN,SYNTHETIC_CONTROL_CHART
TM-00240,Monday,C04,C04-S03,ST04,ST05,12386,Express,22:18,22:28,15,LINE-01,SCHEDULED,UP,SYNTHETIC_CONTROL_CHART
TM-00241,Monday,C04,C04-S04,ST04,ST05,12387,Express,05:55,06:00,15,LINE-01,SCHEDULED,DOWN,SYNTHETIC_CONTROL_CHART
TM-00242,Monday,C04,C04-S04,ST04,ST05,12388,Passenger,06:49,06:55,15,LINE-01,SCHEDULED,UP,SYNTHETIC_CONTROL_CHART
TM-00243,Monday,C04,C04-S04,ST04,ST05,12390,MEMU,07:03,07:07,15,LINE-01,SCHEDULED,UP,SYNTHETIC_CONTROL_CHART
TM-00244,Monday,C04,C04-S04,ST04,ST05,12393,Passenger,08:43,08:49,15,LINE-01,SCHEDULED,UP,SYNTHETIC_CONTROL_CHART
TM-00245,Monday,C04,C04-S04,ST04,ST05,12394,Express,09:07,09:17,15,LINE-01,SCHEDULED,UP,SYNTHETIC_CONTROL_CHART
TM-00246,Monday,C04,C04-S04,ST04,ST05,12397,Passenger,10:49,10:53,15,LINE-01,SCHEDULED,UP,SYNTHETIC_CONTROL_CHART
TM-00247,Monday,C04,C04-S04,ST04,ST05,12398,Express,11:03,11:08,15,LINE-01,SCHEDULED,UP,SYNTHETIC_CONTROL_CHART
TM-00248,Monday,C04,C04-S04,ST04,ST05,12400,Express,13:18,13:24,15,LINE-01,SCHEDULED,UP,SYNTHETIC_CONTROL_CHART
TM-00249,Monday,C04,C04-S04,ST04,ST05,12403,Freight,14:37,14:42,15,LINE-01,SCHEDULED,UP,SYNTHETIC_CONTROL_CHART
TM-00250,Monday,C04,C04-S04,ST04,ST05,12404,MEMU,15:18,15:21,15,LINE-01,SCHEDULED,DOWN,SYNTHETIC_CONTROL_CHART
TM-00251,Monday,C04,C04-S04,ST04,ST05,12407,Freight,16:31,16:39,15,LINE-01,SCHEDULED,DOWN,SYNTHETIC_CONTROL_CHART
TM-00252,Monday,C04,C04-S04,ST04,ST05,12408,Passenger,17:24,17:32,15,LINE-01,SCHEDULED,DOWN,SYNTHETIC_CONTROL_CHART
TM-00253,Monday,C04,C04-S04,ST04,ST05,12409,Passenger,18:55,19:01,15,LINE-01,SCHEDULED,DOWN,SYNTHETIC_CONTROL_CHART
TM-00254,Monday,C04,C04-S04,ST04,ST05,12410,Express,19:43,19:48,15,LINE-01,SCHEDULED,UP,SYNTHETIC_CONTROL_CHART
TM-00255,Monday,C04,C04-S04,ST04,ST05,12413,MEMU,21:24,21:28,15,LINE-01,SCHEDULED,UP,SYNTHETIC_CONTROL_CHART
TM-00256,Monday,C04,C04-S04,ST04,ST05,12414,Passenger,22:49,22:55,15,LINE-01,SCHEDULED,UP,SYNTHETIC_CONTROL_CHART
TM-00257,Tuesday,C01,C01-S01,ST01,ST02,12415,Special,05:43,05:53,15,LINE-01,SCHEDULED,UP,SYNTHETIC_CONTROL_CHART
TM-00258,Tuesday,C01,C01-S01,ST01,ST02,12416,MEMU,06:49,06:59,15,LINE-01,SCHEDULED,UP,SYNTHETIC_CONTROL_CHART
TM-00259,Tuesday,C01,C01-S01,ST01,ST02,12417,Freight,07:55,08:05,15,LINE-01,SCHEDULED,UP,SYNTHETIC_CONTROL_CHART
TM-00260,Tuesday,C01,C01-S01,ST01,ST02,12419,Express,08:24,08:32,15,LINE-01,SCHEDULED,DOWN,SYNTHETIC_CONTROL_CHART
TM-00261,Tuesday,C01,C01-S01,ST01,ST02,12421,Special,09:12,09:20,15,LINE-01,SCHEDULED,UP,SYNTHETIC_CONTROL_CHART
TM-00262,Tuesday,C01,C01-S01,ST01,ST02,12424,Express,11:12,11:18,15,LINE-01,SCHEDULED,UP,SYNTHETIC_CONTROL_CHART
TM-00263,Tuesday,C01,C01-S01,ST01,ST02,12425,Express,12:12,12:15,15,LINE-01,SCHEDULED,DOWN,SYNTHETIC_CONTROL_CHART
TM-00264,Tuesday,C01,C01-S01,ST01,ST02,12426,Passenger,13:07,13:12,15,LINE-01,SCHEDULED,DOWN,SYNTHETIC_CONTROL_CHART
TM-00265,Tuesday,C01,C01-S01,ST01,ST02,12429,MEMU,15:49,15:54,15,LINE-01,SCHEDULED,UP,SYNTHETIC_CONTROL_CHART
TM-00266,Tuesday,C01,C01-S01,ST01,ST02,12430,Express,16:24,16:27,15,LINE-01,SCHEDULED,UP,SYNTHETIC_CONTROL_CHART
TM-00267,Tuesday,C01,C01-S01,ST01,ST02,12433,Express,17:55,18:03,15,LINE-01,SCHEDULED,DOWN,SYNTHETIC_CONTROL_CHART
TM-00268,Tuesday,C01,C01-S01,ST01,ST02,12434,Special,18:12,18:18,15,LINE-01,SCHEDULED,DOWN,SYNTHETIC_CONTROL_CHART
TM-00269,Tuesday,C01,C01-S01,ST01,ST02,12435,Special,20:18,20:24,15,LINE-01,SCHEDULED,UP,SYNTHETIC_CONTROL_CHART
TM-00270,Tuesday,C01,C01-S01,ST01,ST02,12436,Freight,21:03,21:09,15,LINE-01,SCHEDULED,UP,SYNTHETIC_CONTROL_CHART
TM-00271,Tuesday,C01,C01-S01,ST01,ST02,12438,Express,22:12,22:17,15,LINE-01,SCHEDULED,DOWN,SYNTHETIC_CONTROL_CHART
TM-00272,Tuesday,C01,C01-S02,ST01,ST02,12441,Special,05:55,06:00,15,LINE-01,SCHEDULED,DOWN,SYNTHETIC_CONTROL_CHART
TM-00273,Tuesday,C01,C01-S02,ST01,ST02,12444,MEMU,06:55,06:59,15,LINE-01,SCHEDULED,UP,SYNTHETIC_CONTROL_CHART
TM-00274,Tuesday,C01,C01-S02,ST01,ST02,12445,MEMU,07:12,07:16,15,LINE-01,SCHEDULED,DOWN,SYNTHETIC_CONTROL_CHART
TM-00275,Tuesday,C01,C01-S02,ST01,ST02,12446,Freight,08:18,08:26,15,LINE-01,SCHEDULED,UP,SYNTHETIC_CONTROL_CHART
TM-00276,Tuesday,C01,C01-S02,ST01,ST02,12447,Express,09:07,09:11,15,LINE-01,SCHEDULED,UP,SYNTHETIC_CONTROL_CHART
TM-00277,Tuesday,C01,C01-S02,ST01,ST02,12448,Express,11:18,11:26,15,LINE-01,SCHEDULED,DOWN,SYNTHETIC_CONTROL_CHART
TM-00278,Tuesday,C01,C01-S02,ST01,ST02,12449,Passenger,12:49,12:52,15,LINE-01,SCHEDULED,UP,SYNTHETIC_CONTROL_CHART
TM-00279,Tuesday,C01,C01-S02,ST01,ST02,12450,Express,13:03,13:08,15,LINE-01,SCHEDULED,UP,SYNTHETIC_CONTROL_CHART
TM-00280,Tuesday,C01,C01-S02,ST01,ST02,12451,Passenger,15:43,15:49,15,LINE-01,SCHEDULED,DOWN,SYNTHETIC_CONTROL_CHART
TM-00281,Tuesday,C01,C01-S02,ST01,ST02,12452,MEMU,16:24,16:30,15,LINE-01,SCHEDULED,UP,SYNTHETIC_CONTROL_CHART
TM-00282,Tuesday,C01,C01-S02,ST01,ST02,12453,MEMU,17:31,17:36,15,LINE-01,SCHEDULED,DOWN,SYNTHETIC_CONTROL_CHART
TM-00283,Tuesday,C01,C01-S02,ST01,ST02,12454,Express,18:37,18:43,15,LINE-01,SCHEDULED,UP,SYNTHETIC_CONTROL_CHART
TM-00284,Tuesday,C01,C01-S02,ST01,ST02,12455,Passenger,20:43,20:49,15,LINE-01,SCHEDULED,UP,SYNTHETIC_CONTROL_CHART
TM-00285,Tuesday,C01,C01-S02,ST01,ST02,12456,Passenger,21:24,21:29,15,LINE-01,SCHEDULED,UP,SYNTHETIC_CONTROL_CHART
TM-00286,Tuesday,C01,C01-S02,ST01,ST02,12457,Freight,22:43,22:47,15,LINE-01,SCHEDULED,DOWN,SYNTHETIC_CONTROL_CHART
TM-00287,Tuesday,C01,C01-S03,ST01,ST02,12459,Passenger,05:03,05:09,15,LINE-01,SCHEDULED,UP,SYNTHETIC_CONTROL_CHART
TM-00288,Tuesday,C01,C01-S03,ST01,ST02,12462,Passenger,06:31,06:36,15,LINE-01,SCHEDULED,DOWN,SYNTHETIC_CONTROL_CHART
TM-00289,Tuesday,C01,C01-S03,ST01,ST02,12465,MEMU,07:03,07:13,15,LINE-01,SCHEDULED,DOWN,SYNTHETIC_CONTROL_CHART
TM-00290,Tuesday,C01,C01-S03,ST01,ST02,12467,Passenger,08:55,09:05,15,LINE-01,SCHEDULED,DOWN,SYNTHETIC_CONTROL_CHART
TM-00291,Tuesday,C01,C01-S03,ST01,ST02,12468,Special,09:43,09:48,15,LINE-01,SCHEDULED,UP,SYNTHETIC_CONTROL_CHART
TM-00292,Tuesday,C01,C01-S03,ST01,ST02,12471,Passenger,11:12,11:20,15,LINE-01,SCHEDULED,UP,SYNTHETIC_CONTROL_CHART
TM-00293,Tuesday,C01,C01-S03,ST01,ST02,12473,Passenger,12:43,12:47,15,LINE-01,SCHEDULED,UP,SYNTHETIC_CONTROL_CHART
TM-00294,Tuesday,C01,C01-S03,ST01,ST02,12476,Passenger,13:12,13:20,15,LINE-01,SCHEDULED,UP,SYNTHETIC_CONTROL_CHART
TM-00295,Tuesday,C01,C01-S03,ST01,ST02,12477,Passenger,15:24,15:30,15,LINE-01,SCHEDULED,DOWN,SYNTHETIC_CONTROL_CHART
TM-00296,Tuesday,C01,C01-S03,ST01,ST02,12480,Passenger,16:43,16:53,15,LINE-01,SCHEDULED,UP,SYNTHETIC_CONTROL_CHART
TM-00297,Tuesday,C01,C01-S03,ST01,ST02,12481,Express,17:03,17:09,15,LINE-01,SCHEDULED,DOWN,SYNTHETIC_CONTROL_CHART
TM-00298,Tuesday,C01,C01-S03,ST01,ST02,12482,Special,18:03,18:07,15,LINE-01,SCHEDULED,DOWN,SYNTHETIC_CONTROL_CHART
TM-00299,Tuesday,C01,C01-S03,ST01,ST02,12485,Express,20:07,20:12,15,LINE-01,SCHEDULED,DOWN,SYNTHETIC_CONTROL_CHART
TM-00300,Tuesday,C01,C01-S03,ST01,ST02,12488,Express,21:12,21:16,15,LINE-01,SCHEDULED,DOWN,SYNTHETIC_CONTROL_CHART
TM-00301,Tuesday,C01,C01-S03,ST01,ST02,12489,MEMU,22:43,22:46,15,LINE-01,SCHEDULED,UP,SYNTHETIC_CONTROL_CHART
TM-00302,Tuesday,C01,C01-S04,ST01,ST02,12490,Passenger,05:37,05:40,15,LINE-01,SCHEDULED,UP,SYNTHETIC_CONTROL_CHART
TM-00303,Tuesday,C01,C01-S04,ST01,ST02,12493,Express,06:24,06:28,15,LINE-01,SCHEDULED,DOWN,SYNTHETIC_CONTROL_CHART
TM-00304,Tuesday,C01,C01-S04,ST01,ST02,12496,Passenger,07:31,07:36,15,LINE-01,SCHEDULED,DOWN,SYNTHETIC_CONTROL_CHART
TM-00305,Tuesday,C01,C01-S04,ST01,ST02,12498,Express,08:37,08:43,15,LINE-01,SCHEDULED,DOWN,SYNTHETIC_CONTROL_CHART
TM-00306,Tuesday,C01,C01-S04,ST01,ST02,12500,MEMU,09:24,09:28,15,LINE-01,SCHEDULED,UP,SYNTHETIC_CONTROL_CHART
TM-00307,Tuesday,C01,C01-S04,ST01,ST02,12502,Express,11:31,11:37,15,LINE-01,SCHEDULED,UP,SYNTHETIC_CONTROL_CHART
TM-00308,Tuesday,C01,C01-S04,ST01,ST02,12504,MEMU,12:18,12:22,15,LINE-01,SCHEDULED,DOWN,SYNTHETIC_CONTROL_CHART
TM-00309,Tuesday,C01,C01-S04,ST01,ST02,12505,MEMU,13:12,13:20,15,LINE-01,SCHEDULED,UP,SYNTHETIC_CONTROL_CHART
TM-00310,Tuesday,C01,C01-S04,ST01,ST02,12506,Express,15:49,15:54,15,LINE-01,SCHEDULED,UP,SYNTHETIC_CONTROL_CHART
TM-00311,Tuesday,C01,C01-S04,ST01,ST02,12508,Express,16:12,16:22,15,LINE-01,SCHEDULED,UP,SYNTHETIC_CONTROL_CHART
TM-00312,Tuesday,C01,C01-S04,ST01,ST02,12511,Freight,17:43,17:48,15,LINE-01,SCHEDULED,UP,SYNTHETIC_CONTROL_CHART
TM-00313,Tuesday,C01,C01-S04,ST01,ST02,12514,Express,18:24,18:32,15,LINE-01,SCHEDULED,UP,SYNTHETIC_CONTROL_CHART
TM-00314,Tuesday,C01,C01-S04,ST01,ST02,12517,Passenger,20:37,20:42,15,LINE-01,SCHEDULED,UP,SYNTHETIC_CONTROL_CHART
TM-00315,Tuesday,C01,C01-S04,ST01,ST02,12518,Express,21:24,21:29,15,LINE-01,SCHEDULED,UP,SYNTHETIC_CONTROL_CHART
TM-00316,Tuesday,C01,C01-S04,ST01,ST02,12519,Passenger,22:43,22:51,15,LINE-01,SCHEDULED,UP,SYNTHETIC_CONTROL_CHART
TM-00317,Tuesday,C02,C02-S01,ST02,ST03,12521,Passenger,05:18,05:28,15,LINE-01,SCHEDULED,DOWN,SYNTHETIC_CONTROL_CHART
TM-00318,Tuesday,C02,C02-S01,ST02,ST03,12522,Passenger,06:37,06:41,15,LINE-01,SCHEDULED,DOWN,SYNTHETIC_CONTROL_CHART
TM-00319,Tuesday,C02,C02-S01,ST02,ST03,12523,Passenger,07:49,07:54,15,LINE-01,SCHEDULED,DOWN,SYNTHETIC_CONTROL_CHART
TM-00320,Tuesday,C02,C02-S01,ST02,ST03,12524,Freight,08:55,09:01,15,LINE-01,SCHEDULED,UP,SYNTHETIC_CONTROL_CHART
TM-00321,Tuesday,C02,C02-S01,ST02,ST03,12525,MEMU,09:03,09:07,15,LINE-01,SCHEDULED,UP,SYNTHETIC_CONTROL_CHART
TM-00322,Tuesday,C02,C02-S01,ST02,ST03,12526,Express,11:49,11:54,15,LINE-01,SCHEDULED,UP,SYNTHETIC_CONTROL_CHART
TM-00323,Tuesday,C02,C02-S01,ST02,ST03,12527,MEMU,12:18,12:28,15,LINE-01,SCHEDULED,UP,SYNTHETIC_CONTROL_CHART
TM-00324,Tuesday,C02,C02-S01,ST02,ST03,12528,Freight,13:03,13:07,15,LINE-01,SCHEDULED,DOWN,SYNTHETIC_CONTROL_CHART
TM-00325,Tuesday,C02,C02-S01,ST02,ST03,12530,Passenger,15:12,15:17,15,LINE-01,SCHEDULED,DOWN,SYNTHETIC_CONTROL_CHART
TM-00326,Tuesday,C02,C02-S01,ST02,ST03,12531,MEMU,16:24,16:32,15,LINE-01,SCHEDULED,DOWN,SYNTHETIC_CONTROL_CHART
TM-00327,Tuesday,C02,C02-S01,ST02,ST03,12532,MEMU,17:24,17:32,15,LINE-01,SCHEDULED,UP,SYNTHETIC_CONTROL_CHART
TM-00328,Tuesday,C02,C02-S01,ST02,ST03,12535,MEMU,18:03,18:09,15,LINE-01,SCHEDULED,DOWN,SYNTHETIC_CONTROL_CHART
TM-00329,Tuesday,C02,C02-S01,ST02,ST03,12538,MEMU,20:24,20:34,15,LINE-01,SCHEDULED,DOWN,SYNTHETIC_CONTROL_CHART
TM-00330,Tuesday,C02,C02-S01,ST02,ST03,12540,Passenger,21:24,21:28,15,LINE-01,SCHEDULED,UP,SYNTHETIC_CONTROL_CHART
TM-00331,Tuesday,C02,C02-S01,ST02,ST03,12541,MEMU,22:07,22:11,15,LINE-01,SCHEDULED,UP,SYNTHETIC_CONTROL_CHART
TM-00332,Tuesday,C02,C02-S02,ST02,ST03,12542,Passenger,05:31,05:36,15,LINE-01,SCHEDULED,UP,SYNTHETIC_CONTROL_CHART
TM-00333,Tuesday,C02,C02-S02,ST02,ST03,12544,Passenger,06:43,06:49,15,LINE-01,SCHEDULED,UP,SYNTHETIC_CONTROL_CHART
TM-00334,Tuesday,C02,C02-S02,ST02,ST03,12545,Passenger,07:43,07:53,15,LINE-01,SCHEDULED,DOWN,SYNTHETIC_CONTROL_CHART
TM-00335,Tuesday,C02,C02-S02,ST02,ST03,12546,Express,08:12,08:18,15,LINE-01,SCHEDULED,DOWN,SYNTHETIC_CONTROL_CHART
TM-00336,Tuesday,C02,C02-S02,ST02,ST03,12548,Passenger,09:03,09:08,15,LINE-01,SCHEDULED,DOWN,SYNTHETIC_CONTROL_CHART
TM-00337,Tuesday,C02,C02-S02,ST02,ST03,12549,Express,11:55,11:59,15,LINE-01,SCHEDULED,DOWN,SYNTHETIC_CONTROL_CHART
TM-00338,Tuesday,C02,C02-S02,ST02,ST03,12552,Freight,12:55,13:05,15,LINE-01,SCHEDULED,UP,SYNTHETIC_CONTROL_CHART
TM-00339,Tuesday,C02,C02-S02,ST02,ST03,12555,Special,13:24,13:30,15,LINE-01,SCHEDULED,DOWN,SYNTHETIC_CONTROL_CHART
TM-00340,Tuesday,C02,C02-S02,ST02,ST03,12556,Express,15:37,15:42,15,LINE-01,SCHEDULED,DOWN,SYNTHETIC_CONTROL_CHART
TM-00341,Tuesday,C02,C02-S02,ST02,ST03,12557,Passenger,16:07,16:15,15,LINE-01,SCHEDULED,DOWN,SYNTHETIC_CONTROL_CHART
TM-00342,Tuesday,C02,C02-S02,ST02,ST03,12558,MEMU,17:03,17:08,15,LINE-01,SCHEDULED,UP,SYNTHETIC_CONTROL_CHART
TM-00343,Tuesday,C02,C02-S02,ST02,ST03,12559,Express,18:43,18:53,15,LINE-01,SCHEDULED,UP,SYNTHETIC_CONTROL_CHART
TM-00344,Tuesday,C02,C02-S02,ST02,ST03,12560,Passenger,20:12,20:18,15,LINE-01,SCHEDULED,UP,SYNTHETIC_CONTROL_CHART
TM-00345,Tuesday,C02,C02-S02,ST02,ST03,12561,MEMU,21:49,21:59,15,LINE-01,SCHEDULED,DOWN,SYNTHETIC_CONTROL_CHART
TM-00346,Tuesday,C02,C02-S02,ST02,ST03,12563,Freight,22:43,22:46,15,LINE-01,SCHEDULED,DOWN,SYNTHETIC_CONTROL_CHART
TM-00347,Tuesday,C02,C02-S03,ST02,ST03,12565,MEMU,05:49,05:54,15,LINE-01,SCHEDULED,UP,SYNTHETIC_CONTROL_CHART
TM-00348,Tuesday,C02,C02-S03,ST02,ST03,12566,Freight,06:37,06:42,15,LINE-01,SCHEDULED,UP,SYNTHETIC_CONTROL_CHART
TM-00349,Tuesday,C02,C02-S03,ST02,ST03,12567,MEMU,07:24,07:32,15,LINE-01,SCHEDULED,UP,SYNTHETIC_CONTROL_CHART
TM-00350,Tuesday,C02,C02-S03,ST02,ST03,12568,Passenger,08:31,08:39,15,LINE-01,SCHEDULED,UP,SYNTHETIC_CONTROL_CHART
TM-00351,Tuesday,C02,C02-S03,ST02,ST03,12569,Passenger,09:12,09:20,15,LINE-01,SCHEDULED,UP,SYNTHETIC_CONTROL_CHART
TM-00352,Tuesday,C02,C02-S03,ST02,ST03,12570,MEMU,11:12,11:22,15,LINE-01,SCHEDULED,UP,SYNTHETIC_CONTROL_CHART
TM-00353,Tuesday,C02,C02-S03,ST02,ST03,12573,Express,12:49,12:52,15,LINE-01,SCHEDULED,DOWN,SYNTHETIC_CONTROL_CHART
TM-00354,Tuesday,C02,C02-S03,ST02,ST03,12574,Passenger,13:49,13:53,15,LINE-01,SCHEDULED,UP,SYNTHETIC_CONTROL_CHART
TM-00355,Tuesday,C02,C02-S03,ST02,ST03,12575,Passenger,15:18,15:22,15,LINE-01,SCHEDULED,UP,SYNTHETIC_CONTROL_CHART
TM-00356,Tuesday,C02,C02-S03,ST02,ST03,12576,Passenger,16:24,16:27,15,LINE-01,SCHEDULED,DOWN,SYNTHETIC_CONTROL_CHART
TM-00357,Tuesday,C02,C02-S03,ST02,ST03,12577,MEMU,17:24,17:27,15,LINE-01,SCHEDULED,DOWN,SYNTHETIC_CONTROL_CHART
TM-00358,Tuesday,C02,C02-S03,ST02,ST03,12579,Express,18:07,18:11,15,LINE-01,SCHEDULED,DOWN,SYNTHETIC_CONTROL_CHART
TM-00359,Tuesday,C02,C02-S03,ST02,ST03,12582,Passenger,20:18,20:24,15,LINE-01,SCHEDULED,DOWN,SYNTHETIC_CONTROL_CHART
TM-00360,Tuesday,C02,C02-S03,ST02,ST03,12583,Express,21:49,21:53,15,LINE-01,SCHEDULED,DOWN,SYNTHETIC_CONTROL_CHART
TM-00361,Tuesday,C02,C02-S03,ST02,ST03,12585,MEMU,22:03,22:07,15,LINE-01,SCHEDULED,UP,SYNTHETIC_CONTROL_CHART
TM-00362,Tuesday,C02,C02-S04,ST02,ST03,12586,MEMU,05:55,06:03,15,LINE-01,SCHEDULED,UP,SYNTHETIC_CONTROL_CHART
TM-00363,Tuesday,C02,C02-S04,ST02,ST03,12587,MEMU,06:37,06:45,15,LINE-01,SCHEDULED,DOWN,SYNTHETIC_CONTROL_CHART
TM-00364,Tuesday,C02,C02-S04,ST02,ST03,12589,Express,07:07,07:17,15,LINE-01,SCHEDULED,DOWN,SYNTHETIC_CONTROL_CHART
TM-00365,Tuesday,C02,C02-S04,ST02,ST03,12590,Passenger,08:12,08:15,15,LINE-01,SCHEDULED,DOWN,SYNTHETIC_CONTROL_CHART
TM-00366,Tuesday,C02,C02-S04,ST02,ST03,12591,Express,09:03,09:06,15,LINE-01,SCHEDULED,DOWN,SYNTHETIC_CONTROL_CHART
TM-00367,Tuesday,C02,C02-S04,ST02,ST03,12593,Express,11:03,11:13,15,LINE-01,SCHEDULED,DOWN,SYNTHETIC_CONTROL_CHART
TM-00368,Tuesday,C02,C02-S04,ST02,ST03,12596,Passenger,12:07,12:13,15,LINE-01,SCHEDULED,DOWN,SYNTHETIC_CONTROL_CHART
TM-00369,Tuesday,C02,C02-S04,ST02,ST03,12597,Express,13:43,13:49,15,LINE-01,SCHEDULED,DOWN,SYNTHETIC_CONTROL_CHART
TM-00370,Tuesday,C02,C02-S04,ST02,ST03,12598,MEMU,15:49,15:55,15,LINE-01,SCHEDULED,UP,SYNTHETIC_CONTROL_CHART
TM-00371,Tuesday,C02,C02-S04,ST02,ST03,12599,Special,16:55,17:03,15,LINE-01,SCHEDULED,DOWN,SYNTHETIC_CONTROL_CHART
TM-00372,Tuesday,C02,C02-S04,ST02,ST03,12600,Express,17:49,17:57,15,LINE-01,SCHEDULED,UP,SYNTHETIC_CONTROL_CHART
TM-00373,Tuesday,C02,C02-S04,ST02,ST03,12601,Express,18:07,18:10,15,LINE-01,SCHEDULED,DOWN,SYNTHETIC_CONTROL_CHART
TM-00374,Tuesday,C02,C02-S04,ST02,ST03,12602,Passenger,20:49,20:55,15,LINE-01,SCHEDULED,UP,SYNTHETIC_CONTROL_CHART
TM-00375,Tuesday,C02,C02-S04,ST02,ST03,12603,Express,21:24,21:28,15,LINE-01,SCHEDULED,UP,SYNTHETIC_CONTROL_CHART
TM-00376,Tuesday,C02,C02-S04,ST02,ST03,12604,Express,22:55,23:03,15,LINE-01,SCHEDULED,DOWN,SYNTHETIC_CONTROL_CHART
TM-00377,Tuesday,C03,C03-S01,ST03,ST04,12605,Express,05:31,05:36,15,LINE-01,SCHEDULED,UP,SYNTHETIC_CONTROL_CHART
TM-00378,Tuesday,C03,C03-S01,ST03,ST04,12606,Freight,06:43,06:51,15,LINE-01,SCHEDULED,DOWN,SYNTHETIC_CONTROL_CHART
TM-00379,Tuesday,C03,C03-S01,ST03,ST04,12607,Freight,07:24,07:29,15,LINE-01,SCHEDULED,UP,SYNTHETIC_CONTROL_CHART
TM-00380,Tuesday,C03,C03-S01,ST03,ST04,12609,Express,08:31,08:35,15,LINE-01,SCHEDULED,DOWN,SYNTHETIC_CONTROL_CHART
TM-00381,Tuesday,C03,C03-S01,ST03,ST04,12611,Freight,09:12,09:22,15,LINE-01,SCHEDULED,UP,SYNTHETIC_CONTROL_CHART
TM-00382,Tuesday,C03,C03-S01,ST03,ST04,12612,Passenger,11:03,11:06,15,LINE-01,SCHEDULED,UP,SYNTHETIC_CONTROL_CHART
TM-00383,Tuesday,C03,C03-S01,ST03,ST04,12613,Express,12:55,12:58,15,LINE-01,SCHEDULED,UP,SYNTHETIC_CONTROL_CHART
TM-00384,Tuesday,C03,C03-S01,ST03,ST04,12614,Freight,13:12,13:17,15,LINE-01,SCHEDULED,DOWN,SYNTHETIC_CONTROL_CHART
TM-00385,Tuesday,C03,C03-S01,ST03,ST04,12615,Special,15:37,15:43,15,LINE-01,SCHEDULED,UP,SYNTHETIC_CONTROL_CHART
TM-00386,Tuesday,C03,C03-S01,ST03,ST04,12617,MEMU,16:12,16:20,15,LINE-01,SCHEDULED,DOWN,SYNTHETIC_CONTROL_CHART
TM-00387,Tuesday,C03,C03-S01,ST03,ST04,12618,Express,17:24,17:34,15,LINE-01,SCHEDULED,UP,SYNTHETIC_CONTROL_CHART
TM-00388,Tuesday,C03,C03-S01,ST03,ST04,12619,MEMU,18:37,18:42,15,LINE-01,SCHEDULED,DOWN,SYNTHETIC_CONTROL_CHART
TM-00389,Tuesday,C03,C03-S01,ST03,ST04,12621,Passenger,20:37,20:47,15,LINE-01,SCHEDULED,UP,SYNTHETIC_CONTROL_CHART
TM-00390,Tuesday,C03,C03-S01,ST03,ST04,12623,Express,21:12,21:22,15,LINE-01,SCHEDULED,DOWN,SYNTHETIC_CONTROL_CHART
TM-00391,Tuesday,C03,C03-S01,ST03,ST04,12626,Express,22:55,23:00,15,LINE-01,SCHEDULED,UP,SYNTHETIC_CONTROL_CHART
TM-00392,Tuesday,C03,C03-S02,ST03,ST04,12629,Passenger,05:49,05:59,15,LINE-01,SCHEDULED,DOWN,SYNTHETIC_CONTROL_CHART
TM-00393,Tuesday,C03,C03-S02,ST03,ST04,12630,MEMU,06:07,06:15,15,LINE-01,SCHEDULED,UP,SYNTHETIC_CONTROL_CHART
TM-00394,Tuesday,C03,C03-S02,ST03,ST04,12632,MEMU,07:37,07:41,15,LINE-01,SCHEDULED,UP,SYNTHETIC_CONTROL_CHART
TM-00395,Tuesday,C03,C03-S02,ST03,ST04,12634,Express,08:18,08:24,15,LINE-01,SCHEDULED,UP,SYNTHETIC_CONTROL_CHART
TM-00396,Tuesday,C03,C03-S02,ST03,ST04,12636,Passenger,09:07,09:10,15,LINE-01,SCHEDULED,DOWN,SYNTHETIC_CONTROL_CHART
TM-00397,Tuesday,C03,C03-S02,ST03,ST04,12639,Special,11:03,11:08,15,LINE-01,SCHEDULED,UP,SYNTHETIC_CONTROL_CHART
TM-00398,Tuesday,C03,C03-S02,ST03,ST04,12640,Passenger,12:49,12:59,15,LINE-01,SCHEDULED,DOWN,SYNTHETIC_CONTROL_CHART
TM-00399,Tuesday,C03,C03-S02,ST03,ST04,12643,Express,13:18,13:28,15,LINE-01,SCHEDULED,DOWN,SYNTHETIC_CONTROL_CHART
TM-00400,Tuesday,C03,C03-S02,ST03,ST04,12644,MEMU,15:03,15:11,15,LINE-01,SCHEDULED,UP,SYNTHETIC_CONTROL_CHART
TM-00401,Tuesday,C03,C03-S02,ST03,ST04,12645,MEMU,16:37,16:43,15,LINE-01,SCHEDULED,UP,SYNTHETIC_CONTROL_CHART
TM-00402,Tuesday,C03,C03-S02,ST03,ST04,12648,MEMU,17:49,17:53,15,LINE-01,SCHEDULED,DOWN,SYNTHETIC_CONTROL_CHART
TM-00403,Tuesday,C03,C03-S02,ST03,ST04,12651,Passenger,18:03,18:06,15,LINE-01,SCHEDULED,UP,SYNTHETIC_CONTROL_CHART
TM-00404,Tuesday,C03,C03-S02,ST03,ST04,12652,Express,20:03,20:08,15,LINE-01,SCHEDULED,UP,SYNTHETIC_CONTROL_CHART
TM-00405,Tuesday,C03,C03-S02,ST03,ST04,12653,Passenger,21:37,21:45,15,LINE-01,SCHEDULED,DOWN,SYNTHETIC_CONTROL_CHART
TM-00406,Tuesday,C03,C03-S02,ST03,ST04,12655,Passenger,22:18,22:28,15,LINE-01,SCHEDULED,UP,SYNTHETIC_CONTROL_CHART
TM-00407,Tuesday,C03,C03-S03,ST03,ST04,12656,Passenger,05:03,05:11,15,LINE-01,SCHEDULED,DOWN,SYNTHETIC_CONTROL_CHART
TM-00408,Tuesday,C03,C03-S03,ST03,ST04,12657,MEMU,06:07,06:10,15,LINE-01,SCHEDULED,DOWN,SYNTHETIC_CONTROL_CHART
TM-00409,Tuesday,C03,C03-S03,ST03,ST04,12659,Special,07:55,08:01,15,LINE-01,SCHEDULED,DOWN,SYNTHETIC_CONTROL_CHART
TM-00410,Tuesday,C03,C03-S03,ST03,ST04,12661,MEMU,08:12,08:17,15,LINE-01,SCHEDULED,UP,SYNTHETIC_CONTROL_CHART
TM-00411,Tuesday,C03,C03-S03,ST03,ST04,12662,MEMU,09:31,09:39,15,LINE-01,SCHEDULED,UP,SYNTHETIC_CONTROL_CHART
TM-00412,Tuesday,C03,C03-S03,ST03,ST04,12663,Express,11:12,11:18,15,LINE-01,SCHEDULED,DOWN,SYNTHETIC_CONTROL_CHART
TM-00413,Tuesday,C03,C03-S03,ST03,ST04,12664,Express,12:24,12:32,15,LINE-01,SCHEDULED,DOWN,SYNTHETIC_CONTROL_CHART
TM-00414,Tuesday,C03,C03-S03,ST03,ST04,12666,Freight,13:55,13:59,15,LINE-01,SCHEDULED,DOWN,SYNTHETIC_CONTROL_CHART
TM-00415,Tuesday,C03,C03-S03,ST03,ST04,12667,Freight,15:55,16:01,15,LINE-01,SCHEDULED,UP,SYNTHETIC_CONTROL_CHART
TM-00416,Tuesday,C03,C03-S03,ST03,ST04,12668,Express,16:55,17:01,15,LINE-01,SCHEDULED,DOWN,SYNTHETIC_CONTROL_CHART
TM-00417,Tuesday,C03,C03-S03,ST03,ST04,12669,Passenger,17:12,17:16,15,LINE-01,SCHEDULED,DOWN,SYNTHETIC_CONTROL_CHART
TM-00418,Tuesday,C03,C03-S03,ST03,ST04,12672,Express,18:07,18:13,15,LINE-01,SCHEDULED,DOWN,SYNTHETIC_CONTROL_CHART
TM-00419,Tuesday,C03,C03-S03,ST03,ST04,12674,Freight,20:12,20:18,15,LINE-01,SCHEDULED,UP,SYNTHETIC_CONTROL_CHART
TM-00420,Tuesday,C03,C03-S03,ST03,ST04,12675,Express,21:03,21:08,15,LINE-01,SCHEDULED,DOWN,SYNTHETIC_CONTROL_CHART
TM-00421,Tuesday,C03,C03-S03,ST03,ST04,12678,Passenger,22:55,23:05,15,LINE-01,SCHEDULED,UP,SYNTHETIC_CONTROL_CHART
TM-00422,Tuesday,C03,C03-S04,ST03,ST04,12680,MEMU,05:31,05:37,15,LINE-01,SCHEDULED,DOWN,SYNTHETIC_CONTROL_CHART
TM-00423,Tuesday,C03,C03-S04,ST03,ST04,12683,Passenger,06:24,06:30,15,LINE-01,SCHEDULED,UP,SYNTHETIC_CONTROL_CHART
TM-00424,Tuesday,C03,C03-S04,ST03,ST04,12685,Express,07:55,08:05,15,LINE-01,SCHEDULED,DOWN,SYNTHETIC_CONTROL_CHART
TM-00425,Tuesday,C03,C03-S04,ST03,ST04,12688,MEMU,08:07,08:17,15,LINE-01,SCHEDULED,UP,SYNTHETIC_CONTROL_CHART
TM-00426,Tuesday,C03,C03-S04,ST03,ST04,12689,Passenger,09:43,09:47,15,LINE-01,SCHEDULED,DOWN,SYNTHETIC_CONTROL_CHART
TM-00427,Tuesday,C03,C03-S04,ST03,ST04,12692,MEMU,11:31,11:36,15,LINE-01,SCHEDULED,UP,SYNTHETIC_CONTROL_CHART
TM-00428,Tuesday,C03,C03-S04,ST03,ST04,12695,Special,12:55,12:59,15,LINE-01,SCHEDULED,DOWN,SYNTHETIC_CONTROL_CHART
TM-00429,Tuesday,C03,C03-S04,ST03,ST04,12696,Passenger,13:55,14:00,15,LINE-01,SCHEDULED,UP,SYNTHETIC_CONTROL_CHART
TM-00430,Tuesday,C03,C03-S04,ST03,ST04,12699,MEMU,15:37,15:41,15,LINE-01,SCHEDULED,DOWN,SYNTHETIC_CONTROL_CHART
TM-00431,Tuesday,C03,C03-S04,ST03,ST04,12700,Passenger,16:37,16:45,15,LINE-01,SCHEDULED,UP,SYNTHETIC_CONTROL_CHART
TM-00432,Tuesday,C03,C03-S04,ST03,ST04,12701,Express,17:24,17:28,15,LINE-01,SCHEDULED,UP,SYNTHETIC_CONTROL_CHART
TM-00433,Tuesday,C03,C03-S04,ST03,ST04,12703,Special,18:37,18:45,15,LINE-01,SCHEDULED,DOWN,SYNTHETIC_CONTROL_CHART
TM-00434,Tuesday,C03,C03-S04,ST03,ST04,12704,Express,20:18,20:26,15,LINE-01,SCHEDULED,UP,SYNTHETIC_CONTROL_CHART
TM-00435,Tuesday,C03,C03-S04,ST03,ST04,12705,Passenger,21:18,21:23,15,LINE-01,SCHEDULED,UP,SYNTHETIC_CONTROL_CHART
TM-00436,Tuesday,C03,C03-S04,ST03,ST04,12706,Express,22:07,22:10,15,LINE-01,SCHEDULED,DOWN,SYNTHETIC_CONTROL_CHART
TM-00437,Tuesday,C04,C04-S01,ST04,ST05,12708,Express,05:12,05:20,15,LINE-01,SCHEDULED,DOWN,SYNTHETIC_CONTROL_CHART
TM-00438,Tuesday,C04,C04-S01,ST04,ST05,12709,Freight,06:37,06:45,15,LINE-01,SCHEDULED,DOWN,SYNTHETIC_CONTROL_CHART
TM-00439,Tuesday,C04,C04-S01,ST04,ST05,12711,Express,07:37,07:41,15,LINE-01,SCHEDULED,DOWN,SYNTHETIC_CONTROL_CHART
TM-00440,Tuesday,C04,C04-S01,ST04,ST05,12712,MEMU,08:12,08:20,15,LINE-01,SCHEDULED,DOWN,SYNTHETIC_CONTROL_CHART
TM-00441,Tuesday,C04,C04-S01,ST04,ST05,12714,Passenger,09:37,09:45,15,LINE-01,SCHEDULED,UP,SYNTHETIC_CONTROL_CHART
TM-00442,Tuesday,C04,C04-S01,ST04,ST05,12715,Special,11:31,11:35,15,LINE-01,SCHEDULED,DOWN,SYNTHETIC_CONTROL_CHART
TM-00443,Tuesday,C04,C04-S01,ST04,ST05,12716,Special,12:24,12:34,15,LINE-01,SCHEDULED,UP,SYNTHETIC_CONTROL_CHART
TM-00444,Tuesday,C04,C04-S01,ST04,ST05,12717,Express,13:24,13:29,15,LINE-01,SCHEDULED,DOWN,SYNTHETIC_CONTROL_CHART
TM-00445,Tuesday,C04,C04-S01,ST04,ST05,12718,Express,15:24,15:28,15,LINE-01,SCHEDULED,UP,SYNTHETIC_CONTROL_CHART
TM-00446,Tuesday,C04,C04-S01,ST04,ST05,12720,Freight,16:03,16:06,15,LINE-01,SCHEDULED,DOWN,SYNTHETIC_CONTROL_CHART
TM-00447,Tuesday,C04,C04-S01,ST04,ST05,12723,Express,17:07,17:15,15,LINE-01,SCHEDULED,UP,SYNTHETIC_CONTROL_CHART
TM-00448,Tuesday,C04,C04-S01,ST04,ST05,12724,Passenger,18:07,18:15,15,LINE-01,SCHEDULED,DOWN,SYNTHETIC_CONTROL_CHART
TM-00449,Tuesday,C04,C04-S01,ST04,ST05,12726,Express,20:55,21:05,15,LINE-01,SCHEDULED,UP,SYNTHETIC_CONTROL_CHART
TM-00450,Tuesday,C04,C04-S01,ST04,ST05,12727,Express,21:12,21:15,15,LINE-01,SCHEDULED,DOWN,SYNTHETIC_CONTROL_CHART
TM-00451,Tuesday,C04,C04-S01,ST04,ST05,12729,Special,22:24,22:34,15,LINE-01,SCHEDULED,DOWN,SYNTHETIC_CONTROL_CHART
TM-00452,Tuesday,C04,C04-S02,ST04,ST05,12730,Passenger,05:24,05:28,15,LINE-01,SCHEDULED,DOWN,SYNTHETIC_CONTROL_CHART
TM-00453,Tuesday,C04,C04-S02,ST04,ST05,12733,Express,06:12,06:17,15,LINE-01,SCHEDULED,UP,SYNTHETIC_CONTROL_CHART
TM-00454,Tuesday,C04,C04-S02,ST04,ST05,12734,Express,07:18,07:22,15,LINE-01,SCHEDULED,UP,SYNTHETIC_CONTROL_CHART
TM-00455,Tuesday,C04,C04-S02,ST04,ST05,12735,Special,08:24,08:34,15,LINE-01,SCHEDULED,UP,SYNTHETIC_CONTROL_CHART
TM-00456,Tuesday,C04,C04-S02,ST04,ST05,12736,Passenger,09:55,10:01,15,LINE-01,SCHEDULED,DOWN,SYNTHETIC_CONTROL_CHART
TM-00457,Tuesday,C04,C04-S02,ST04,ST05,12737,Express,11:18,11:28,15,LINE-01,SCHEDULED,DOWN,SYNTHETIC_CONTROL_CHART
TM-00458,Tuesday,C04,C04-S02,ST04,ST05,12738,Freight,12:07,12:17,15,LINE-01,SCHEDULED,UP,SYNTHETIC_CONTROL_CHART
TM-00459,Tuesday,C04,C04-S02,ST04,ST05,12739,MEMU,13:12,13:18,15,LINE-01,SCHEDULED,DOWN,SYNTHETIC_CONTROL_CHART
TM-00460,Tuesday,C04,C04-S02,ST04,ST05,12742,Passenger,15:18,15:26,15,LINE-01,SCHEDULED,UP,SYNTHETIC_CONTROL_CHART
TM-00461,Tuesday,C04,C04-S02,ST04,ST05,12744,Passenger,16:37,16:41,15,LINE-01,SCHEDULED,DOWN,SYNTHETIC_CONTROL_CHART
TM-00462,Tuesday,C04,C04-S02,ST04,ST05,12745,Express,17:03,17:11,15,LINE-01,SCHEDULED,DOWN,SYNTHETIC_CONTROL_CHART
TM-00463,Tuesday,C04,C04-S02,ST04,ST05,12746,MEMU,18:43,18:47,15,LINE-01,SCHEDULED,UP,SYNTHETIC_CONTROL_CHART
TM-00464,Tuesday,C04,C04-S02,ST04,ST05,12749,Passenger,20:43,20:48,15,LINE-01,SCHEDULED,UP,SYNTHETIC_CONTROL_CHART
TM-00465,Tuesday,C04,C04-S02,ST04,ST05,12750,Express,21:43,21:49,15,LINE-01,SCHEDULED,DOWN,SYNTHETIC_CONTROL_CHART
TM-00466,Tuesday,C04,C04-S02,ST04,ST05,12751,Express,22:55,23:03,15,LINE-01,SCHEDULED,UP,SYNTHETIC_CONTROL_CHART
TM-00467,Tuesday,C04,C04-S03,ST04,ST05,12752,Express,05:31,05:36,15,LINE-01,SCHEDULED,UP,SYNTHETIC_CONTROL_CHART
TM-00468,Tuesday,C04,C04-S03,ST04,ST05,12753,Express,06:43,06:46,15,LINE-01,SCHEDULED,UP,SYNTHETIC_CONTROL_CHART
TM-00469,Tuesday,C04,C04-S03,ST04,ST05,12755,Express,07:55,07:59,15,LINE-01,SCHEDULED,DOWN,SYNTHETIC_CONTROL_CHART
TM-00470,Tuesday,C04,C04-S03,ST04,ST05,12757,Passenger,08:03,08:11,15,LINE-01,SCHEDULED,UP,SYNTHETIC_CONTROL_CHART
TM-00471,Tuesday,C04,C04-S03,ST04,ST05,12760,Express,09:12,09:15,15,LINE-01,SCHEDULED,UP,SYNTHETIC_CONTROL_CHART
TM-00472,Tuesday,C04,C04-S03,ST04,ST05,12762,Passenger,11:12,11:17,15,LINE-01,SCHEDULED,DOWN,SYNTHETIC_CONTROL_CHART
TM-00473,Tuesday,C04,C04-S03,ST04,ST05,12763,MEMU,12:24,12:34,15,LINE-01,SCHEDULED,DOWN,SYNTHETIC_CONTROL_CHART
TM-00474,Tuesday,C04,C04-S03,ST04,ST05,12764,Passenger,13:18,13:22,15,LINE-01,SCHEDULED,DOWN,SYNTHETIC_CONTROL_CHART
TM-00475,Tuesday,C04,C04-S03,ST04,ST05,12765,Express,15:07,15:12,15,LINE-01,SCHEDULED,DOWN,SYNTHETIC_CONTROL_CHART
TM-00476,Tuesday,C04,C04-S03,ST04,ST05,12767,Express,16:24,16:27,15,LINE-01,SCHEDULED,UP,SYNTHETIC_CONTROL_CHART
TM-00477,Tuesday,C04,C04-S03,ST04,ST05,12768,MEMU,17:03,17:08,15,LINE-01,SCHEDULED,UP,SYNTHETIC_CONTROL_CHART
TM-00478,Tuesday,C04,C04-S03,ST04,ST05,12769,Express,18:18,18:28,15,LINE-01,SCHEDULED,UP,SYNTHETIC_CONTROL_CHART
TM-00479,Tuesday,C04,C04-S03,ST04,ST05,12771,MEMU,20:07,20:12,15,LINE-01,SCHEDULED,DOWN,SYNTHETIC_CONTROL_CHART
TM-00480,Tuesday,C04,C04-S03,ST04,ST05,12773,Passenger,21:55,22:05,15,LINE-01,SCHEDULED,UP,SYNTHETIC_CONTROL_CHART
TM-00481,Tuesday,C04,C04-S03,ST04,ST05,12774,MEMU,22:12,22:18,15,LINE-01,SCHEDULED,DOWN,SYNTHETIC_CONTROL_CHART
TM-00482,Tuesday,C04,C04-S04,ST04,ST05,12775,Express,05:24,05:28,15,LINE-01,SCHEDULED,UP,SYNTHETIC_CONTROL_CHART
TM-00483,Tuesday,C04,C04-S04,ST04,ST05,12776,Freight,06:12,06:22,15,LINE-01,SCHEDULED,DOWN,SYNTHETIC_CONTROL_CHART
TM-00484,Tuesday,C04,C04-S04,ST04,ST05,12777,Express,07:12,07:20,15,LINE-01,SCHEDULED,UP,SYNTHETIC_CONTROL_CHART
TM-00485,Tuesday,C04,C04-S04,ST04,ST05,12778,Express,08:49,08:59,15,LINE-01,SCHEDULED,UP,SYNTHETIC_CONTROL_CHART
TM-00486,Tuesday,C04,C04-S04,ST04,ST05,12780,MEMU,09:07,09:15,15,LINE-01,SCHEDULED,DOWN,SYNTHETIC_CONTROL_CHART
TM-00487,Tuesday,C04,C04-S04,ST04,ST05,12783,Freight,11:24,11:32,15,LINE-01,SCHEDULED,DOWN,SYNTHETIC_CONTROL_CHART
TM-00488,Tuesday,C04,C04-S04,ST04,ST05,12785,Passenger,12:24,12:29,15,LINE-01,SCHEDULED,UP,SYNTHETIC_CONTROL_CHART
TM-00489,Tuesday,C04,C04-S04,ST04,ST05,12788,Freight,13:18,13:23,15,LINE-01,SCHEDULED,UP,SYNTHETIC_CONTROL_CHART
TM-00490,Tuesday,C04,C04-S04,ST04,ST05,12790,Passenger,15:31,15:39,15,LINE-01,SCHEDULED,UP,SYNTHETIC_CONTROL_CHART
TM-00491,Tuesday,C04,C04-S04,ST04,ST05,12791,Passenger,16:49,16:52,15,LINE-01,SCHEDULED,UP,SYNTHETIC_CONTROL_CHART
TM-00492,Tuesday,C04,C04-S04,ST04,ST05,12792,Express,17:37,17:42,15,LINE-01,SCHEDULED,DOWN,SYNTHETIC_CONTROL_CHART
TM-00493,Tuesday,C04,C04-S04,ST04,ST05,12794,Express,18:37,18:43,15,LINE-01,SCHEDULED,UP,SYNTHETIC_CONTROL_CHART
TM-00494,Tuesday,C04,C04-S04,ST04,ST05,12797,Express,20:37,20:40,15,LINE-01,SCHEDULED,DOWN,SYNTHETIC_CONTROL_CHART
TM-00495,Tuesday,C04,C04-S04,ST04,ST05,12799,Express,21:03,21:07,15,LINE-01,SCHEDULED,DOWN,SYNTHETIC_CONTROL_CHART
TM-00496,Tuesday,C04,C04-S04,ST04,ST05,12801,Passenger,22:43,22:48,15,LINE-01,SCHEDULED,DOWN,SYNTHETIC_CONTROL_CHART
TM-00497,Wednesday,C01,C01-S01,ST01,ST02,12802,Express,05:49,05:57,15,LINE-01,SCHEDULED,DOWN,SYNTHETIC_CONTROL_CHART
TM-00498,Wednesday,C01,C01-S01,ST01,ST02,12803,Passenger,06:03,06:08,15,LINE-01,SCHEDULED,DOWN,SYNTHETIC_CONTROL_CHART
TM-00499,Wednesday,C01,C01-S01,ST01,ST02,12805,Passenger,07:24,07:27,15,LINE-01,SCHEDULED,UP,SYNTHETIC_CONTROL_CHART
TM-00500,Wednesday,C01,C01-S01,ST01,ST02,12808,Express,08:49,08:52,15,LINE-01,SCHEDULED,DOWN,SYNTHETIC_CONTROL_CHART
TM-00501,Wednesday,C01,C01-S01,ST01,ST02,12809,MEMU,10:49,10:54,15,LINE-01,SCHEDULED,UP,SYNTHETIC_CONTROL_CHART
TM-00502,Wednesday,C01,C01-S01,ST01,ST02,12810,Special,11:31,11:41,15,LINE-01,SCHEDULED,UP,SYNTHETIC_CONTROL_CHART
TM-00503,Wednesday,C01,C01-S01,ST01,ST02,12812,Freight,12:37,12:45,15,LINE-01,SCHEDULED,DOWN,SYNTHETIC_CONTROL_CHART
TM-00504,Wednesday,C01,C01-S01,ST01,ST02,12815,Freight,14:24,14:34,15,LINE-01,SCHEDULED,UP,SYNTHETIC_CONTROL_CHART
TM-00505,Wednesday,C01,C01-S01,ST01,ST02,12818,MEMU,15:31,15:41,15,LINE-01,SCHEDULED,UP,SYNTHETIC_CONTROL_CHART
TM-00506,Wednesday,C01,C01-S01,ST01,ST02,12819,Express,16:43,16:53,15,LINE-01,SCHEDULED,UP,SYNTHETIC_CONTROL_CHART
TM-00507,Wednesday,C01,C01-S01,ST01,ST02,12820,Express,17:43,17:48,15,LINE-01,SCHEDULED,UP,SYNTHETIC_CONTROL_CHART
TM-00508,Wednesday,C01,C01-S01,ST01,ST02,12821,Passenger,18:55,18:58,15,LINE-01,SCHEDULED,UP,SYNTHETIC_CONTROL_CHART
TM-00509,Wednesday,C01,C01-S01,ST01,ST02,12822,Express,19:55,20:00,15,LINE-01,SCHEDULED,DOWN,SYNTHETIC_CONTROL_CHART
TM-00510,Wednesday,C01,C01-S01,ST01,ST02,12823,Express,21:03,21:08,15,LINE-01,SCHEDULED,UP,SYNTHETIC_CONTROL_CHART
TM-00511,Wednesday,C01,C01-S01,ST01,ST02,12824,Passenger,22:03,22:13,15,LINE-01,SCHEDULED,DOWN,SYNTHETIC_CONTROL_CHART
TM-00512,Wednesday,C01,C01-S02,ST01,ST02,12825,Freight,05:03,05:11,15,LINE-01,SCHEDULED,UP,SYNTHETIC_CONTROL_CHART
TM-00513,Wednesday,C01,C01-S02,ST01,ST02,12826,Passenger,06:03,06:13,15,LINE-01,SCHEDULED,UP,SYNTHETIC_CONTROL_CHART
TM-00514,Wednesday,C01,C01-S02,ST01,ST02,12827,Express,07:03,07:07,15,LINE-01,SCHEDULED,DOWN,SYNTHETIC_CONTROL_CHART
TM-00515,Wednesday,C01,C01-S02,ST01,ST02,12828,Passenger,08:24,08:34,15,LINE-01,SCHEDULED,DOWN,SYNTHETIC_CONTROL_CHART
TM-00516,Wednesday,C01,C01-S02,ST01,ST02,12829,Passenger,10:31,10:37,15,LINE-01,SCHEDULED,DOWN,SYNTHETIC_CONTROL_CHART
TM-00517,Wednesday,C01,C01-S02,ST01,ST02,12830,Passenger,11:07,11:12,15,LINE-01,SCHEDULED,DOWN,SYNTHETIC_CONTROL_CHART
TM-00518,Wednesday,C01,C01-S02,ST01,ST02,12833,Passenger,12:24,12:34,15,LINE-01,SCHEDULED,DOWN,SYNTHETIC_CONTROL_CHART
TM-00519,Wednesday,C01,C01-S02,ST01,ST02,12834,Passenger,14:49,14:53,15,LINE-01,SCHEDULED,UP,SYNTHETIC_CONTROL_CHART
TM-00520,Wednesday,C01,C01-S02,ST01,ST02,12835,MEMU,15:49,15:52,15,LINE-01,SCHEDULED,UP,SYNTHETIC_CONTROL_CHART
TM-00521,Wednesday,C01,C01-S02,ST01,ST02,12838,Express,16:24,16:29,15,LINE-01,SCHEDULED,DOWN,SYNTHETIC_CONTROL_CHART
TM-00522,Wednesday,C01,C01-S02,ST01,ST02,12840,MEMU,17:18,17:22,15,LINE-01,SCHEDULED,DOWN,SYNTHETIC_CONTROL_CHART
TM-00523,Wednesday,C01,C01-S02,ST01,ST02,12841,MEMU,18:43,18:47,15,LINE-01,SCHEDULED,DOWN,SYNTHETIC_CONTROL_CHART
TM-00524,Wednesday,C01,C01-S02,ST01,ST02,12844,Express,19:12,19:15,15,LINE-01,SCHEDULED,UP,SYNTHETIC_CONTROL_CHART
TM-00525,Wednesday,C01,C01-S02,ST01,ST02,12845,MEMU,21:31,21:39,15,LINE-01,SCHEDULED,DOWN,SYNTHETIC_CONTROL_CHART
TM-00526,Wednesday,C01,C01-S02,ST01,ST02,12846,Passenger,22:24,22:27,15,LINE-01,SCHEDULED,UP,SYNTHETIC_CONTROL_CHART
TM-00527,Wednesday,C01,C01-S03,ST01,ST02,12847,Passenger,05:12,05:15,15,LINE-01,SCHEDULED,UP,SYNTHETIC_CONTROL_CHART
TM-00528,Wednesday,C01,C01-S03,ST01,ST02,12848,Express,06:07,06:13,15,LINE-01,SCHEDULED,UP,SYNTHETIC_CONTROL_CHART
TM-00529,Wednesday,C01,C01-S03,ST01,ST02,12849,Freight,07:55,07:58,15,LINE-01,SCHEDULED,UP,SYNTHETIC_CONTROL_CHART
TM-00530,Wednesday,C01,C01-S03,ST01,ST02,12852,MEMU,08:18,08:28,15,LINE-01,SCHEDULED,DOWN,SYNTHETIC_CONTROL_CHART
TM-00531,Wednesday,C01,C01-S03,ST01,ST02,12853,Freight,10:18,10:21,15,LINE-01,SCHEDULED,UP,SYNTHETIC_CONTROL_CHART
TM-00532,Wednesday,C01,C01-S03,ST01,ST02,12856,Express,11:24,11:34,15,LINE-01,SCHEDULED,UP,SYNTHETIC_CONTROL_CHART
TM-00533,Wednesday,C01,C01-S03,ST01,ST02,12859,MEMU,12:18,12:26,15,LINE-01,SCHEDULED,UP,SYNTHETIC_CONTROL_CHART
TM-00534,Wednesday,C01,C01-S03,ST01,ST02,12860,Express,14:43,14:46,15,LINE-01,SCHEDULED,DOWN,SYNTHETIC_CONTROL_CHART
TM-00535,Wednesday,C01,C01-S03,ST01,ST02,12861,Express,15:18,15:26,15,LINE-01,SCHEDULED,DOWN,SYNTHETIC_CONTROL_CHART
TM-00536,Wednesday,C01,C01-S03,ST01,ST02,12862,Passenger,16:07,16:13,15,LINE-01,SCHEDULED,UP,SYNTHETIC_CONTROL_CHART
TM-00537,Wednesday,C01,C01-S03,ST01,ST02,12863,Express,17:31,17:39,15,LINE-01,SCHEDULED,UP,SYNTHETIC_CONTROL_CHART
TM-00538,Wednesday,C01,C01-S03,ST01,ST02,12865,Express,18:03,18:13,15,LINE-01,SCHEDULED,UP,SYNTHETIC_CONTROL_CHART
TM-00539,Wednesday,C01,C01-S03,ST01,ST02,12866,Passenger,19:43,19:48,15,LINE-01,SCHEDULED,DOWN,SYNTHETIC_CONTROL_CHART
TM-00540,Wednesday,C01,C01-S03,ST01,ST02,12867,Freight,21:31,21:35,15,LINE-01,SCHEDULED,UP,SYNTHETIC_CONTROL_CHART
TM-00541,Wednesday,C01,C01-S03,ST01,ST02,12870,Express,22:37,22:41,15,LINE-01,SCHEDULED,UP,SYNTHETIC_CONTROL_CHART
TM-00542,Wednesday,C01,C01-S04,ST01,ST02,12873,Passenger,05:49,05:57,15,LINE-01,SCHEDULED,DOWN,SYNTHETIC_CONTROL_CHART
TM-00543,Wednesday,C01,C01-S04,ST01,ST02,12874,MEMU,06:37,06:42,15,LINE-01,SCHEDULED,DOWN,SYNTHETIC_CONTROL_CHART
TM-00544,Wednesday,C01,C01-S04,ST01,ST02,12875,MEMU,07:24,07:32,15,LINE-01,SCHEDULED,DOWN,SYNTHETIC_CONTROL_CHART
TM-00545,Wednesday,C01,C01-S04,ST01,ST02,12876,Freight,08:37,08:41,15,LINE-01,SCHEDULED,DOWN,SYNTHETIC_CONTROL_CHART
TM-00546,Wednesday,C01,C01-S04,ST01,ST02,12878,Passenger,10:03,10:13,15,LINE-01,SCHEDULED,DOWN,SYNTHETIC_CONTROL_CHART
TM-00547,Wednesday,C01,C01-S04,ST01,ST02,12879,Passenger,11:43,11:47,15,LINE-01,SCHEDULED,DOWN,SYNTHETIC_CONTROL_CHART
TM-00548,Wednesday,C01,C01-S04,ST01,ST02,12882,Express,12:03,12:11,15,LINE-01,SCHEDULED,DOWN,SYNTHETIC_CONTROL_CHART
TM-00549,Wednesday,C01,C01-S04,ST01,ST02,12883,Passenger,14:03,14:08,15,LINE-01,SCHEDULED,UP,SYNTHETIC_CONTROL_CHART
TM-00550,Wednesday,C01,C01-S04,ST01,ST02,12886,Passenger,15:49,15:59,15,LINE-01,SCHEDULED,DOWN,SYNTHETIC_CONTROL_CHART
TM-00551,Wednesday,C01,C01-S04,ST01,ST02,12887,Passenger,16:55,16:58,15,LINE-01,SCHEDULED,DOWN,SYNTHETIC_CONTROL_CHART
TM-00552,Wednesday,C01,C01-S04,ST01,ST02,12888,Express,17:37,17:47,15,LINE-01,SCHEDULED,DOWN,SYNTHETIC_CONTROL_CHART
TM-00553,Wednesday,C01,C01-S04,ST01,ST02,12890,Passenger,18:37,18:45,15,LINE-01,SCHEDULED,DOWN,SYNTHETIC_CONTROL_CHART
TM-00554,Wednesday,C01,C01-S04,ST01,ST02,12891,Passenger,19:31,19:41,15,LINE-01,SCHEDULED,UP,SYNTHETIC_CONTROL_CHART
TM-00555,Wednesday,C01,C01-S04,ST01,ST02,12892,MEMU,21:03,21:09,15,LINE-01,SCHEDULED,UP,SYNTHETIC_CONTROL_CHART
TM-00556,Wednesday,C01,C01-S04,ST01,ST02,12893,Special,22:12,22:16,15,LINE-01,SCHEDULED,DOWN,SYNTHETIC_CONTROL_CHART
TM-00557,Wednesday,C02,C02-S01,ST02,ST03,12894,Passenger,05:55,06:01,15,LINE-01,SCHEDULED,UP,SYNTHETIC_CONTROL_CHART
TM-00558,Wednesday,C02,C02-S01,ST02,ST03,12897,Express,06:07,06:11,15,LINE-01,SCHEDULED,DOWN,SYNTHETIC_CONTROL_CHART
TM-00559,Wednesday,C02,C02-S01,ST02,ST03,12898,Express,07:37,07:45,15,LINE-01,SCHEDULED,DOWN,SYNTHETIC_CONTROL_CHART
TM-00560,Wednesday,C02,C02-S01,ST02,ST03,12899,Express,08:24,08:30,15,LINE-01,SCHEDULED,UP,SYNTHETIC_CONTROL_CHART
TM-00561,Wednesday,C02,C02-S01,ST02,ST03,12902,MEMU,10:31,10:36,15,LINE-01,SCHEDULED,DOWN,SYNTHETIC_CONTROL_CHART
TM-00562,Wednesday,C02,C02-S01,ST02,ST03,12903,Express,11:24,11:27,15,LINE-01,SCHEDULED,UP,SYNTHETIC_CONTROL_CHART
TM-00563,Wednesday,C02,C02-S01,ST02,ST03,12904,Passenger,12:18,12:23,15,LINE-01,SCHEDULED,DOWN,SYNTHETIC_CONTROL_CHART
TM-00564,Wednesday,C02,C02-S01,ST02,ST03,12907,MEMU,14:55,14:58,15,LINE-01,SCHEDULED,DOWN,SYNTHETIC_CONTROL_CHART
TM-00565,Wednesday,C02,C02-S01,ST02,ST03,12908,Express,15:31,15:36,15,LINE-01,SCHEDULED,DOWN,SYNTHETIC_CONTROL_CHART
TM-00566,Wednesday,C02,C02-S01,ST02,ST03,12909,Freight,16:55,16:58,15,LINE-01,SCHEDULED,DOWN,SYNTHETIC_CONTROL_CHART
TM-00567,Wednesday,C02,C02-S01,ST02,ST03,12910,MEMU,17:55,17:59,15,LINE-01,SCHEDULED,DOWN,SYNTHETIC_CONTROL_CHART
TM-00568,Wednesday,C02,C02-S01,ST02,ST03,12912,Passenger,18:31,18:36,15,LINE-01,SCHEDULED,UP,SYNTHETIC_CONTROL_CHART
TM-00569,Wednesday,C02,C02-S01,ST02,ST03,12913,Freight,19:07,19:17,15,LINE-01,SCHEDULED,UP,SYNTHETIC_CONTROL_CHART
TM-00570,Wednesday,C02,C02-S01,ST02,ST03,12914,Passenger,21:37,21:43,15,LINE-01,SCHEDULED,DOWN,SYNTHETIC_CONTROL_CHART
TM-00571,Wednesday,C02,C02-S01,ST02,ST03,12916,Express,22:55,22:58,15,LINE-01,SCHEDULED,DOWN,SYNTHETIC_CONTROL_CHART
TM-00572,Wednesday,C02,C02-S02,ST02,ST03,12917,Express,05:24,05:32,15,LINE-01,SCHEDULED,UP,SYNTHETIC_CONTROL_CHART
TM-00573,Wednesday,C02,C02-S02,ST02,ST03,12918,Freight,06:07,06:10,15,LINE-01,SCHEDULED,DOWN,SYNTHETIC_CONTROL_CHART
TM-00574,Wednesday,C02,C02-S02,ST02,ST03,12919,Express,07:24,07:34,15,LINE-01,SCHEDULED,DOWN,SYNTHETIC_CONTROL_CHART
TM-00575,Wednesday,C02,C02-S02,ST02,ST03,12920,Express,08:03,08:13,15,LINE-01,SCHEDULED,UP,SYNTHETIC_CONTROL_CHART
TM-00576,Wednesday,C02,C02-S02,ST02,ST03,12922,Express,10:12,10:17,15,LINE-01,SCHEDULED,DOWN,SYNTHETIC_CONTROL_CHART
TM-00577,Wednesday,C02,C02-S02,ST02,ST03,12923,Passenger,11:03,11:06,15,LINE-01,SCHEDULED,UP,SYNTHETIC_CONTROL_CHART
TM-00578,Wednesday,C02,C02-S02,ST02,ST03,12925,Express,12:24,12:27,15,LINE-01,SCHEDULED,UP,SYNTHETIC_CONTROL_CHART
TM-00579,Wednesday,C02,C02-S02,ST02,ST03,12926,Special,14:31,14:36,15,LINE-01,SCHEDULED,UP,SYNTHETIC_CONTROL_CHART
TM-00580,Wednesday,C02,C02-S02,ST02,ST03,12927,Express,15:49,15:57,15,LINE-01,SCHEDULED,DOWN,SYNTHETIC_CONTROL_CHART
TM-00581,Wednesday,C02,C02-S02,ST02,ST03,12929,MEMU,16:18,16:26,15,LINE-01,SCHEDULED,DOWN,SYNTHETIC_CONTROL_CHART
TM-00582,Wednesday,C02,C02-S02,ST02,ST03,12930,MEMU,17:07,17:10,15,LINE-01,SCHEDULED,UP,SYNTHETIC_CONTROL_CHART
TM-00583,Wednesday,C02,C02-S02,ST02,ST03,12933,Special,18:18,18:21,15,LINE-01,SCHEDULED,UP,SYNTHETIC_CONTROL_CHART
TM-00584,Wednesday,C02,C02-S02,ST02,ST03,12934,Express,19:24,19:28,15,LINE-01,SCHEDULED,UP,SYNTHETIC_CONTROL_CHART
TM-00585,Wednesday,C02,C02-S02,ST02,ST03,12935,Express,21:18,21:28,15,LINE-01,SCHEDULED,DOWN,SYNTHETIC_CONTROL_CHART
TM-00586,Wednesday,C02,C02-S02,ST02,ST03,12938,MEMU,22:37,22:41,15,LINE-01,SCHEDULED,UP,SYNTHETIC_CONTROL_CHART
TM-00587,Wednesday,C02,C02-S03,ST02,ST03,12940,Express,05:07,05:10,15,LINE-01,SCHEDULED,UP,SYNTHETIC_CONTROL_CHART
TM-00588,Wednesday,C02,C02-S03,ST02,ST03,12943,Express,06:03,06:11,15,LINE-01,SCHEDULED,DOWN,SYNTHETIC_CONTROL_CHART
TM-00589,Wednesday,C02,C02-S03,ST02,ST03,12946,Freight,07:49,07:57,15,LINE-01,SCHEDULED,UP,SYNTHETIC_CONTROL_CHART
TM-00590,Wednesday,C02,C02-S03,ST02,ST03,12947,Special,08:49,08:59,15,LINE-01,SCHEDULED,DOWN,SYNTHETIC_CONTROL_CHART
TM-00591,Wednesday,C02,C02-S03,ST02,ST03,12948,Passenger,10:55,10:59,15,LINE-01,SCHEDULED,UP,SYNTHETIC_CONTROL_CHART
TM-00592,Wednesday,C02,C02-S03,ST02,ST03,12949,Passenger,11:07,11:12,15,LINE-01,SCHEDULED,DOWN,SYNTHETIC_CONTROL_CHART
TM-00593,Wednesday,C02,C02-S03,ST02,ST03,12950,Passenger,12:43,12:48,15,LINE-01,SCHEDULED,UP,SYNTHETIC_CONTROL_CHART
TM-00594,Wednesday,C02,C02-S03,ST02,ST03,12951,Passenger,14:03,14:08,15,LINE-01,SCHEDULED,UP,SYNTHETIC_CONTROL_CHART
TM-00595,Wednesday,C02,C02-S03,ST02,ST03,12952,MEMU,15:55,16:03,15,LINE-01,SCHEDULED,DOWN,SYNTHETIC_CONTROL_CHART
TM-00596,Wednesday,C02,C02-S03,ST02,ST03,12953,MEMU,16:31,16:35,15,LINE-01,SCHEDULED,DOWN,SYNTHETIC_CONTROL_CHART
TM-00597,Wednesday,C02,C02-S03,ST02,ST03,12955,Passenger,17:18,17:23,15,LINE-01,SCHEDULED,DOWN,SYNTHETIC_CONTROL_CHART
TM-00598,Wednesday,C02,C02-S03,ST02,ST03,12958,Express,18:43,18:51,15,LINE-01,SCHEDULED,UP,SYNTHETIC_CONTROL_CHART
TM-00599,Wednesday,C02,C02-S03,ST02,ST03,12959,Freight,19:12,19:20,15,LINE-01,SCHEDULED,DOWN,SYNTHETIC_CONTROL_CHART
TM-00600,Wednesday,C02,C02-S03,ST02,ST03,12960,Express,21:07,21:15,15,LINE-01,SCHEDULED,DOWN,SYNTHETIC_CONTROL_CHART
TM-00601,Wednesday,C02,C02-S03,ST02,ST03,12961,Express,22:43,22:46,15,LINE-01,SCHEDULED,UP,SYNTHETIC_CONTROL_CHART
TM-00602,Wednesday,C02,C02-S04,ST02,ST03,12964,MEMU,05:37,05:42,15,LINE-01,SCHEDULED,DOWN,SYNTHETIC_CONTROL_CHART
TM-00603,Wednesday,C02,C02-S04,ST02,ST03,12967,Express,06:03,06:13,15,LINE-01,SCHEDULED,DOWN,SYNTHETIC_CONTROL_CHART
TM-00604,Wednesday,C02,C02-S04,ST02,ST03,12969,Express,07:24,07:34,15,LINE-01,SCHEDULED,UP,SYNTHETIC_CONTROL_CHART
TM-00605,Wednesday,C02,C02-S04,ST02,ST03,12970,Express,08:37,08:43,15,LINE-01,SCHEDULED,UP,SYNTHETIC_CONTROL_CHART
TM-00606,Wednesday,C02,C02-S04,ST02,ST03,12971,Express,10:12,10:15,15,LINE-01,SCHEDULED,DOWN,SYNTHETIC_CONTROL_CHART
TM-00607,Wednesday,C02,C02-S04,ST02,ST03,12972,Passenger,11:43,11:51,15,LINE-01,SCHEDULED,DOWN,SYNTHETIC_CONTROL_CHART
TM-00608,Wednesday,C02,C02-S04,ST02,ST03,12973,MEMU,12:07,12:15,15,LINE-01,SCHEDULED,DOWN,SYNTHETIC_CONTROL_CHART
TM-00609,Wednesday,C02,C02-S04,ST02,ST03,12974,Passenger,14:31,14:36,15,LINE-01,SCHEDULED,DOWN,SYNTHETIC_CONTROL_CHART
TM-00610,Wednesday,C02,C02-S04,ST02,ST03,12977,Express,15:31,15:34,15,LINE-01,SCHEDULED,DOWN,SYNTHETIC_CONTROL_CHART
TM-00611,Wednesday,C02,C02-S04,ST02,ST03,12979,Freight,16:43,16:46,15,LINE-01,SCHEDULED,DOWN,SYNTHETIC_CONTROL_CHART
TM-00612,Wednesday,C02,C02-S04,ST02,ST03,12980,Freight,17:49,17:52,15,LINE-01,SCHEDULED,DOWN,SYNTHETIC_CONTROL_CHART
TM-00613,Wednesday,C02,C02-S04,ST02,ST03,12981,Passenger,18:49,18:52,15,LINE-01,SCHEDULED,UP,SYNTHETIC_CONTROL_CHART
TM-00614,Wednesday,C02,C02-S04,ST02,ST03,12982,Passenger,19:37,19:43,15,LINE-01,SCHEDULED,UP,SYNTHETIC_CONTROL_CHART
TM-00615,Wednesday,C02,C02-S04,ST02,ST03,12983,Express,21:07,21:10,15,LINE-01,SCHEDULED,UP,SYNTHETIC_CONTROL_CHART
TM-00616,Wednesday,C02,C02-S04,ST02,ST03,12984,Passenger,22:24,22:28,15,LINE-01,SCHEDULED,UP,SYNTHETIC_CONTROL_CHART
TM-00617,Wednesday,C03,C03-S01,ST03,ST04,12985,Freight,05:12,05:15,15,LINE-01,SCHEDULED,UP,SYNTHETIC_CONTROL_CHART
TM-00618,Wednesday,C03,C03-S01,ST03,ST04,12986,Passenger,06:18,06:28,15,LINE-01,SCHEDULED,DOWN,SYNTHETIC_CONTROL_CHART
TM-00619,Wednesday,C03,C03-S01,ST03,ST04,12987,Express,07:31,07:41,15,LINE-01,SCHEDULED,UP,SYNTHETIC_CONTROL_CHART
TM-00620,Wednesday,C03,C03-S01,ST03,ST04,12989,Special,08:24,08:29,15,LINE-01,SCHEDULED,DOWN,SYNTHETIC_CONTROL_CHART
TM-00621,Wednesday,C03,C03-S01,ST03,ST04,12990,MEMU,10:03,10:06,15,LINE-01,SCHEDULED,UP,SYNTHETIC_CONTROL_CHART
TM-00622,Wednesday,C03,C03-S01,ST03,ST04,12991,Passenger,11:43,11:48,15,LINE-01,SCHEDULED,UP,SYNTHETIC_CONTROL_CHART
TM-00623,Wednesday,C03,C03-S01,ST03,ST04,12992,Passenger,12:55,13:05,15,LINE-01,SCHEDULED,UP,SYNTHETIC_CONTROL_CHART
TM-00624,Wednesday,C03,C03-S01,ST03,ST04,12994,Passenger,14:18,14:23,15,LINE-01,SCHEDULED,UP,SYNTHETIC_CONTROL_CHART
TM-00625,Wednesday,C03,C03-S01,ST03,ST04,12995,Express,15:31,15:41,15,LINE-01,SCHEDULED,UP,SYNTHETIC_CONTROL_CHART
TM-00626,Wednesday,C03,C03-S01,ST03,ST04,12996,Express,16:31,16:41,15,LINE-01,SCHEDULED,UP,SYNTHETIC_CONTROL_CHART
TM-00627,Wednesday,C03,C03-S01,ST03,ST04,12997,Passenger,17:43,17:53,15,LINE-01,SCHEDULED,DOWN,SYNTHETIC_CONTROL_CHART
TM-00628,Wednesday,C03,C03-S01,ST03,ST04,13000,Passenger,18:03,18:06,15,LINE-01,SCHEDULED,DOWN,SYNTHETIC_CONTROL_CHART
TM-00629,Wednesday,C03,C03-S01,ST03,ST04,13003,Passenger,19:37,19:41,15,LINE-01,SCHEDULED,DOWN,SYNTHETIC_CONTROL_CHART
TM-00630,Wednesday,C03,C03-S01,ST03,ST04,13005,Passenger,21:24,21:29,15,LINE-01,SCHEDULED,DOWN,SYNTHETIC_CONTROL_CHART
TM-00631,Wednesday,C03,C03-S01,ST03,ST04,13006,Express,22:03,22:09,15,LINE-01,SCHEDULED,DOWN,SYNTHETIC_CONTROL_CHART
TM-00632,Wednesday,C03,C03-S02,ST03,ST04,13007,Passenger,05:24,05:27,15,LINE-01,SCHEDULED,DOWN,SYNTHETIC_CONTROL_CHART
TM-00633,Wednesday,C03,C03-S02,ST03,ST04,13009,Passenger,06:43,06:48,15,LINE-01,SCHEDULED,DOWN,SYNTHETIC_CONTROL_CHART
TM-00634,Wednesday,C03,C03-S02,ST03,ST04,13010,Passenger,07:31,07:34,15,LINE-01,SCHEDULED,DOWN,SYNTHETIC_CONTROL_CHART
TM-00635,Wednesday,C03,C03-S02,ST03,ST04,13011,Passenger,08:12,08:15,15,LINE-01,SCHEDULED,DOWN,SYNTHETIC_CONTROL_CHART
TM-00636,Wednesday,C03,C03-S02,ST03,ST04,13012,Passenger,10:49,10:54,15,LINE-01,SCHEDULED,UP,SYNTHETIC_CONTROL_CHART
TM-00637,Wednesday,C03,C03-S02,ST03,ST04,13013,Freight,11:49,11:53,15,LINE-01,SCHEDULED,DOWN,SYNTHETIC_CONTROL_CHART
TM-00638,Wednesday,C03,C03-S02,ST03,ST04,13014,MEMU,12:18,12:26,15,LINE-01,SCHEDULED,DOWN,SYNTHETIC_CONTROL_CHART
TM-00639,Wednesday,C03,C03-S02,ST03,ST04,13015,Express,14:03,14:11,15,LINE-01,SCHEDULED,DOWN,SYNTHETIC_CONTROL_CHART
TM-00640,Wednesday,C03,C03-S02,ST03,ST04,13017,Passenger,15:24,15:27,15,LINE-01,SCHEDULED,UP,SYNTHETIC_CONTROL_CHART
TM-00641,Wednesday,C03,C03-S02,ST03,ST04,13020,Express,16:07,16:17,15,LINE-01,SCHEDULED,UP,SYNTHETIC_CONTROL_CHART
TM-00642,Wednesday,C03,C03-S02,ST03,ST04,13022,Passenger,17:37,17:40,15,LINE-01,SCHEDULED,DOWN,SYNTHETIC_CONTROL_CHART
TM-00643,Wednesday,C03,C03-S02,ST03,ST04,13023,Freight,18:49,18:57,15,LINE-01,SCHEDULED,DOWN,SYNTHETIC_CONTROL_CHART
TM-00644,Wednesday,C03,C03-S02,ST03,ST04,13025,Passenger,19:37,19:47,15,LINE-01,SCHEDULED,UP,SYNTHETIC_CONTROL_CHART
TM-00645,Wednesday,C03,C03-S02,ST03,ST04,13026,Passenger,21:07,21:12,15,LINE-01,SCHEDULED,UP,SYNTHETIC_CONTROL_CHART
TM-00646,Wednesday,C03,C03-S02,ST03,ST04,13027,Express,22:03,22:06,15,LINE-01,SCHEDULED,DOWN,SYNTHETIC_CONTROL_CHART
TM-00647,Wednesday,C03,C03-S03,ST03,ST04,13030,Express,05:55,05:59,15,LINE-01,SCHEDULED,DOWN,SYNTHETIC_CONTROL_CHART
TM-00648,Wednesday,C03,C03-S03,ST03,ST04,13033,Express,06:37,06:40,15,LINE-01,SCHEDULED,UP,SYNTHETIC_CONTROL_CHART
TM-00649,Wednesday,C03,C03-S03,ST03,ST04,13034,MEMU,07:43,07:49,15,LINE-01,SCHEDULED,UP,SYNTHETIC_CONTROL_CHART
TM-00650,Wednesday,C03,C03-S03,ST03,ST04,13035,Passenger,08:07,08:13,15,LINE-01,SCHEDULED,DOWN,SYNTHETIC_CONTROL_CHART
TM-00651,Wednesday,C03,C03-S03,ST03,ST04,13036,Passenger,10:49,10:53,15,LINE-01,SCHEDULED,UP,SYNTHETIC_CONTROL_CHART
TM-00652,Wednesday,C03,C03-S03,ST03,ST04,13037,Passenger,11:37,11:43,15,LINE-01,SCHEDULED,UP,SYNTHETIC_CONTROL_CHART
TM-00653,Wednesday,C03,C03-S03,ST03,ST04,13038,Passenger,12:07,12:15,15,LINE-01,SCHEDULED,DOWN,SYNTHETIC_CONTROL_CHART
TM-00654,Wednesday,C03,C03-S03,ST03,ST04,13039,Express,14:18,14:26,15,LINE-01,SCHEDULED,DOWN,SYNTHETIC_CONTROL_CHART
TM-00655,Wednesday,C03,C03-S03,ST03,ST04,13041,Freight,15:49,15:59,15,LINE-01,SCHEDULED,UP,SYNTHETIC_CONTROL_CHART
TM-00656,Wednesday,C03,C03-S03,ST03,ST04,13044,Freight,16:49,16:57,15,LINE-01,SCHEDULED,UP,SYNTHETIC_CONTROL_CHART
TM-00657,Wednesday,C03,C03-S03,ST03,ST04,13045,MEMU,17:43,17:51,15,LINE-01,SCHEDULED,UP,SYNTHETIC_CONTROL_CHART
TM-00658,Wednesday,C03,C03-S03,ST03,ST04,13046,MEMU,18:24,18:32,15,LINE-01,SCHEDULED,UP,SYNTHETIC_CONTROL_CHART
TM-00659,Wednesday,C03,C03-S03,ST03,ST04,13047,Freight,19:12,19:17,15,LINE-01,SCHEDULED,DOWN,SYNTHETIC_CONTROL_CHART
TM-00660,Wednesday,C03,C03-S03,ST03,ST04,13049,Freight,21:12,21:22,15,LINE-01,SCHEDULED,DOWN,SYNTHETIC_CONTROL_CHART
TM-00661,Wednesday,C03,C03-S03,ST03,ST04,13052,Passenger,22:12,22:17,15,LINE-01,SCHEDULED,UP,SYNTHETIC_CONTROL_CHART
TM-00662,Wednesday,C03,C03-S04,ST03,ST04,13053,Passenger,05:49,05:59,15,LINE-01,SCHEDULED,UP,SYNTHETIC_CONTROL_CHART
TM-00663,Wednesday,C03,C03-S04,ST03,ST04,13054,Passenger,06:24,06:32,15,LINE-01,SCHEDULED,UP,SYNTHETIC_CONTROL_CHART
TM-00664,Wednesday,C03,C03-S04,ST03,ST04,13055,Special,07:18,07:21,15,LINE-01,SCHEDULED,UP,SYNTHETIC_CONTROL_CHART
TM-00665,Wednesday,C03,C03-S04,ST03,ST04,13056,MEMU,08:49,08:54,15,LINE-01,SCHEDULED,UP,SYNTHETIC_CONTROL_CHART
TM-00666,Wednesday,C03,C03-S04,ST03,ST04,13059,Special,10:49,10:57,15,LINE-01,SCHEDULED,DOWN,SYNTHETIC_CONTROL_CHART
TM-00667,Wednesday,C03,C03-S04,ST03,ST04,13062,Express,11:12,11:16,15,LINE-01,SCHEDULED,DOWN,SYNTHETIC_CONTROL_CHART
TM-00668,Wednesday,C03,C03-S04,ST03,ST04,13064,Passenger,12:18,12:22,15,LINE-01,SCHEDULED,UP,SYNTHETIC_CONTROL_CHART
TM-00669,Wednesday,C03,C03-S04,ST03,ST04,13065,MEMU,14:07,14:11,15,LINE-01,SCHEDULED,UP,SYNTHETIC_CONTROL_CHART
TM-00670,Wednesday,C03,C03-S04,ST03,ST04,13066,MEMU,15:18,15:22,15,LINE-01,SCHEDULED,UP,SYNTHETIC_CONTROL_CHART
TM-00671,Wednesday,C03,C03-S04,ST03,ST04,13067,Passenger,16:31,16:36,15,LINE-01,SCHEDULED,UP,SYNTHETIC_CONTROL_CHART
TM-00672,Wednesday,C03,C03-S04,ST03,ST04,13068,Freight,17:24,17:29,15,LINE-01,SCHEDULED,DOWN,SYNTHETIC_CONTROL_CHART
TM-00673,Wednesday,C03,C03-S04,ST03,ST04,13069,Express,18:07,18:10,15,LINE-01,SCHEDULED,UP,SYNTHETIC_CONTROL_CHART
TM-00674,Wednesday,C03,C03-S04,ST03,ST04,13072,Special,19:03,19:07,15,LINE-01,SCHEDULED,DOWN,SYNTHETIC_CONTROL_CHART
TM-00675,Wednesday,C03,C03-S04,ST03,ST04,13073,MEMU,21:55,22:03,15,LINE-01,SCHEDULED,DOWN,SYNTHETIC_CONTROL_CHART
TM-00676,Wednesday,C03,C03-S04,ST03,ST04,13074,MEMU,22:43,22:47,15,LINE-01,SCHEDULED,UP,SYNTHETIC_CONTROL_CHART
TM-00677,Wednesday,C04,C04-S01,ST04,ST05,13075,Passenger,05:49,05:57,15,LINE-01,SCHEDULED,DOWN,SYNTHETIC_CONTROL_CHART
TM-00678,Wednesday,C04,C04-S01,ST04,ST05,13076,MEMU,06:31,06:37,15,LINE-01,SCHEDULED,UP,SYNTHETIC_CONTROL_CHART
TM-00679,Wednesday,C04,C04-S01,ST04,ST05,13077,Passenger,07:55,08:01,15,LINE-01,SCHEDULED,UP,SYNTHETIC_CONTROL_CHART
TM-00680,Wednesday,C04,C04-S01,ST04,ST05,13078,Passenger,08:37,08:40,15,LINE-01,SCHEDULED,UP,SYNTHETIC_CONTROL_CHART
TM-00681,Wednesday,C04,C04-S01,ST04,ST05,13079,Passenger,10:18,10:23,15,LINE-01,SCHEDULED,UP,SYNTHETIC_CONTROL_CHART
TM-00682,Wednesday,C04,C04-S01,ST04,ST05,13080,MEMU,11:24,11:27,15,LINE-01,SCHEDULED,UP,SYNTHETIC_CONTROL_CHART
TM-00683,Wednesday,C04,C04-S01,ST04,ST05,13081,Express,12:18,12:21,15,LINE-01,SCHEDULED,UP,SYNTHETIC_CONTROL_CHART
TM-00684,Wednesday,C04,C04-S01,ST04,ST05,13083,Express,14:03,14:07,15,LINE-01,SCHEDULED,UP,SYNTHETIC_CONTROL_CHART
TM-00685,Wednesday,C04,C04-S01,ST04,ST05,13084,Freight,15:31,15:34,15,LINE-01,SCHEDULED,DOWN,SYNTHETIC_CONTROL_CHART
TM-00686,Wednesday,C04,C04-S01,ST04,ST05,13085,MEMU,16:18,16:28,15,LINE-01,SCHEDULED,UP,SYNTHETIC_CONTROL_CHART
TM-00687,Wednesday,C04,C04-S01,ST04,ST05,13087,MEMU,17:55,18:01,15,LINE-01,SCHEDULED,UP,SYNTHETIC_CONTROL_CHART
TM-00688,Wednesday,C04,C04-S01,ST04,ST05,13088,Passenger,18:24,18:34,15,LINE-01,SCHEDULED,DOWN,SYNTHETIC_CONTROL_CHART
TM-00689,Wednesday,C04,C04-S01,ST04,ST05,13089,MEMU,19:37,19:47,15,LINE-01,SCHEDULED,DOWN,SYNTHETIC_CONTROL_CHART
TM-00690,Wednesday,C04,C04-S01,ST04,ST05,13090,Express,21:12,21:15,15,LINE-01,SCHEDULED,UP,SYNTHETIC_CONTROL_CHART
TM-00691,Wednesday,C04,C04-S01,ST04,ST05,13092,Express,22:49,22:59,15,LINE-01,SCHEDULED,UP,SYNTHETIC_CONTROL_CHART
TM-00692,Wednesday,C04,C04-S02,ST04,ST05,13095,Passenger,05:49,05:53,15,LINE-01,SCHEDULED,DOWN,SYNTHETIC_CONTROL_CHART
TM-00693,Wednesday,C04,C04-S02,ST04,ST05,13097,Express,06:12,06:17,15,LINE-01,SCHEDULED,UP,SYNTHETIC_CONTROL_CHART
TM-00694,Wednesday,C04,C04-S02,ST04,ST05,13099,Express,07:12,07:18,15,LINE-01,SCHEDULED,UP,SYNTHETIC_CONTROL_CHART
TM-00695,Wednesday,C04,C04-S02,ST04,ST05,13100,Express,08:12,08:22,15,LINE-01,SCHEDULED,DOWN,SYNTHETIC_CONTROL_CHART
TM-00696,Wednesday,C04,C04-S02,ST04,ST05,13101,Freight,10:49,10:53,15,LINE-01,SCHEDULED,UP,SYNTHETIC_CONTROL_CHART
TM-00697,Wednesday,C04,C04-S02,ST04,ST05,13103,Passenger,11:03,11:11,15,LINE-01,SCHEDULED,DOWN,SYNTHETIC_CONTROL_CHART
TM-00698,Wednesday,C04,C04-S02,ST04,ST05,13105,Express,12:07,12:15,15,LINE-01,SCHEDULED,UP,SYNTHETIC_CONTROL_CHART
TM-00699,Wednesday,C04,C04-S02,ST04,ST05,13106,MEMU,14:37,14:41,15,LINE-01,SCHEDULED,DOWN,SYNTHETIC_CONTROL_CHART
TM-00700,Wednesday,C04,C04-S02,ST04,ST05,13109,Special,15:24,15:29,15,LINE-01,SCHEDULED,DOWN,SYNTHETIC_CONTROL_CHART
TM-00701,Wednesday,C04,C04-S02,ST04,ST05,13110,MEMU,16:31,16:39,15,LINE-01,SCHEDULED,DOWN,SYNTHETIC_CONTROL_CHART
TM-00702,Wednesday,C04,C04-S02,ST04,ST05,13111,Express,17:49,17:59,15,LINE-01,SCHEDULED,UP,SYNTHETIC_CONTROL_CHART
TM-00703,Wednesday,C04,C04-S02,ST04,ST05,13112,Express,18:07,18:12,15,LINE-01,SCHEDULED,DOWN,SYNTHETIC_CONTROL_CHART
TM-00704,Wednesday,C04,C04-S02,ST04,ST05,13113,Express,19:03,19:08,15,LINE-01,SCHEDULED,UP,SYNTHETIC_CONTROL_CHART
TM-00705,Wednesday,C04,C04-S02,ST04,ST05,13114,Express,21:43,21:46,15,LINE-01,SCHEDULED,UP,SYNTHETIC_CONTROL_CHART
TM-00706,Wednesday,C04,C04-S02,ST04,ST05,13115,Express,22:37,22:43,15,LINE-01,SCHEDULED,DOWN,SYNTHETIC_CONTROL_CHART
TM-00707,Wednesday,C04,C04-S03,ST04,ST05,13116,Passenger,05:43,05:51,15,LINE-01,SCHEDULED,UP,SYNTHETIC_CONTROL_CHART
TM-00708,Wednesday,C04,C04-S03,ST04,ST05,13117,Express,06:37,06:45,15,LINE-01,SCHEDULED,DOWN,SYNTHETIC_CONTROL_CHART
TM-00709,Wednesday,C04,C04-S03,ST04,ST05,13118,Express,07:07,07:12,15,LINE-01,SCHEDULED,DOWN,SYNTHETIC_CONTROL_CHART
TM-00710,Wednesday,C04,C04-S03,ST04,ST05,13121,Express,08:03,08:13,15,LINE-01,SCHEDULED,DOWN,SYNTHETIC_CONTROL_CHART
TM-00711,Wednesday,C04,C04-S03,ST04,ST05,13122,Express,10:07,10:15,15,LINE-01,SCHEDULED,DOWN,SYNTHETIC_CONTROL_CHART
TM-00712,Wednesday,C04,C04-S03,ST04,ST05,13125,Express,11:55,12:05,15,LINE-01,SCHEDULED,UP,SYNTHETIC_CONTROL_CHART
TM-00713,Wednesday,C04,C04-S03,ST04,ST05,13128,Passenger,12:49,12:54,15,LINE-01,SCHEDULED,UP,SYNTHETIC_CONTROL_CHART
TM-00714,Wednesday,C04,C04-S03,ST04,ST05,13130,Passenger,14:43,14:48,15,LINE-01,SCHEDULED,UP,SYNTHETIC_CONTROL_CHART
TM-00715,Wednesday,C04,C04-S03,ST04,ST05,13131,Passenger,15:43,15:46,15,LINE-01,SCHEDULED,DOWN,SYNTHETIC_CONTROL_CHART
TM-00716,Wednesday,C04,C04-S03,ST04,ST05,13133,MEMU,16:49,16:54,15,LINE-01,SCHEDULED,DOWN,SYNTHETIC_CONTROL_CHART
TM-00717,Wednesday,C04,C04-S03,ST04,ST05,13134,Express,17:31,17:37,15,LINE-01,SCHEDULED,UP,SYNTHETIC_CONTROL_CHART
TM-00718,Wednesday,C04,C04-S03,ST04,ST05,13137,Express,18:43,18:51,15,LINE-01,SCHEDULED,DOWN,SYNTHETIC_CONTROL_CHART
TM-00719,Wednesday,C04,C04-S03,ST04,ST05,13138,Freight,19:31,19:41,15,LINE-01,SCHEDULED,DOWN,SYNTHETIC_CONTROL_CHART
TM-00720,Wednesday,C04,C04-S03,ST04,ST05,13139,MEMU,21:18,21:24,15,LINE-01,SCHEDULED,UP,SYNTHETIC_CONTROL_CHART
TM-00721,Wednesday,C04,C04-S03,ST04,ST05,13141,MEMU,22:12,22:17,15,LINE-01,SCHEDULED,DOWN,SYNTHETIC_CONTROL_CHART
TM-00722,Wednesday,C04,C04-S04,ST04,ST05,13142,Express,05:18,05:26,15,LINE-01,SCHEDULED,DOWN,SYNTHETIC_CONTROL_CHART
TM-00723,Wednesday,C04,C04-S04,ST04,ST05,13143,MEMU,06:31,06:34,15,LINE-01,SCHEDULED,UP,SYNTHETIC_CONTROL_CHART
TM-00724,Wednesday,C04,C04-S04,ST04,ST05,13144,Passenger,07:24,07:29,15,LINE-01,SCHEDULED,DOWN,SYNTHETIC_CONTROL_CHART
TM-00725,Wednesday,C04,C04-S04,ST04,ST05,13145,Freight,08:12,08:18,15,LINE-01,SCHEDULED,DOWN,SYNTHETIC_CONTROL_CHART
TM-00726,Wednesday,C04,C04-S04,ST04,ST05,13146,MEMU,10:07,10:17,15,LINE-01,SCHEDULED,DOWN,SYNTHETIC_CONTROL_CHART
TM-00727,Wednesday,C04,C04-S04,ST04,ST05,13147,Passenger,11:03,11:13,15,LINE-01,SCHEDULED,UP,SYNTHETIC_CONTROL_CHART
TM-00728,Wednesday,C04,C04-S04,ST04,ST05,13148,Passenger,12:49,12:52,15,LINE-01,SCHEDULED,DOWN,SYNTHETIC_CONTROL_CHART
TM-00729,Wednesday,C04,C04-S04,ST04,ST05,13149,MEMU,14:12,14:20,15,LINE-01,SCHEDULED,UP,SYNTHETIC_CONTROL_CHART
TM-00730,Wednesday,C04,C04-S04,ST04,ST05,13150,Freight,15:31,15:34,15,LINE-01,SCHEDULED,UP,SYNTHETIC_CONTROL_CHART
TM-00731,Wednesday,C04,C04-S04,ST04,ST05,13151,Passenger,16:37,16:42,15,LINE-01,SCHEDULED,UP,SYNTHETIC_CONTROL_CHART
TM-00732,Wednesday,C04,C04-S04,ST04,ST05,13152,MEMU,17:24,17:32,15,LINE-01,SCHEDULED,DOWN,SYNTHETIC_CONTROL_CHART
TM-00733,Wednesday,C04,C04-S04,ST04,ST05,13153,Special,18:37,18:42,15,LINE-01,SCHEDULED,DOWN,SYNTHETIC_CONTROL_CHART
TM-00734,Wednesday,C04,C04-S04,ST04,ST05,13154,Express,19:18,19:24,15,LINE-01,SCHEDULED,UP,SYNTHETIC_CONTROL_CHART
TM-00735,Wednesday,C04,C04-S04,ST04,ST05,13155,Express,21:24,21:29,15,LINE-01,SCHEDULED,DOWN,SYNTHETIC_CONTROL_CHART
TM-00736,Wednesday,C04,C04-S04,ST04,ST05,13156,Passenger,22:07,22:12,15,LINE-01,SCHEDULED,UP,SYNTHETIC_CONTROL_CHART
TM-00737,Thursday,C01,C01-S01,ST01,ST02,13157,Freight,05:24,05:28,15,LINE-01,SCHEDULED,UP,SYNTHETIC_CONTROL_CHART
TM-00738,Thursday,C01,C01-S01,ST01,ST02,13158,Express,06:31,06:39,15,LINE-01,SCHEDULED,DOWN,SYNTHETIC_CONTROL_CHART
TM-00739,Thursday,C01,C01-S01,ST01,ST02,13161,Freight,07:37,07:40,15,LINE-01,SCHEDULED,UP,SYNTHETIC_CONTROL_CHART
TM-00740,Thursday,C01,C01-S01,ST01,ST02,13164,Freight,09:31,09:36,15,LINE-01,SCHEDULED,UP,SYNTHETIC_CONTROL_CHART
TM-00741,Thursday,C01,C01-S01,ST01,ST02,13166,Express,10:37,10:40,15,LINE-01,SCHEDULED,DOWN,SYNTHETIC_CONTROL_CHART
TM-00742,Thursday,C01,C01-S01,ST01,ST02,13168,Special,12:07,12:17,15,LINE-01,SCHEDULED,DOWN,SYNTHETIC_CONTROL_CHART
TM-00743,Thursday,C01,C01-S01,ST01,ST02,13171,Special,13:07,13:12,15,LINE-01,SCHEDULED,DOWN,SYNTHETIC_CONTROL_CHART
TM-00744,Thursday,C01,C01-S01,ST01,ST02,13172,Express,14:49,14:53,15,LINE-01,SCHEDULED,DOWN,SYNTHETIC_CONTROL_CHART
TM-00745,Thursday,C01,C01-S01,ST01,ST02,13174,Express,16:43,16:53,15,LINE-01,SCHEDULED,DOWN,SYNTHETIC_CONTROL_CHART
TM-00746,Thursday,C01,C01-S01,ST01,ST02,13175,Passenger,17:03,17:08,15,LINE-01,SCHEDULED,UP,SYNTHETIC_CONTROL_CHART
TM-00747,Thursday,C01,C01-S01,ST01,ST02,13178,Passenger,18:12,18:18,15,LINE-01,SCHEDULED,DOWN,SYNTHETIC_CONTROL_CHART
TM-00748,Thursday,C01,C01-S01,ST01,ST02,13180,Express,19:24,19:30,15,LINE-01,SCHEDULED,DOWN,SYNTHETIC_CONTROL_CHART
TM-00749,Thursday,C01,C01-S01,ST01,ST02,13181,MEMU,20:49,20:57,15,LINE-01,SCHEDULED,UP,SYNTHETIC_CONTROL_CHART
TM-00750,Thursday,C01,C01-S01,ST01,ST02,13184,Passenger,22:55,23:01,15,LINE-01,SCHEDULED,DOWN,SYNTHETIC_CONTROL_CHART
TM-00751,Thursday,C01,C01-S02,ST01,ST02,13186,Passenger,05:03,05:13,15,LINE-01,SCHEDULED,UP,SYNTHETIC_CONTROL_CHART
TM-00752,Thursday,C01,C01-S02,ST01,ST02,13189,Freight,06:07,06:12,15,LINE-01,SCHEDULED,DOWN,SYNTHETIC_CONTROL_CHART
TM-00753,Thursday,C01,C01-S02,ST01,ST02,13190,Express,07:07,07:17,15,LINE-01,SCHEDULED,DOWN,SYNTHETIC_CONTROL_CHART
TM-00754,Thursday,C01,C01-S02,ST01,ST02,13191,Express,09:55,10:05,15,LINE-01,SCHEDULED,UP,SYNTHETIC_CONTROL_CHART
TM-00755,Thursday,C01,C01-S02,ST01,ST02,13193,Express,10:07,10:13,15,LINE-01,SCHEDULED,DOWN,SYNTHETIC_CONTROL_CHART
TM-00756,Thursday,C01,C01-S02,ST01,ST02,13194,Freight,12:24,12:28,15,LINE-01,SCHEDULED,DOWN,SYNTHETIC_CONTROL_CHART
TM-00757,Thursday,C01,C01-S02,ST01,ST02,13195,Special,13:03,13:09,15,LINE-01,SCHEDULED,DOWN,SYNTHETIC_CONTROL_CHART
TM-00758,Thursday,C01,C01-S02,ST01,ST02,13196,MEMU,14:03,14:11,15,LINE-01,SCHEDULED,DOWN,SYNTHETIC_CONTROL_CHART
TM-00759,Thursday,C01,C01-S02,ST01,ST02,13198,Express,16:24,16:27,15,LINE-01,SCHEDULED,UP,SYNTHETIC_CONTROL_CHART
TM-00760,Thursday,C01,C01-S02,ST01,ST02,13199,Freight,17:03,17:11,15,LINE-01,SCHEDULED,UP,SYNTHETIC_CONTROL_CHART
TM-00761,Thursday,C01,C01-S02,ST01,ST02,13200,Passenger,18:43,18:49,15,LINE-01,SCHEDULED,UP,SYNTHETIC_CONTROL_CHART
TM-00762,Thursday,C01,C01-S02,ST01,ST02,13201,Express,19:24,19:32,15,LINE-01,SCHEDULED,DOWN,SYNTHETIC_CONTROL_CHART
TM-00763,Thursday,C01,C01-S02,ST01,ST02,13203,Express,20:55,21:01,15,LINE-01,SCHEDULED,UP,SYNTHETIC_CONTROL_CHART
TM-00764,Thursday,C01,C01-S02,ST01,ST02,13204,Express,22:12,22:15,15,LINE-01,SCHEDULED,DOWN,SYNTHETIC_CONTROL_CHART
TM-00765,Thursday,C01,C01-S03,ST01,ST02,13205,Passenger,05:49,05:52,15,LINE-01,SCHEDULED,UP,SYNTHETIC_CONTROL_CHART
TM-00766,Thursday,C01,C01-S03,ST01,ST02,13208,Express,06:07,06:15,15,LINE-01,SCHEDULED,DOWN,SYNTHETIC_CONTROL_CHART
TM-00767,Thursday,C01,C01-S03,ST01,ST02,13209,MEMU,07:03,07:08,15,LINE-01,SCHEDULED,UP,SYNTHETIC_CONTROL_CHART
TM-00768,Thursday,C01,C01-S03,ST01,ST02,13211,Passenger,09:24,09:34,15,LINE-01,SCHEDULED,UP,SYNTHETIC_CONTROL_CHART
TM-00769,Thursday,C01,C01-S03,ST01,ST02,13214,Passenger,10:18,10:21,15,LINE-01,SCHEDULED,UP,SYNTHETIC_CONTROL_CHART
TM-00770,Thursday,C01,C01-S03,ST01,ST02,13216,Special,12:12,12:17,15,LINE-01,SCHEDULED,DOWN,SYNTHETIC_CONTROL_CHART
TM-00771,Thursday,C01,C01-S03,ST01,ST02,13219,Express,13:12,13:22,15,LINE-01,SCHEDULED,DOWN,SYNTHETIC_CONTROL_CHART
TM-00772,Thursday,C01,C01-S03,ST01,ST02,13220,MEMU,14:37,14:40,15,LINE-01,SCHEDULED,DOWN,SYNTHETIC_CONTROL_CHART
TM-00773,Thursday,C01,C01-S03,ST01,ST02,13223,Express,16:24,16:27,15,LINE-01,SCHEDULED,DOWN,SYNTHETIC_CONTROL_CHART
TM-00774,Thursday,C01,C01-S03,ST01,ST02,13226,Express,17:18,17:22,15,LINE-01,SCHEDULED,DOWN,SYNTHETIC_CONTROL_CHART
TM-00775,Thursday,C01,C01-S03,ST01,ST02,13227,Express,18:55,18:58,15,LINE-01,SCHEDULED,DOWN,SYNTHETIC_CONTROL_CHART
TM-00776,Thursday,C01,C01-S03,ST01,ST02,13228,Passenger,19:12,19:15,15,LINE-01,SCHEDULED,UP,SYNTHETIC_CONTROL_CHART
TM-00777,Thursday,C01,C01-S03,ST01,ST02,13231,Passenger,20:07,20:15,15,LINE-01,SCHEDULED,UP,SYNTHETIC_CONTROL_CHART
TM-00778,Thursday,C01,C01-S03,ST01,ST02,13232,Passenger,22:18,22:23,15,LINE-01,SCHEDULED,UP,SYNTHETIC_CONTROL_CHART
TM-00779,Thursday,C01,C01-S04,ST01,ST02,13234,MEMU,05:24,05:29,15,LINE-01,SCHEDULED,DOWN,SYNTHETIC_CONTROL_CHART
TM-00780,Thursday,C01,C01-S04,ST01,ST02,13236,Express,06:07,06:12,15,LINE-01,SCHEDULED,UP,SYNTHETIC_CONTROL_CHART
TM-00781,Thursday,C01,C01-S04,ST01,ST02,13237,Express,07:55,08:03,15,LINE-01,SCHEDULED,DOWN,SYNTHETIC_CONTROL_CHART
TM-00782,Thursday,C01,C01-S04,ST01,ST02,13239,Freight,09:07,09:13,15,LINE-01,SCHEDULED,UP,SYNTHETIC_CONTROL_CHART
TM-00783,Thursday,C01,C01-S04,ST01,ST02,13240,Passenger,10:18,10:26,15,LINE-01,SCHEDULED,DOWN,SYNTHETIC_CONTROL_CHART
TM-00784,Thursday,C01,C01-S04,ST01,ST02,13242,Passenger,12:31,12:37,15,LINE-01,SCHEDULED,UP,SYNTHETIC_CONTROL_CHART
TM-00785,Thursday,C01,C01-S04,ST01,ST02,13243,Passenger,13:37,13:41,15,LINE-01,SCHEDULED,DOWN,SYNTHETIC_CONTROL_CHART
TM-00786,Thursday,C01,C01-S04,ST01,ST02,13245,Express,14:43,14:51,15,LINE-01,SCHEDULED,DOWN,SYNTHETIC_CONTROL_CHART
TM-00787,Thursday,C01,C01-S04,ST01,ST02,13247,Passenger,16:18,16:24,15,LINE-01,SCHEDULED,UP,SYNTHETIC_CONTROL_CHART
TM-00788,Thursday,C01,C01-S04,ST01,ST02,13249,Passenger,17:03,17:11,15,LINE-01,SCHEDULED,DOWN,SYNTHETIC_CONTROL_CHART
TM-00789,Thursday,C01,C01-S04,ST01,ST02,13250,Passenger,18:18,18:26,15,LINE-01,SCHEDULED,UP,SYNTHETIC_CONTROL_CHART
TM-00790,Thursday,C01,C01-S04,ST01,ST02,13253,MEMU,19:55,20:03,15,LINE-01,SCHEDULED,DOWN,SYNTHETIC_CONTROL_CHART
TM-00791,Thursday,C01,C01-S04,ST01,ST02,13256,Passenger,20:31,20:41,15,LINE-01,SCHEDULED,DOWN,SYNTHETIC_CONTROL_CHART
TM-00792,Thursday,C01,C01-S04,ST01,ST02,13258,MEMU,22:31,22:34,15,LINE-01,SCHEDULED,DOWN,SYNTHETIC_CONTROL_CHART
TM-00793,Thursday,C02,C02-S01,ST02,ST03,13259,Express,05:03,05:11,15,LINE-01,SCHEDULED,DOWN,SYNTHETIC_CONTROL_CHART
TM-00794,Thursday,C02,C02-S01,ST02,ST03,13260,Freight,06:07,06:11,15,LINE-01,SCHEDULED,UP,SYNTHETIC_CONTROL_CHART
TM-00795,Thursday,C02,C02-S01,ST02,ST03,13261,Express,07:03,07:08,15,LINE-01,SCHEDULED,DOWN,SYNTHETIC_CONTROL_CHART
TM-00796,Thursday,C02,C02-S01,ST02,ST03,13264,Express,09:18,09:24,15,LINE-01,SCHEDULED,DOWN,SYNTHETIC_CONTROL_CHART
TM-00797,Thursday,C02,C02-S01,ST02,ST03,13265,Express,10:49,10:52,15,LINE-01,SCHEDULED,DOWN,SYNTHETIC_CONTROL_CHART
TM-00798,Thursday,C02,C02-S01,ST02,ST03,13266,Passenger,12:24,12:27,15,LINE-01,SCHEDULED,DOWN,SYNTHETIC_CONTROL_CHART
TM-00799,Thursday,C02,C02-S01,ST02,ST03,13268,Freight,13:07,13:10,15,LINE-01,SCHEDULED,DOWN,SYNTHETIC_CONTROL_CHART
TM-00800,Thursday,C02,C02-S01,ST02,ST03,13269,Express,14:37,14:41,15,LINE-01,SCHEDULED,DOWN,SYNTHETIC_CONTROL_CHART
TM-00801,Thursday,C02,C02-S01,ST02,ST03,13271,Express,16:07,16:12,15,LINE-01,SCHEDULED,UP,SYNTHETIC_CONTROL_CHART
TM-00802,Thursday,C02,C02-S01,ST02,ST03,13272,Freight,17:37,17:40,15,LINE-01,SCHEDULED,DOWN,SYNTHETIC_CONTROL_CHART
TM-00803,Thursday,C02,C02-S01,ST02,ST03,13273,Express,18:31,18:37,15,LINE-01,SCHEDULED,UP,SYNTHETIC_CONTROL_CHART
TM-00804,Thursday,C02,C02-S01,ST02,ST03,13275,Special,19:37,19:43,15,LINE-01,SCHEDULED,UP,SYNTHETIC_CONTROL_CHART
TM-00805,Thursday,C02,C02-S01,ST02,ST03,13278,Express,20:07,20:13,15,LINE-01,SCHEDULED,DOWN,SYNTHETIC_CONTROL_CHART
TM-00806,Thursday,C02,C02-S01,ST02,ST03,13280,Special,22:03,22:08,15,LINE-01,SCHEDULED,DOWN,SYNTHETIC_CONTROL_CHART
TM-00807,Thursday,C02,C02-S02,ST02,ST03,13281,Special,05:55,05:59,15,LINE-01,SCHEDULED,UP,SYNTHETIC_CONTROL_CHART
TM-00808,Thursday,C02,C02-S02,ST02,ST03,13284,Passenger,06:55,07:03,15,LINE-01,SCHEDULED,DOWN,SYNTHETIC_CONTROL_CHART
TM-00809,Thursday,C02,C02-S02,ST02,ST03,13285,Passenger,07:03,07:06,15,LINE-01,SCHEDULED,UP,SYNTHETIC_CONTROL_CHART
TM-00810,Thursday,C02,C02-S02,ST02,ST03,13288,Passenger,09:18,09:23,15,LINE-01,SCHEDULED,DOWN,SYNTHETIC_CONTROL_CHART
TM-00811,Thursday,C02,C02-S02,ST02,ST03,13289,Freight,10:07,10:17,15,LINE-01,SCHEDULED,UP,SYNTHETIC_CONTROL_CHART
TM-00812,Thursday,C02,C02-S02,ST02,ST03,13290,Passenger,12:55,12:58,15,LINE-01,SCHEDULED,UP,SYNTHETIC_CONTROL_CHART
TM-00813,Thursday,C02,C02-S02,ST02,ST03,13293,Passenger,13:55,13:58,15,LINE-01,SCHEDULED,UP,SYNTHETIC_CONTROL_CHART
TM-00814,Thursday,C02,C02-S02,ST02,ST03,13295,Express,14:18,14:23,15,LINE-01,SCHEDULED,DOWN,SYNTHETIC_CONTROL_CHART
TM-00815,Thursday,C02,C02-S02,ST02,ST03,13298,Freight,16:24,16:30,15,LINE-01,SCHEDULED,DOWN,SYNTHETIC_CONTROL_CHART
TM-00816,Thursday,C02,C02-S02,ST02,ST03,13299,Express,17:55,18:01,15,LINE-01,SCHEDULED,UP,SYNTHETIC_CONTROL_CHART
TM-00817,Thursday,C02,C02-S02,ST02,ST03,13301,Special,18:03,18:07,15,LINE-01,SCHEDULED,DOWN,SYNTHETIC_CONTROL_CHART
TM-00818,Thursday,C02,C02-S02,ST02,ST03,13303,Express,19:07,19:12,15,LINE-01,SCHEDULED,UP,SYNTHETIC_CONTROL_CHART
TM-00819,Thursday,C02,C02-S02,ST02,ST03,13304,Express,20:49,20:53,15,LINE-01,SCHEDULED,DOWN,SYNTHETIC_CONTROL_CHART
TM-00820,Thursday,C02,C02-S02,ST02,ST03,13305,Passenger,22:03,22:08,15,LINE-01,SCHEDULED,UP,SYNTHETIC_CONTROL_CHART
TM-00821,Thursday,C02,C02-S03,ST02,ST03,13306,Express,05:31,05:37,15,LINE-01,SCHEDULED,DOWN,SYNTHETIC_CONTROL_CHART
TM-00822,Thursday,C02,C02-S03,ST02,ST03,13309,Passenger,06:49,06:52,15,LINE-01,SCHEDULED,UP,SYNTHETIC_CONTROL_CHART
TM-00823,Thursday,C02,C02-S03,ST02,ST03,13310,Express,07:55,08:00,15,LINE-01,SCHEDULED,DOWN,SYNTHETIC_CONTROL_CHART
TM-00824,Thursday,C02,C02-S03,ST02,ST03,13311,Passenger,09:37,09:47,15,LINE-01,SCHEDULED,UP,SYNTHETIC_CONTROL_CHART
TM-00825,Thursday,C02,C02-S03,ST02,ST03,13314,Express,10:12,10:17,15,LINE-01,SCHEDULED,UP,SYNTHETIC_CONTROL_CHART
TM-00826,Thursday,C02,C02-S03,ST02,ST03,13315,Express,12:12,12:18,15,LINE-01,SCHEDULED,UP,SYNTHETIC_CONTROL_CHART
TM-00827,Thursday,C02,C02-S03,ST02,ST03,13316,Express,13:12,13:17,15,LINE-01,SCHEDULED,DOWN,SYNTHETIC_CONTROL_CHART
TM-00828,Thursday,C02,C02-S03,ST02,ST03,13318,MEMU,14:55,14:59,15,LINE-01,SCHEDULED,UP,SYNTHETIC_CONTROL_CHART
TM-00829,Thursday,C02,C02-S03,ST02,ST03,13319,Passenger,16:55,16:59,15,LINE-01,SCHEDULED,DOWN,SYNTHETIC_CONTROL_CHART
TM-00830,Thursday,C02,C02-S03,ST02,ST03,13322,Passenger,17:43,17:47,15,LINE-01,SCHEDULED,DOWN,SYNTHETIC_CONTROL_CHART
TM-00831,Thursday,C02,C02-S03,ST02,ST03,13324,Passenger,18:37,18:47,15,LINE-01,SCHEDULED,DOWN,SYNTHETIC_CONTROL_CHART
TM-00832,Thursday,C02,C02-S03,ST02,ST03,13325,MEMU,19:24,19:29,15,LINE-01,SCHEDULED,UP,SYNTHETIC_CONTROL_CHART
TM-00833,Thursday,C02,C02-S03,ST02,ST03,13327,MEMU,20:43,20:46,15,LINE-01,SCHEDULED,DOWN,SYNTHETIC_CONTROL_CHART
TM-00834,Thursday,C02,C02-S03,ST02,ST03,13328,Express,22:55,22:59,15,LINE-01,SCHEDULED,DOWN,SYNTHETIC_CONTROL_CHART
TM-00835,Thursday,C02,C02-S04,ST02,ST03,13330,Freight,05:43,05:53,15,LINE-01,SCHEDULED,DOWN,SYNTHETIC_CONTROL_CHART
TM-00836,Thursday,C02,C02-S04,ST02,ST03,13331,Express,06:55,06:59,15,LINE-01,SCHEDULED,UP,SYNTHETIC_CONTROL_CHART
TM-00837,Thursday,C02,C02-S04,ST02,ST03,13332,Express,07:03,07:07,15,LINE-01,SCHEDULED,DOWN,SYNTHETIC_CONTROL_CHART
TM-00838,Thursday,C02,C02-S04,ST02,ST03,13335,Passenger,09:24,09:30,15,LINE-01,SCHEDULED,DOWN,SYNTHETIC_CONTROL_CHART
TM-00839,Thursday,C02,C02-S04,ST02,ST03,13336,Passenger,10:31,10:41,15,LINE-01,SCHEDULED,DOWN,SYNTHETIC_CONTROL_CHART
TM-00840,Thursday,C02,C02-S04,ST02,ST03,13337,Passenger,12:03,12:07,15,LINE-01,SCHEDULED,DOWN,SYNTHETIC_CONTROL_CHART
TM-00841,Thursday,C02,C02-S04,ST02,ST03,13338,Express,13:43,13:48,15,LINE-01,SCHEDULED,DOWN,SYNTHETIC_CONTROL_CHART
TM-00842,Thursday,C02,C02-S04,ST02,ST03,13339,Passenger,14:18,14:24,15,LINE-01,SCHEDULED,DOWN,SYNTHETIC_CONTROL_CHART
TM-00843,Thursday,C02,C02-S04,ST02,ST03,13342,Freight,16:07,16:11,15,LINE-01,SCHEDULED,DOWN,SYNTHETIC_CONTROL_CHART
TM-00844,Thursday,C02,C02-S04,ST02,ST03,13343,Express,17:49,17:53,15,LINE-01,SCHEDULED,DOWN,SYNTHETIC_CONTROL_CHART
TM-00845,Thursday,C02,C02-S04,ST02,ST03,13344,Passenger,18:12,18:15,15,LINE-01,SCHEDULED,DOWN,SYNTHETIC_CONTROL_CHART
TM-00846,Thursday,C02,C02-S04,ST02,ST03,13345,Express,19:31,19:35,15,LINE-01,SCHEDULED,UP,SYNTHETIC_CONTROL_CHART
TM-00847,Thursday,C02,C02-S04,ST02,ST03,13346,MEMU,20:49,20:57,15,LINE-01,SCHEDULED,DOWN,SYNTHETIC_CONTROL_CHART
TM-00848,Thursday,C02,C02-S04,ST02,ST03,13348,MEMU,22:43,22:49,15,LINE-01,SCHEDULED,UP,SYNTHETIC_CONTROL_CHART
TM-00849,Thursday,C03,C03-S01,ST03,ST04,13349,Freight,05:12,05:16,15,LINE-01,SCHEDULED,DOWN,SYNTHETIC_CONTROL_CHART
TM-00850,Thursday,C03,C03-S01,ST03,ST04,13350,Express,06:43,06:47,15,LINE-01,SCHEDULED,UP,SYNTHETIC_CONTROL_CHART
TM-00851,Thursday,C03,C03-S01,ST03,ST04,13351,MEMU,07:37,07:45,15,LINE-01,SCHEDULED,UP,SYNTHETIC_CONTROL_CHART
TM-00852,Thursday,C03,C03-S01,ST03,ST04,13352,Passenger,09:07,09:12,15,LINE-01,SCHEDULED,UP,SYNTHETIC_CONTROL_CHART
TM-00853,Thursday,C03,C03-S01,ST03,ST04,13353,Passenger,10:24,10:32,15,LINE-01,SCHEDULED,DOWN,SYNTHETIC_CONTROL_CHART
TM-00854,Thursday,C03,C03-S01,ST03,ST04,13354,Express,12:31,12:36,15,LINE-01,SCHEDULED,DOWN,SYNTHETIC_CONTROL_CHART
TM-00855,Thursday,C03,C03-S01,ST03,ST04,13355,MEMU,13:49,13:59,15,LINE-01,SCHEDULED,UP,SYNTHETIC_CONTROL_CHART
TM-00856,Thursday,C03,C03-S01,ST03,ST04,13356,Freight,14:24,14:32,15,LINE-01,SCHEDULED,DOWN,SYNTHETIC_CONTROL_CHART
TM-00857,Thursday,C03,C03-S01,ST03,ST04,13359,Passenger,16:12,16:20,15,LINE-01,SCHEDULED,UP,SYNTHETIC_CONTROL_CHART
TM-00858,Thursday,C03,C03-S01,ST03,ST04,13360,Express,17:43,17:47,15,LINE-01,SCHEDULED,UP,SYNTHETIC_CONTROL_CHART
TM-00859,Thursday,C03,C03-S01,ST03,ST04,13361,Freight,18:03,18:07,15,LINE-01,SCHEDULED,DOWN,SYNTHETIC_CONTROL_CHART
TM-00860,Thursday,C03,C03-S01,ST03,ST04,13362,Passenger,19:18,19:24,15,LINE-01,SCHEDULED,UP,SYNTHETIC_CONTROL_CHART
TM-00861,Thursday,C03,C03-S01,ST03,ST04,13363,Express,20:31,20:34,15,LINE-01,SCHEDULED,DOWN,SYNTHETIC_CONTROL_CHART
TM-00862,Thursday,C03,C03-S01,ST03,ST04,13366,Express,22:31,22:37,15,LINE-01,SCHEDULED,DOWN,SYNTHETIC_CONTROL_CHART
TM-00863,Thursday,C03,C03-S02,ST03,ST04,13369,Express,05:07,05:13,15,LINE-01,SCHEDULED,DOWN,SYNTHETIC_CONTROL_CHART
TM-00864,Thursday,C03,C03-S02,ST03,ST04,13371,Freight,06:03,06:09,15,LINE-01,SCHEDULED,DOWN,SYNTHETIC_CONTROL_CHART
TM-00865,Thursday,C03,C03-S02,ST03,ST04,13372,MEMU,07:07,07:12,15,LINE-01,SCHEDULED,UP,SYNTHETIC_CONTROL_CHART
TM-00866,Thursday,C03,C03-S02,ST03,ST04,13374,Passenger,09:18,09:22,15,LINE-01,SCHEDULED,DOWN,SYNTHETIC_CONTROL_CHART
TM-00867,Thursday,C03,C03-S02,ST03,ST04,13377,Express,10:12,10:22,15,LINE-01,SCHEDULED,UP,SYNTHETIC_CONTROL_CHART
TM-00868,Thursday,C03,C03-S02,ST03,ST04,13378,Passenger,12:49,12:57,15,LINE-01,SCHEDULED,DOWN,SYNTHETIC_CONTROL_CHART
TM-00869,Thursday,C03,C03-S02,ST03,ST04,13380,MEMU,13:07,13:17,15,LINE-01,SCHEDULED,DOWN,SYNTHETIC_CONTROL_CHART
TM-00870,Thursday,C03,C03-S02,ST03,ST04,13381,Freight,14:43,14:53,15,LINE-01,SCHEDULED,DOWN,SYNTHETIC_CONTROL_CHART
TM-00871,Thursday,C03,C03-S02,ST03,ST04,13382,Express,16:49,16:54,15,LINE-01,SCHEDULED,UP,SYNTHETIC_CONTROL_CHART
TM-00872,Thursday,C03,C03-S02,ST03,ST04,13383,Passenger,17:12,17:22,15,LINE-01,SCHEDULED,UP,SYNTHETIC_CONTROL_CHART
TM-00873,Thursday,C03,C03-S02,ST03,ST04,13384,Express,18:12,18:20,15,LINE-01,SCHEDULED,UP,SYNTHETIC_CONTROL_CHART
TM-00874,Thursday,C03,C03-S02,ST03,ST04,13385,Express,19:37,19:47,15,LINE-01,SCHEDULED,UP,SYNTHETIC_CONTROL_CHART
TM-00875,Thursday,C03,C03-S02,ST03,ST04,13386,Passenger,20:43,20:47,15,LINE-01,SCHEDULED,UP,SYNTHETIC_CONTROL_CHART
TM-00876,Thursday,C03,C03-S02,ST03,ST04,13387,Express,22:03,22:09,15,LINE-01,SCHEDULED,DOWN,SYNTHETIC_CONTROL_CHART
TM-00877,Thursday,C03,C03-S03,ST03,ST04,13389,MEMU,05:43,05:46,15,LINE-01,SCHEDULED,DOWN,SYNTHETIC_CONTROL_CHART
TM-00878,Thursday,C03,C03-S03,ST03,ST04,13390,Passenger,06:31,06:39,15,LINE-01,SCHEDULED,UP,SYNTHETIC_CONTROL_CHART
TM-00879,Thursday,C03,C03-S03,ST03,ST04,13391,MEMU,07:12,07:17,15,LINE-01,SCHEDULED,UP,SYNTHETIC_CONTROL_CHART
TM-00880,Thursday,C03,C03-S03,ST03,ST04,13392,Passenger,09:24,09:32,15,LINE-01,SCHEDULED,UP,SYNTHETIC_CONTROL_CHART
TM-00881,Thursday,C03,C03-S03,ST03,ST04,13393,Freight,10:12,10:16,15,LINE-01,SCHEDULED,UP,SYNTHETIC_CONTROL_CHART
TM-00882,Thursday,C03,C03-S03,ST03,ST04,13394,MEMU,12:43,12:49,15,LINE-01,SCHEDULED,UP,SYNTHETIC_CONTROL_CHART
TM-00883,Thursday,C03,C03-S03,ST03,ST04,13396,Express,13:55,13:59,15,LINE-01,SCHEDULED,UP,SYNTHETIC_CONTROL_CHART
TM-00884,Thursday,C03,C03-S03,ST03,ST04,13397,Freight,14:12,14:18,15,LINE-01,SCHEDULED,UP,SYNTHETIC_CONTROL_CHART
TM-00885,Thursday,C03,C03-S03,ST03,ST04,13400,Express,16:24,16:29,15,LINE-01,SCHEDULED,UP,SYNTHETIC_CONTROL_CHART
TM-00886,Thursday,C03,C03-S03,ST03,ST04,13403,MEMU,17:18,17:26,15,LINE-01,SCHEDULED,UP,SYNTHETIC_CONTROL_CHART
TM-00887,Thursday,C03,C03-S03,ST03,ST04,13405,Express,18:12,18:22,15,LINE-01,SCHEDULED,DOWN,SYNTHETIC_CONTROL_CHART
TM-00888,Thursday,C03,C03-S03,ST03,ST04,13406,Passenger,19:43,19:48,15,LINE-01,SCHEDULED,DOWN,SYNTHETIC_CONTROL_CHART
TM-00889,Thursday,C03,C03-S03,ST03,ST04,13407,Passenger,20:07,20:10,15,LINE-01,SCHEDULED,DOWN,SYNTHETIC_CONTROL_CHART
TM-00890,Thursday,C03,C03-S03,ST03,ST04,13408,Express,22:07,22:12,15,LINE-01,SCHEDULED,UP,SYNTHETIC_CONTROL_CHART
TM-00891,Thursday,C03,C03-S04,ST03,ST04,13411,Passenger,05:37,05:41,15,LINE-01,SCHEDULED,DOWN,SYNTHETIC_CONTROL_CHART
TM-00892,Thursday,C03,C03-S04,ST03,ST04,13413,Passenger,06:24,06:30,15,LINE-01,SCHEDULED,UP,SYNTHETIC_CONTROL_CHART
TM-00893,Thursday,C03,C03-S04,ST03,ST04,13414,Express,07:12,07:18,15,LINE-01,SCHEDULED,UP,SYNTHETIC_CONTROL_CHART
TM-00894,Thursday,C03,C03-S04,ST03,ST04,13415,Passenger,09:03,09:07,15,LINE-01,SCHEDULED,UP,SYNTHETIC_CONTROL_CHART
TM-00895,Thursday,C03,C03-S04,ST03,ST04,13418,Express,10:55,10:58,15,LINE-01,SCHEDULED,UP,SYNTHETIC_CONTROL_CHART
TM-00896,Thursday,C03,C03-S04,ST03,ST04,13420,Passenger,12:03,12:08,15,LINE-01,SCHEDULED,UP,SYNTHETIC_CONTROL_CHART
TM-00897,Thursday,C03,C03-S04,ST03,ST04,13423,Freight,13:43,13:48,15,LINE-01,SCHEDULED,DOWN,SYNTHETIC_CONTROL_CHART
TM-00898,Thursday,C03,C03-S04,ST03,ST04,13424,Passenger,14:07,14:15,15,LINE-01,SCHEDULED,UP,SYNTHETIC_CONTROL_CHART
TM-00899,Thursday,C03,C03-S04,ST03,ST04,13425,Passenger,16:03,16:07,15,LINE-01,SCHEDULED,UP,SYNTHETIC_CONTROL_CHART
TM-00900,Thursday,C03,C03-S04,ST03,ST04,13426,Freight,17:07,17:13,15,LINE-01,SCHEDULED,UP,SYNTHETIC_CONTROL_CHART
TM-00901,Thursday,C03,C03-S04,ST03,ST04,13427,Passenger,18:18,18:21,15,LINE-01,SCHEDULED,UP,SYNTHETIC_CONTROL_CHART
TM-00902,Thursday,C03,C03-S04,ST03,ST04,13429,Freight,19:24,19:34,15,LINE-01,SCHEDULED,UP,SYNTHETIC_CONTROL_CHART
TM-00903,Thursday,C03,C03-S04,ST03,ST04,13431,Passenger,20:37,20:45,15,LINE-01,SCHEDULED,DOWN,SYNTHETIC_CONTROL_CHART
TM-00904,Thursday,C03,C03-S04,ST03,ST04,13434,Passenger,22:07,22:11,15,LINE-01,SCHEDULED,DOWN,SYNTHETIC_CONTROL_CHART
TM-00905,Thursday,C04,C04-S01,ST04,ST05,13435,Express,05:49,05:59,15,LINE-01,SCHEDULED,UP,SYNTHETIC_CONTROL_CHART
TM-00906,Thursday,C04,C04-S01,ST04,ST05,13437,Special,06:12,06:15,15,LINE-01,SCHEDULED,DOWN,SYNTHETIC_CONTROL_CHART
TM-00907,Thursday,C04,C04-S01,ST04,ST05,13440,Express,07:37,07:47,15,LINE-01,SCHEDULED,DOWN,SYNTHETIC_CONTROL_CHART
TM-00908,Thursday,C04,C04-S01,ST04,ST05,13441,MEMU,09:31,09:41,15,LINE-01,SCHEDULED,UP,SYNTHETIC_CONTROL_CHART
TM-00909,Thursday,C04,C04-S01,ST04,ST05,13444,MEMU,10:37,10:47,15,LINE-01,SCHEDULED,DOWN,SYNTHETIC_CONTROL_CHART
TM-00910,Thursday,C04,C04-S01,ST04,ST05,13445,Express,12:07,12:17,15,LINE-01,SCHEDULED,UP,SYNTHETIC_CONTROL_CHART
TM-00911,Thursday,C04,C04-S01,ST04,ST05,13446,Express,13:49,13:54,15,LINE-01,SCHEDULED,UP,SYNTHETIC_CONTROL_CHART
TM-00912,Thursday,C04,C04-S01,ST04,ST05,13447,Freight,14:24,14:32,15,LINE-01,SCHEDULED,UP,SYNTHETIC_CONTROL_CHART
TM-00913,Thursday,C04,C04-S01,ST04,ST05,13450,MEMU,16:03,16:07,15,LINE-01,SCHEDULED,UP,SYNTHETIC_CONTROL_CHART
TM-00914,Thursday,C04,C04-S01,ST04,ST05,13451,MEMU,17:55,17:58,15,LINE-01,SCHEDULED,UP,SYNTHETIC_CONTROL_CHART
TM-00915,Thursday,C04,C04-S01,ST04,ST05,13453,MEMU,18:24,18:34,15,LINE-01,SCHEDULED,UP,SYNTHETIC_CONTROL_CHART
TM-00916,Thursday,C04,C04-S01,ST04,ST05,13456,Express,19:24,19:28,15,LINE-01,SCHEDULED,UP,SYNTHETIC_CONTROL_CHART
TM-00917,Thursday,C04,C04-S01,ST04,ST05,13459,Express,20:03,20:07,15,LINE-01,SCHEDULED,UP,SYNTHETIC_CONTROL_CHART
TM-00918,Thursday,C04,C04-S01,ST04,ST05,13461,Freight,22:12,22:22,15,LINE-01,SCHEDULED,UP,SYNTHETIC_CONTROL_CHART
TM-00919,Thursday,C04,C04-S02,ST04,ST05,13462,Freight,05:31,05:41,15,LINE-01,SCHEDULED,DOWN,SYNTHETIC_CONTROL_CHART
TM-00920,Thursday,C04,C04-S02,ST04,ST05,13463,Freight,06:03,06:08,15,LINE-01,SCHEDULED,UP,SYNTHETIC_CONTROL_CHART
TM-00921,Thursday,C04,C04-S02,ST04,ST05,13466,Express,07:07,07:11,15,LINE-01,SCHEDULED,DOWN,SYNTHETIC_CONTROL_CHART
TM-00922,Thursday,C04,C04-S02,ST04,ST05,13469,Passenger,09:43,09:49,15,LINE-01,SCHEDULED,DOWN,SYNTHETIC_CONTROL_CHART
TM-00923,Thursday,C04,C04-S02,ST04,ST05,13471,MEMU,10:55,11:01,15,LINE-01,SCHEDULED,DOWN,SYNTHETIC_CONTROL_CHART
TM-00924,Thursday,C04,C04-S02,ST04,ST05,13473,Express,12:49,12:57,15,LINE-01,SCHEDULED,UP,SYNTHETIC_CONTROL_CHART
TM-00925,Thursday,C04,C04-S02,ST04,ST05,13476,Passenger,13:03,13:13,15,LINE-01,SCHEDULED,UP,SYNTHETIC_CONTROL_CHART
TM-00926,Thursday,C04,C04-S02,ST04,ST05,13477,Passenger,14:07,14:13,15,LINE-01,SCHEDULED,UP,SYNTHETIC_CONTROL_CHART
TM-00927,Thursday,C04,C04-S02,ST04,ST05,13478,Express,16:37,16:43,15,LINE-01,SCHEDULED,UP,SYNTHETIC_CONTROL_CHART
TM-00928,Thursday,C04,C04-S02,ST04,ST05,13479,Express,17:49,17:57,15,LINE-01,SCHEDULED,DOWN,SYNTHETIC_CONTROL_CHART
TM-00929,Thursday,C04,C04-S02,ST04,ST05,13480,Express,18:55,19:03,15,LINE-01,SCHEDULED,UP,SYNTHETIC_CONTROL_CHART
TM-00930,Thursday,C04,C04-S02,ST04,ST05,13483,Express,19:49,19:57,15,LINE-01,SCHEDULED,UP,SYNTHETIC_CONTROL_CHART
TM-00931,Thursday,C04,C04-S02,ST04,ST05,13486,Passenger,20:18,20:21,15,LINE-01,SCHEDULED,UP,SYNTHETIC_CONTROL_CHART
TM-00932,Thursday,C04,C04-S02,ST04,ST05,13487,Express,22:37,22:42,15,LINE-01,SCHEDULED,DOWN,SYNTHETIC_CONTROL_CHART
TM-00933,Thursday,C04,C04-S03,ST04,ST05,13488,Passenger,05:18,05:28,15,LINE-01,SCHEDULED,DOWN,SYNTHETIC_CONTROL_CHART
TM-00934,Thursday,C04,C04-S03,ST04,ST05,13491,Passenger,06:18,06:24,15,LINE-01,SCHEDULED,UP,SYNTHETIC_CONTROL_CHART
TM-00935,Thursday,C04,C04-S03,ST04,ST05,13492,Passenger,07:55,07:58,15,LINE-01,SCHEDULED,DOWN,SYNTHETIC_CONTROL_CHART
TM-00936,Thursday,C04,C04-S03,ST04,ST05,13494,Passenger,09:55,10:00,15,LINE-01,SCHEDULED,DOWN,SYNTHETIC_CONTROL_CHART
TM-00937,Thursday,C04,C04-S03,ST04,ST05,13496,MEMU,10:03,10:11,15,LINE-01,SCHEDULED,UP,SYNTHETIC_CONTROL_CHART
TM-00938,Thursday,C04,C04-S03,ST04,ST05,13497,Special,12:24,12:27,15,LINE-01,SCHEDULED,UP,SYNTHETIC_CONTROL_CHART
TM-00939,Thursday,C04,C04-S03,ST04,ST05,13499,Express,13:03,13:11,15,LINE-01,SCHEDULED,DOWN,SYNTHETIC_CONTROL_CHART
TM-00940,Thursday,C04,C04-S03,ST04,ST05,13501,Express,14:55,15:05,15,LINE-01,SCHEDULED,DOWN,SYNTHETIC_CONTROL_CHART
TM-00941,Thursday,C04,C04-S03,ST04,ST05,13503,Express,16:55,17:05,15,LINE-01,SCHEDULED,DOWN,SYNTHETIC_CONTROL_CHART
TM-00942,Thursday,C04,C04-S03,ST04,ST05,13504,Express,17:55,17:58,15,LINE-01,SCHEDULED,UP,SYNTHETIC_CONTROL_CHART
TM-00943,Thursday,C04,C04-S03,ST04,ST05,13506,Express,18:18,18:24,15,LINE-01,SCHEDULED,UP,SYNTHETIC_CONTROL_CHART
TM-00944,Thursday,C04,C04-S03,ST04,ST05,13507,Express,19:18,19:21,15,LINE-01,SCHEDULED,UP,SYNTHETIC_CONTROL_CHART
TM-00945,Thursday,C04,C04-S03,ST04,ST05,13508,Passenger,20:49,20:53,15,LINE-01,SCHEDULED,UP,SYNTHETIC_CONTROL_CHART
TM-00946,Thursday,C04,C04-S03,ST04,ST05,13509,Express,22:24,22:30,15,LINE-01,SCHEDULED,UP,SYNTHETIC_CONTROL_CHART
TM-00947,Thursday,C04,C04-S04,ST04,ST05,13510,Special,05:43,05:47,15,LINE-01,SCHEDULED,DOWN,SYNTHETIC_CONTROL_CHART
TM-00948,Thursday,C04,C04-S04,ST04,ST05,13511,MEMU,06:18,06:21,15,LINE-01,SCHEDULED,UP,SYNTHETIC_CONTROL_CHART
TM-00949,Thursday,C04,C04-S04,ST04,ST05,13512,Passenger,07:12,07:17,15,LINE-01,SCHEDULED,UP,SYNTHETIC_CONTROL_CHART
TM-00950,Thursday,C04,C04-S04,ST04,ST05,13513,Freight,09:18,09:28,15,LINE-01,SCHEDULED,UP,SYNTHETIC_CONTROL_CHART
TM-00951,Thursday,C04,C04-S04,ST04,ST05,13514,MEMU,10:03,10:13,15,LINE-01,SCHEDULED,UP,SYNTHETIC_CONTROL_CHART
TM-00952,Thursday,C04,C04-S04,ST04,ST05,13515,Freight,12:49,12:55,15,LINE-01,SCHEDULED,DOWN,SYNTHETIC_CONTROL_CHART
TM-00953,Thursday,C04,C04-S04,ST04,ST05,13516,Express,13:43,13:49,15,LINE-01,SCHEDULED,DOWN,SYNTHETIC_CONTROL_CHART
TM-00954,Thursday,C04,C04-S04,ST04,ST05,13517,Passenger,14:49,14:55,15,LINE-01,SCHEDULED,DOWN,SYNTHETIC_CONTROL_CHART
TM-00955,Thursday,C04,C04-S04,ST04,ST05,13518,Special,16:07,16:17,15,LINE-01,SCHEDULED,DOWN,SYNTHETIC_CONTROL_CHART
TM-00956,Thursday,C04,C04-S04,ST04,ST05,13519,MEMU,17:24,17:27,15,LINE-01,SCHEDULED,UP,SYNTHETIC_CONTROL_CHART
TM-00957,Thursday,C04,C04-S04,ST04,ST05,13520,Passenger,18:43,18:53,15,LINE-01,SCHEDULED,UP,SYNTHETIC_CONTROL_CHART
TM-00958,Thursday,C04,C04-S04,ST04,ST05,13523,MEMU,19:03,19:07,15,LINE-01,SCHEDULED,DOWN,SYNTHETIC_CONTROL_CHART
TM-00959,Thursday,C04,C04-S04,ST04,ST05,13526,Express,20:43,20:46,15,LINE-01,SCHEDULED,DOWN,SYNTHETIC_CONTROL_CHART
TM-00960,Thursday,C04,C04-S04,ST04,ST05,13527,Passenger,22:49,22:55,15,LINE-01,SCHEDULED,UP,SYNTHETIC_CONTROL_CHART
TM-00961,Friday,C01,C01-S01,ST01,ST02,13529,Express,05:07,05:15,15,LINE-01,SCHEDULED,UP,SYNTHETIC_CONTROL_CHART
TM-00962,Friday,C01,C01-S01,ST01,ST02,13530,Express,06:55,07:01,15,LINE-01,SCHEDULED,DOWN,SYNTHETIC_CONTROL_CHART
TM-00963,Friday,C01,C01-S01,ST01,ST02,13532,Passenger,07:43,07:51,15,LINE-01,SCHEDULED,DOWN,SYNTHETIC_CONTROL_CHART
TM-00964,Friday,C01,C01-S01,ST01,ST02,13533,Express,08:03,08:09,15,LINE-01,SCHEDULED,DOWN,SYNTHETIC_CONTROL_CHART
TM-00965,Friday,C01,C01-S01,ST01,ST02,13534,Express,09:03,09:07,15,LINE-01,SCHEDULED,UP,SYNTHETIC_CONTROL_CHART
TM-00966,Friday,C01,C01-S01,ST01,ST02,13535,Express,10:37,10:47,15,LINE-01,SCHEDULED,UP,SYNTHETIC_CONTROL_CHART
TM-00967,Friday,C01,C01-S01,ST01,ST02,13538,Passenger,12:12,12:16,15,LINE-01,SCHEDULED,UP,SYNTHETIC_CONTROL_CHART
TM-00968,Friday,C01,C01-S01,ST01,ST02,13540,Freight,13:12,13:22,15,LINE-01,SCHEDULED,UP,SYNTHETIC_CONTROL_CHART
TM-00969,Friday,C01,C01-S01,ST01,ST02,13541,Special,15:18,15:23,15,LINE-01,SCHEDULED,DOWN,SYNTHETIC_CONTROL_CHART
TM-00970,Friday,C01,C01-S01,ST01,ST02,13543,Passenger,16:43,16:47,15,LINE-01,SCHEDULED,UP,SYNTHETIC_CONTROL_CHART
TM-00971,Friday,C01,C01-S01,ST01,ST02,13544,Passenger,17:07,17:10,15,LINE-01,SCHEDULED,UP,SYNTHETIC_CONTROL_CHART
TM-00972,Friday,C01,C01-S01,ST01,ST02,13547,Passenger,18:03,18:13,15,LINE-01,SCHEDULED,UP,SYNTHETIC_CONTROL_CHART
TM-00973,Friday,C01,C01-S01,ST01,ST02,13549,Express,19:43,19:49,15,LINE-01,SCHEDULED,DOWN,SYNTHETIC_CONTROL_CHART
TM-00974,Friday,C01,C01-S01,ST01,ST02,13550,Express,20:18,20:24,15,LINE-01,SCHEDULED,UP,SYNTHETIC_CONTROL_CHART
TM-00975,Friday,C01,C01-S01,ST01,ST02,13551,Express,21:18,21:22,15,LINE-01,SCHEDULED,UP,SYNTHETIC_CONTROL_CHART
TM-00976,Friday,C01,C01-S01,ST01,ST02,13552,MEMU,22:03,22:09,15,LINE-01,SCHEDULED,UP,SYNTHETIC_CONTROL_CHART
TM-00977,Friday,C01,C01-S02,ST01,ST02,13553,Express,05:55,06:01,15,LINE-01,SCHEDULED,UP,SYNTHETIC_CONTROL_CHART
TM-00978,Friday,C01,C01-S02,ST01,ST02,13554,Passenger,06:55,06:59,15,LINE-01,SCHEDULED,UP,SYNTHETIC_CONTROL_CHART
TM-00979,Friday,C01,C01-S02,ST01,ST02,13555,MEMU,07:31,07:37,15,LINE-01,SCHEDULED,UP,SYNTHETIC_CONTROL_CHART
TM-00980,Friday,C01,C01-S02,ST01,ST02,13557,Express,08:31,08:39,15,LINE-01,SCHEDULED,UP,SYNTHETIC_CONTROL_CHART
TM-00981,Friday,C01,C01-S02,ST01,ST02,13558,Freight,09:37,09:40,15,LINE-01,SCHEDULED,DOWN,SYNTHETIC_CONTROL_CHART
TM-00982,Friday,C01,C01-S02,ST01,ST02,13560,MEMU,10:07,10:12,15,LINE-01,SCHEDULED,DOWN,SYNTHETIC_CONTROL_CHART
TM-00983,Friday,C01,C01-S02,ST01,ST02,13563,Express,12:03,12:09,15,LINE-01,SCHEDULED,DOWN,SYNTHETIC_CONTROL_CHART
TM-00984,Friday,C01,C01-S02,ST01,ST02,13565,Freight,13:55,14:00,15,LINE-01,SCHEDULED,DOWN,SYNTHETIC_CONTROL_CHART
TM-00985,Friday,C01,C01-S02,ST01,ST02,13567,Passenger,15:43,15:47,15,LINE-01,SCHEDULED,DOWN,SYNTHETIC_CONTROL_CHART
TM-00986,Friday,C01,C01-S02,ST01,ST02,13568,Express,16:12,16:18,15,LINE-01,SCHEDULED,UP,SYNTHETIC_CONTROL_CHART
TM-00987,Friday,C01,C01-S02,ST01,ST02,13570,Passenger,17:37,17:45,15,LINE-01,SCHEDULED,UP,SYNTHETIC_CONTROL_CHART
TM-00988,Friday,C01,C01-S02,ST01,ST02,13571,Passenger,18:55,19:03,15,LINE-01,SCHEDULED,DOWN,SYNTHETIC_CONTROL_CHART
TM-00989,Friday,C01,C01-S02,ST01,ST02,13574,Express,19:55,19:59,15,LINE-01,SCHEDULED,DOWN,SYNTHETIC_CONTROL_CHART
TM-00990,Friday,C01,C01-S02,ST01,ST02,13575,Freight,20:03,20:11,15,LINE-01,SCHEDULED,UP,SYNTHETIC_CONTROL_CHART
TM-00991,Friday,C01,C01-S02,ST01,ST02,13576,Passenger,21:03,21:06,15,LINE-01,SCHEDULED,UP,SYNTHETIC_CONTROL_CHART
TM-00992,Friday,C01,C01-S02,ST01,ST02,13577,Passenger,22:43,22:51,15,LINE-01,SCHEDULED,UP,SYNTHETIC_CONTROL_CHART
TM-00993,Friday,C01,C01-S03,ST01,ST02,13580,Passenger,05:55,06:01,15,LINE-01,SCHEDULED,DOWN,SYNTHETIC_CONTROL_CHART
TM-00994,Friday,C01,C01-S03,ST01,ST02,13583,Passenger,06:03,06:13,15,LINE-01,SCHEDULED,UP,SYNTHETIC_CONTROL_CHART
TM-00995,Friday,C01,C01-S03,ST01,ST02,13585,Freight,07:03,07:08,15,LINE-01,SCHEDULED,UP,SYNTHETIC_CONTROL_CHART
TM-00996,Friday,C01,C01-S03,ST01,ST02,13588,MEMU,08:55,09:01,15,LINE-01,SCHEDULED,UP,SYNTHETIC_CONTROL_CHART
TM-00997,Friday,C01,C01-S03,ST01,ST02,13589,Passenger,09:55,10:00,15,LINE-01,SCHEDULED,UP,SYNTHETIC_CONTROL_CHART
TM-00998,Friday,C01,C01-S03,ST01,ST02,13592,Passenger,10:55,10:59,15,LINE-01,SCHEDULED,UP,SYNTHETIC_CONTROL_CHART
TM-00999,Friday,C01,C01-S03,ST01,ST02,13593,Express,12:03,12:09,15,LINE-01,SCHEDULED,UP,SYNTHETIC_CONTROL_CHART
TM-01000,Friday,C01,C01-S03,ST01,ST02,13594,Special,13:12,13:16,15,LINE-01,SCHEDULED,DOWN,SYNTHETIC_CONTROL_CHART
TM-01001,Friday,C01,C01-S03,ST01,ST02,13595,Passenger,15:31,15:41,15,LINE-01,SCHEDULED,DOWN,SYNTHETIC_CONTROL_CHART
TM-01002,Friday,C01,C01-S03,ST01,ST02,13597,Freight,16:55,17:05,15,LINE-01,SCHEDULED,DOWN,SYNTHETIC_CONTROL_CHART
TM-01003,Friday,C01,C01-S03,ST01,ST02,13598,Express,17:03,17:11,15,LINE-01,SCHEDULED,DOWN,SYNTHETIC_CONTROL_CHART
TM-01004,Friday,C01,C01-S03,ST01,ST02,13599,Express,18:37,18:42,15,LINE-01,SCHEDULED,UP,SYNTHETIC_CONTROL_CHART
TM-01005,Friday,C01,C01-S03,ST01,ST02,13600,MEMU,19:24,19:27,15,LINE-01,SCHEDULED,DOWN,SYNTHETIC_CONTROL_CHART
TM-01006,Friday,C01,C01-S03,ST01,ST02,13601,Express,20:37,20:41,15,LINE-01,SCHEDULED,DOWN,SYNTHETIC_CONTROL_CHART
TM-01007,Friday,C01,C01-S03,ST01,ST02,13602,Express,21:55,22:00,15,LINE-01,SCHEDULED,DOWN,SYNTHETIC_CONTROL_CHART
TM-01008,Friday,C01,C01-S03,ST01,ST02,13603,Passenger,22:43,22:48,15,LINE-01,SCHEDULED,DOWN,SYNTHETIC_CONTROL_CHART
TM-01009,Friday,C01,C01-S04,ST01,ST02,13606,Express,05:43,05:47,15,LINE-01,SCHEDULED,DOWN,SYNTHETIC_CONTROL_CHART
TM-01010,Friday,C01,C01-S04,ST01,ST02,13609,MEMU,06:49,06:55,15,LINE-01,SCHEDULED,UP,SYNTHETIC_CONTROL_CHART
TM-01011,Friday,C01,C01-S04,ST01,ST02,13611,Passenger,07:03,07:11,15,LINE-01,SCHEDULED,DOWN,SYNTHETIC_CONTROL_CHART
TM-01012,Friday,C01,C01-S04,ST01,ST02,13612,Freight,08:24,08:32,15,LINE-01,SCHEDULED,UP,SYNTHETIC_CONTROL_CHART
TM-01013,Friday,C01,C01-S04,ST01,ST02,13613,Passenger,09:37,09:47,15,LINE-01,SCHEDULED,UP,SYNTHETIC_CONTROL_CHART
TM-01014,Friday,C01,C01-S04,ST01,ST02,13614,Passenger,10:18,10:24,15,LINE-01,SCHEDULED,DOWN,SYNTHETIC_CONTROL_CHART
TM-01015,Friday,C01,C01-S04,ST01,ST02,13615,Passenger,12:18,12:22,15,LINE-01,SCHEDULED,UP,SYNTHETIC_CONTROL_CHART
TM-01016,Friday,C01,C01-S04,ST01,ST02,13617,Special,13:31,13:41,15,LINE-01,SCHEDULED,UP,SYNTHETIC_CONTROL_CHART
TM-01017,Friday,C01,C01-S04,ST01,ST02,13619,Passenger,15:43,15:49,15,LINE-01,SCHEDULED,DOWN,SYNTHETIC_CONTROL_CHART
TM-01018,Friday,C01,C01-S04,ST01,ST02,13622,Freight,16:03,16:08,15,LINE-01,SCHEDULED,UP,SYNTHETIC_CONTROL_CHART
TM-01019,Friday,C01,C01-S04,ST01,ST02,13624,Express,17:03,17:09,15,LINE-01,SCHEDULED,DOWN,SYNTHETIC_CONTROL_CHART
TM-01020,Friday,C01,C01-S04,ST01,ST02,13627,MEMU,18:18,18:26,15,LINE-01,SCHEDULED,DOWN,SYNTHETIC_CONTROL_CHART
TM-01021,Friday,C01,C01-S04,ST01,ST02,13628,Passenger,19:43,19:48,15,LINE-01,SCHEDULED,UP,SYNTHETIC_CONTROL_CHART
TM-01022,Friday,C01,C01-S04,ST01,ST02,13630,Freight,20:07,20:17,15,LINE-01,SCHEDULED,DOWN,SYNTHETIC_CONTROL_CHART
TM-01023,Friday,C01,C01-S04,ST01,ST02,13631,Express,21:49,21:57,15,LINE-01,SCHEDULED,UP,SYNTHETIC_CONTROL_CHART
TM-01024,Friday,C01,C01-S04,ST01,ST02,13633,Express,22:43,22:49,15,LINE-01,SCHEDULED,DOWN,SYNTHETIC_CONTROL_CHART
TM-01025,Friday,C02,C02-S01,ST02,ST03,13635,Express,05:37,05:47,15,LINE-01,SCHEDULED,DOWN,SYNTHETIC_CONTROL_CHART
TM-01026,Friday,C02,C02-S01,ST02,ST03,13637,Express,06:03,06:11,15,LINE-01,SCHEDULED,DOWN,SYNTHETIC_CONTROL_CHART
TM-01027,Friday,C02,C02-S01,ST02,ST03,13639,Special,07:43,07:46,15,LINE-01,SCHEDULED,DOWN,SYNTHETIC_CONTROL_CHART
TM-01028,Friday,C02,C02-S01,ST02,ST03,13640,Special,08:37,08:42,15,LINE-01,SCHEDULED,DOWN,SYNTHETIC_CONTROL_CHART
TM-01029,Friday,C02,C02-S01,ST02,ST03,13641,Freight,09:12,09:16,15,LINE-01,SCHEDULED,UP,SYNTHETIC_CONTROL_CHART
TM-01030,Friday,C02,C02-S01,ST02,ST03,13644,Passenger,10:12,10:22,15,LINE-01,SCHEDULED,DOWN,SYNTHETIC_CONTROL_CHART
TM-01031,Friday,C02,C02-S01,ST02,ST03,13645,Special,12:18,12:28,15,LINE-01,SCHEDULED,UP,SYNTHETIC_CONTROL_CHART
TM-01032,Friday,C02,C02-S01,ST02,ST03,13648,Passenger,13:24,13:28,15,LINE-01,SCHEDULED,DOWN,SYNTHETIC_CONTROL_CHART
TM-01033,Friday,C02,C02-S01,ST02,ST03,13650,Express,15:37,15:43,15,LINE-01,SCHEDULED,DOWN,SYNTHETIC_CONTROL_CHART
TM-01034,Friday,C02,C02-S01,ST02,ST03,13653,Passenger,16:07,16:12,15,LINE-01,SCHEDULED,UP,SYNTHETIC_CONTROL_CHART
TM-01035,Friday,C02,C02-S01,ST02,ST03,13655,MEMU,17:12,17:18,15,LINE-01,SCHEDULED,UP,SYNTHETIC_CONTROL_CHART
TM-01036,Friday,C02,C02-S01,ST02,ST03,13658,MEMU,18:12,18:17,15,LINE-01,SCHEDULED,UP,SYNTHETIC_CONTROL_CHART
TM-01037,Friday,C02,C02-S01,ST02,ST03,13659,Express,19:12,19:22,15,LINE-01,SCHEDULED,UP,SYNTHETIC_CONTROL_CHART
TM-01038,Friday,C02,C02-S01,ST02,ST03,13661,Passenger,20:43,20:46,15,LINE-01,SCHEDULED,DOWN,SYNTHETIC_CONTROL_CHART
TM-01039,Friday,C02,C02-S01,ST02,ST03,13662,Express,21:07,21:11,15,LINE-01,SCHEDULED,DOWN,SYNTHETIC_CONTROL_CHART
TM-01040,Friday,C02,C02-S01,ST02,ST03,13663,Freight,22:18,22:28,15,LINE-01,SCHEDULED,UP,SYNTHETIC_CONTROL_CHART
TM-01041,Friday,C02,C02-S02,ST02,ST03,13666,Express,05:49,05:54,15,LINE-01,SCHEDULED,DOWN,SYNTHETIC_CONTROL_CHART
TM-01042,Friday,C02,C02-S02,ST02,ST03,13669,Passenger,06:49,06:54,15,LINE-01,SCHEDULED,UP,SYNTHETIC_CONTROL_CHART
TM-01043,Friday,C02,C02-S02,ST02,ST03,13670,Passenger,07:43,07:53,15,LINE-01,SCHEDULED,UP,SYNTHETIC_CONTROL_CHART
TM-01044,Friday,C02,C02-S02,ST02,ST03,13671,Express,08:37,08:43,15,LINE-01,SCHEDULED,UP,SYNTHETIC_CONTROL_CHART
TM-01045,Friday,C02,C02-S02,ST02,ST03,13672,Passenger,09:37,09:43,15,LINE-01,SCHEDULED,DOWN,SYNTHETIC_CONTROL_CHART
TM-01046,Friday,C02,C02-S02,ST02,ST03,13673,Passenger,10:55,11:01,15,LINE-01,SCHEDULED,DOWN,SYNTHETIC_CONTROL_CHART
TM-01047,Friday,C02,C02-S02,ST02,ST03,13675,Passenger,12:55,13:05,15,LINE-01,SCHEDULED,UP,SYNTHETIC_CONTROL_CHART
TM-01048,Friday,C02,C02-S02,ST02,ST03,13676,MEMU,13:03,13:13,15,LINE-01,SCHEDULED,DOWN,SYNTHETIC_CONTROL_CHART
TM-01049,Friday,C02,C02-S02,ST02,ST03,13679,Special,15:12,15:22,15,LINE-01,SCHEDULED,UP,SYNTHETIC_CONTROL_CHART
TM-01050,Friday,C02,C02-S02,ST02,ST03,13680,Passenger,16:24,16:34,15,LINE-01,SCHEDULED,UP,SYNTHETIC_CONTROL_CHART
TM-01051,Friday,C02,C02-S02,ST02,ST03,13682,Passenger,17:31,17:39,15,LINE-01,SCHEDULED,DOWN,SYNTHETIC_CONTROL_CHART
TM-01052,Friday,C02,C02-S02,ST02,ST03,13683,Special,18:12,18:20,15,LINE-01,SCHEDULED,DOWN,SYNTHETIC_CONTROL_CHART
TM-01053,Friday,C02,C02-S02,ST02,ST03,13685,Passenger,19:49,19:55,15,LINE-01,SCHEDULED,DOWN,SYNTHETIC_CONTROL_CHART
TM-01054,Friday,C02,C02-S02,ST02,ST03,13686,Express,20:55,20:58,15,LINE-01,SCHEDULED,DOWN,SYNTHETIC_CONTROL_CHART
TM-01055,Friday,C02,C02-S02,ST02,ST03,13689,Special,21:12,21:15,15,LINE-01,SCHEDULED,UP,SYNTHETIC_CONTROL_CHART
TM-01056,Friday,C02,C02-S02,ST02,ST03,13690,Express,22:31,22:39,15,LINE-01,SCHEDULED,DOWN,SYNTHETIC_CONTROL_CHART
TM-01057,Friday,C02,C02-S03,ST02,ST03,13691,Express,05:55,06:03,15,LINE-01,SCHEDULED,UP,SYNTHETIC_CONTROL_CHART
TM-01058,Friday,C02,C02-S03,ST02,ST03,13693,Express,06:18,06:21,15,LINE-01,SCHEDULED,UP,SYNTHETIC_CONTROL_CHART
TM-01059,Friday,C02,C02-S03,ST02,ST03,13694,Special,07:03,07:08,15,LINE-01,SCHEDULED,DOWN,SYNTHETIC_CONTROL_CHART
TM-01060,Friday,C02,C02-S03,ST02,ST03,13695,MEMU,08:07,08:13,15,LINE-01,SCHEDULED,UP,SYNTHETIC_CONTROL_CHART
TM-01061,Friday,C02,C02-S03,ST02,ST03,13696,Freight,09:24,09:34,15,LINE-01,SCHEDULED,UP,SYNTHETIC_CONTROL_CHART
TM-01062,Friday,C02,C02-S03,ST02,ST03,13699,Passenger,10:49,10:53,15,LINE-01,SCHEDULED,DOWN,SYNTHETIC_CONTROL_CHART
TM-01063,Friday,C02,C02-S03,ST02,ST03,13701,Express,12:07,12:15,15,LINE-01,SCHEDULED,UP,SYNTHETIC_CONTROL_CHART
TM-01064,Friday,C02,C02-S03,ST02,ST03,13703,MEMU,13:12,13:20,15,LINE-01,SCHEDULED,DOWN,SYNTHETIC_CONTROL_CHART
TM-01065,Friday,C02,C02-S03,ST02,ST03,13704,Freight,15:18,15:21,15,LINE-01,SCHEDULED,DOWN,SYNTHETIC_CONTROL_CHART
TM-01066,Friday,C02,C02-S03,ST02,ST03,13706,Passenger,16:43,16:53,15,LINE-01,SCHEDULED,DOWN,SYNTHETIC_CONTROL_CHART
TM-01067,Friday,C02,C02-S03,ST02,ST03,13708,Express,17:12,17:20,15,LINE-01,SCHEDULED,UP,SYNTHETIC_CONTROL_CHART
TM-01068,Friday,C02,C02-S03,ST02,ST03,13709,Passenger,18:12,18:16,15,LINE-01,SCHEDULED,DOWN,SYNTHETIC_CONTROL_CHART
TM-01069,Friday,C02,C02-S03,ST02,ST03,13710,Passenger,19:24,19:28,15,LINE-01,SCHEDULED,DOWN,SYNTHETIC_CONTROL_CHART
TM-01070,Friday,C02,C02-S03,ST02,ST03,13711,Passenger,20:18,20:24,15,LINE-01,SCHEDULED,DOWN,SYNTHETIC_CONTROL_CHART
TM-01071,Friday,C02,C02-S03,ST02,ST03,13713,MEMU,21:55,21:59,15,LINE-01,SCHEDULED,UP,SYNTHETIC_CONTROL_CHART
TM-01072,Friday,C02,C02-S03,ST02,ST03,13714,Passenger,22:55,23:00,15,LINE-01,SCHEDULED,UP,SYNTHETIC_CONTROL_CHART
TM-01073,Friday,C02,C02-S04,ST02,ST03,13717,Express,05:24,05:29,15,LINE-01,SCHEDULED,DOWN,SYNTHETIC_CONTROL_CHART
TM-01074,Friday,C02,C02-S04,ST02,ST03,13718,Special,06:55,07:00,15,LINE-01,SCHEDULED,UP,SYNTHETIC_CONTROL_CHART
TM-01075,Friday,C02,C02-S04,ST02,ST03,13720,Freight,07:37,07:42,15,LINE-01,SCHEDULED,UP,SYNTHETIC_CONTROL_CHART
TM-01076,Friday,C02,C02-S04,ST02,ST03,13722,Passenger,08:07,08:11,15,LINE-01,SCHEDULED,DOWN,SYNTHETIC_CONTROL_CHART
TM-01077,Friday,C02,C02-S04,ST02,ST03,13723,Passenger,09:43,09:48,15,LINE-01,SCHEDULED,UP,SYNTHETIC_CONTROL_CHART
TM-01078,Friday,C02,C02-S04,ST02,ST03,13725,Express,10:24,10:29,15,LINE-01,SCHEDULED,UP,SYNTHETIC_CONTROL_CHART
TM-01079,Friday,C02,C02-S04,ST02,ST03,13727,Express,12:43,12:49,15,LINE-01,SCHEDULED,DOWN,SYNTHETIC_CONTROL_CHART
TM-01080,Friday,C02,C02-S04,ST02,ST03,13729,Freight,13:37,13:45,15,LINE-01,SCHEDULED,UP,SYNTHETIC_CONTROL_CHART
TM-01081,Friday,C02,C02-S04,ST02,ST03,13731,Passenger,15:49,15:52,15,LINE-01,SCHEDULED,DOWN,SYNTHETIC_CONTROL_CHART
TM-01082,Friday,C02,C02-S04,ST02,ST03,13734,Special,16:37,16:41,15,LINE-01,SCHEDULED,DOWN,SYNTHETIC_CONTROL_CHART
TM-01083,Friday,C02,C02-S04,ST02,ST03,13735,Freight,17:37,17:45,15,LINE-01,SCHEDULED,DOWN,SYNTHETIC_CONTROL_CHART
TM-01084,Friday,C02,C02-S04,ST02,ST03,13738,MEMU,18:49,18:57,15,LINE-01,SCHEDULED,UP,SYNTHETIC_CONTROL_CHART
TM-01085,Friday,C02,C02-S04,ST02,ST03,13739,MEMU,19:12,19:20,15,LINE-01,SCHEDULED,UP,SYNTHETIC_CONTROL_CHART
TM-01086,Friday,C02,C02-S04,ST02,ST03,13742,Express,20:24,20:27,15,LINE-01,SCHEDULED,DOWN,SYNTHETIC_CONTROL_CHART
TM-01087,Friday,C02,C02-S04,ST02,ST03,13744,Freight,21:49,21:53,15,LINE-01,SCHEDULED,DOWN,SYNTHETIC_CONTROL_CHART
TM-01088,Friday,C02,C02-S04,ST02,ST03,13746,MEMU,22:31,22:39,15,LINE-01,SCHEDULED,UP,SYNTHETIC_CONTROL_CHART
TM-01089,Friday,C03,C03-S01,ST03,ST04,13747,Express,05:03,05:08,15,LINE-01,SCHEDULED,DOWN,SYNTHETIC_CONTROL_CHART
TM-01090,Friday,C03,C03-S01,ST03,ST04,13750,Express,06:31,06:36,15,LINE-01,SCHEDULED,UP,SYNTHETIC_CONTROL_CHART
TM-01091,Friday,C03,C03-S01,ST03,ST04,13751,Express,07:49,07:57,15,LINE-01,SCHEDULED,UP,SYNTHETIC_CONTROL_CHART
TM-01092,Friday,C03,C03-S01,ST03,ST04,13752,Passenger,08:07,08:13,15,LINE-01,SCHEDULED,DOWN,SYNTHETIC_CONTROL_CHART
TM-01093,Friday,C03,C03-S01,ST03,ST04,13753,Express,09:24,09:32,15,LINE-01,SCHEDULED,UP,SYNTHETIC_CONTROL_CHART
TM-01094,Friday,C03,C03-S01,ST03,ST04,13754,Passenger,10:55,10:58,15,LINE-01,SCHEDULED,DOWN,SYNTHETIC_CONTROL_CHART
TM-01095,Friday,C03,C03-S01,ST03,ST04,13756,Express,12:18,12:21,15,LINE-01,SCHEDULED,UP,SYNTHETIC_CONTROL_CHART
TM-01096,Friday,C03,C03-S01,ST03,ST04,13759,Special,13:18,13:23,15,LINE-01,SCHEDULED,UP,SYNTHETIC_CONTROL_CHART
TM-01097,Friday,C03,C03-S01,ST03,ST04,13760,MEMU,15:07,15:10,15,LINE-01,SCHEDULED,DOWN,SYNTHETIC_CONTROL_CHART
TM-01098,Friday,C03,C03-S01,ST03,ST04,13761,Passenger,16:37,16:43,15,LINE-01,SCHEDULED,DOWN,SYNTHETIC_CONTROL_CHART
TM-01099,Friday,C03,C03-S01,ST03,ST04,13762,Passenger,17:07,17:15,15,LINE-01,SCHEDULED,UP,SYNTHETIC_CONTROL_CHART
TM-01100,Friday,C03,C03-S01,ST03,ST04,13765,Express,18:37,18:41,15,LINE-01,SCHEDULED,UP,SYNTHETIC_CONTROL_CHART
TM-01101,Friday,C03,C03-S01,ST03,ST04,13767,Freight,19:49,19:52,15,LINE-01,SCHEDULED,UP,SYNTHETIC_CONTROL_CHART
TM-01102,Friday,C03,C03-S01,ST03,ST04,13770,Express,20:43,20:48,15,LINE-01,SCHEDULED,DOWN,SYNTHETIC_CONTROL_CHART
TM-01103,Friday,C03,C03-S01,ST03,ST04,13771,MEMU,21:18,21:24,15,LINE-01,SCHEDULED,UP,SYNTHETIC_CONTROL_CHART
TM-01104,Friday,C03,C03-S01,ST03,ST04,13772,Express,22:24,22:27,15,LINE-01,SCHEDULED,DOWN,SYNTHETIC_CONTROL_CHART
TM-01105,Friday,C03,C03-S02,ST03,ST04,13775,Express,05:55,06:01,15,LINE-01,SCHEDULED,UP,SYNTHETIC_CONTROL_CHART
TM-01106,Friday,C03,C03-S02,ST03,ST04,13776,Freight,06:31,06:39,15,LINE-01,SCHEDULED,DOWN,SYNTHETIC_CONTROL_CHART
TM-01107,Friday,C03,C03-S02,ST03,ST04,13778,MEMU,07:31,07:36,15,LINE-01,SCHEDULED,DOWN,SYNTHETIC_CONTROL_CHART
TM-01108,Friday,C03,C03-S02,ST03,ST04,13781,Special,08:24,08:27,15,LINE-01,SCHEDULED,UP,SYNTHETIC_CONTROL_CHART
TM-01109,Friday,C03,C03-S02,ST03,ST04,13783,Express,09:07,09:13,15,LINE-01,SCHEDULED,DOWN,SYNTHETIC_CONTROL_CHART
TM-01110,Friday,C03,C03-S02,ST03,ST04,13784,Passenger,10:07,10:12,15,LINE-01,SCHEDULED,DOWN,SYNTHETIC_CONTROL_CHART
TM-01111,Friday,C03,C03-S02,ST03,ST04,13785,Freight,12:24,12:27,15,LINE-01,SCHEDULED,UP,SYNTHETIC_CONTROL_CHART
TM-01112,Friday,C03,C03-S02,ST03,ST04,13786,Express,13:55,14:00,15,LINE-01,SCHEDULED,DOWN,SYNTHETIC_CONTROL_CHART
TM-01113,Friday,C03,C03-S02,ST03,ST04,13787,Express,15:31,15:34,15,LINE-01,SCHEDULED,DOWN,SYNTHETIC_CONTROL_CHART
TM-01114,Friday,C03,C03-S02,ST03,ST04,13788,Express,16:24,16:34,15,LINE-01,SCHEDULED,DOWN,SYNTHETIC_CONTROL_CHART
TM-01115,Friday,C03,C03-S02,ST03,ST04,13791,MEMU,17:07,17:10,15,LINE-01,SCHEDULED,UP,SYNTHETIC_CONTROL_CHART
TM-01116,Friday,C03,C03-S02,ST03,ST04,13794,Passenger,18:12,18:16,15,LINE-01,SCHEDULED,DOWN,SYNTHETIC_CONTROL_CHART
TM-01117,Friday,C03,C03-S02,ST03,ST04,13797,Express,19:37,19:41,15,LINE-01,SCHEDULED,UP,SYNTHETIC_CONTROL_CHART
TM-01118,Friday,C03,C03-S02,ST03,ST04,13800,Freight,20:43,20:48,15,LINE-01,SCHEDULED,DOWN,SYNTHETIC_CONTROL_CHART
TM-01119,Friday,C03,C03-S02,ST03,ST04,13801,Express,21:12,21:20,15,LINE-01,SCHEDULED,DOWN,SYNTHETIC_CONTROL_CHART
TM-01120,Friday,C03,C03-S02,ST03,ST04,13803,Special,22:55,23:00,15,LINE-01,SCHEDULED,DOWN,SYNTHETIC_CONTROL_CHART
TM-01121,Friday,C03,C03-S03,ST03,ST04,13804,MEMU,05:43,05:46,15,LINE-01,SCHEDULED,DOWN,SYNTHETIC_CONTROL_CHART
TM-01122,Friday,C03,C03-S03,ST03,ST04,13805,Special,06:12,06:16,15,LINE-01,SCHEDULED,DOWN,SYNTHETIC_CONTROL_CHART
TM-01123,Friday,C03,C03-S03,ST03,ST04,13807,Passenger,07:37,07:41,15,LINE-01,SCHEDULED,UP,SYNTHETIC_CONTROL_CHART
TM-01124,Friday,C03,C03-S03,ST03,ST04,13808,Express,08:37,08:40,15,LINE-01,SCHEDULED,UP,SYNTHETIC_CONTROL_CHART
TM-01125,Friday,C03,C03-S03,ST03,ST04,13809,Express,09:31,09:35,15,LINE-01,SCHEDULED,UP,SYNTHETIC_CONTROL_CHART
TM-01126,Friday,C03,C03-S03,ST03,ST04,13810,Freight,10:31,10:34,15,LINE-01,SCHEDULED,DOWN,SYNTHETIC_CONTROL_CHART
TM-01127,Friday,C03,C03-S03,ST03,ST04,13811,Passenger,12:31,12:36,15,LINE-01,SCHEDULED,UP,SYNTHETIC_CONTROL_CHART
TM-01128,Friday,C03,C03-S03,ST03,ST04,13814,Express,13:18,13:21,15,LINE-01,SCHEDULED,UP,SYNTHETIC_CONTROL_CHART
TM-01129,Friday,C03,C03-S03,ST03,ST04,13815,Passenger,15:43,15:47,15,LINE-01,SCHEDULED,DOWN,SYNTHETIC_CONTROL_CHART
TM-01130,Friday,C03,C03-S03,ST03,ST04,13818,MEMU,16:31,16:39,15,LINE-01,SCHEDULED,DOWN,SYNTHETIC_CONTROL_CHART
TM-01131,Friday,C03,C03-S03,ST03,ST04,13819,Express,17:43,17:46,15,LINE-01,SCHEDULED,DOWN,SYNTHETIC_CONTROL_CHART
TM-01132,Friday,C03,C03-S03,ST03,ST04,13820,Freight,18:37,18:43,15,LINE-01,SCHEDULED,UP,SYNTHETIC_CONTROL_CHART
TM-01133,Friday,C03,C03-S03,ST03,ST04,13821,Special,19:55,20:03,15,LINE-01,SCHEDULED,UP,SYNTHETIC_CONTROL_CHART
TM-01134,Friday,C03,C03-S03,ST03,ST04,13822,Freight,20:03,20:11,15,LINE-01,SCHEDULED,DOWN,SYNTHETIC_CONTROL_CHART
TM-01135,Friday,C03,C03-S03,ST03,ST04,13823,Passenger,21:49,21:54,15,LINE-01,SCHEDULED,DOWN,SYNTHETIC_CONTROL_CHART
TM-01136,Friday,C03,C03-S03,ST03,ST04,13825,Passenger,22:37,22:42,15,LINE-01,SCHEDULED,UP,SYNTHETIC_CONTROL_CHART
TM-01137,Friday,C03,C03-S04,ST03,ST04,13828,Freight,05:55,06:05,15,LINE-01,SCHEDULED,UP,SYNTHETIC_CONTROL_CHART
TM-01138,Friday,C03,C03-S04,ST03,ST04,13829,Express,06:37,06:47,15,LINE-01,SCHEDULED,UP,SYNTHETIC_CONTROL_CHART
TM-01139,Friday,C03,C03-S04,ST03,ST04,13830,Express,07:18,07:21,15,LINE-01,SCHEDULED,DOWN,SYNTHETIC_CONTROL_CHART
TM-01140,Friday,C03,C03-S04,ST03,ST04,13831,MEMU,08:18,08:24,15,LINE-01,SCHEDULED,DOWN,SYNTHETIC_CONTROL_CHART
TM-01141,Friday,C03,C03-S04,ST03,ST04,13834,Freight,09:49,09:55,15,LINE-01,SCHEDULED,DOWN,SYNTHETIC_CONTROL_CHART
TM-01142,Friday,C03,C03-S04,ST03,ST04,13837,Express,10:07,10:10,15,LINE-01,SCHEDULED,UP,SYNTHETIC_CONTROL_CHART
TM-01143,Friday,C03,C03-S04,ST03,ST04,13840,Passenger,12:43,12:46,15,LINE-01,SCHEDULED,UP,SYNTHETIC_CONTROL_CHART
TM-01144,Friday,C03,C03-S04,ST03,ST04,13841,Passenger,13:12,13:18,15,LINE-01,SCHEDULED,DOWN,SYNTHETIC_CONTROL_CHART
TM-01145,Friday,C03,C03-S04,ST03,ST04,13842,Passenger,15:43,15:48,15,LINE-01,SCHEDULED,UP,SYNTHETIC_CONTROL_CHART
TM-01146,Friday,C03,C03-S04,ST03,ST04,13844,Express,16:12,16:20,15,LINE-01,SCHEDULED,UP,SYNTHETIC_CONTROL_CHART
TM-01147,Friday,C03,C03-S04,ST03,ST04,13846,Passenger,17:18,17:23,15,LINE-01,SCHEDULED,UP,SYNTHETIC_CONTROL_CHART
TM-01148,Friday,C03,C03-S04,ST03,ST04,13847,Express,18:55,19:00,15,LINE-01,SCHEDULED,UP,SYNTHETIC_CONTROL_CHART
TM-01149,Friday,C03,C03-S04,ST03,ST04,13848,Passenger,19:07,19:13,15,LINE-01,SCHEDULED,DOWN,SYNTHETIC_CONTROL_CHART
TM-01150,Friday,C03,C03-S04,ST03,ST04,13849,MEMU,20:43,20:47,15,LINE-01,SCHEDULED,DOWN,SYNTHETIC_CONTROL_CHART
TM-01151,Friday,C03,C03-S04,ST03,ST04,13850,MEMU,21:49,21:52,15,LINE-01,SCHEDULED,UP,SYNTHETIC_CONTROL_CHART
TM-01152,Friday,C03,C03-S04,ST03,ST04,13852,Freight,22:49,22:55,15,LINE-01,SCHEDULED,UP,SYNTHETIC_CONTROL_CHART
TM-01153,Friday,C04,C04-S01,ST04,ST05,13853,Special,05:55,05:59,15,LINE-01,SCHEDULED,DOWN,SYNTHETIC_CONTROL_CHART
TM-01154,Friday,C04,C04-S01,ST04,ST05,13856,Express,06:03,06:09,15,LINE-01,SCHEDULED,UP,SYNTHETIC_CONTROL_CHART
TM-01155,Friday,C04,C04-S01,ST04,ST05,13857,MEMU,07:12,07:22,15,LINE-01,SCHEDULED,DOWN,SYNTHETIC_CONTROL_CHART
TM-01156,Friday,C04,C04-S01,ST04,ST05,13860,MEMU,08:31,08:41,15,LINE-01,SCHEDULED,DOWN,SYNTHETIC_CONTROL_CHART
TM-01157,Friday,C04,C04-S01,ST04,ST05,13861,Passenger,09:31,09:41,15,LINE-01,SCHEDULED,UP,SYNTHETIC_CONTROL_CHART
TM-01158,Friday,C04,C04-S01,ST04,ST05,13863,Passenger,10:43,10:53,15,LINE-01,SCHEDULED,DOWN,SYNTHETIC_CONTROL_CHART
TM-01159,Friday,C04,C04-S01,ST04,ST05,13864,Express,12:12,12:20,15,LINE-01,SCHEDULED,DOWN,SYNTHETIC_CONTROL_CHART
TM-01160,Friday,C04,C04-S01,ST04,ST05,13865,Express,13:37,13:45,15,LINE-01,SCHEDULED,DOWN,SYNTHETIC_CONTROL_CHART
TM-01161,Friday,C04,C04-S01,ST04,ST05,13866,Passenger,15:07,15:13,15,LINE-01,SCHEDULED,UP,SYNTHETIC_CONTROL_CHART
TM-01162,Friday,C04,C04-S01,ST04,ST05,13867,Express,16:24,16:30,15,LINE-01,SCHEDULED,UP,SYNTHETIC_CONTROL_CHART
TM-01163,Friday,C04,C04-S01,ST04,ST05,13868,MEMU,17:07,17:10,15,LINE-01,SCHEDULED,UP,SYNTHETIC_CONTROL_CHART
TM-01164,Friday,C04,C04-S01,ST04,ST05,13869,Express,18:49,18:55,15,LINE-01,SCHEDULED,DOWN,SYNTHETIC_CONTROL_CHART
TM-01165,Friday,C04,C04-S01,ST04,ST05,13870,Express,19:43,19:46,15,LINE-01,SCHEDULED,DOWN,SYNTHETIC_CONTROL_CHART
TM-01166,Friday,C04,C04-S01,ST04,ST05,13871,Freight,20:55,20:58,15,LINE-01,SCHEDULED,UP,SYNTHETIC_CONTROL_CHART
TM-01167,Friday,C04,C04-S01,ST04,ST05,13872,Express,21:55,22:00,15,LINE-01,SCHEDULED,UP,SYNTHETIC_CONTROL_CHART
TM-01168,Friday,C04,C04-S01,ST04,ST05,13874,MEMU,22:31,22:37,15,LINE-01,SCHEDULED,UP,SYNTHETIC_CONTROL_CHART
TM-01169,Friday,C04,C04-S02,ST04,ST05,13875,Freight,05:03,05:13,15,LINE-01,SCHEDULED,UP,SYNTHETIC_CONTROL_CHART
TM-01170,Friday,C04,C04-S02,ST04,ST05,13878,Freight,06:43,06:49,15,LINE-01,SCHEDULED,UP,SYNTHETIC_CONTROL_CHART
TM-01171,Friday,C04,C04-S02,ST04,ST05,13879,Freight,07:31,07:35,15,LINE-01,SCHEDULED,UP,SYNTHETIC_CONTROL_CHART
TM-01172,Friday,C04,C04-S02,ST04,ST05,13880,MEMU,08:18,08:22,15,LINE-01,SCHEDULED,UP,SYNTHETIC_CONTROL_CHART
TM-01173,Friday,C04,C04-S02,ST04,ST05,13881,MEMU,09:07,09:11,15,LINE-01,SCHEDULED,DOWN,SYNTHETIC_CONTROL_CHART
TM-01174,Friday,C04,C04-S02,ST04,ST05,13883,MEMU,10:12,10:22,15,LINE-01,SCHEDULED,DOWN,SYNTHETIC_CONTROL_CHART
TM-01175,Friday,C04,C04-S02,ST04,ST05,13884,Passenger,12:31,12:36,15,LINE-01,SCHEDULED,DOWN,SYNTHETIC_CONTROL_CHART
TM-01176,Friday,C04,C04-S02,ST04,ST05,13886,Express,13:07,13:15,15,LINE-01,SCHEDULED,DOWN,SYNTHETIC_CONTROL_CHART
TM-01177,Friday,C04,C04-S02,ST04,ST05,13888,Freight,15:31,15:39,15,LINE-01,SCHEDULED,UP,SYNTHETIC_CONTROL_CHART
TM-01178,Friday,C04,C04-S02,ST04,ST05,13889,Express,16:12,16:18,15,LINE-01,SCHEDULED,UP,SYNTHETIC_CONTROL_CHART
TM-01179,Friday,C04,C04-S02,ST04,ST05,13890,Passenger,17:12,17:20,15,LINE-01,SCHEDULED,UP,SYNTHETIC_CONTROL_CHART
TM-01180,Friday,C04,C04-S02,ST04,ST05,13892,Passenger,18:43,18:47,15,LINE-01,SCHEDULED,UP,SYNTHETIC_CONTROL_CHART
TM-01181,Friday,C04,C04-S02,ST04,ST05,13893,Special,19:31,19:39,15,LINE-01,SCHEDULED,DOWN,SYNTHETIC_CONTROL_CHART
TM-01182,Friday,C04,C04-S02,ST04,ST05,13894,Special,20:03,20:08,15,LINE-01,SCHEDULED,DOWN,SYNTHETIC_CONTROL_CHART
TM-01183,Friday,C04,C04-S02,ST04,ST05,13897,MEMU,21:37,21:45,15,LINE-01,SCHEDULED,UP,SYNTHETIC_CONTROL_CHART
TM-01184,Friday,C04,C04-S02,ST04,ST05,13898,Express,22:37,22:43,15,LINE-01,SCHEDULED,UP,SYNTHETIC_CONTROL_CHART
TM-01185,Friday,C04,C04-S03,ST04,ST05,13899,Passenger,05:24,05:27,15,LINE-01,SCHEDULED,UP,SYNTHETIC_CONTROL_CHART
TM-01186,Friday,C04,C04-S03,ST04,ST05,13901,Passenger,06:18,06:28,15,LINE-01,SCHEDULED,DOWN,SYNTHETIC_CONTROL_CHART
TM-01187,Friday,C04,C04-S03,ST04,ST05,13903,MEMU,07:43,07:49,15,LINE-01,SCHEDULED,UP,SYNTHETIC_CONTROL_CHART
TM-01188,Friday,C04,C04-S03,ST04,ST05,13904,Express,08:37,08:40,15,LINE-01,SCHEDULED,DOWN,SYNTHETIC_CONTROL_CHART
TM-01189,Friday,C04,C04-S03,ST04,ST05,13905,Express,09:18,09:26,15,LINE-01,SCHEDULED,DOWN,SYNTHETIC_CONTROL_CHART
TM-01190,Friday,C04,C04-S03,ST04,ST05,13907,Express,10:55,11:03,15,LINE-01,SCHEDULED,UP,SYNTHETIC_CONTROL_CHART
TM-01191,Friday,C04,C04-S03,ST04,ST05,13910,Express,12:18,12:26,15,LINE-01,SCHEDULED,UP,SYNTHETIC_CONTROL_CHART
TM-01192,Friday,C04,C04-S03,ST04,ST05,13911,Special,13:43,13:49,15,LINE-01,SCHEDULED,DOWN,SYNTHETIC_CONTROL_CHART
TM-01193,Friday,C04,C04-S03,ST04,ST05,13912,Passenger,15:49,15:54,15,LINE-01,SCHEDULED,UP,SYNTHETIC_CONTROL_CHART
TM-01194,Friday,C04,C04-S03,ST04,ST05,13914,Express,16:43,16:51,15,LINE-01,SCHEDULED,DOWN,SYNTHETIC_CONTROL_CHART
TM-01195,Friday,C04,C04-S03,ST04,ST05,13917,Express,17:24,17:30,15,LINE-01,SCHEDULED,UP,SYNTHETIC_CONTROL_CHART
TM-01196,Friday,C04,C04-S03,ST04,ST05,13918,Passenger,18:37,18:41,15,LINE-01,SCHEDULED,DOWN,SYNTHETIC_CONTROL_CHART
TM-01197,Friday,C04,C04-S03,ST04,ST05,13920,Special,19:03,19:11,15,LINE-01,SCHEDULED,UP,SYNTHETIC_CONTROL_CHART
TM-01198,Friday,C04,C04-S03,ST04,ST05,13921,Passenger,20:49,20:59,15,LINE-01,SCHEDULED,DOWN,SYNTHETIC_CONTROL_CHART
TM-01199,Friday,C04,C04-S03,ST04,ST05,13922,Freight,21:49,21:57,15,LINE-01,SCHEDULED,UP,SYNTHETIC_CONTROL_CHART
TM-01200,Friday,C04,C04-S03,ST04,ST05,13923,Special,22:24,22:30,15,LINE-01,SCHEDULED,DOWN,SYNTHETIC_CONTROL_CHART
TM-01201,Friday,C04,C04-S04,ST04,ST05,13926,Express,05:12,05:15,15,LINE-01,SCHEDULED,UP,SYNTHETIC_CONTROL_CHART
TM-01202,Friday,C04,C04-S04,ST04,ST05,13927,MEMU,06:49,06:57,15,LINE-01,SCHEDULED,UP,SYNTHETIC_CONTROL_CHART
TM-01203,Friday,C04,C04-S04,ST04,ST05,13930,Express,07:18,07:22,15,LINE-01,SCHEDULED,DOWN,SYNTHETIC_CONTROL_CHART
TM-01204,Friday,C04,C04-S04,ST04,ST05,13931,Passenger,08:24,08:34,15,LINE-01,SCHEDULED,DOWN,SYNTHETIC_CONTROL_CHART
TM-01205,Friday,C04,C04-S04,ST04,ST05,13932,Express,09:07,09:10,15,LINE-01,SCHEDULED,UP,SYNTHETIC_CONTROL_CHART
TM-01206,Friday,C04,C04-S04,ST04,ST05,13933,Express,10:37,10:41,15,LINE-01,SCHEDULED,DOWN,SYNTHETIC_CONTROL_CHART
TM-01207,Friday,C04,C04-S04,ST04,ST05,13934,Express,12:07,12:10,15,LINE-01,SCHEDULED,UP,SYNTHETIC_CONTROL_CHART
TM-01208,Friday,C04,C04-S04,ST04,ST05,13935,Express,13:07,13:12,15,LINE-01,SCHEDULED,DOWN,SYNTHETIC_CONTROL_CHART
TM-01209,Friday,C04,C04-S04,ST04,ST05,13936,Freight,15:12,15:17,15,LINE-01,SCHEDULED,DOWN,SYNTHETIC_CONTROL_CHART
TM-01210,Friday,C04,C04-S04,ST04,ST05,13937,Express,16:55,16:59,15,LINE-01,SCHEDULED,UP,SYNTHETIC_CONTROL_CHART
TM-01211,Friday,C04,C04-S04,ST04,ST05,13938,Express,17:18,17:22,15,LINE-01,SCHEDULED,UP,SYNTHETIC_CONTROL_CHART
TM-01212,Friday,C04,C04-S04,ST04,ST05,13939,MEMU,18:55,19:00,15,LINE-01,SCHEDULED,DOWN,SYNTHETIC_CONTROL_CHART
TM-01213,Friday,C04,C04-S04,ST04,ST05,13940,Special,19:07,19:15,15,LINE-01,SCHEDULED,UP,SYNTHETIC_CONTROL_CHART
TM-01214,Friday,C04,C04-S04,ST04,ST05,13942,Express,20:49,20:52,15,LINE-01,SCHEDULED,UP,SYNTHETIC_CONTROL_CHART
TM-01215,Friday,C04,C04-S04,ST04,ST05,13943,Passenger,21:31,21:37,15,LINE-01,SCHEDULED,DOWN,SYNTHETIC_CONTROL_CHART
TM-01216,Friday,C04,C04-S04,ST04,ST05,13946,Express,22:03,22:08,15,LINE-01,SCHEDULED,UP,SYNTHETIC_CONTROL_CHART
TM-01217,Saturday,C01,C01-S01,ST01,ST02,13949,Special,06:12,06:18,15,LINE-01,SCHEDULED,DOWN,SYNTHETIC_CONTROL_CHART
TM-01218,Saturday,C01,C01-S01,ST01,ST02,13950,Express,07:07,07:11,15,LINE-01,SCHEDULED,DOWN,SYNTHETIC_CONTROL_CHART
TM-01219,Saturday,C01,C01-S01,ST01,ST02,13951,Express,08:37,08:42,15,LINE-01,SCHEDULED,UP,SYNTHETIC_CONTROL_CHART
TM-01220,Saturday,C01,C01-S01,ST01,ST02,13952,Passenger,09:49,09:54,15,LINE-01,SCHEDULED,DOWN,SYNTHETIC_CONTROL_CHART
TM-01221,Saturday,C01,C01-S01,ST01,ST02,13953,Freight,10:24,10:32,15,LINE-01,SCHEDULED,DOWN,SYNTHETIC_CONTROL_CHART
TM-01222,Saturday,C01,C01-S01,ST01,ST02,13956,Passenger,12:12,12:18,15,LINE-01,SCHEDULED,DOWN,SYNTHETIC_CONTROL_CHART
TM-01223,Saturday,C01,C01-S01,ST01,ST02,13957,Express,14:37,14:47,15,LINE-01,SCHEDULED,UP,SYNTHETIC_CONTROL_CHART
TM-01224,Saturday,C01,C01-S01,ST01,ST02,13960,Passenger,15:37,15:41,15,LINE-01,SCHEDULED,DOWN,SYNTHETIC_CONTROL_CHART
TM-01225,Saturday,C01,C01-S01,ST01,ST02,13963,MEMU,16:37,16:43,15,LINE-01,SCHEDULED,DOWN,SYNTHETIC_CONTROL_CHART
TM-01226,Saturday,C01,C01-S01,ST01,ST02,13966,MEMU,18:43,18:51,15,LINE-01,SCHEDULED,UP,SYNTHETIC_CONTROL_CHART
TM-01227,Saturday,C01,C01-S01,ST01,ST02,13968,Passenger,19:24,19:27,15,LINE-01,SCHEDULED,DOWN,SYNTHETIC_CONTROL_CHART
TM-01228,Saturday,C01,C01-S01,ST01,ST02,13971,Freight,21:24,21:32,15,LINE-01,SCHEDULED,UP,SYNTHETIC_CONTROL_CHART
TM-01229,Saturday,C01,C01-S01,ST01,ST02,13972,Express,22:12,22:20,15,LINE-01,SCHEDULED,UP,SYNTHETIC_CONTROL_CHART
TM-01230,Saturday,C01,C01-S02,ST01,ST02,13974,Express,06:12,06:22,15,LINE-01,SCHEDULED,DOWN,SYNTHETIC_CONTROL_CHART
TM-01231,Saturday,C01,C01-S02,ST01,ST02,13975,Express,07:55,08:03,15,LINE-01,SCHEDULED,DOWN,SYNTHETIC_CONTROL_CHART
TM-01232,Saturday,C01,C01-S02,ST01,ST02,13976,MEMU,08:07,08:17,15,LINE-01,SCHEDULED,UP,SYNTHETIC_CONTROL_CHART
TM-01233,Saturday,C01,C01-S02,ST01,ST02,13977,Special,09:49,09:54,15,LINE-01,SCHEDULED,UP,SYNTHETIC_CONTROL_CHART
TM-01234,Saturday,C01,C01-S02,ST01,ST02,13978,Passenger,10:31,10:36,15,LINE-01,SCHEDULED,DOWN,SYNTHETIC_CONTROL_CHART
TM-01235,Saturday,C01,C01-S02,ST01,ST02,13979,MEMU,12:37,12:42,15,LINE-01,SCHEDULED,UP,SYNTHETIC_CONTROL_CHART
TM-01236,Saturday,C01,C01-S02,ST01,ST02,13980,Express,14:43,14:47,15,LINE-01,SCHEDULED,DOWN,SYNTHETIC_CONTROL_CHART
TM-01237,Saturday,C01,C01-S02,ST01,ST02,13982,Express,15:49,15:52,15,LINE-01,SCHEDULED,DOWN,SYNTHETIC_CONTROL_CHART
TM-01238,Saturday,C01,C01-S02,ST01,ST02,13983,Freight,16:31,16:39,15,LINE-01,SCHEDULED,DOWN,SYNTHETIC_CONTROL_CHART
TM-01239,Saturday,C01,C01-S02,ST01,ST02,13984,Freight,18:31,18:41,15,LINE-01,SCHEDULED,UP,SYNTHETIC_CONTROL_CHART
TM-01240,Saturday,C01,C01-S02,ST01,ST02,13985,Passenger,19:18,19:24,15,LINE-01,SCHEDULED,UP,SYNTHETIC_CONTROL_CHART
TM-01241,Saturday,C01,C01-S02,ST01,ST02,13987,Express,21:31,21:35,15,LINE-01,SCHEDULED,UP,SYNTHETIC_CONTROL_CHART
TM-01242,Saturday,C01,C01-S02,ST01,ST02,13990,Passenger,22:03,22:09,15,LINE-01,SCHEDULED,UP,SYNTHETIC_CONTROL_CHART
TM-01243,Saturday,C01,C01-S03,ST01,ST02,13991,Express,06:55,07:00,15,LINE-01,SCHEDULED,DOWN,SYNTHETIC_CONTROL_CHART
TM-01244,Saturday,C01,C01-S03,ST01,ST02,13993,Express,07:24,07:29,15,LINE-01,SCHEDULED,DOWN,SYNTHETIC_CONTROL_CHART
TM-01245,Saturday,C01,C01-S03,ST01,ST02,13996,Passenger,08:24,08:34,15,LINE-01,SCHEDULED,DOWN,SYNTHETIC_CONTROL_CHART
TM-01246,Saturday,C01,C01-S03,ST01,ST02,13997,Passenger,09:24,09:30,15,LINE-01,SCHEDULED,DOWN,SYNTHETIC_CONTROL_CHART
TM-01247,Saturday,C01,C01-S03,ST01,ST02,13998,Express,10:31,10:39,15,LINE-01,SCHEDULED,UP,SYNTHETIC_CONTROL_CHART
TM-01248,Saturday,C01,C01-S03,ST01,ST02,14001,Express,12:07,12:15,15,LINE-01,SCHEDULED,UP,SYNTHETIC_CONTROL_CHART
TM-01249,Saturday,C01,C01-S03,ST01,ST02,14004,Express,14:31,14:35,15,LINE-01,SCHEDULED,DOWN,SYNTHETIC_CONTROL_CHART
TM-01250,Saturday,C01,C01-S03,ST01,ST02,14007,Passenger,15:55,16:05,15,LINE-01,SCHEDULED,DOWN,SYNTHETIC_CONTROL_CHART
TM-01251,Saturday,C01,C01-S03,ST01,ST02,14008,Passenger,16:31,16:41,15,LINE-01,SCHEDULED,UP,SYNTHETIC_CONTROL_CHART
TM-01252,Saturday,C01,C01-S03,ST01,ST02,14011,Passenger,18:43,18:53,15,LINE-01,SCHEDULED,DOWN,SYNTHETIC_CONTROL_CHART
TM-01253,Saturday,C01,C01-S03,ST01,ST02,14012,MEMU,19:55,20:05,15,LINE-01,SCHEDULED,DOWN,SYNTHETIC_CONTROL_CHART
TM-01254,Saturday,C01,C01-S03,ST01,ST02,14014,Express,21:31,21:41,15,LINE-01,SCHEDULED,UP,SYNTHETIC_CONTROL_CHART
TM-01255,Saturday,C01,C01-S03,ST01,ST02,14015,Special,22:43,22:47,15,LINE-01,SCHEDULED,UP,SYNTHETIC_CONTROL_CHART
TM-01256,Saturday,C01,C01-S04,ST01,ST02,14017,Express,06:43,06:48,15,LINE-01,SCHEDULED,DOWN,SYNTHETIC_CONTROL_CHART
TM-01257,Saturday,C01,C01-S04,ST01,ST02,14018,Special,07:03,07:09,15,LINE-01,SCHEDULED,DOWN,SYNTHETIC_CONTROL_CHART
TM-01258,Saturday,C01,C01-S04,ST01,ST02,14019,Passenger,08:07,08:13,15,LINE-01,SCHEDULED,UP,SYNTHETIC_CONTROL_CHART
TM-01259,Saturday,C01,C01-S04,ST01,ST02,14020,Express,09:12,09:20,15,LINE-01,SCHEDULED,UP,SYNTHETIC_CONTROL_CHART
TM-01260,Saturday,C01,C01-S04,ST01,ST02,14021,Express,10:37,10:47,15,LINE-01,SCHEDULED,UP,SYNTHETIC_CONTROL_CHART
TM-01261,Saturday,C01,C01-S04,ST01,ST02,14023,Freight,12:03,12:13,15,LINE-01,SCHEDULED,UP,SYNTHETIC_CONTROL_CHART
TM-01262,Saturday,C01,C01-S04,ST01,ST02,14024,Freight,14:07,14:11,15,LINE-01,SCHEDULED,UP,SYNTHETIC_CONTROL_CHART
TM-01263,Saturday,C01,C01-S04,ST01,ST02,14026,Express,15:55,16:00,15,LINE-01,SCHEDULED,DOWN,SYNTHETIC_CONTROL_CHART
TM-01264,Saturday,C01,C01-S04,ST01,ST02,14027,MEMU,16:43,16:48,15,LINE-01,SCHEDULED,DOWN,SYNTHETIC_CONTROL_CHART
TM-01265,Saturday,C01,C01-S04,ST01,ST02,14028,Express,18:18,18:26,15,LINE-01,SCHEDULED,DOWN,SYNTHETIC_CONTROL_CHART
TM-01266,Saturday,C01,C01-S04,ST01,ST02,14029,Passenger,19:43,19:49,15,LINE-01,SCHEDULED,DOWN,SYNTHETIC_CONTROL_CHART
TM-01267,Saturday,C01,C01-S04,ST01,ST02,14030,MEMU,21:49,21:57,15,LINE-01,SCHEDULED,UP,SYNTHETIC_CONTROL_CHART
TM-01268,Saturday,C01,C01-S04,ST01,ST02,14032,Express,22:18,22:28,15,LINE-01,SCHEDULED,DOWN,SYNTHETIC_CONTROL_CHART
TM-01269,Saturday,C02,C02-S01,ST02,ST03,14033,Freight,06:31,06:34,15,LINE-01,SCHEDULED,UP,SYNTHETIC_CONTROL_CHART
TM-01270,Saturday,C02,C02-S01,ST02,ST03,14034,Passenger,07:18,07:23,15,LINE-01,SCHEDULED,DOWN,SYNTHETIC_CONTROL_CHART
TM-01271,Saturday,C02,C02-S01,ST02,ST03,14036,Express,08:31,08:37,15,LINE-01,SCHEDULED,DOWN,SYNTHETIC_CONTROL_CHART
TM-01272,Saturday,C02,C02-S01,ST02,ST03,14037,Freight,09:24,09:27,15,LINE-01,SCHEDULED,DOWN,SYNTHETIC_CONTROL_CHART
TM-01273,Saturday,C02,C02-S01,ST02,ST03,14038,MEMU,10:31,10:41,15,LINE-01,SCHEDULED,DOWN,SYNTHETIC_CONTROL_CHART
TM-01274,Saturday,C02,C02-S01,ST02,ST03,14040,Freight,12:07,12:10,15,LINE-01,SCHEDULED,UP,SYNTHETIC_CONTROL_CHART
TM-01275,Saturday,C02,C02-S01,ST02,ST03,14041,Express,14:55,14:59,15,LINE-01,SCHEDULED,UP,SYNTHETIC_CONTROL_CHART
TM-01276,Saturday,C02,C02-S01,ST02,ST03,14042,Passenger,15:55,16:00,15,LINE-01,SCHEDULED,UP,SYNTHETIC_CONTROL_CHART
TM-01277,Saturday,C02,C02-S01,ST02,ST03,14043,Freight,16:07,16:17,15,LINE-01,SCHEDULED,UP,SYNTHETIC_CONTROL_CHART
TM-01278,Saturday,C02,C02-S01,ST02,ST03,14044,Express,18:07,18:12,15,LINE-01,SCHEDULED,DOWN,SYNTHETIC_CONTROL_CHART
TM-01279,Saturday,C02,C02-S01,ST02,ST03,14045,Express,19:07,19:15,15,LINE-01,SCHEDULED,UP,SYNTHETIC_CONTROL_CHART
TM-01280,Saturday,C02,C02-S01,ST02,ST03,14047,Express,21:24,21:32,15,LINE-01,SCHEDULED,DOWN,SYNTHETIC_CONTROL_CHART
TM-01281,Saturday,C02,C02-S01,ST02,ST03,14049,Passenger,22:43,22:51,15,LINE-01,SCHEDULED,UP,SYNTHETIC_CONTROL_CHART
TM-01282,Saturday,C02,C02-S02,ST02,ST03,14050,MEMU,06:31,06:41,15,LINE-01,SCHEDULED,UP,SYNTHETIC_CONTROL_CHART
TM-01283,Saturday,C02,C02-S02,ST02,ST03,14053,Express,07:18,07:22,15,LINE-01,SCHEDULED,UP,SYNTHETIC_CONTROL_CHART
TM-01284,Saturday,C02,C02-S02,ST02,ST03,14055,Express,08:31,08:36,15,LINE-01,SCHEDULED,UP,SYNTHETIC_CONTROL_CHART
TM-01285,Saturday,C02,C02-S02,ST02,ST03,14058,Passenger,09:07,09:10,15,LINE-01,SCHEDULED,DOWN,SYNTHETIC_CONTROL_CHART
TM-01286,Saturday,C02,C02-S02,ST02,ST03,14060,Passenger,10:24,10:34,15,LINE-01,SCHEDULED,DOWN,SYNTHETIC_CONTROL_CHART
TM-01287,Saturday,C02,C02-S02,ST02,ST03,14061,Express,12:24,12:27,15,LINE-01,SCHEDULED,UP,SYNTHETIC_CONTROL_CHART
TM-01288,Saturday,C02,C02-S02,ST02,ST03,14063,Passenger,14:07,14:15,15,LINE-01,SCHEDULED,DOWN,SYNTHETIC_CONTROL_CHART
TM-01289,Saturday,C02,C02-S02,ST02,ST03,14064,Express,15:12,15:17,15,LINE-01,SCHEDULED,DOWN,SYNTHETIC_CONTROL_CHART
TM-01290,Saturday,C02,C02-S02,ST02,ST03,14065,MEMU,16:31,16:41,15,LINE-01,SCHEDULED,UP,SYNTHETIC_CONTROL_CHART
TM-01291,Saturday,C02,C02-S02,ST02,ST03,14066,Passenger,18:03,18:13,15,LINE-01,SCHEDULED,UP,SYNTHETIC_CONTROL_CHART
TM-01292,Saturday,C02,C02-S02,ST02,ST03,14067,Passenger,19:49,19:57,15,LINE-01,SCHEDULED,UP,SYNTHETIC_CONTROL_CHART
TM-01293,Saturday,C02,C02-S02,ST02,ST03,14068,Passenger,21:37,21:43,15,LINE-01,SCHEDULED,UP,SYNTHETIC_CONTROL_CHART
TM-01294,Saturday,C02,C02-S02,ST02,ST03,14071,Passenger,22:55,22:58,15,LINE-01,SCHEDULED,DOWN,SYNTHETIC_CONTROL_CHART
TM-01295,Saturday,C02,C02-S03,ST02,ST03,14074,MEMU,06:43,06:53,15,LINE-01,SCHEDULED,DOWN,SYNTHETIC_CONTROL_CHART
TM-01296,Saturday,C02,C02-S03,ST02,ST03,14076,Passenger,07:31,07:35,15,LINE-01,SCHEDULED,DOWN,SYNTHETIC_CONTROL_CHART
TM-01297,Saturday,C02,C02-S03,ST02,ST03,14079,Passenger,08:07,08:13,15,LINE-01,SCHEDULED,UP,SYNTHETIC_CONTROL_CHART
TM-01298,Saturday,C02,C02-S03,ST02,ST03,14080,Express,09:03,09:09,15,LINE-01,SCHEDULED,DOWN,SYNTHETIC_CONTROL_CHART
TM-01299,Saturday,C02,C02-S03,ST02,ST03,14081,MEMU,10:55,11:05,15,LINE-01,SCHEDULED,DOWN,SYNTHETIC_CONTROL_CHART
TM-01300,Saturday,C02,C02-S03,ST02,ST03,14084,Passenger,12:43,12:51,15,LINE-01,SCHEDULED,UP,SYNTHETIC_CONTROL_CHART
TM-01301,Saturday,C02,C02-S03,ST02,ST03,14085,MEMU,14:43,14:49,15,LINE-01,SCHEDULED,DOWN,SYNTHETIC_CONTROL_CHART
TM-01302,Saturday,C02,C02-S03,ST02,ST03,14086,Passenger,15:43,15:53,15,LINE-01,SCHEDULED,UP,SYNTHETIC_CONTROL_CHART
TM-01303,Saturday,C02,C02-S03,ST02,ST03,14088,Express,16:43,16:51,15,LINE-01,SCHEDULED,UP,SYNTHETIC_CONTROL_CHART
TM-01304,Saturday,C02,C02-S03,ST02,ST03,14090,Passenger,18:49,18:52,15,LINE-01,SCHEDULED,DOWN,SYNTHETIC_CONTROL_CHART
TM-01305,Saturday,C02,C02-S03,ST02,ST03,14092,Express,19:43,19:51,15,LINE-01,SCHEDULED,DOWN,SYNTHETIC_CONTROL_CHART
TM-01306,Saturday,C02,C02-S03,ST02,ST03,14093,Express,21:24,21:32,15,LINE-01,SCHEDULED,UP,SYNTHETIC_CONTROL_CHART
TM-01307,Saturday,C02,C02-S03,ST02,ST03,14095,MEMU,22:07,22:15,15,LINE-01,SCHEDULED,DOWN,SYNTHETIC_CONTROL_CHART
TM-01308,Saturday,C02,C02-S04,ST02,ST03,14098,Express,06:03,06:11,15,LINE-01,SCHEDULED,DOWN,SYNTHETIC_CONTROL_CHART
TM-01309,Saturday,C02,C02-S04,ST02,ST03,14100,Express,07:12,07:17,15,LINE-01,SCHEDULED,DOWN,SYNTHETIC_CONTROL_CHART
TM-01310,Saturday,C02,C02-S04,ST02,ST03,14102,Express,08:18,08:24,15,LINE-01,SCHEDULED,UP,SYNTHETIC_CONTROL_CHART
TM-01311,Saturday,C02,C02-S04,ST02,ST03,14105,MEMU,09:07,09:13,15,LINE-01,SCHEDULED,DOWN,SYNTHETIC_CONTROL_CHART
TM-01312,Saturday,C02,C02-S04,ST02,ST03,14108,Freight,10:03,10:11,15,LINE-01,SCHEDULED,DOWN,SYNTHETIC_CONTROL_CHART
TM-01313,Saturday,C02,C02-S04,ST02,ST03,14109,Passenger,12:18,12:22,15,LINE-01,SCHEDULED,DOWN,SYNTHETIC_CONTROL_CHART
TM-01314,Saturday,C02,C02-S04,ST02,ST03,14112,Passenger,14:31,14:36,15,LINE-01,SCHEDULED,DOWN,SYNTHETIC_CONTROL_CHART
TM-01315,Saturday,C02,C02-S04,ST02,ST03,14114,Express,15:07,15:13,15,LINE-01,SCHEDULED,UP,SYNTHETIC_CONTROL_CHART
TM-01316,Saturday,C02,C02-S04,ST02,ST03,14115,Passenger,16:31,16:34,15,LINE-01,SCHEDULED,UP,SYNTHETIC_CONTROL_CHART
TM-01317,Saturday,C02,C02-S04,ST02,ST03,14116,Express,18:07,18:10,15,LINE-01,SCHEDULED,UP,SYNTHETIC_CONTROL_CHART
TM-01318,Saturday,C02,C02-S04,ST02,ST03,14119,Express,19:43,19:46,15,LINE-01,SCHEDULED,DOWN,SYNTHETIC_CONTROL_CHART
TM-01319,Saturday,C02,C02-S04,ST02,ST03,14121,Express,21:49,21:53,15,LINE-01,SCHEDULED,DOWN,SYNTHETIC_CONTROL_CHART
TM-01320,Saturday,C02,C02-S04,ST02,ST03,14124,Passenger,22:24,22:34,15,LINE-01,SCHEDULED,UP,SYNTHETIC_CONTROL_CHART
TM-01321,Saturday,C03,C03-S01,ST03,ST04,14125,Passenger,06:12,06:18,15,LINE-01,SCHEDULED,DOWN,SYNTHETIC_CONTROL_CHART
TM-01322,Saturday,C03,C03-S01,ST03,ST04,14128,Express,07:43,07:47,15,LINE-01,SCHEDULED,DOWN,SYNTHETIC_CONTROL_CHART
TM-01323,Saturday,C03,C03-S01,ST03,ST04,14129,Express,08:49,08:53,15,LINE-01,SCHEDULED,DOWN,SYNTHETIC_CONTROL_CHART
TM-01324,Saturday,C03,C03-S01,ST03,ST04,14131,Express,09:43,09:48,15,LINE-01,SCHEDULED,DOWN,SYNTHETIC_CONTROL_CHART
TM-01325,Saturday,C03,C03-S01,ST03,ST04,14133,MEMU,10:49,10:52,15,LINE-01,SCHEDULED,UP,SYNTHETIC_CONTROL_CHART
TM-01326,Saturday,C03,C03-S01,ST03,ST04,14134,Express,12:49,12:57,15,LINE-01,SCHEDULED,UP,SYNTHETIC_CONTROL_CHART
TM-01327,Saturday,C03,C03-S01,ST03,ST04,14135,Passenger,14:07,14:10,15,LINE-01,SCHEDULED,UP,SYNTHETIC_CONTROL_CHART
TM-01328,Saturday,C03,C03-S01,ST03,ST04,14136,Express,15:43,15:46,15,LINE-01,SCHEDULED,DOWN,SYNTHETIC_CONTROL_CHART
TM-01329,Saturday,C03,C03-S01,ST03,ST04,14137,Special,16:07,16:10,15,LINE-01,SCHEDULED,DOWN,SYNTHETIC_CONTROL_CHART
TM-01330,Saturday,C03,C03-S01,ST03,ST04,14138,Freight,18:31,18:39,15,LINE-01,SCHEDULED,UP,SYNTHETIC_CONTROL_CHART
TM-01331,Saturday,C03,C03-S01,ST03,ST04,14139,Freight,19:12,19:17,15,LINE-01,SCHEDULED,UP,SYNTHETIC_CONTROL_CHART
TM-01332,Saturday,C03,C03-S01,ST03,ST04,14141,Freight,21:18,21:22,15,LINE-01,SCHEDULED,UP,SYNTHETIC_CONTROL_CHART
TM-01333,Saturday,C03,C03-S01,ST03,ST04,14144,Freight,22:49,22:53,15,LINE-01,SCHEDULED,DOWN,SYNTHETIC_CONTROL_CHART
TM-01334,Saturday,C03,C03-S02,ST03,ST04,14146,Passenger,06:07,06:12,15,LINE-01,SCHEDULED,UP,SYNTHETIC_CONTROL_CHART
TM-01335,Saturday,C03,C03-S02,ST03,ST04,14147,Passenger,07:49,07:55,15,LINE-01,SCHEDULED,UP,SYNTHETIC_CONTROL_CHART
TM-01336,Saturday,C03,C03-S02,ST03,ST04,14148,Freight,08:18,08:22,15,LINE-01,SCHEDULED,UP,SYNTHETIC_CONTROL_CHART
TM-01337,Saturday,C03,C03-S02,ST03,ST04,14149,Express,09:18,09:23,15,LINE-01,SCHEDULED,DOWN,SYNTHETIC_CONTROL_CHART
TM-01338,Saturday,C03,C03-S02,ST03,ST04,14150,Passenger,10:49,10:52,15,LINE-01,SCHEDULED,DOWN,SYNTHETIC_CONTROL_CHART
TM-01339,Saturday,C03,C03-S02,ST03,ST04,14151,Passenger,12:31,12:36,15,LINE-01,SCHEDULED,DOWN,SYNTHETIC_CONTROL_CHART
TM-01340,Saturday,C03,C03-S02,ST03,ST04,14153,Express,14:37,14:45,15,LINE-01,SCHEDULED,DOWN,SYNTHETIC_CONTROL_CHART
TM-01341,Saturday,C03,C03-S02,ST03,ST04,14154,Passenger,15:43,15:51,15,LINE-01,SCHEDULED,DOWN,SYNTHETIC_CONTROL_CHART
TM-01342,Saturday,C03,C03-S02,ST03,ST04,14155,Passenger,16:49,16:52,15,LINE-01,SCHEDULED,DOWN,SYNTHETIC_CONTROL_CHART
TM-01343,Saturday,C03,C03-S02,ST03,ST04,14156,Special,18:37,18:47,15,LINE-01,SCHEDULED,DOWN,SYNTHETIC_CONTROL_CHART
TM-01344,Saturday,C03,C03-S02,ST03,ST04,14157,Freight,19:24,19:34,15,LINE-01,SCHEDULED,DOWN,SYNTHETIC_CONTROL_CHART
TM-01345,Saturday,C03,C03-S02,ST03,ST04,14158,Express,21:12,21:22,15,LINE-01,SCHEDULED,DOWN,SYNTHETIC_CONTROL_CHART
TM-01346,Saturday,C03,C03-S02,ST03,ST04,14159,MEMU,22:18,22:26,15,LINE-01,SCHEDULED,UP,SYNTHETIC_CONTROL_CHART
TM-01347,Saturday,C03,C03-S03,ST03,ST04,14162,Express,06:43,06:49,15,LINE-01,SCHEDULED,UP,SYNTHETIC_CONTROL_CHART
TM-01348,Saturday,C03,C03-S03,ST03,ST04,14164,Express,07:18,07:26,15,LINE-01,SCHEDULED,DOWN,SYNTHETIC_CONTROL_CHART
TM-01349,Saturday,C03,C03-S03,ST03,ST04,14166,Freight,08:43,08:51,15,LINE-01,SCHEDULED,UP,SYNTHETIC_CONTROL_CHART
TM-01350,Saturday,C03,C03-S03,ST03,ST04,14168,Passenger,09:24,09:28,15,LINE-01,SCHEDULED,UP,SYNTHETIC_CONTROL_CHART
TM-01351,Saturday,C03,C03-S03,ST03,ST04,14169,Passenger,10:24,10:28,15,LINE-01,SCHEDULED,UP,SYNTHETIC_CONTROL_CHART
TM-01352,Saturday,C03,C03-S03,ST03,ST04,14170,Express,12:31,12:39,15,LINE-01,SCHEDULED,DOWN,SYNTHETIC_CONTROL_CHART
TM-01353,Saturday,C03,C03-S03,ST03,ST04,14171,Freight,14:31,14:41,15,LINE-01,SCHEDULED,DOWN,SYNTHETIC_CONTROL_CHART
TM-01354,Saturday,C03,C03-S03,ST03,ST04,14172,Express,15:03,15:08,15,LINE-01,SCHEDULED,DOWN,SYNTHETIC_CONTROL_CHART
TM-01355,Saturday,C03,C03-S03,ST03,ST04,14173,Special,16:24,16:29,15,LINE-01,SCHEDULED,UP,SYNTHETIC_CONTROL_CHART
TM-01356,Saturday,C03,C03-S03,ST03,ST04,14175,MEMU,18:07,18:15,15,LINE-01,SCHEDULED,UP,SYNTHETIC_CONTROL_CHART
TM-01357,Saturday,C03,C03-S03,ST03,ST04,14177,Passenger,19:55,20:00,15,LINE-01,SCHEDULED,DOWN,SYNTHETIC_CONTROL_CHART
TM-01358,Saturday,C03,C03-S03,ST03,ST04,14178,MEMU,21:31,21:37,15,LINE-01,SCHEDULED,DOWN,SYNTHETIC_CONTROL_CHART
TM-01359,Saturday,C03,C03-S03,ST03,ST04,14179,MEMU,22:37,22:41,15,LINE-01,SCHEDULED,UP,SYNTHETIC_CONTROL_CHART
TM-01360,Saturday,C03,C03-S04,ST03,ST04,14181,Passenger,06:07,06:17,15,LINE-01,SCHEDULED,DOWN,SYNTHETIC_CONTROL_CHART
TM-01361,Saturday,C03,C03-S04,ST03,ST04,14182,Freight,07:24,07:27,15,LINE-01,SCHEDULED,DOWN,SYNTHETIC_CONTROL_CHART
TM-01362,Saturday,C03,C03-S04,ST03,ST04,14183,Express,08:12,08:17,15,LINE-01,SCHEDULED,UP,SYNTHETIC_CONTROL_CHART
TM-01363,Saturday,C03,C03-S04,ST03,ST04,14185,Express,09:37,09:42,15,LINE-01,SCHEDULED,UP,SYNTHETIC_CONTROL_CHART
TM-01364,Saturday,C03,C03-S04,ST03,ST04,14186,Express,10:07,10:10,15,LINE-01,SCHEDULED,DOWN,SYNTHETIC_CONTROL_CHART
TM-01365,Saturday,C03,C03-S04,ST03,ST04,14187,Express,12:43,12:47,15,LINE-01,SCHEDULED,UP,SYNTHETIC_CONTROL_CHART
TM-01366,Saturday,C03,C03-S04,ST03,ST04,14190,Passenger,14:43,14:48,15,LINE-01,SCHEDULED,UP,SYNTHETIC_CONTROL_CHART
TM-01367,Saturday,C03,C03-S04,ST03,ST04,14193,MEMU,15:18,15:21,15,LINE-01,SCHEDULED,DOWN,SYNTHETIC_CONTROL_CHART
TM-01368,Saturday,C03,C03-S04,ST03,ST04,14194,Freight,16:18,16:22,15,LINE-01,SCHEDULED,UP,SYNTHETIC_CONTROL_CHART
TM-01369,Saturday,C03,C03-S04,ST03,ST04,14195,Express,18:12,18:17,15,LINE-01,SCHEDULED,DOWN,SYNTHETIC_CONTROL_CHART
TM-01370,Saturday,C03,C03-S04,ST03,ST04,14196,Special,19:49,19:57,15,LINE-01,SCHEDULED,DOWN,SYNTHETIC_CONTROL_CHART
TM-01371,Saturday,C03,C03-S04,ST03,ST04,14197,Express,21:55,21:59,15,LINE-01,SCHEDULED,DOWN,SYNTHETIC_CONTROL_CHART
TM-01372,Saturday,C03,C03-S04,ST03,ST04,14198,MEMU,22:55,23:05,15,LINE-01,SCHEDULED,DOWN,SYNTHETIC_CONTROL_CHART
TM-01373,Saturday,C04,C04-S01,ST04,ST05,14199,Freight,06:07,06:15,15,LINE-01,SCHEDULED,DOWN,SYNTHETIC_CONTROL_CHART
TM-01374,Saturday,C04,C04-S01,ST04,ST05,14200,Express,07:43,07:48,15,LINE-01,SCHEDULED,DOWN,SYNTHETIC_CONTROL_CHART
TM-01375,Saturday,C04,C04-S01,ST04,ST05,14202,MEMU,08:12,08:16,15,LINE-01,SCHEDULED,DOWN,SYNTHETIC_CONTROL_CHART
TM-01376,Saturday,C04,C04-S01,ST04,ST05,14205,Express,09:49,09:54,15,LINE-01,SCHEDULED,UP,SYNTHETIC_CONTROL_CHART
TM-01377,Saturday,C04,C04-S01,ST04,ST05,14206,Express,10:43,10:51,15,LINE-01,SCHEDULED,UP,SYNTHETIC_CONTROL_CHART
TM-01378,Saturday,C04,C04-S01,ST04,ST05,14209,Express,12:55,12:59,15,LINE-01,SCHEDULED,UP,SYNTHETIC_CONTROL_CHART
TM-01379,Saturday,C04,C04-S01,ST04,ST05,14211,Freight,14:07,14:12,15,LINE-01,SCHEDULED,DOWN,SYNTHETIC_CONTROL_CHART
TM-01380,Saturday,C04,C04-S01,ST04,ST05,14212,MEMU,15:37,15:42,15,LINE-01,SCHEDULED,DOWN,SYNTHETIC_CONTROL_CHART
TM-01381,Saturday,C04,C04-S01,ST04,ST05,14215,Express,16:49,16:53,15,LINE-01,SCHEDULED,UP,SYNTHETIC_CONTROL_CHART
TM-01382,Saturday,C04,C04-S01,ST04,ST05,14216,Passenger,18:12,18:22,15,LINE-01,SCHEDULED,DOWN,SYNTHETIC_CONTROL_CHART
TM-01383,Saturday,C04,C04-S01,ST04,ST05,14219,Passenger,19:07,19:15,15,LINE-01,SCHEDULED,UP,SYNTHETIC_CONTROL_CHART
TM-01384,Saturday,C04,C04-S01,ST04,ST05,14221,Express,21:31,21:37,15,LINE-01,SCHEDULED,UP,SYNTHETIC_CONTROL_CHART
TM-01385,Saturday,C04,C04-S01,ST04,ST05,14223,Express,22:49,22:59,15,LINE-01,SCHEDULED,DOWN,SYNTHETIC_CONTROL_CHART
TM-01386,Saturday,C04,C04-S02,ST04,ST05,14224,Special,06:03,06:07,15,LINE-01,SCHEDULED,UP,SYNTHETIC_CONTROL_CHART
TM-01387,Saturday,C04,C04-S02,ST04,ST05,14225,MEMU,07:37,07:43,15,LINE-01,SCHEDULED,DOWN,SYNTHETIC_CONTROL_CHART
TM-01388,Saturday,C04,C04-S02,ST04,ST05,14226,Special,08:31,08:36,15,LINE-01,SCHEDULED,DOWN,SYNTHETIC_CONTROL_CHART
TM-01389,Saturday,C04,C04-S02,ST04,ST05,14229,Express,09:07,09:10,15,LINE-01,SCHEDULED,DOWN,SYNTHETIC_CONTROL_CHART
TM-01390,Saturday,C04,C04-S02,ST04,ST05,14231,Express,10:24,10:28,15,LINE-01,SCHEDULED,DOWN,SYNTHETIC_CONTROL_CHART
TM-01391,Saturday,C04,C04-S02,ST04,ST05,14233,Express,12:31,12:36,15,LINE-01,SCHEDULED,DOWN,SYNTHETIC_CONTROL_CHART
TM-01392,Saturday,C04,C04-S02,ST04,ST05,14234,Passenger,14:49,14:59,15,LINE-01,SCHEDULED,UP,SYNTHETIC_CONTROL_CHART
TM-01393,Saturday,C04,C04-S02,ST04,ST05,14235,Express,15:12,15:16,15,LINE-01,SCHEDULED,DOWN,SYNTHETIC_CONTROL_CHART
TM-01394,Saturday,C04,C04-S02,ST04,ST05,14236,Express,16:31,16:39,15,LINE-01,SCHEDULED,DOWN,SYNTHETIC_CONTROL_CHART
TM-01395,Saturday,C04,C04-S02,ST04,ST05,14237,Express,18:37,18:43,15,LINE-01,SCHEDULED,DOWN,SYNTHETIC_CONTROL_CHART
TM-01396,Saturday,C04,C04-S02,ST04,ST05,14238,Passenger,19:55,20:00,15,LINE-01,SCHEDULED,DOWN,SYNTHETIC_CONTROL_CHART
TM-01397,Saturday,C04,C04-S02,ST04,ST05,14241,MEMU,21:03,21:08,15,LINE-01,SCHEDULED,DOWN,SYNTHETIC_CONTROL_CHART
TM-01398,Saturday,C04,C04-S02,ST04,ST05,14244,MEMU,22:55,23:05,15,LINE-01,SCHEDULED,UP,SYNTHETIC_CONTROL_CHART
TM-01399,Saturday,C04,C04-S03,ST04,ST05,14247,Passenger,06:12,06:18,15,LINE-01,SCHEDULED,UP,SYNTHETIC_CONTROL_CHART
TM-01400,Saturday,C04,C04-S03,ST04,ST05,14249,Freight,07:18,07:21,15,LINE-01,SCHEDULED,DOWN,SYNTHETIC_CONTROL_CHART
TM-01401,Saturday,C04,C04-S03,ST04,ST05,14251,Passenger,08:55,08:58,15,LINE-01,SCHEDULED,DOWN,SYNTHETIC_CONTROL_CHART
TM-01402,Saturday,C04,C04-S03,ST04,ST05,14252,Freight,09:31,09:36,15,LINE-01,SCHEDULED,DOWN,SYNTHETIC_CONTROL_CHART
TM-01403,Saturday,C04,C04-S03,ST04,ST05,14253,Passenger,10:12,10:18,15,LINE-01,SCHEDULED,DOWN,SYNTHETIC_CONTROL_CHART
TM-01404,Saturday,C04,C04-S03,ST04,ST05,14254,Passenger,12:07,12:12,15,LINE-01,SCHEDULED,DOWN,SYNTHETIC_CONTROL_CHART
TM-01405,Saturday,C04,C04-S03,ST04,ST05,14257,MEMU,14:37,14:45,15,LINE-01,SCHEDULED,UP,SYNTHETIC_CONTROL_CHART
TM-01406,Saturday,C04,C04-S03,ST04,ST05,14258,Special,15:43,15:53,15,LINE-01,SCHEDULED,UP,SYNTHETIC_CONTROL_CHART
TM-01407,Saturday,C04,C04-S03,ST04,ST05,14259,Express,16:03,16:13,15,LINE-01,SCHEDULED,UP,SYNTHETIC_CONTROL_CHART
TM-01408,Saturday,C04,C04-S03,ST04,ST05,14260,Passenger,18:55,19:00,15,LINE-01,SCHEDULED,UP,SYNTHETIC_CONTROL_CHART
TM-01409,Saturday,C04,C04-S03,ST04,ST05,14261,Express,19:43,19:51,15,LINE-01,SCHEDULED,UP,SYNTHETIC_CONTROL_CHART
TM-01410,Saturday,C04,C04-S03,ST04,ST05,14262,Special,21:31,21:35,15,LINE-01,SCHEDULED,DOWN,SYNTHETIC_CONTROL_CHART
TM-01411,Saturday,C04,C04-S03,ST04,ST05,14263,Express,22:24,22:34,15,LINE-01,SCHEDULED,DOWN,SYNTHETIC_CONTROL_CHART
TM-01412,Saturday,C04,C04-S04,ST04,ST05,14264,Passenger,06:12,06:18,15,LINE-01,SCHEDULED,DOWN,SYNTHETIC_CONTROL_CHART
TM-01413,Saturday,C04,C04-S04,ST04,ST05,14267,Freight,07:03,07:08,15,LINE-01,SCHEDULED,UP,SYNTHETIC_CONTROL_CHART
TM-01414,Saturday,C04,C04-S04,ST04,ST05,14268,Express,08:18,08:28,15,LINE-01,SCHEDULED,DOWN,SYNTHETIC_CONTROL_CHART
TM-01415,Saturday,C04,C04-S04,ST04,ST05,14270,MEMU,09:49,09:54,15,LINE-01,SCHEDULED,UP,SYNTHETIC_CONTROL_CHART
TM-01416,Saturday,C04,C04-S04,ST04,ST05,14271,MEMU,10:49,10:55,15,LINE-01,SCHEDULED,UP,SYNTHETIC_CONTROL_CHART
TM-01417,Saturday,C04,C04-S04,ST04,ST05,14273,MEMU,12:37,12:40,15,LINE-01,SCHEDULED,DOWN,SYNTHETIC_CONTROL_CHART
TM-01418,Saturday,C04,C04-S04,ST04,ST05,14274,Express,14:49,14:55,15,LINE-01,SCHEDULED,DOWN,SYNTHETIC_CONTROL_CHART
TM-01419,Saturday,C04,C04-S04,ST04,ST05,14275,Passenger,15:43,15:53,15,LINE-01,SCHEDULED,DOWN,SYNTHETIC_CONTROL_CHART
TM-01420,Saturday,C04,C04-S04,ST04,ST05,14276,MEMU,16:49,16:57,15,LINE-01,SCHEDULED,DOWN,SYNTHETIC_CONTROL_CHART
TM-01421,Saturday,C04,C04-S04,ST04,ST05,14277,Express,18:31,18:39,15,LINE-01,SCHEDULED,UP,SYNTHETIC_CONTROL_CHART
TM-01422,Saturday,C04,C04-S04,ST04,ST05,14280,Express,19:31,19:34,15,LINE-01,SCHEDULED,DOWN,SYNTHETIC_CONTROL_CHART
TM-01423,Saturday,C04,C04-S04,ST04,ST05,14282,Express,21:37,21:41,15,LINE-01,SCHEDULED,UP,SYNTHETIC_CONTROL_CHART
TM-01424,Saturday,C04,C04-S04,ST04,ST05,14283,Express,22:49,22:59,15,LINE-01,SCHEDULED,UP,SYNTHETIC_CONTROL_CHART
TM-01425,Sunday,C01,C01-S01,ST01,ST02,14285,Special,06:12,06:17,15,LINE-01,SCHEDULED,UP,SYNTHETIC_CONTROL_CHART
TM-01426,Sunday,C01,C01-S01,ST01,ST02,14288,MEMU,07:03,07:08,15,LINE-01,SCHEDULED,DOWN,SYNTHETIC_CONTROL_CHART
TM-01427,Sunday,C01,C01-S01,ST01,ST02,14291,Passenger,09:31,09:36,15,LINE-01,SCHEDULED,UP,SYNTHETIC_CONTROL_CHART
TM-01428,Sunday,C01,C01-S01,ST01,ST02,14294,Express,10:49,10:52,15,LINE-01,SCHEDULED,UP,SYNTHETIC_CONTROL_CHART
TM-01429,Sunday,C01,C01-S01,ST01,ST02,14295,Express,12:12,12:22,15,LINE-01,SCHEDULED,UP,SYNTHETIC_CONTROL_CHART
TM-01430,Sunday,C01,C01-S01,ST01,ST02,14297,MEMU,14:03,14:06,15,LINE-01,SCHEDULED,DOWN,SYNTHETIC_CONTROL_CHART
TM-01431,Sunday,C01,C01-S01,ST01,ST02,14298,Passenger,16:03,16:13,15,LINE-01,SCHEDULED,DOWN,SYNTHETIC_CONTROL_CHART
TM-01432,Sunday,C01,C01-S01,ST01,ST02,14300,Express,17:49,17:55,15,LINE-01,SCHEDULED,UP,SYNTHETIC_CONTROL_CHART
TM-01433,Sunday,C01,C01-S01,ST01,ST02,14301,Express,19:03,19:06,15,LINE-01,SCHEDULED,DOWN,SYNTHETIC_CONTROL_CHART
TM-01434,Sunday,C01,C01-S01,ST01,ST02,14302,Passenger,20:37,20:43,15,LINE-01,SCHEDULED,UP,SYNTHETIC_CONTROL_CHART
TM-01435,Sunday,C01,C01-S01,ST01,ST02,14305,Passenger,22:49,22:52,15,LINE-01,SCHEDULED,UP,SYNTHETIC_CONTROL_CHART
TM-01436,Sunday,C01,C01-S02,ST01,ST02,14307,MEMU,06:43,06:49,15,LINE-01,SCHEDULED,UP,SYNTHETIC_CONTROL_CHART
TM-01437,Sunday,C01,C01-S02,ST01,ST02,14308,Express,07:12,07:15,15,LINE-01,SCHEDULED,UP,SYNTHETIC_CONTROL_CHART
TM-01438,Sunday,C01,C01-S02,ST01,ST02,14309,Freight,09:31,09:36,15,LINE-01,SCHEDULED,UP,SYNTHETIC_CONTROL_CHART
TM-01439,Sunday,C01,C01-S02,ST01,ST02,14310,Passenger,10:43,10:53,15,LINE-01,SCHEDULED,DOWN,SYNTHETIC_CONTROL_CHART
TM-01440,Sunday,C01,C01-S02,ST01,ST02,14312,Express,12:43,12:49,15,LINE-01,SCHEDULED,DOWN,SYNTHETIC_CONTROL_CHART
TM-01441,Sunday,C01,C01-S02,ST01,ST02,14313,Freight,14:18,14:26,15,LINE-01,SCHEDULED,DOWN,SYNTHETIC_CONTROL_CHART
TM-01442,Sunday,C01,C01-S02,ST01,ST02,14314,Freight,16:31,16:39,15,LINE-01,SCHEDULED,UP,SYNTHETIC_CONTROL_CHART
TM-01443,Sunday,C01,C01-S02,ST01,ST02,14317,MEMU,17:03,17:13,15,LINE-01,SCHEDULED,UP,SYNTHETIC_CONTROL_CHART
TM-01444,Sunday,C01,C01-S02,ST01,ST02,14320,Passenger,19:12,19:18,15,LINE-01,SCHEDULED,DOWN,SYNTHETIC_CONTROL_CHART
TM-01445,Sunday,C01,C01-S02,ST01,ST02,14321,Special,20:12,20:16,15,LINE-01,SCHEDULED,UP,SYNTHETIC_CONTROL_CHART
TM-01446,Sunday,C01,C01-S02,ST01,ST02,14323,MEMU,22:43,22:46,15,LINE-01,SCHEDULED,DOWN,SYNTHETIC_CONTROL_CHART
TM-01447,Sunday,C01,C01-S03,ST01,ST02,14326,MEMU,06:03,06:07,15,LINE-01,SCHEDULED,DOWN,SYNTHETIC_CONTROL_CHART
TM-01448,Sunday,C01,C01-S03,ST01,ST02,14327,Passenger,07:49,07:52,15,LINE-01,SCHEDULED,DOWN,SYNTHETIC_CONTROL_CHART
TM-01449,Sunday,C01,C01-S03,ST01,ST02,14328,MEMU,09:24,09:32,15,LINE-01,SCHEDULED,DOWN,SYNTHETIC_CONTROL_CHART
TM-01450,Sunday,C01,C01-S03,ST01,ST02,14329,Express,10:18,10:23,15,LINE-01,SCHEDULED,DOWN,SYNTHETIC_CONTROL_CHART
TM-01451,Sunday,C01,C01-S03,ST01,ST02,14331,Express,12:07,12:12,15,LINE-01,SCHEDULED,UP,SYNTHETIC_CONTROL_CHART
TM-01452,Sunday,C01,C01-S03,ST01,ST02,14332,Express,14:31,14:34,15,LINE-01,SCHEDULED,UP,SYNTHETIC_CONTROL_CHART
TM-01453,Sunday,C01,C01-S03,ST01,ST02,14334,MEMU,16:49,16:57,15,LINE-01,SCHEDULED,UP,SYNTHETIC_CONTROL_CHART
TM-01454,Sunday,C01,C01-S03,ST01,ST02,14335,Passenger,17:37,17:43,15,LINE-01,SCHEDULED,DOWN,SYNTHETIC_CONTROL_CHART
TM-01455,Sunday,C01,C01-S03,ST01,ST02,14338,Special,19:49,19:54,15,LINE-01,SCHEDULED,UP,SYNTHETIC_CONTROL_CHART
TM-01456,Sunday,C01,C01-S03,ST01,ST02,14339,Passenger,20:18,20:28,15,LINE-01,SCHEDULED,UP,SYNTHETIC_CONTROL_CHART
TM-01457,Sunday,C01,C01-S03,ST01,ST02,14340,Special,22:03,22:06,15,LINE-01,SCHEDULED,UP,SYNTHETIC_CONTROL_CHART
TM-01458,Sunday,C01,C01-S04,ST01,ST02,14341,Special,06:37,06:43,15,LINE-01,SCHEDULED,DOWN,SYNTHETIC_CONTROL_CHART
TM-01459,Sunday,C01,C01-S04,ST01,ST02,14342,Freight,07:37,07:43,15,LINE-01,SCHEDULED,UP,SYNTHETIC_CONTROL_CHART
TM-01460,Sunday,C01,C01-S04,ST01,ST02,14343,Express,09:43,09:48,15,LINE-01,SCHEDULED,UP,SYNTHETIC_CONTROL_CHART
TM-01461,Sunday,C01,C01-S04,ST01,ST02,14344,MEMU,10:07,10:12,15,LINE-01,SCHEDULED,UP,SYNTHETIC_CONTROL_CHART
TM-01462,Sunday,C01,C01-S04,ST01,ST02,14346,Express,12:37,12:45,15,LINE-01,SCHEDULED,DOWN,SYNTHETIC_CONTROL_CHART
TM-01463,Sunday,C01,C01-S04,ST01,ST02,14347,Special,14:18,14:22,15,LINE-01,SCHEDULED,DOWN,SYNTHETIC_CONTROL_CHART
TM-01464,Sunday,C01,C01-S04,ST01,ST02,14348,Express,16:31,16:35,15,LINE-01,SCHEDULED,UP,SYNTHETIC_CONTROL_CHART
TM-01465,Sunday,C01,C01-S04,ST01,ST02,14349,MEMU,17:03,17:09,15,LINE-01,SCHEDULED,DOWN,SYNTHETIC_CONTROL_CHART
TM-01466,Sunday,C01,C01-S04,ST01,ST02,14350,Express,19:43,19:51,15,LINE-01,SCHEDULED,DOWN,SYNTHETIC_CONTROL_CHART
TM-01467,Sunday,C01,C01-S04,ST01,ST02,14351,Passenger,20:55,21:05,15,LINE-01,SCHEDULED,UP,SYNTHETIC_CONTROL_CHART
TM-01468,Sunday,C01,C01-S04,ST01,ST02,14352,MEMU,22:55,23:00,15,LINE-01,SCHEDULED,DOWN,SYNTHETIC_CONTROL_CHART
TM-01469,Sunday,C02,C02-S01,ST02,ST03,14353,Express,06:18,06:21,15,LINE-01,SCHEDULED,UP,SYNTHETIC_CONTROL_CHART
TM-01470,Sunday,C02,C02-S01,ST02,ST03,14354,Express,07:43,07:46,15,LINE-01,SCHEDULED,DOWN,SYNTHETIC_CONTROL_CHART
TM-01471,Sunday,C02,C02-S01,ST02,ST03,14355,Special,09:43,09:49,15,LINE-01,SCHEDULED,UP,SYNTHETIC_CONTROL_CHART
TM-01472,Sunday,C02,C02-S01,ST02,ST03,14356,Express,10:18,10:24,15,LINE-01,SCHEDULED,DOWN,SYNTHETIC_CONTROL_CHART
TM-01473,Sunday,C02,C02-S01,ST02,ST03,14357,MEMU,12:03,12:13,15,LINE-01,SCHEDULED,UP,SYNTHETIC_CONTROL_CHART
TM-01474,Sunday,C02,C02-S01,ST02,ST03,14360,MEMU,14:37,14:45,15,LINE-01,SCHEDULED,UP,SYNTHETIC_CONTROL_CHART
TM-01475,Sunday,C02,C02-S01,ST02,ST03,14362,Express,16:12,16:15,15,LINE-01,SCHEDULED,UP,SYNTHETIC_CONTROL_CHART
TM-01476,Sunday,C02,C02-S01,ST02,ST03,14363,Freight,17:24,17:28,15,LINE-01,SCHEDULED,UP,SYNTHETIC_CONTROL_CHART
TM-01477,Sunday,C02,C02-S01,ST02,ST03,14364,Special,19:03,19:11,15,LINE-01,SCHEDULED,DOWN,SYNTHETIC_CONTROL_CHART
TM-01478,Sunday,C02,C02-S01,ST02,ST03,14365,Freight,20:37,20:40,15,LINE-01,SCHEDULED,UP,SYNTHETIC_CONTROL_CHART
TM-01479,Sunday,C02,C02-S01,ST02,ST03,14368,Express,22:49,22:57,15,LINE-01,SCHEDULED,UP,SYNTHETIC_CONTROL_CHART
TM-01480,Sunday,C02,C02-S02,ST02,ST03,14369,Express,06:07,06:10,15,LINE-01,SCHEDULED,DOWN,SYNTHETIC_CONTROL_CHART
TM-01481,Sunday,C02,C02-S02,ST02,ST03,14370,Express,07:24,07:29,15,LINE-01,SCHEDULED,DOWN,SYNTHETIC_CONTROL_CHART
TM-01482,Sunday,C02,C02-S02,ST02,ST03,14373,Passenger,09:55,10:03,15,LINE-01,SCHEDULED,UP,SYNTHETIC_CONTROL_CHART
TM-01483,Sunday,C02,C02-S02,ST02,ST03,14375,MEMU,10:24,10:30,15,LINE-01,SCHEDULED,DOWN,SYNTHETIC_CONTROL_CHART
TM-01484,Sunday,C02,C02-S02,ST02,ST03,14376,Special,12:18,12:28,15,LINE-01,SCHEDULED,DOWN,SYNTHETIC_CONTROL_CHART
TM-01485,Sunday,C02,C02-S02,ST02,ST03,14379,Express,14:55,15:01,15,LINE-01,SCHEDULED,UP,SYNTHETIC_CONTROL_CHART
TM-01486,Sunday,C02,C02-S02,ST02,ST03,14382,Express,16:03,16:13,15,LINE-01,SCHEDULED,DOWN,SYNTHETIC_CONTROL_CHART
TM-01487,Sunday,C02,C02-S02,ST02,ST03,14384,Passenger,17:37,17:42,15,LINE-01,SCHEDULED,UP,SYNTHETIC_CONTROL_CHART
TM-01488,Sunday,C02,C02-S02,ST02,ST03,14386,Freight,19:03,19:06,15,LINE-01,SCHEDULED,UP,SYNTHETIC_CONTROL_CHART
TM-01489,Sunday,C02,C02-S02,ST02,ST03,14387,Express,20:31,20:39,15,LINE-01,SCHEDULED,UP,SYNTHETIC_CONTROL_CHART
TM-01490,Sunday,C02,C02-S02,ST02,ST03,14388,Express,22:07,22:12,15,LINE-01,SCHEDULED,UP,SYNTHETIC_CONTROL_CHART
TM-01491,Sunday,C02,C02-S03,ST02,ST03,14391,Passenger,06:49,06:54,15,LINE-01,SCHEDULED,UP,SYNTHETIC_CONTROL_CHART
TM-01492,Sunday,C02,C02-S03,ST02,ST03,14394,Passenger,07:55,08:03,15,LINE-01,SCHEDULED,UP,SYNTHETIC_CONTROL_CHART
TM-01493,Sunday,C02,C02-S03,ST02,ST03,14395,Express,09:07,09:15,15,LINE-01,SCHEDULED,DOWN,SYNTHETIC_CONTROL_CHART
TM-01494,Sunday,C02,C02-S03,ST02,ST03,14396,Freight,10:07,10:10,15,LINE-01,SCHEDULED,UP,SYNTHETIC_CONTROL_CHART
TM-01495,Sunday,C02,C02-S03,ST02,ST03,14397,MEMU,12:49,12:52,15,LINE-01,SCHEDULED,DOWN,SYNTHETIC_CONTROL_CHART
TM-01496,Sunday,C02,C02-S03,ST02,ST03,14399,Passenger,14:24,14:27,15,LINE-01,SCHEDULED,UP,SYNTHETIC_CONTROL_CHART
TM-01497,Sunday,C02,C02-S03,ST02,ST03,14400,Passenger,16:03,16:08,15,LINE-01,SCHEDULED,UP,SYNTHETIC_CONTROL_CHART
TM-01498,Sunday,C02,C02-S03,ST02,ST03,14402,Passenger,17:07,17:17,15,LINE-01,SCHEDULED,UP,SYNTHETIC_CONTROL_CHART
TM-01499,Sunday,C02,C02-S03,ST02,ST03,14403,Passenger,19:37,19:43,15,LINE-01,SCHEDULED,UP,SYNTHETIC_CONTROL_CHART
TM-01500,Sunday,C02,C02-S03,ST02,ST03,14405,Express,20:07,20:10,15,LINE-01,SCHEDULED,UP,SYNTHETIC_CONTROL_CHART
TM-01501,Sunday,C02,C02-S03,ST02,ST03,14407,MEMU,22:55,23:01,15,LINE-01,SCHEDULED,UP,SYNTHETIC_CONTROL_CHART
TM-01502,Sunday,C02,C02-S04,ST02,ST03,14408,Passenger,06:18,06:22,15,LINE-01,SCHEDULED,DOWN,SYNTHETIC_CONTROL_CHART
TM-01503,Sunday,C02,C02-S04,ST02,ST03,14409,Express,07:37,07:45,15,LINE-01,SCHEDULED,UP,SYNTHETIC_CONTROL_CHART
TM-01504,Sunday,C02,C02-S04,ST02,ST03,14411,Passenger,09:37,09:45,15,LINE-01,SCHEDULED,UP,SYNTHETIC_CONTROL_CHART
TM-01505,Sunday,C02,C02-S04,ST02,ST03,14414,MEMU,10:31,10:36,15,LINE-01,SCHEDULED,DOWN,SYNTHETIC_CONTROL_CHART
TM-01506,Sunday,C02,C02-S04,ST02,ST03,14417,Express,12:07,12:11,15,LINE-01,SCHEDULED,UP,SYNTHETIC_CONTROL_CHART
TM-01507,Sunday,C02,C02-S04,ST02,ST03,14419,Express,14:49,14:54,15,LINE-01,SCHEDULED,DOWN,SYNTHETIC_CONTROL_CHART
TM-01508,Sunday,C02,C02-S04,ST02,ST03,14421,Passenger,16:24,16:30,15,LINE-01,SCHEDULED,DOWN,SYNTHETIC_CONTROL_CHART
TM-01509,Sunday,C02,C02-S04,ST02,ST03,14424,Freight,17:24,17:29,15,LINE-01,SCHEDULED,UP,SYNTHETIC_CONTROL_CHART
TM-01510,Sunday,C02,C02-S04,ST02,ST03,14425,Special,19:31,19:34,15,LINE-01,SCHEDULED,DOWN,SYNTHETIC_CONTROL_CHART
TM-01511,Sunday,C02,C02-S04,ST02,ST03,14426,Special,20:37,20:41,15,LINE-01,SCHEDULED,DOWN,SYNTHETIC_CONTROL_CHART
TM-01512,Sunday,C02,C02-S04,ST02,ST03,14429,Freight,22:03,22:11,15,LINE-01,SCHEDULED,UP,SYNTHETIC_CONTROL_CHART
TM-01513,Sunday,C03,C03-S01,ST03,ST04,14430,Freight,06:12,06:18,15,LINE-01,SCHEDULED,DOWN,SYNTHETIC_CONTROL_CHART
TM-01514,Sunday,C03,C03-S01,ST03,ST04,14431,Freight,07:37,07:42,15,LINE-01,SCHEDULED,DOWN,SYNTHETIC_CONTROL_CHART
TM-01515,Sunday,C03,C03-S01,ST03,ST04,14434,MEMU,09:43,09:49,15,LINE-01,SCHEDULED,UP,SYNTHETIC_CONTROL_CHART
TM-01516,Sunday,C03,C03-S01,ST03,ST04,14435,Freight,10:55,10:58,15,LINE-01,SCHEDULED,UP,SYNTHETIC_CONTROL_CHART
TM-01517,Sunday,C03,C03-S01,ST03,ST04,14438,Freight,12:37,12:47,15,LINE-01,SCHEDULED,UP,SYNTHETIC_CONTROL_CHART
TM-01518,Sunday,C03,C03-S01,ST03,ST04,14439,MEMU,14:49,14:57,15,LINE-01,SCHEDULED,UP,SYNTHETIC_CONTROL_CHART
TM-01519,Sunday,C03,C03-S01,ST03,ST04,14440,Express,16:43,16:53,15,LINE-01,SCHEDULED,DOWN,SYNTHETIC_CONTROL_CHART
TM-01520,Sunday,C03,C03-S01,ST03,ST04,14442,Passenger,17:24,17:28,15,LINE-01,SCHEDULED,UP,SYNTHETIC_CONTROL_CHART
TM-01521,Sunday,C03,C03-S01,ST03,ST04,14444,Passenger,19:55,19:58,15,LINE-01,SCHEDULED,UP,SYNTHETIC_CONTROL_CHART
TM-01522,Sunday,C03,C03-S01,ST03,ST04,14445,Passenger,20:49,20:52,15,LINE-01,SCHEDULED,UP,SYNTHETIC_CONTROL_CHART
TM-01523,Sunday,C03,C03-S01,ST03,ST04,14446,MEMU,22:12,22:17,15,LINE-01,SCHEDULED,DOWN,SYNTHETIC_CONTROL_CHART
TM-01524,Sunday,C03,C03-S02,ST03,ST04,14448,Express,06:37,06:47,15,LINE-01,SCHEDULED,UP,SYNTHETIC_CONTROL_CHART
TM-01525,Sunday,C03,C03-S02,ST03,ST04,14449,Passenger,07:03,07:06,15,LINE-01,SCHEDULED,UP,SYNTHETIC_CONTROL_CHART
TM-01526,Sunday,C03,C03-S02,ST03,ST04,14452,Express,09:18,09:23,15,LINE-01,SCHEDULED,UP,SYNTHETIC_CONTROL_CHART
TM-01527,Sunday,C03,C03-S02,ST03,ST04,14453,Passenger,10:55,11:01,15,LINE-01,SCHEDULED,UP,SYNTHETIC_CONTROL_CHART
TM-01528,Sunday,C03,C03-S02,ST03,ST04,14455,Special,12:07,12:13,15,LINE-01,SCHEDULED,UP,SYNTHETIC_CONTROL_CHART
TM-01529,Sunday,C03,C03-S02,ST03,ST04,14456,Passenger,14:07,14:12,15,LINE-01,SCHEDULED,DOWN,SYNTHETIC_CONTROL_CHART
TM-01530,Sunday,C03,C03-S02,ST03,ST04,14457,Express,16:18,16:28,15,LINE-01,SCHEDULED,UP,SYNTHETIC_CONTROL_CHART
TM-01531,Sunday,C03,C03-S02,ST03,ST04,14458,Express,17:37,17:43,15,LINE-01,SCHEDULED,DOWN,SYNTHETIC_CONTROL_CHART
TM-01532,Sunday,C03,C03-S02,ST03,ST04,14460,Express,19:12,19:16,15,LINE-01,SCHEDULED,DOWN,SYNTHETIC_CONTROL_CHART
TM-01533,Sunday,C03,C03-S02,ST03,ST04,14461,Passenger,20:37,20:41,15,LINE-01,SCHEDULED,DOWN,SYNTHETIC_CONTROL_CHART
TM-01534,Sunday,C03,C03-S02,ST03,ST04,14462,MEMU,22:49,22:54,15,LINE-01,SCHEDULED,UP,SYNTHETIC_CONTROL_CHART
TM-01535,Sunday,C03,C03-S03,ST03,ST04,14464,Express,06:31,06:37,15,LINE-01,SCHEDULED,UP,SYNTHETIC_CONTROL_CHART
TM-01536,Sunday,C03,C03-S03,ST03,ST04,14465,Special,07:49,07:55,15,LINE-01,SCHEDULED,UP,SYNTHETIC_CONTROL_CHART
TM-01537,Sunday,C03,C03-S03,ST03,ST04,14466,Passenger,09:03,09:07,15,LINE-01,SCHEDULED,UP,SYNTHETIC_CONTROL_CHART
TM-01538,Sunday,C03,C03-S03,ST03,ST04,14468,Freight,10:37,10:47,15,LINE-01,SCHEDULED,UP,SYNTHETIC_CONTROL_CHART
TM-01539,Sunday,C03,C03-S03,ST03,ST04,14470,Special,12:49,12:53,15,LINE-01,SCHEDULED,DOWN,SYNTHETIC_CONTROL_CHART
TM-01540,Sunday,C03,C03-S03,ST03,ST04,14471,MEMU,14:18,14:21,15,LINE-01,SCHEDULED,DOWN,SYNTHETIC_CONTROL_CHART
TM-01541,Sunday,C03,C03-S03,ST03,ST04,14472,Express,16:31,16:35,15,LINE-01,SCHEDULED,UP,SYNTHETIC_CONTROL_CHART
TM-01542,Sunday,C03,C03-S03,ST03,ST04,14475,MEMU,17:43,17:46,15,LINE-01,SCHEDULED,UP,SYNTHETIC_CONTROL_CHART
TM-01543,Sunday,C03,C03-S03,ST03,ST04,14476,Passenger,19:31,19:35,15,LINE-01,SCHEDULED,DOWN,SYNTHETIC_CONTROL_CHART
TM-01544,Sunday,C03,C03-S03,ST03,ST04,14477,Express,20:31,20:41,15,LINE-01,SCHEDULED,DOWN,SYNTHETIC_CONTROL_CHART
TM-01545,Sunday,C03,C03-S03,ST03,ST04,14478,Passenger,22:12,22:22,15,LINE-01,SCHEDULED,UP,SYNTHETIC_CONTROL_CHART
TM-01546,Sunday,C03,C03-S04,ST03,ST04,14479,Express,06:31,06:36,15,LINE-01,SCHEDULED,UP,SYNTHETIC_CONTROL_CHART
TM-01547,Sunday,C03,C03-S04,ST03,ST04,14480,Express,07:49,07:52,15,LINE-01,SCHEDULED,DOWN,SYNTHETIC_CONTROL_CHART
TM-01548,Sunday,C03,C03-S04,ST03,ST04,14482,Express,09:07,09:11,15,LINE-01,SCHEDULED,UP,SYNTHETIC_CONTROL_CHART
TM-01549,Sunday,C03,C03-S04,ST03,ST04,14485,Passenger,10:24,10:30,15,LINE-01,SCHEDULED,UP,SYNTHETIC_CONTROL_CHART
TM-01550,Sunday,C03,C03-S04,ST03,ST04,14486,MEMU,12:55,12:59,15,LINE-01,SCHEDULED,UP,SYNTHETIC_CONTROL_CHART
TM-01551,Sunday,C03,C03-S04,ST03,ST04,14487,Express,14:55,15:05,15,LINE-01,SCHEDULED,DOWN,SYNTHETIC_CONTROL_CHART
TM-01552,Sunday,C03,C03-S04,ST03,ST04,14488,Express,16:55,17:03,15,LINE-01,SCHEDULED,UP,SYNTHETIC_CONTROL_CHART
TM-01553,Sunday,C03,C03-S04,ST03,ST04,14489,MEMU,17:43,17:49,15,LINE-01,SCHEDULED,DOWN,SYNTHETIC_CONTROL_CHART
TM-01554,Sunday,C03,C03-S04,ST03,ST04,14490,Passenger,19:43,19:51,15,LINE-01,SCHEDULED,DOWN,SYNTHETIC_CONTROL_CHART
TM-01555,Sunday,C03,C03-S04,ST03,ST04,14491,Passenger,20:37,20:43,15,LINE-01,SCHEDULED,UP,SYNTHETIC_CONTROL_CHART
TM-01556,Sunday,C03,C03-S04,ST03,ST04,14494,Freight,22:03,22:13,15,LINE-01,SCHEDULED,DOWN,SYNTHETIC_CONTROL_CHART
TM-01557,Sunday,C04,C04-S01,ST04,ST05,14496,Special,06:43,06:53,15,LINE-01,SCHEDULED,DOWN,SYNTHETIC_CONTROL_CHART
TM-01558,Sunday,C04,C04-S01,ST04,ST05,14498,Express,07:49,07:54,15,LINE-01,SCHEDULED,DOWN,SYNTHETIC_CONTROL_CHART
TM-01559,Sunday,C04,C04-S01,ST04,ST05,14499,Express,09:37,09:43,15,LINE-01,SCHEDULED,DOWN,SYNTHETIC_CONTROL_CHART
TM-01560,Sunday,C04,C04-S01,ST04,ST05,14501,Express,10:12,10:15,15,LINE-01,SCHEDULED,UP,SYNTHETIC_CONTROL_CHART
TM-01561,Sunday,C04,C04-S01,ST04,ST05,14502,Express,12:37,12:41,15,LINE-01,SCHEDULED,DOWN,SYNTHETIC_CONTROL_CHART
TM-01562,Sunday,C04,C04-S01,ST04,ST05,14503,Freight,14:43,14:47,15,LINE-01,SCHEDULED,UP,SYNTHETIC_CONTROL_CHART
TM-01563,Sunday,C04,C04-S01,ST04,ST05,14506,Express,16:24,16:34,15,LINE-01,SCHEDULED,UP,SYNTHETIC_CONTROL_CHART
TM-01564,Sunday,C04,C04-S01,ST04,ST05,14509,Express,17:37,17:40,15,LINE-01,SCHEDULED,UP,SYNTHETIC_CONTROL_CHART
TM-01565,Sunday,C04,C04-S01,ST04,ST05,14510,MEMU,19:03,19:07,15,LINE-01,SCHEDULED,DOWN,SYNTHETIC_CONTROL_CHART
TM-01566,Sunday,C04,C04-S01,ST04,ST05,14511,Express,20:49,20:53,15,LINE-01,SCHEDULED,UP,SYNTHETIC_CONTROL_CHART
TM-01567,Sunday,C04,C04-S01,ST04,ST05,14512,MEMU,22:12,22:15,15,LINE-01,SCHEDULED,UP,SYNTHETIC_CONTROL_CHART
TM-01568,Sunday,C04,C04-S02,ST04,ST05,14515,Freight,06:31,06:41,15,LINE-01,SCHEDULED,DOWN,SYNTHETIC_CONTROL_CHART
TM-01569,Sunday,C04,C04-S02,ST04,ST05,14517,Special,07:03,07:09,15,LINE-01,SCHEDULED,DOWN,SYNTHETIC_CONTROL_CHART
TM-01570,Sunday,C04,C04-S02,ST04,ST05,14518,Express,09:37,09:42,15,LINE-01,SCHEDULED,UP,SYNTHETIC_CONTROL_CHART
TM-01571,Sunday,C04,C04-S02,ST04,ST05,14521,Freight,10:07,10:15,15,LINE-01,SCHEDULED,UP,SYNTHETIC_CONTROL_CHART
TM-01572,Sunday,C04,C04-S02,ST04,ST05,14522,Passenger,12:31,12:39,15,LINE-01,SCHEDULED,UP,SYNTHETIC_CONTROL_CHART
TM-01573,Sunday,C04,C04-S02,ST04,ST05,14523,Express,14:24,14:27,15,LINE-01,SCHEDULED,UP,SYNTHETIC_CONTROL_CHART
TM-01574,Sunday,C04,C04-S02,ST04,ST05,14524,MEMU,16:12,16:18,15,LINE-01,SCHEDULED,UP,SYNTHETIC_CONTROL_CHART
TM-01575,Sunday,C04,C04-S02,ST04,ST05,14525,MEMU,17:31,17:39,15,LINE-01,SCHEDULED,DOWN,SYNTHETIC_CONTROL_CHART
TM-01576,Sunday,C04,C04-S02,ST04,ST05,14526,Express,19:31,19:35,15,LINE-01,SCHEDULED,DOWN,SYNTHETIC_CONTROL_CHART
TM-01577,Sunday,C04,C04-S02,ST04,ST05,14529,Passenger,20:18,20:26,15,LINE-01,SCHEDULED,UP,SYNTHETIC_CONTROL_CHART
TM-01578,Sunday,C04,C04-S02,ST04,ST05,14531,MEMU,22:12,22:17,15,LINE-01,SCHEDULED,UP,SYNTHETIC_CONTROL_CHART
TM-01579,Sunday,C04,C04-S03,ST04,ST05,14532,Passenger,06:37,06:42,15,LINE-01,SCHEDULED,UP,SYNTHETIC_CONTROL_CHART
TM-01580,Sunday,C04,C04-S03,ST04,ST05,14533,Freight,07:55,08:00,15,LINE-01,SCHEDULED,DOWN,SYNTHETIC_CONTROL_CHART
TM-01581,Sunday,C04,C04-S03,ST04,ST05,14534,Special,09:43,09:47,15,LINE-01,SCHEDULED,UP,SYNTHETIC_CONTROL_CHART
TM-01582,Sunday,C04,C04-S03,ST04,ST05,14537,Passenger,10:31,10:41,15,LINE-01,SCHEDULED,UP,SYNTHETIC_CONTROL_CHART
TM-01583,Sunday,C04,C04-S03,ST04,ST05,14539,Express,12:03,12:06,15,LINE-01,SCHEDULED,UP,SYNTHETIC_CONTROL_CHART
TM-01584,Sunday,C04,C04-S03,ST04,ST05,14542,Freight,14:55,15:01,15,LINE-01,SCHEDULED,DOWN,SYNTHETIC_CONTROL_CHART
TM-01585,Sunday,C04,C04-S03,ST04,ST05,14543,Express,16:31,16:39,15,LINE-01,SCHEDULED,UP,SYNTHETIC_CONTROL_CHART
TM-01586,Sunday,C04,C04-S03,ST04,ST05,14545,MEMU,17:43,17:51,15,LINE-01,SCHEDULED,DOWN,SYNTHETIC_CONTROL_CHART
TM-01587,Sunday,C04,C04-S03,ST04,ST05,14546,Special,19:31,19:39,15,LINE-01,SCHEDULED,DOWN,SYNTHETIC_CONTROL_CHART
TM-01588,Sunday,C04,C04-S03,ST04,ST05,14547,MEMU,20:43,20:46,15,LINE-01,SCHEDULED,UP,SYNTHETIC_CONTROL_CHART
TM-01589,Sunday,C04,C04-S03,ST04,ST05,14548,Passenger,22:31,22:34,15,LINE-01,SCHEDULED,DOWN,SYNTHETIC_CONTROL_CHART
TM-01590,Sunday,C04,C04-S04,ST04,ST05,14551,MEMU,06:49,06:55,15,LINE-01,SCHEDULED,UP,SYNTHETIC_CONTROL_CHART
TM-01591,Sunday,C04,C04-S04,ST04,ST05,14552,Express,07:43,07:53,15,LINE-01,SCHEDULED,UP,SYNTHETIC_CONTROL_CHART
TM-01592,Sunday,C04,C04-S04,ST04,ST05,14553,MEMU,09:24,09:27,15,LINE-01,SCHEDULED,UP,SYNTHETIC_CONTROL_CHART
TM-01593,Sunday,C04,C04-S04,ST04,ST05,14555,Express,10:55,10:59,15,LINE-01,SCHEDULED,DOWN,SYNTHETIC_CONTROL_CHART
TM-01594,Sunday,C04,C04-S04,ST04,ST05,14557,Passenger,12:18,12:21,15,LINE-01,SCHEDULED,DOWN,SYNTHETIC_CONTROL_CHART
TM-01595,Sunday,C04,C04-S04,ST04,ST05,14559,Express,14:24,14:32,15,LINE-01,SCHEDULED,UP,SYNTHETIC_CONTROL_CHART
TM-01596,Sunday,C04,C04-S04,ST04,ST05,14560,Express,16:18,16:28,15,LINE-01,SCHEDULED,DOWN,SYNTHETIC_CONTROL_CHART
TM-01597,Sunday,C04,C04-S04,ST04,ST05,14561,MEMU,17:07,17:17,15,LINE-01,SCHEDULED,DOWN,SYNTHETIC_CONTROL_CHART
TM-01598,Sunday,C04,C04-S04,ST04,ST05,14563,Express,19:12,19:20,15,LINE-01,SCHEDULED,DOWN,SYNTHETIC_CONTROL_CHART
TM-01599,Sunday,C04,C04-S04,ST04,ST05,14565,Express,20:07,20:17,15,LINE-01,SCHEDULED,UP,SYNTHETIC_CONTROL_CHART
TM-01600,Sunday,C04,C04-S04,ST04,ST05,14566,Passenger,22:12,22:17,15,LINE-01,SCHEDULED,DOWN,SYNTHETIC_CONTROL_CHART
